locutor,enunciado,arquivo,quadros_mfcc,voz_mic1,baixa_mic1,voz_mic2,baixa_mic2,voz_comum,baixa_comum,discordantes
1,1,p225_001,129,80,49,95,34,79,33,17
1,2,p225_002,247,139,108,155,92,139,92,16
1,3,p225_003,475,296,179,344,131,292,127,56
1,4,p225_004,276,195,81,197,79,177,61,38
1,5,p225_005,396,271,125,327,69,270,68,58
1,6,p225_006,449,276,173,272,177,270,171,8
1,7,p225_007,352,210,142,218,134,202,126,24
1,8,p225_008,478,341,137,379,99,340,98,40
1,9,p225_009,331,199,132,200,131,195,127,9
1,10,p225_010,202,97,105,120,82,97,82,23
1,11,p225_011,427,312,115,326,101,309,98,20
1,12,p225_012,420,193,227,298,122,193,122,105
1,13,p225_013,295,202,93,220,75,200,73,22
1,14,p225_014,341,219,122,240,101,208,90,43
1,15,p225_016,421,323,98,318,103,317,97,7
1,16,p225_017,266,144,122,143,123,136,115,15
1,17,p225_018,344,249,95,250,94,246,91,7
1,18,p225_019,449,345,104,356,93,342,90,17
1,19,p225_020,378,182,196,365,13,181,12,185
1,20,p225_021,565,437,128,460,105,436,104,25
1,21,p225_022,439,284,155,310,129,280,125,34
1,22,p225_023,760,487,273,555,205,480,198,82
1,23,p225_024,461,310,151,312,149,309,148,4
1,24,p225_025,183,92,91,92,91,92,91,0
1,25,p225_026,123,50,73,49,74,49,73,1
1,26,p225_027,165,80,85,77,88,76,84,5
1,27,p225_028,134,58,76,54,80,54,76,4
1,28,p225_029,113,66,47,46,67,44,45,24
1,29,p225_030,262,169,93,165,97,165,93,4
1,30,p225_033,332,188,144,196,136,186,134,12
1,31,p225_035,271,156,115,154,117,146,107,18
1,32,p225_036,227,87,140,109,118,73,104,50
1,33,p225_037,243,113,130,109,134,108,129,6
1,34,p225_038,198,94,104,95,103,91,100,7
1,35,p225_039,309,195,114,186,123,185,113,11
1,36,p225_040,136,71,65,50,86,50,65,21
1,37,p225_044,430,162,268,162,268,157,263,10
1,38,p225_045,283,187,96,188,95,183,91,9
1,39,p225_046,198,125,73,129,69,120,64,14
1,40,p225_049,126,54,72,55,71,54,71,1
1,41,p225_051,144,74,70,76,68,74,68,2
1,42,p225_052,264,173,91,165,99,165,91,8
1,43,p225_053,159,76,83,76,83,75,82,2
1,44,p225_054,176,96,80,85,91,85,80,11
1,45,p225_056,196,98,98,94,102,94,98,4
1,46,p225_057,355,187,168,186,169,182,164,9
1,47,p225_058,211,91,120,91,120,89,118,4
1,48,p225_059,193,122,71,126,67,122,67,4
1,49,p225_060,195,120,75,131,64,120,64,11
1,50,p225_061,250,152,98,155,95,152,95,3
1,51,p225_062,203,108,95,105,98,105,95,3
1,52,p225_063,174,96,78,99,75,96,75,3
1,53,p225_064,113,75,38,72,41,72,38,3
1,54,p225_065,159,78,81,70,89,69,80,10
1,55,p225_066,180,99,81,98,82,94,77,9
1,56,p225_067,230,126,104,124,106,123,103,4
1,57,p225_070,145,76,69,74,71,71,66,8
1,58,p225_071,131,87,44,61,70,61,44,26
1,59,p225_072,182,107,75,100,82,100,75,7
1,60,p225_073,158,71,87,68,90,68,87,3
1,61,p225_081,176,107,69,110,66,106,65,5
1,62,p225_082,256,161,95,160,96,159,94,3
1,63,p225_083,246,153,93,155,91,152,90,4
1,64,p225_084,235,134,101,201,34,133,33,69
1,65,p225_086,228,117,111,116,112,116,111,1
1,66,p225_089,220,148,72,144,76,144,72,4
1,67,p225_090,214,96,118,96,118,96,118,0
1,68,p225_092,301,129,172,128,173,128,172,1
1,69,p225_094,102,73,29,75,27,73,27,2
1,70,p225_103,175,130,45,121,54,121,45,9
1,71,p225_104,211,124,87,120,91,120,87,4
1,72,p225_108,295,224,71,202,93,202,71,22
1,73,p225_109,141,67,74,65,76,63,72,6
1,74,p225_110,244,141,103,143,101,138,98,8
1,75,p225_111,145,83,62,72,73,72,62,11
1,76,p225_113,188,126,62,114,74,114,62,12
1,77,p225_114,182,107,75,104,78,104,75,3
1,78,p225_115,241,140,101,154,87,132,79,30
1,79,p225_116,299,186,113,177,122,171,107,21
1,80,p225_117,248,165,83,161,87,161,83,4
1,81,p225_118,179,105,74,96,83,96,74,9
1,82,p225_120,196,117,79,112,84,112,79,5
1,83,p225_121,147,88,59,75,72,65,49,33
1,84,p225_122,155,81,74,79,76,78,73,4
1,85,p225_123,190,114,76,111,79,111,76,3
1,86,p225_124,182,111,71,109,73,108,70,4
1,87,p225_126,105,80,25,74,31,73,24,8
1,88,p225_127,104,88,16,66,38,66,16,22
1,89,p225_128,179,161,18,141,38,141,18,20
1,90,p225_131,200,146,54,146,54,146,54,0
1,91,p225_133,125,89,36,63,62,63,36,26
1,92,p225_135,178,101,77,91,87,89,75,14
1,93,p225_136,230,162,68,146,84,146,68,16
1,94,p225_141,180,107,73,107,73,107,73,0
1,95,p225_142,156,78,78,75,81,75,78,3
1,96,p225_143,210,134,76,122,88,122,76,12
1,97,p225_144,124,76,48,63,61,63,48,13
1,98,p225_145,126,48,78,45,81,44,77,5
1,99,p225_147,125,73,52,61,64,61,52,12
1,100,p225_149,287,184,103,178,109,176,101,10
1,101,p225_150,284,190,94,186,98,185,93,6
1,102,p225_151,210,110,100,126,84,101,75,34
1,103,p225_152,177,108,69,98,79,98,69,10
1,104,p225_153,156,106,50,82,74,79,47,30
1,105,p225_156,230,154,76,148,82,148,76,6
1,106,p225_157,244,74,170,66,178,65,169,10
1,107,p225_158,204,127,77,113,91,113,77,14
1,108,p225_159,159,102,57,91,68,91,57,11
1,109,p225_165,270,176,94,166,104,166,94,10
1,110,p225_166,267,161,106,166,101,156,96,15
1,111,p225_169,323,241,82,242,81,237,77,9
1,112,p225_171,327,202,125,209,118,176,92,59
1,113,p225_172,160,98,62,121,39,95,36,29
1,114,p225_173,257,161,96,157,100,157,96,4
1,115,p225_174,227,188,39,144,83,144,39,44
1,116,p225_175,244,138,106,138,106,134,102,8
1,117,p225_176,193,128,65,123,70,121,63,9
1,118,p225_177,237,168,69,162,75,162,69,6
1,119,p225_179,137,74,63,74,63,74,63,0
1,120,p225_182,158,86,72,137,21,86,21,51
1,121,p225_191,146,79,67,74,72,67,60,19
1,122,p225_192,231,111,120,98,133,98,120,13
1,123,p225_193,186,122,64,97,89,97,64,25
1,124,p225_195,116,60,56,55,61,55,56,5
1,125,p225_196,195,124,71,69,126,69,71,55
1,126,p225_197,145,135,10,58,87,56,8,81
1,127,p225_199,127,76,51,55,72,55,51,21
1,128,p225_200,117,77,40,61,56,61,40,16
1,129,p225_201,255,158,97,152,103,150,95,10
1,130,p225_202,314,243,71,199,115,199,71,44
1,131,p225_203,211,128,83,120,91,118,81,12
1,132,p225_208,164,68,96,68,96,68,96,0
1,133,p225_210,191,111,80,99,92,98,79,14
1,134,p225_211,220,136,84,207,13,136,13,71
1,135,p225_212,209,103,106,119,90,103,90,16
1,136,p225_218,199,141,58,131,68,125,52,22
1,137,p225_219,208,144,64,125,83,125,64,19
1,138,p225_220,263,206,57,186,77,172,43,48
1,139,p225_221,170,90,80,105,65,90,65,15
1,140,p225_222,216,125,91,113,103,113,91,12
1,141,p225_223,174,136,38,105,69,105,38,31
1,142,p225_224,275,173,102,172,103,171,101,3
1,143,p225_225,144,77,67,71,73,71,67,6
1,144,p225_235,299,227,72,213,86,180,39,80
1,145,p225_236,291,142,149,138,153,123,134,34
1,146,p225_237,229,120,109,120,109,116,105,8
1,147,p225_238,180,118,62,111,69,111,62,7
1,148,p225_239,297,122,175,126,171,119,168,10
1,149,p225_240,145,54,91,53,92,49,87,9
1,150,p225_241,232,107,125,96,136,96,125,11
1,151,p225_242,257,212,45,155,102,155,45,57
1,152,p225_243,154,92,62,85,69,85,62,7
1,153,p225_244,159,140,19,92,67,90,17,52
1,154,p225_248,135,70,65,68,67,67,64,4
1,155,p225_253,269,205,64,164,105,164,64,41
1,156,p225_254,159,86,73,77,82,77,73,9
1,157,p225_257,148,135,13,85,63,85,13,50
1,158,p225_258,168,97,71,92,76,92,71,5
1,159,p225_264,230,145,85,146,84,145,84,1
1,160,p225_265,241,109,132,108,133,106,130,5
1,161,p225_266,222,133,89,121,101,121,89,12
1,162,p225_268,199,114,85,108,91,106,83,10
1,163,p225_273,266,226,40,149,117,147,38,81
1,164,p225_274,248,190,58,138,110,138,58,52
1,165,p225_275,284,232,52,200,84,193,45,46
1,166,p225_276,216,124,92,124,92,116,84,16
1,167,p225_277,282,206,76,191,91,190,75,17
1,168,p225_279,282,200,82,179,103,172,75,35
1,169,p225_280,245,146,99,142,103,141,98,6
1,170,p225_281,174,121,53,107,67,107,53,14
1,171,p225_282,211,145,66,138,73,137,65,9
1,172,p225_285,168,83,85,86,82,78,77,13
1,173,p225_286,173,144,29,93,80,93,29,51
1,174,p225_287,232,186,46,161,71,161,46,25
1,175,p225_289,251,152,99,127,124,127,99,25
1,176,p225_290,190,145,45,108,82,102,39,49
1,177,p225_291,273,161,112,132,141,132,112,29
1,178,p225_293,246,152,94,130,116,130,94,22
1,179,p225_294,251,137,114,121,130,121,114,16
1,180,p225_295,198,112,86,115,83,104,75,19
1,181,p225_296,162,84,78,104,58,84,58,20
1,182,p225_297,249,158,91,145,104,145,91,13
1,183,p225_298,194,144,50,118,76,110,42,42
1,184,p225_299,233,142,91,135,98,135,91,7
1,185,p225_300,141,99,42,80,61,70,32,39
1,186,p225_301,170,93,77,87,83,87,77,6
1,187,p225_302,214,108,106,119,95,108,95,11
1,188,p225_303,191,116,75,113,78,113,75,3
1,189,p225_305,186,106,80,105,81,105,80,1
1,190,p225_308,161,120,41,106,55,104,39,18
1,191,p225_309,115,112,3,42,73,42,3,70
1,192,p225_310,115,115,0,58,57,58,0,57
1,193,p225_312,166,143,23,95,71,95,23,48
1,194,p225_314,268,155,113,154,114,153,112,3
1,195,p225_315,322,230,92,204,118,191,79,52
1,196,p225_316,222,160,62,130,92,129,61,32
1,197,p225_317,323,293,30,154,169,149,25,149
1,198,p225_318,226,209,17,134,92,134,17,75
1,199,p225_319,172,119,53,71,101,71,53,48
1,200,p225_320,190,108,82,118,72,106,70,14
2,1,p226_001,175,67,108,167,8,67,8,100
2,2,p226_002,270,160,110,228,42,159,41,70
2,3,p226_003,501,354,147,450,51,351,48,102
2,4,p226_004,381,224,157,251,130,218,124,39
2,5,p226_005,483,355,128,460,23,354,22,107
2,6,p226_006,410,304,106,373,37,303,36,71
2,7,p226_007,348,223,125,246,102,217,96,35
2,8,p226_008,564,359,205,428,136,357,134,73
2,9,p226_009,332,269,63,259,73,235,39,58
2,10,p226_010,240,171,69,199,41,156,26,58
2,11,p226_011,518,342,176,492,26,341,25,152
2,12,p226_012,295,210,85,238,57,209,56,30
2,13,p226_013,379,235,144,337,42,230,37,112
2,14,p226_014,357,281,76,325,32,275,26,56
2,15,p226_015,400,312,88,332,68,310,66,24
2,16,p226_016,514,370,144,458,56,365,51,98
2,17,p226_017,251,177,74,179,72,169,64,18
2,18,p226_018,393,284,109,301,92,281,89,23
2,19,p226_019,471,388,83,385,86,367,65,39
2,20,p226_020,283,207,76,201,82,188,63,32
2,21,p226_021,625,478,147,503,122,469,113,43
2,22,p226_022,483,364,119,429,54,359,49,75
2,23,p226_023,760,615,145,639,121,590,96,74
2,24,p226_024,475,371,104,371,104,339,72,64
2,25,p226_025,177,105,72,139,38,91,24,62
2,26,p226_026,153,91,62,143,10,88,7,58
2,27,p226_027,271,192,79,209,62,189,59,23
2,28,p226_028,276,207,69,201,75,192,60,24
2,29,p226_029,327,215,112,211,116,207,108,12
2,30,p226_030,218,150,68,119,99,110,59,49
2,31,p226_031,184,81,103,76,108,72,99,13
2,32,p226_032,183,69,114,69,114,68,113,2
2,33,p226_033,294,192,102,184,110,180,98,16
2,34,p226_034,327,231,96,216,111,216,96,15
2,35,p226_036,291,164,127,260,31,159,26,106
2,36,p226_037,238,174,64,197,41,164,31,43
2,37,p226_039,135,83,52,111,24,75,16,44
2,38,p226_040,126,108,18,107,19,93,4,29
2,39,p226_041,190,121,69,135,55,113,47,30
2,40,p226_042,342,205,137,242,100,197,92,53
2,41,p226_043,257,88,169,125,132,87,131,39
2,42,p226_044,349,157,192,195,154,147,144,58
2,43,p226_045,193,117,76,158,35,115,33,45
2,44,p226_046,303,215,88,220,83,209,77,17
2,45,p226_047,135,82,53,69,66,59,43,33
2,46,p226_048,127,73,54,68,59,62,48,17
2,47,p226_049,138,58,80,65,73,56,71,11
2,48,p226_050,333,252,81,218,115,209,72,52
2,49,p226_051,221,136,85,133,88,133,85,3
2,50,p226_052,158,78,80,82,76,73,71,14
2,51,p226_053,171,81,90,90,81,73,73,25
2,52,p226_054,305,174,131,184,121,164,111,30
2,53,p226_055,291,202,89,207,84,196,78,17
2,54,p226_056,216,136,80,135,81,128,73,15
2,55,p226_057,150,96,54,78,72,74,50,26
2,56,p226_058,209,144,65,114,95,109,60,40
2,57,p226_059,131,94,37,73,58,69,33,29
2,58,p226_060,120,119,1,78,42,78,1,41
2,59,p226_061,270,202,68,202,68,194,60,16
2,60,p226_062,202,134,68,169,33,130,29,43
2,61,p226_063,155,110,45,83,72,77,39,39
2,62,p226_064,191,135,56,79,112,77,54,60
2,63,p226_065,211,155,56,126,85,111,41,59
2,64,p226_066,144,65,79,71,73,60,68,16
2,65,p226_067,143,111,32,87,56,83,28,32
2,66,p226_068,187,92,95,110,77,91,76,20
2,67,p226_069,219,117,102,129,90,108,81,30
2,68,p226_070,314,239,75,219,95,204,60,50
2,69,p226_071,328,185,143,195,133,175,123,30
2,70,p226_072,338,209,129,221,117,191,99,48
2,71,p226_073,200,97,103,68,132,61,96,43
2,72,p226_074,204,84,120,82,122,65,103,36
2,73,p226_075,239,167,72,125,114,112,59,68
2,74,p226_076,180,83,97,67,113,59,89,32
2,75,p226_077,208,105,103,83,125,75,95,38
2,76,p226_078,147,72,75,75,72,65,65,17
2,77,p226_079,134,120,14,76,58,74,12,48
2,78,p226_080,350,203,147,196,154,194,145,11
2,79,p226_082,193,79,114,80,113,74,108,11
2,80,p226_083,177,53,124,55,122,50,119,8
2,81,p226_084,314,183,131,216,98,174,89,51
2,82,p226_085,179,133,46,127,52,99,18,62
2,83,p226_086,196,105,91,101,95,100,90,6
2,84,p226_088,179,95,84,101,78,94,77,8
2,85,p226_089,222,111,111,131,91,104,84,34
2,86,p226_090,229,116,113,113,116,109,109,11
2,87,p226_091,169,102,67,114,55,84,37,48
2,88,p226_092,118,62,56,49,69,49,56,13
2,89,p226_093,137,88,49,68,69,68,49,20
2,90,p226_094,278,171,107,169,109,165,103,10
2,91,p226_095,219,119,100,146,73,111,65,43
2,92,p226_096,209,97,112,98,111,96,110,3
2,93,p226_097,177,91,86,88,89,85,83,9
2,94,p226_098,168,131,37,91,77,83,29,56
2,95,p226_099,291,217,74,200,91,174,48,69
2,96,p226_100,252,168,84,164,88,147,67,38
2,97,p226_101,162,119,43,78,84,61,26,75
2,98,p226_102,225,148,77,153,72,141,65,19
2,99,p226_103,176,97,79,88,88,86,77,13
2,100,p226_104,351,224,127,224,127,222,125,4
2,101,p226_105,168,86,82,93,75,81,70,17
2,102,p226_106,242,154,88,145,97,143,86,13
2,103,p226_107,189,101,88,85,104,77,80,32
2,104,p226_108,193,100,93,98,95,98,93,2
2,105,p226_109,190,114,76,114,76,108,70,12
2,106,p226_110,200,132,68,119,81,106,55,39
2,107,p226_111,173,66,107,79,94,60,88,25
2,108,p226_112,260,146,114,152,108,130,92,38
2,109,p226_113,271,178,93,188,83,170,75,26
2,110,p226_114,206,130,76,141,65,121,56,29
2,111,p226_115,245,164,81,109,136,99,71,75
2,112,p226_116,123,118,5,116,7,111,0,12
2,113,p226_117,162,85,77,100,62,85,62,15
2,114,p226_118,284,192,92,223,61,188,57,39
2,115,p226_119,201,144,57,139,62,132,50,19
2,116,p226_120,265,202,63,174,91,163,52,50
2,117,p226_121,205,85,120,101,104,82,101,22
2,118,p226_122,369,263,106,268,101,245,83,41
2,119,p226_124,287,174,113,197,90,170,86,31
2,120,p226_125,177,84,93,98,79,81,76,20
2,121,p226_126,180,124,56,162,18,113,7,60
2,122,p226_127,349,259,90,233,116,230,87,32
2,123,p226_128,278,138,140,173,105,135,102,41
2,124,p226_129,174,83,91,90,84,65,66,43
2,125,p226_130,218,99,119,108,110,97,108,13
2,126,p226_131,133,74,59,57,76,57,59,17
2,127,p226_132,199,112,87,129,70,110,68,21
2,128,p226_133,202,154,48,125,77,119,42,41
2,129,p226_134,283,194,89,168,115,161,82,40
2,130,p226_135,234,168,66,150,84,145,61,28
2,131,p226_136,276,212,64,204,72,190,50,36
2,132,p226_137,176,84,92,81,95,62,73,41
2,133,p226_138,264,128,136,134,130,117,119,28
2,134,p226_139,186,138,48,117,69,97,28,61
2,135,p226_140,256,162,94,137,119,121,78,57
2,136,p226_141,191,161,30,112,79,100,18,73
2,137,p226_142,175,99,76,101,74,90,65,20
2,138,p226_143,289,186,103,183,106,183,103,3
2,139,p226_144,243,196,47,177,66,167,37,39
2,140,p226_145,357,207,150,235,122,193,108,56
2,141,p226_146,351,247,104,225,126,209,88,54
2,142,p226_148,186,99,87,125,61,86,48,52
2,143,p226_149,234,163,71,163,71,148,56,30
2,144,p226_150,170,118,52,91,79,75,36,59
2,145,p226_151,193,101,92,123,70,93,62,38
2,146,p226_152,276,173,103,181,95,172,94,10
2,147,p226_153,275,121,154,110,165,107,151,17
2,148,p226_154,321,233,88,226,95,206,68,47
2,149,p226_155,238,177,61,177,61,150,34,54
2,150,p226_156,308,194,114,209,99,185,90,33
2,151,p226_157,283,165,118,196,87,164,86,33
2,152,p226_158,196,116,80,148,48,101,33,62
2,153,p226_159,279,185,94,140,139,139,93,47
2,154,p226_160,206,81,125,108,98,77,94,35
2,155,p226_161,217,99,118,97,120,82,103,32
2,156,p226_162,209,121,88,128,81,97,57,55
2,157,p226_163,202,100,102,94,108,88,96,18
2,158,p226_164,278,173,105,182,96,172,95,11
2,159,p226_165,190,154,36,101,89,91,26,73
2,160,p226_166,320,196,124,225,95,190,89,41
2,161,p226_167,193,91,102,100,93,83,85,25
2,162,p226_168,210,98,112,90,120,78,100,32
2,163,p226_169,179,101,78,97,82,88,69,22
2,164,p226_171,247,169,78,167,80,165,76,6
2,165,p226_172,207,85,122,84,123,80,118,9
2,166,p226_173,207,134,73,124,83,122,71,14
2,167,p226_174,189,82,107,105,84,75,77,37
2,168,p226_175,295,203,92,192,103,185,85,25
2,169,p226_176,247,106,141,104,143,101,138,8
2,170,p226_177,175,100,75,118,57,80,37,58
2,171,p226_178,274,153,121,190,84,150,81,43
2,172,p226_179,250,185,65,169,81,163,59,28
2,173,p226_180,249,166,83,157,92,157,83,9
2,174,p226_181,118,100,18,55,63,55,18,45
2,175,p226_183,216,131,85,127,89,121,79,16
2,176,p226_184,278,195,83,222,56,173,34,71
2,177,p226_185,187,146,41,75,112,74,40,73
2,178,p226_186,233,98,135,163,70,98,70,65
2,179,p226_187,204,73,131,83,121,68,116,20
2,180,p226_188,277,185,92,194,83,181,79,17
2,181,p226_189,217,154,63,151,66,146,58,13
2,182,p226_190,218,134,84,156,62,131,59,28
2,183,p226_191,349,236,113,250,99,231,94,24
2,184,p226_192,193,149,44,105,88,100,39,54
2,185,p226_193,274,184,90,183,91,175,82,17
2,186,p226_194,178,110,68,122,56,105,51,22
2,187,p226_195,265,159,106,246,19,156,16,93
2,188,p226_197,132,84,48,129,3,82,1,49
2,189,p226_198,117,51,66,62,55,45,49,23
2,190,p226_199,168,93,75,90,78,86,71,11
2,191,p226_200,185,73,112,78,107,59,93,33
2,192,p226_201,204,120,84,197,7,120,7,77
2,193,p226_202,132,82,50,88,44,70,32,30
2,194,p226_203,270,159,111,178,92,155,88,27
2,195,p226_204,218,176,42,174,44,158,26,34
2,196,p226_205,228,163,65,196,32,162,31,35
2,197,p226_206,306,217,89,275,31,214,28,64
2,198,p226_207,152,111,41,110,42,95,26,31
2,199,p226_208,136,87,49,80,56,75,44,17
2,200,p226_209,168,137,31,114,54,105,22,41
3,1,p227_001,215,119,96,162,53,102,36,77
3,2,p227_002,267,166,101,245,22,161,17,89
3,3,p227_003,528,320,208,352,176,309,165,54
3,4,p227_004,337,247,90,275,62,231,46,60
3,5,p227_005,499,379,120,419,80,355,56,88
3,6,p227_006,444,265,179,336,108,261,104,79
3,7,p227_008,489,289,200,455,34,289,34,166
3,8,p227_009,340,174,166,232,108,173,107,60
3,9,p227_010,307,92,215,205,102,90,100,117
3,10,p227_011,531,331,200,392,139,327,135,69
3,11,p227_012,349,255,94,270,79,246,70,33
3,12,p227_013,326,216,110,235,91,216,91,19
3,13,p227_014,382,283,99,287,95,262,74,46
3,14,p227_015,434,301,133,354,80,298,77,59
3,15,p227_016,491,314,177,370,121,306,113,72
3,16,p227_017,247,155,92,177,70,145,60,42
3,17,p227_018,462,291,171,354,108,282,99,81
3,18,p227_019,546,365,181,456,90,358,83,105
3,19,p227_020,303,190,113,224,79,188,77,38
3,20,p227_021,645,514,131,566,79,503,68,74
3,21,p227_022,445,304,141,407,38,304,38,103
3,22,p227_023,793,568,225,651,142,545,119,129
3,23,p227_024,494,321,173,406,88,320,87,87
3,24,p227_025,210,129,81,153,57,122,50,38
3,25,p227_026,171,93,78,107,64,92,63,16
3,26,p227_027,190,122,68,133,57,121,56,13
3,27,p227_028,137,64,73,80,57,64,57,16
3,28,p227_029,162,92,70,103,59,83,50,29
3,29,p227_030,219,162,57,149,70,142,50,27
3,30,p227_031,210,139,71,150,60,139,60,11
3,31,p227_032,179,81,98,91,88,77,84,18
3,32,p227_033,147,85,62,110,37,83,35,29
3,33,p227_034,175,101,74,122,53,100,52,23
3,34,p227_035,191,140,51,139,52,127,39,25
3,35,p227_036,219,136,83,144,75,126,65,28
3,36,p227_037,215,138,77,165,50,118,30,67
3,37,p227_038,197,130,67,141,56,125,51,21
3,38,p227_039,191,111,80,165,26,111,26,54
3,39,p227_040,227,135,92,170,57,133,55,39
3,40,p227_041,147,74,73,80,67,66,59,22
3,41,p227_042,212,139,73,187,25,138,24,50
3,42,p227_043,160,93,67,112,48,89,44,27
3,43,p227_044,121,55,66,70,51,52,48,21
3,44,p227_045,153,87,66,87,66,83,62,8
3,45,p227_046,151,82,69,86,65,74,57,20
3,46,p227_047,205,127,78,143,62,126,61,18
3,47,p227_048,206,128,78,136,70,117,59,30
3,48,p227_049,171,86,85,123,48,82,44,45
3,49,p227_050,172,94,78,162,10,94,10,68
3,50,p227_051,222,142,80,211,11,142,11,69
3,51,p227_052,262,163,99,201,61,157,55,50
3,52,p227_053,176,79,97,98,78,77,76,23
3,53,p227_054,154,91,63,96,58,69,36,49
3,54,p227_055,163,101,62,99,64,95,58,10
3,55,p227_056,125,82,43,83,42,71,31,23
3,56,p227_057,136,85,51,135,1,85,1,50
3,57,p227_058,135,60,75,112,23,60,23,52
3,58,p227_059,139,52,87,85,54,47,49,43
3,59,p227_060,289,214,75,270,19,210,15,64
3,60,p227_061,294,223,71,271,23,220,20,54
3,61,p227_062,193,84,109,112,81,84,81,28
3,62,p227_063,176,85,91,114,62,83,60,33
3,63,p227_064,455,219,236,392,63,216,60,179
3,64,p227_065,264,165,99,210,54,164,53,47
3,65,p227_066,253,159,94,220,33,159,33,61
3,66,p227_067,171,64,107,147,24,64,24,83
3,67,p227_068,143,76,67,123,20,73,17,53
3,68,p227_069,267,171,96,220,47,165,41,61
3,69,p227_070,199,96,103,141,58,95,57,47
3,70,p227_071,209,108,101,173,36,108,36,65
3,71,p227_072,270,180,90,220,50,177,47,46
3,72,p227_073,135,73,62,118,17,71,15,49
3,73,p227_074,147,111,36,139,8,107,4,36
3,74,p227_075,249,160,89,188,61,159,60,30
3,75,p227_076,180,124,56,160,20,117,13,50
3,76,p227_077,170,105,65,136,34,105,34,31
3,77,p227_078,222,189,33,187,35,168,14,40
3,78,p227_079,251,146,105,211,40,145,39,67
3,79,p227_080,241,124,117,233,8,124,8,109
3,80,p227_081,217,108,109,190,27,108,27,82
3,81,p227_082,271,124,147,224,47,121,44,106
3,82,p227_083,254,93,161,211,43,92,42,120
3,83,p227_084,335,110,225,202,133,108,131,96
3,84,p227_085,206,124,82,169,37,124,37,45
3,85,p227_086,192,121,71,175,17,117,13,62
3,86,p227_087,262,176,86,239,23,171,18,73
3,87,p227_088,192,116,76,181,11,115,10,67
3,88,p227_089,165,64,101,110,55,63,54,48
3,89,p227_090,219,124,95,162,57,122,55,42
3,90,p227_091,190,80,110,124,66,78,64,48
3,91,p227_092,204,103,101,161,43,102,42,60
3,92,p227_093,268,154,114,235,33,154,33,81
3,93,p227_094,163,90,73,126,37,90,37,36
3,94,p227_095,136,58,78,115,21,58,21,57
3,95,p227_096,195,93,102,151,44,90,41,64
3,96,p227_097,205,113,92,120,85,109,81,15
3,97,p227_098,302,186,116,254,48,184,46,72
3,98,p227_099,260,138,122,222,38,134,34,92
3,99,p227_100,153,79,74,146,7,79,7,67
3,100,p227_101,239,184,55,222,17,181,14,44
3,101,p227_102,171,98,73,145,26,94,22,55
3,102,p227_103,173,120,53,152,21,112,13,48
3,103,p227_104,213,111,102,161,52,105,46,62
3,104,p227_105,227,109,118,201,26,109,26,92
3,105,p227_106,183,94,89,169,14,94,14,75
3,106,p227_107,212,117,95,138,74,110,67,35
3,107,p227_108,206,151,55,188,18,143,10,53
3,108,p227_109,211,101,110,161,50,101,50,60
3,109,p227_110,229,101,128,172,57,100,56,73
3,110,p227_111,244,144,100,209,35,143,34,67
3,111,p227_112,203,96,107,138,65,93,62,48
3,112,p227_113,211,96,115,128,83,95,82,34
3,113,p227_114,230,112,118,151,79,111,78,41
3,114,p227_116,230,178,52,204,26,166,14,50
3,115,p227_117,217,90,127,162,55,90,55,72
3,116,p227_118,177,93,84,140,37,93,37,47
3,117,p227_119,179,70,109,142,37,70,37,72
3,118,p227_120,176,77,99,89,87,77,87,12
3,119,p227_121,273,147,126,187,86,137,76,60
3,120,p227_122,255,62,193,139,116,62,116,77
3,121,p227_123,203,119,84,155,48,110,39,54
3,122,p227_124,206,62,144,141,65,57,60,89
3,123,p227_125,193,95,98,140,53,79,37,77
3,124,p227_126,342,169,173,288,54,169,54,119
3,125,p227_127,288,137,151,258,30,133,26,129
3,126,p227_128,417,193,224,250,167,193,167,57
3,127,p227_129,246,141,105,186,60,139,58,49
3,128,p227_130,203,108,95,167,36,108,36,59
3,129,p227_131,334,214,120,263,71,213,70,51
3,130,p227_132,170,86,84,116,54,86,54,30
3,131,p227_133,140,79,61,131,9,74,4,62
3,132,p227_134,158,79,79,134,24,78,23,57
3,133,p227_135,183,95,88,122,61,95,61,27
3,134,p227_136,159,94,65,132,27,94,27,38
3,135,p227_137,202,125,77,174,28,122,25,55
3,136,p227_138,259,153,106,228,31,152,30,77
3,137,p227_139,251,202,49,227,24,195,17,39
3,138,p227_140,201,110,91,189,12,110,12,79
3,139,p227_141,157,110,47,146,11,106,7,44
3,140,p227_142,226,146,80,194,32,139,25,62
3,141,p227_143,158,83,75,143,15,83,15,60
3,142,p227_144,272,197,75,231,41,189,33,50
3,143,p227_145,192,101,91,143,49,100,48,44
3,144,p227_146,175,102,73,143,32,98,28,49
3,145,p227_147,181,98,83,158,23,98,23,60
3,146,p227_148,181,102,79,168,13,96,7,78
3,147,p227_149,222,118,104,150,72,116,70,36
3,148,p227_150,325,206,119,317,8,206,8,111
3,149,p227_151,168,88,80,152,16,88,16,64
3,150,p227_152,171,96,75,134,37,96,37,38
3,151,p227_153,265,159,106,230,35,146,22,97
3,152,p227_154,220,118,102,183,37,115,34,71
3,153,p227_155,152,63,89,112,40,62,39,51
3,154,p227_156,163,102,61,129,34,96,28,39
3,155,p227_157,182,136,46,148,34,125,23,34
3,156,p227_158,140,126,14,127,13,119,6,15
3,157,p227_159,182,129,53,152,30,116,17,49
3,158,p227_160,237,151,86,186,51,149,49,39
3,159,p227_161,94,56,38,82,12,56,12,26
3,160,p227_162,266,149,117,191,75,147,73,46
3,161,p227_163,200,91,109,156,44,91,44,65
3,162,p227_164,206,124,82,136,70,121,67,18
3,163,p227_165,150,77,73,81,69,77,69,4
3,164,p227_166,145,83,62,88,57,71,45,29
3,165,p227_167,130,65,65,77,53,62,50,18
3,166,p227_168,130,62,68,90,40,56,34,40
3,167,p227_169,127,54,73,83,44,49,39,39
3,168,p227_170,160,99,61,103,57,84,42,34
3,169,p227_171,177,91,86,124,53,85,47,45
3,170,p227_172,267,116,151,187,80,111,75,81
3,171,p227_173,210,115,95,184,26,111,22,77
3,172,p227_174,228,140,88,203,25,137,22,69
3,173,p227_175,198,102,96,154,44,96,38,64
3,174,p227_176,174,115,59,131,43,104,32,38
3,175,p227_177,303,168,135,235,68,165,65,73
3,176,p227_178,198,122,76,159,39,112,29,57
3,177,p227_179,227,134,93,178,49,122,37,68
3,178,p227_180,400,126,274,190,210,122,206,72
3,179,p227_181,147,83,64,110,37,79,33,35
3,180,p227_183,130,86,44,102,28,85,27,18
3,181,p227_184,184,79,105,134,50,72,43,69
3,182,p227_186,195,103,92,139,56,100,53,42
3,183,p227_187,185,106,79,135,50,98,42,45
3,184,p227_188,156,78,78,133,23,74,19,63
3,185,p227_189,237,100,137,182,55,100,55,82
3,186,p227_190,166,89,77,145,21,86,18,62
3,187,p227_191,153,68,85,124,29,67,28,58
3,188,p227_192,294,163,131,204,90,131,58,105
3,189,p227_193,306,165,141,251,55,159,49,98
3,190,p227_194,264,120,144,166,98,112,90,62
3,191,p227_195,201,150,51,163,38,142,30,29
3,192,p227_196,207,148,59,166,41,138,31,38
3,193,p227_197,136,55,81,104,32,55,32,49
3,194,p227_198,137,86,51,102,35,83,32,22
3,195,p227_199,158,97,61,110,48,94,45,19
3,196,p227_200,174,67,107,127,47,67,47,60
3,197,p227_201,369,201,168,322,47,199,45,125
3,198,p227_203,181,103,78,154,27,103,27,51
3,199,p227_204,167,88,79,165,2,88,2,77
3,200,p227_205,193,120,73,167,26,115,21,57
4,1,p228_001,167,121,46,103,64,97,40,30
4,2,p228_002,308,262,46,217,91,202,31,75
4,3,p228_003,585,360,225,375,210,351,201,33
4,4,p228_004,403,295,108,282,121,257,83,63
4,5,p228_005,467,427,40,405,62,387,22,58
4,6,p228_006,405,302,103,319,86,294,78,33
4,7,p228_007,350,319,31,258,92,255,28,67
4,8,p228_008,628,447,181,454,174,418,145,65
4,9,p228_009,446,381,65,270,176,257,52,137
4,10,p228_010,272,193,79,171,101,152,60,60
4,11,p228_011,513,412,101,361,152,359,99,55
4,12,p228_012,319,247,72,248,71,239,63,17
4,13,p228_013,315,245,70,221,94,210,59,46
4,14,p228_014,357,286,71,247,110,243,67,47
4,15,p228_015,451,363,88,382,69,344,50,57
4,16,p228_016,500,370,130,387,113,349,92,59
4,17,p228_018,352,303,49,330,22,296,15,41
4,18,p228_019,485,400,85,401,84,385,69,31
4,19,p228_020,277,211,66,208,69,193,51,33
4,20,p228_021,619,438,181,473,146,412,120,87
4,21,p228_022,571,371,200,390,181,347,157,67
4,22,p228_023,786,676,110,594,192,583,99,104
4,23,p228_024,469,376,93,364,105,350,79,40
4,24,p228_025,137,135,2,96,41,96,2,39
4,25,p228_026,315,294,21,234,81,231,18,66
4,26,p228_027,137,128,9,96,41,95,8,34
4,27,p228_028,254,170,84,128,126,102,58,94
4,28,p228_029,193,141,52,115,78,113,50,30
4,29,p228_030,163,104,59,95,68,95,59,9
4,30,p228_031,187,147,40,119,68,116,37,34
4,31,p228_032,275,250,25,226,49,217,16,42
4,32,p228_033,249,178,71,173,76,161,59,29
4,33,p228_034,219,180,39,150,69,143,32,44
4,34,p228_035,102,98,4,72,30,72,4,26
4,35,p228_036,139,126,13,80,59,80,13,46
4,36,p228_037,102,84,18,81,21,70,7,25
4,37,p228_038,147,115,32,92,55,88,28,31
4,38,p228_039,185,144,41,140,45,127,28,30
4,39,p228_040,131,89,42,82,49,81,41,9
4,40,p228_041,219,174,45,153,66,147,39,33
4,41,p228_042,182,119,63,122,60,115,56,11
4,42,p228_043,102,73,29,54,48,52,27,23
4,43,p228_044,262,205,57,190,72,188,55,19
4,44,p228_045,262,214,48,250,12,209,7,46
4,45,p228_046,105,78,27,96,9,74,5,26
4,46,p228_047,253,185,68,213,40,176,31,46
4,47,p228_048,243,206,37,184,59,183,36,24
4,48,p228_049,132,109,23,70,62,65,18,49
4,49,p228_050,190,136,54,133,57,124,45,21
4,50,p228_051,190,163,27,128,62,128,27,35
4,51,p228_052,153,86,67,104,49,73,36,44
4,52,p228_053,117,93,24,57,60,51,18,48
4,53,p228_054,163,133,30,138,25,125,17,21
4,54,p228_055,259,229,30,218,41,207,19,33
4,55,p228_056,133,80,53,64,69,63,52,18
4,56,p228_057,235,159,76,158,77,135,53,47
4,57,p228_058,110,100,10,66,44,66,10,34
4,58,p228_059,171,136,35,101,70,93,27,51
4,59,p228_060,218,177,41,149,69,142,34,42
4,60,p228_061,185,105,80,105,80,93,68,24
4,61,p228_062,123,108,15,116,7,105,4,14
4,62,p228_063,135,96,39,105,30,78,12,45
4,63,p228_064,168,123,45,115,53,105,35,28
4,64,p228_065,139,77,62,108,31,77,31,31
4,65,p228_066,308,236,72,261,47,227,38,43
4,66,p228_067,285,186,99,193,92,182,88,15
4,67,p228_068,185,137,48,118,67,105,35,45
4,68,p228_069,175,134,41,116,59,113,38,24
4,69,p228_070,229,150,79,134,95,125,70,34
4,70,p228_071,142,118,24,77,65,77,24,41
4,71,p228_072,115,81,34,65,50,57,26,32
4,72,p228_073,173,122,51,78,95,78,51,44
4,73,p228_074,190,143,47,145,45,127,29,34
4,74,p228_075,235,190,45,201,34,176,20,39
4,75,p228_076,205,166,39,129,76,108,18,79
4,76,p228_077,216,145,71,144,72,139,66,11
4,77,p228_078,369,241,128,265,104,225,88,56
4,78,p228_079,177,118,59,91,86,82,50,45
4,79,p228_081,200,104,96,104,96,94,86,20
4,80,p228_082,185,90,95,86,99,83,92,10
4,81,p228_083,300,212,88,190,110,182,80,38
4,82,p228_084,289,230,59,208,81,185,36,68
4,83,p228_085,153,101,52,112,41,88,28,37
4,84,p228_086,174,149,25,109,65,106,22,46
4,85,p228_087,243,175,68,173,70,159,54,30
4,86,p228_088,305,225,80,234,71,211,57,37
4,87,p228_089,309,270,39,218,91,207,28,74
4,88,p228_090,264,203,61,144,120,143,60,61
4,89,p228_091,299,252,47,195,104,184,36,79
4,90,p228_092,179,142,37,108,71,103,32,44
4,91,p228_093,227,162,65,128,99,108,45,74
4,92,p228_094,238,145,93,197,41,140,36,62
4,93,p228_095,168,103,65,116,52,98,47,23
4,94,p228_096,199,161,38,147,52,135,26,38
4,95,p228_097,350,333,17,288,62,280,9,61
4,96,p228_098,219,143,76,150,69,131,57,31
4,97,p228_099,155,140,15,118,37,105,2,48
4,98,p228_100,185,129,56,118,67,105,43,37
4,99,p228_101,163,107,56,102,61,80,34,49
4,100,p228_102,314,242,72,242,72,221,51,42
4,101,p228_103,238,197,41,199,39,170,12,56
4,102,p228_104,247,197,50,180,67,166,36,45
4,103,p228_105,352,296,56,271,81,249,34,69
4,104,p228_106,323,285,38,243,80,224,19,80
4,105,p228_107,237,168,69,154,83,138,53,46
4,106,p228_108,292,243,49,191,101,187,45,60
4,107,p228_109,355,270,85,248,107,240,77,38
4,108,p228_110,246,218,28,171,75,153,10,83
4,109,p228_111,400,359,41,314,86,297,24,79
4,110,p228_112,275,170,105,146,129,126,85,64
4,111,p228_113,242,213,29,151,91,147,25,70
4,112,p228_114,207,178,29,99,108,99,29,79
4,113,p228_115,222,196,26,140,82,135,21,66
4,114,p228_116,257,200,57,189,68,171,39,47
4,115,p228_117,340,290,50,269,71,242,23,75
4,116,p228_118,186,130,56,96,90,88,48,50
4,117,p228_119,149,135,14,85,64,83,12,54
4,118,p228_120,171,159,12,104,67,103,11,57
4,119,p228_121,216,179,37,117,99,116,36,64
4,120,p228_122,325,280,45,240,85,237,42,46
4,121,p228_123,177,164,13,90,87,88,11,78
4,122,p228_124,323,298,25,290,33,272,7,44
4,123,p228_125,319,244,75,212,107,198,61,60
4,124,p228_126,191,147,44,119,72,104,29,58
4,125,p228_127,193,151,42,88,105,82,36,75
4,126,p228_128,221,126,95,125,96,96,66,59
4,127,p228_129,315,257,58,246,69,233,45,37
4,128,p228_130,268,242,26,205,63,188,9,71
4,129,p228_131,282,208,74,189,93,169,54,59
4,130,p228_132,355,321,34,269,86,256,21,78
4,131,p228_133,263,243,20,142,121,142,20,101
4,132,p228_134,262,227,35,150,112,150,35,77
4,133,p228_135,303,268,35,228,75,223,30,50
4,134,p228_136,262,219,43,203,59,180,20,62
4,135,p228_137,171,113,58,147,24,104,15,52
4,136,p228_138,172,130,42,106,66,98,34,40
4,137,p228_139,270,246,24,183,87,178,19,73
4,138,p228_140,334,307,27,286,48,272,13,49
4,139,p228_141,190,163,27,109,81,109,27,54
4,140,p228_142,212,174,38,128,84,117,27,68
4,141,p228_143,245,210,35,174,71,160,21,64
4,142,p228_144,240,220,20,148,92,143,15,82
4,143,p228_145,198,180,18,117,81,116,17,65
4,144,p228_146,239,233,6,171,68,169,4,66
4,145,p228_147,179,121,58,83,96,60,35,84
4,146,p228_148,161,101,60,75,86,70,55,36
4,147,p228_149,338,279,59,251,87,223,31,84
4,148,p228_150,223,206,17,165,58,157,9,57
4,149,p228_151,142,90,52,125,17,82,9,51
4,150,p228_152,274,224,50,224,50,195,21,58
4,151,p228_153,182,163,19,144,38,130,5,47
4,152,p228_154,195,183,12,163,32,154,3,38
4,153,p228_155,244,206,38,204,40,180,14,50
4,154,p228_156,234,179,55,138,96,119,36,79
4,155,p228_157,279,226,53,206,73,197,44,38
4,156,p228_158,200,124,76,101,99,95,70,35
4,157,p228_159,361,268,93,245,116,228,76,57
4,158,p228_160,252,240,12,190,62,187,9,56
4,159,p228_161,232,209,23,163,69,161,21,50
4,160,p228_162,178,155,23,109,69,105,19,54
4,161,p228_163,187,165,22,107,80,105,20,62
4,162,p228_164,286,216,70,144,142,141,67,78
4,163,p228_165,242,178,64,164,78,138,38,66
4,164,p228_166,247,211,36,193,54,170,13,64
4,165,p228_167,266,243,23,188,78,183,18,65
4,166,p228_168,278,232,46,158,120,143,31,104
4,167,p228_169,263,206,57,119,144,114,52,97
4,168,p228_170,261,226,35,182,79,175,28,58
4,169,p228_171,178,140,38,116,62,100,22,56
4,170,p228_172,309,286,23,228,81,222,17,70
4,171,p228_173,201,124,77,128,73,105,54,42
4,172,p228_174,174,157,17,108,66,107,16,51
4,173,p228_175,340,273,67,234,106,222,55,63
4,174,p228_176,226,172,54,158,68,144,40,42
4,175,p228_177,204,153,51,117,87,113,47,44
4,176,p228_178,244,171,73,165,79,143,51,50
4,177,p228_179,292,261,31,212,80,202,21,69
4,178,p228_180,233,150,83,187,46,135,31,67
4,179,p228_181,323,239,84,246,77,216,54,53
4,180,p228_182,287,204,83,232,55,194,45,48
4,181,p228_183,185,94,91,102,83,90,79,16
4,182,p228_184,179,118,61,98,81,87,50,42
4,183,p228_185,142,129,13,69,73,65,9,68
4,184,p228_186,177,123,54,125,52,97,26,54
4,185,p228_187,171,161,10,86,85,82,6,83
4,186,p228_188,258,219,39,162,96,153,30,75
4,187,p228_189,308,293,15,202,106,199,12,97
4,188,p228_190,177,158,19,107,70,103,15,59
4,189,p228_191,174,98,76,81,93,77,72,25
4,190,p228_192,306,281,25,224,82,210,11,85
4,191,p228_193,212,193,19,141,71,134,12,66
4,192,p228_194,240,210,30,161,79,148,17,75
4,193,p228_195,276,223,53,237,39,206,22,48
4,194,p228_196,308,247,61,233,75,206,34,68
4,195,p228_197,297,248,49,245,52,210,14,73
4,196,p228_198,346,287,59,299,47,259,19,68
4,197,p228_199,320,253,67,223,97,202,46,72
4,198,p228_200,230,176,54,149,81,124,29,77
4,199,p228_202,181,160,21,116,65,110,15,56
4,200,p228_203,291,241,50,248,43,218,20,53
5,1,p229_001,131,76,55,74,57,73,54,4
5,2,p229_002,243,154,89,147,96,144,86,13
5,3,p229_003,431,297,134,300,131,285,119,27
5,4,p229_004,287,197,90,187,100,185,88,14
5,5,p229_005,370,288,82,288,82,276,70,24
5,6,p229_006,327,258,69,252,75,250,67,10
5,7,p229_007,246,205,41,190,56,190,41,15
5,8,p229_008,427,367,60,334,93,334,60,33
5,9,p229_009,257,188,69,195,62,186,60,11
5,10,p229_010,193,127,66,112,81,112,66,15
5,11,p229_011,394,317,77,310,84,308,75,11
5,12,p229_012,258,203,55,192,66,192,55,11
5,13,p229_013,288,246,42,217,71,210,35,43
5,14,p229_014,279,214,65,214,65,209,60,10
5,15,p229_015,328,304,24,257,71,257,24,47
5,16,p229_016,372,302,70,301,71,296,65,11
5,17,p229_017,216,156,60,144,72,142,58,16
5,18,p229_018,339,245,94,247,92,242,89,8
5,19,p229_019,492,412,80,396,96,376,60,56
5,20,p229_020,253,185,68,175,78,175,68,10
5,21,p229_021,546,467,79,451,95,446,74,26
5,22,p229_022,405,331,74,324,81,323,73,9
5,23,p229_023,676,542,134,519,157,518,133,25
5,24,p229_024,455,320,135,311,144,311,135,9
5,25,p229_025,102,80,22,82,20,77,17,8
5,26,p229_026,211,141,70,130,81,130,70,11
5,27,p229_027,113,77,36,67,46,63,32,18
5,28,p229_028,291,210,81,193,98,193,81,17
5,29,p229_029,107,56,51,46,61,46,51,10
5,30,p229_030,211,164,47,135,76,133,45,33
5,31,p229_031,267,198,69,174,93,174,69,24
5,32,p229_032,139,98,41,75,64,72,38,29
5,33,p229_033,121,61,60,60,61,54,54,13
5,34,p229_034,228,154,74,150,78,150,74,4
5,35,p229_035,223,174,49,135,88,133,47,43
5,36,p229_036,179,105,74,91,88,91,74,14
5,37,p229_037,233,159,74,140,93,140,74,19
5,38,p229_038,208,130,78,127,81,124,75,9
5,39,p229_039,121,84,37,50,71,50,37,34
5,40,p229_040,279,208,71,192,87,192,71,16
5,41,p229_041,161,106,55,97,64,95,53,13
5,42,p229_042,150,99,51,85,65,85,51,14
5,43,p229_043,231,165,66,160,71,147,53,31
5,44,p229_044,117,69,48,55,62,49,42,26
5,45,p229_045,150,112,38,69,81,69,38,43
5,46,p229_046,149,98,51,84,65,81,48,20
5,47,p229_047,166,121,45,100,66,96,41,29
5,48,p229_048,148,95,53,73,75,70,50,28
5,49,p229_050,121,71,50,56,65,55,49,17
5,50,p229_051,154,85,69,76,78,75,68,11
5,51,p229_052,229,153,76,142,87,142,76,11
5,52,p229_053,195,127,68,119,76,119,68,8
5,53,p229_054,269,187,82,165,104,165,82,22
5,54,p229_055,192,117,75,118,74,115,72,5
5,55,p229_056,187,115,72,108,79,107,71,9
5,56,p229_057,118,61,57,48,70,47,56,15
5,57,p229_058,138,77,61,74,64,73,60,5
5,58,p229_059,139,96,43,68,71,66,41,32
5,59,p229_060,145,111,34,90,55,89,33,23
5,60,p229_061,134,70,64,60,74,57,61,16
5,61,p229_062,160,94,66,86,74,85,65,10
5,62,p229_063,187,134,53,109,78,106,50,31
5,63,p229_064,119,85,34,58,61,57,33,29
5,64,p229_065,189,131,58,120,69,119,57,13
5,65,p229_066,118,100,18,60,58,60,18,40
5,66,p229_067,172,146,26,99,73,99,26,47
5,67,p229_068,156,111,45,89,67,89,45,22
5,68,p229_069,165,69,96,65,100,65,96,4
5,69,p229_070,169,127,42,98,71,98,42,29
5,70,p229_071,121,98,23,59,62,59,23,39
5,71,p229_072,184,110,74,106,78,106,74,4
5,72,p229_073,110,97,13,57,53,57,13,40
5,73,p229_074,169,124,45,96,73,93,42,34
5,74,p229_075,131,109,22,66,65,66,22,43
5,75,p229_076,134,132,2,81,53,81,2,51
5,76,p229_077,280,235,45,210,70,203,38,39
5,77,p229_078,275,210,65,169,106,169,65,41
5,78,p229_079,261,181,80,166,95,166,80,15
5,79,p229_080,249,159,90,150,99,147,87,15
5,80,p229_081,182,125,57,158,24,118,17,47
5,81,p229_082,177,115,62,106,71,102,58,17
5,82,p229_083,123,86,37,67,56,65,35,23
5,83,p229_084,131,114,17,68,63,68,17,46
5,84,p229_085,171,142,29,106,65,106,29,36
5,85,p229_086,245,179,66,184,61,169,51,25
5,86,p229_087,222,156,66,129,93,127,64,31
5,87,p229_088,134,66,68,68,66,66,66,2
5,88,p229_089,138,94,44,57,81,57,44,37
5,89,p229_090,174,109,65,106,68,101,60,13
5,90,p229_091,126,85,41,64,62,63,40,23
5,91,p229_092,165,134,31,90,75,90,31,44
5,92,p229_093,179,144,35,90,89,90,35,54
5,93,p229_094,296,212,84,210,86,210,84,2
5,94,p229_095,167,113,54,83,84,80,51,36
5,95,p229_096,246,181,65,161,85,159,63,24
5,96,p229_097,206,129,77,118,88,118,77,11
5,97,p229_098,142,101,41,74,68,74,41,27
5,98,p229_099,214,164,50,146,68,146,50,18
5,99,p229_100,206,141,65,130,76,125,60,21
5,100,p229_101,152,111,41,80,72,80,41,31
5,101,p229_102,223,146,77,126,97,124,75,24
5,102,p229_103,172,117,55,106,66,102,51,19
5,103,p229_104,145,86,59,79,66,79,59,7
5,104,p229_105,161,88,73,79,82,79,73,9
5,105,p229_106,164,95,69,85,79,85,69,10
5,106,p229_108,161,104,57,98,63,91,50,20
5,107,p229_109,173,126,47,89,84,87,45,41
5,108,p229_110,126,89,37,65,61,63,35,28
5,109,p229_111,118,97,21,54,64,51,18,49
5,110,p229_112,243,181,62,160,83,160,62,21
5,111,p229_113,155,100,55,78,77,78,55,22
5,112,p229_114,185,147,38,120,65,120,38,27
5,113,p229_115,137,98,39,65,72,65,39,33
5,114,p229_116,102,86,16,46,56,46,16,40
5,115,p229_117,139,77,62,63,76,60,59,20
5,116,p229_118,161,94,67,78,83,78,67,16
5,117,p229_119,115,82,33,54,61,51,30,34
5,118,p229_120,278,205,73,184,94,184,73,21
5,119,p229_121,213,171,42,160,53,143,25,45
5,120,p229_122,145,89,56,88,57,82,50,13
5,121,p229_123,129,82,47,61,68,61,47,21
5,122,p229_124,115,76,39,55,60,50,34,31
5,123,p229_125,113,68,45,49,64,49,45,19
5,124,p229_126,146,64,82,58,88,57,81,8
5,125,p229_127,223,196,27,133,90,133,27,63
5,126,p229_128,217,147,70,130,87,130,70,17
5,127,p229_129,268,199,69,192,76,185,62,21
5,128,p229_130,205,134,71,141,64,123,53,29
5,129,p229_131,235,155,80,128,107,128,80,27
5,130,p229_132,281,202,79,193,88,192,78,11
5,131,p229_133,166,124,42,87,79,87,42,37
5,132,p229_134,267,176,91,160,107,160,91,16
5,133,p229_135,158,134,24,129,29,111,6,41
5,134,p229_136,233,195,38,225,8,191,4,38
5,135,p229_137,145,88,57,84,61,78,51,16
5,136,p229_138,195,143,52,135,60,134,51,10
5,137,p229_139,201,131,70,113,88,111,68,22
5,138,p229_140,110,89,21,55,55,55,21,34
5,139,p229_141,150,98,52,87,63,85,50,15
5,140,p229_142,131,94,37,59,72,57,35,39
5,141,p229_143,213,155,58,132,81,132,58,23
5,142,p229_144,273,221,52,188,85,184,48,41
5,143,p229_145,172,156,16,107,65,107,16,49
5,144,p229_146,166,115,51,93,73,93,51,22
5,145,p229_147,181,112,69,107,74,107,69,5
5,146,p229_148,149,114,35,74,75,74,35,40
5,147,p229_149,248,192,56,157,91,155,54,39
5,148,p229_150,266,220,46,176,90,176,46,44
5,149,p229_151,118,84,34,50,68,50,34,34
5,150,p229_152,129,104,25,58,71,58,25,46
5,151,p229_153,283,209,74,194,89,194,74,15
5,152,p229_154,320,201,119,175,145,175,119,26
5,153,p229_155,255,218,37,201,54,199,35,21
5,154,p229_156,284,201,83,184,100,184,83,17
5,155,p229_157,254,208,46,158,96,158,46,50
5,156,p229_158,180,152,28,96,84,96,28,56
5,157,p229_159,233,226,7,167,66,166,6,61
5,158,p229_160,285,207,78,193,92,193,78,14
5,159,p229_161,171,113,58,99,72,99,58,14
5,160,p229_162,220,129,91,119,101,118,90,12
5,161,p229_163,139,85,54,67,72,67,54,18
5,162,p229_164,115,73,42,49,66,49,42,24
5,163,p229_165,225,191,34,144,81,144,34,47
5,164,p229_166,241,187,54,146,95,145,53,43
5,165,p229_167,184,142,42,96,88,96,42,46
5,166,p229_168,194,117,77,112,82,110,75,9
5,167,p229_169,157,101,56,85,72,85,56,16
5,168,p229_170,200,129,71,116,84,116,71,13
5,169,p229_171,222,170,52,143,79,143,52,27
5,170,p229_172,118,79,39,49,69,48,38,32
5,171,p229_173,216,159,57,143,73,143,57,16
5,172,p229_174,206,145,61,123,83,120,58,28
5,173,p229_175,251,185,66,169,82,169,66,16
5,174,p229_176,126,110,16,65,61,65,16,45
5,175,p229_177,134,102,32,65,69,65,32,37
5,176,p229_178,299,244,55,185,114,181,51,67
5,177,p229_179,277,183,94,168,109,168,94,15
5,178,p229_180,145,101,44,71,74,71,44,30
5,179,p229_181,153,101,52,72,81,72,52,29
5,180,p229_182,138,126,12,71,67,71,12,55
5,181,p229_183,260,169,91,163,97,163,91,6
5,182,p229_184,158,116,42,81,77,81,42,35
5,183,p229_185,177,135,42,99,78,99,42,36
5,184,p229_186,143,90,53,58,85,57,52,34
5,185,p229_187,194,127,67,133,61,114,48,32
5,186,p229_188,166,136,30,106,60,106,30,30
5,187,p229_189,147,102,45,84,63,84,45,18
5,188,p229_190,131,118,13,70,61,70,13,48
5,189,p229_191,131,101,30,69,62,69,30,32
5,190,p229_192,235,209,26,158,77,158,26,51
5,191,p229_193,134,91,43,66,68,66,43,25
5,192,p229_194,107,106,1,52,55,52,1,54
5,193,p229_195,257,213,44,170,87,167,41,49
5,194,p229_196,170,122,48,90,80,90,48,32
5,195,p229_197,182,119,63,107,75,105,61,16
5,196,p229_198,242,203,39,168,74,168,39,35
5,197,p229_199,179,140,39,121,58,121,39,19
5,198,p229_200,191,144,47,109,82,106,44,41
5,199,p229_201,233,199,34,174,59,174,34,25
5,200,p229_202,147,131,16,86,61,86,16,45
6,1,p230_001,139,102,37,101,38,87,23,29
6,2,p230_002,279,226,53,198,81,183,38,58
6,3,p230_003,492,374,118,373,119,345,90,57
6,4,p230_005,483,433,50,405,78,388,33,62
6,5,p230_006,391,328,63,317,74,309,55,27
6,6,p230_007,339,273,66,246,93,241,61,37
6,7,p230_008,538,476,62,445,93,425,42,71
6,8,p230_009,318,222,96,214,104,202,84,32
6,9,p230_010,193,130,63,140,53,126,49,18
6,10,p230_012,270,235,35,260,10,235,10,25
6,11,p230_013,318,238,80,262,56,234,52,32
6,12,p230_014,357,304,53,297,60,274,30,53
6,13,p230_016,517,414,103,413,104,388,78,51
6,14,p230_017,249,178,71,171,78,169,69,11
6,15,p230_018,395,280,115,301,94,259,73,63
6,16,p230_019,601,466,135,459,142,434,110,57
6,17,p230_020,283,212,71,216,67,206,61,16
6,18,p230_021,659,570,89,587,72,538,40,81
6,19,p230_023,864,754,110,698,166,689,101,74
6,20,p230_024,488,379,109,370,118,362,101,25
6,21,p230_025,143,95,48,134,9,93,7,43
6,22,p230_026,197,147,50,166,31,140,24,33
6,23,p230_027,225,157,68,173,52,145,40,40
6,24,p230_028,175,91,84,90,85,89,83,3
6,25,p230_029,220,185,35,180,40,167,22,31
6,26,p230_030,271,147,124,147,124,134,111,26
6,27,p230_031,173,121,52,104,69,95,43,35
6,28,p230_032,169,94,75,85,84,85,75,9
6,29,p230_033,286,204,82,186,100,177,73,36
6,30,p230_034,168,102,66,95,73,94,65,9
6,31,p230_035,247,200,47,185,62,180,42,25
6,32,p230_036,201,152,49,129,72,129,49,23
6,33,p230_037,171,108,63,106,65,103,60,8
6,34,p230_038,195,116,79,110,85,108,77,10
6,35,p230_039,204,156,48,152,52,131,27,46
6,36,p230_040,203,88,115,92,111,84,107,12
6,37,p230_041,156,89,67,81,75,79,65,12
6,38,p230_042,179,137,42,161,18,132,13,34
6,39,p230_043,198,114,84,110,88,108,82,8
6,40,p230_044,168,85,83,91,77,85,77,6
6,41,p230_045,194,111,83,112,82,105,76,13
6,42,p230_046,177,142,35,102,75,99,32,46
6,43,p230_047,171,87,84,64,107,60,80,31
6,44,p230_048,148,95,53,69,79,68,52,28
6,45,p230_049,179,111,68,104,75,96,60,23
6,46,p230_050,257,188,69,177,80,177,69,11
6,47,p230_051,152,101,51,77,75,71,45,36
6,48,p230_052,191,108,83,99,92,97,81,13
6,49,p230_053,202,109,93,105,97,102,90,10
6,50,p230_054,173,143,30,111,62,102,21,50
6,51,p230_055,332,256,76,249,83,239,66,27
6,52,p230_056,161,88,73,77,84,77,73,11
6,53,p230_057,257,223,34,223,34,205,16,36
6,54,p230_058,177,115,62,118,59,105,49,23
6,55,p230_059,217,156,61,200,17,155,16,46
6,56,p230_060,204,144,60,174,30,136,22,46
6,57,p230_061,209,155,54,173,36,142,23,44
6,58,p230_062,211,141,70,139,72,136,67,8
6,59,p230_063,205,135,70,158,47,130,42,33
6,60,p230_064,267,197,70,179,88,169,60,38
6,61,p230_065,211,139,72,124,87,122,70,19
6,62,p230_066,208,150,58,133,75,133,58,17
6,63,p230_068,220,142,78,140,80,136,74,10
6,64,p230_069,238,190,48,159,79,142,31,65
6,65,p230_070,140,78,62,94,46,71,39,30
6,66,p230_071,118,58,60,96,22,58,22,38
6,67,p230_072,155,68,87,85,70,67,69,19
6,68,p230_073,230,191,39,185,45,169,23,38
6,69,p230_074,344,243,101,243,101,227,85,32
6,70,p230_075,303,231,72,245,58,208,35,60
6,71,p230_076,169,149,20,155,14,146,11,12
6,72,p230_077,201,119,82,139,62,119,62,20
6,73,p230_078,156,132,24,123,33,109,10,37
6,74,p230_079,193,141,52,123,70,123,52,18
6,75,p230_080,129,100,29,120,9,94,3,32
6,76,p230_081,137,105,32,137,0,105,0,32
6,77,p230_083,165,145,20,148,17,131,3,31
6,78,p230_084,160,133,27,117,43,105,15,40
6,79,p230_085,187,139,48,153,34,133,28,26
6,80,p230_086,200,166,34,129,71,127,32,41
6,81,p230_087,161,146,15,111,50,106,10,45
6,82,p230_088,157,108,49,96,61,78,31,48
6,83,p230_089,325,248,77,241,84,226,62,37
6,84,p230_090,187,169,18,130,57,130,18,39
6,85,p230_091,174,159,15,150,24,143,8,23
6,86,p230_092,155,122,33,134,21,107,6,42
6,87,p230_093,153,132,21,107,46,105,19,29
6,88,p230_094,152,116,36,83,69,81,34,37
6,89,p230_095,179,132,47,99,80,97,45,37
6,90,p230_096,285,248,37,237,48,222,22,41
6,91,p230_097,163,110,53,102,61,86,37,40
6,92,p230_099,247,238,9,225,22,217,1,29
6,93,p230_100,295,269,26,252,43,238,12,45
6,94,p230_101,218,194,24,171,47,164,17,37
6,95,p230_102,192,170,22,168,24,149,3,40
6,96,p230_103,302,250,52,243,59,234,43,25
6,97,p230_104,263,225,38,188,75,183,33,47
6,98,p230_105,120,113,7,116,4,109,0,11
6,99,p230_106,203,172,31,179,24,159,11,33
6,100,p230_107,250,231,19,197,53,190,12,48
6,101,p230_108,249,220,29,165,84,159,23,67
6,102,p230_109,192,118,74,108,84,103,69,20
6,103,p230_110,363,273,90,346,17,271,15,77
6,104,p230_112,171,116,55,89,82,84,50,37
6,105,p230_113,198,184,14,160,38,153,7,38
6,106,p230_114,208,197,11,149,59,147,9,52
6,107,p230_115,228,226,2,195,33,193,0,35
6,108,p230_116,313,294,19,255,58,248,12,53
6,109,p230_117,214,195,19,169,45,156,6,52
6,110,p230_118,229,228,1,203,26,203,1,25
6,111,p230_119,241,207,34,168,73,154,20,67
6,112,p230_120,248,176,72,148,100,146,70,32
6,113,p230_121,254,228,26,167,87,163,22,69
6,114,p230_122,235,215,20,178,57,174,16,45
6,115,p230_123,178,164,14,127,51,122,9,47
6,116,p230_124,172,154,18,117,55,116,17,39
6,117,p230_125,321,265,56,251,70,238,43,40
6,118,p230_126,249,237,12,198,51,196,10,43
6,119,p230_127,185,163,22,100,85,100,22,63
6,120,p230_128,145,129,16,97,48,97,16,32
6,121,p230_129,224,198,26,156,68,147,17,60
6,122,p230_130,307,299,8,241,66,236,3,68
6,123,p230_131,172,161,11,123,49,119,7,46
6,124,p230_132,337,289,48,241,96,238,45,54
6,125,p230_133,275,250,25,185,90,180,20,75
6,126,p230_134,177,146,31,135,42,121,17,39
6,127,p230_135,185,123,62,97,88,92,57,36
6,128,p230_137,207,166,41,150,57,141,32,34
6,129,p230_138,183,140,43,104,79,101,40,42
6,130,p230_139,373,282,91,243,130,228,76,69
6,131,p230_140,245,197,48,166,79,166,48,31
6,132,p230_141,129,106,23,93,36,89,19,21
6,133,p230_142,194,186,8,151,43,148,5,41
6,134,p230_143,249,232,17,194,55,190,13,46
6,135,p230_144,342,299,43,282,60,264,25,53
6,136,p230_145,178,157,21,126,52,123,18,37
6,137,p230_146,183,149,34,117,66,112,29,42
6,138,p230_147,270,241,29,253,17,227,3,40
6,139,p230_148,294,273,21,240,54,232,13,49
6,140,p230_149,278,233,45,208,70,184,21,73
6,141,p230_150,217,202,15,192,25,191,14,12
6,142,p230_151,168,164,4,140,28,138,2,28
6,143,p230_152,171,163,8,128,43,124,4,43
6,144,p230_153,171,168,3,106,65,106,3,62
6,145,p230_154,142,141,1,120,22,119,0,23
6,146,p230_155,201,188,13,185,16,174,2,25
6,147,p230_156,279,264,15,252,27,246,9,24
6,148,p230_157,172,148,24,117,55,110,17,45
6,149,p230_158,179,168,11,146,33,143,8,28
6,150,p230_159,182,148,34,113,69,110,31,41
6,151,p230_160,128,123,5,96,32,95,4,29
6,152,p230_161,164,143,21,96,68,91,16,57
6,153,p230_162,130,106,24,73,57,70,21,39
6,154,p230_163,273,263,10,232,41,229,7,37
6,155,p230_164,193,171,22,129,64,125,18,50
6,156,p230_165,174,165,9,115,59,114,8,52
6,157,p230_166,214,207,7,154,60,154,7,53
6,158,p230_167,134,127,7,105,29,102,4,28
6,159,p230_168,271,258,13,189,82,189,13,69
6,160,p230_169,288,261,27,210,78,204,21,63
6,161,p230_170,172,124,48,125,47,120,43,9
6,162,p230_171,318,309,9,291,27,283,1,34
6,163,p230_172,262,199,63,166,96,164,61,37
6,164,p230_173,199,195,4,162,37,160,2,37
6,165,p230_174,210,169,41,131,79,123,33,54
6,166,p230_175,229,221,8,201,28,196,3,30
6,167,p230_176,260,251,9,186,74,186,9,65
6,168,p230_177,286,277,9,232,54,231,8,47
6,169,p230_178,149,145,4,122,27,122,4,23
6,170,p230_179,206,195,11,177,29,170,4,32
6,171,p230_180,147,146,1,121,26,121,1,25
6,172,p230_181,198,189,9,153,45,150,6,42
6,173,p230_182,182,146,36,121,61,112,27,43
6,174,p230_183,149,113,36,71,78,67,32,50
6,175,p230_184,260,180,80,232,28,174,22,64
6,176,p230_185,202,136,66,157,45,136,45,21
6,177,p230_186,171,141,30,146,25,126,10,35
6,178,p230_188,176,162,14,126,50,122,10,44
6,179,p230_189,219,185,34,179,40,162,17,40
6,180,p230_190,315,273,42,265,50,241,18,56
6,181,p230_191,260,227,33,196,64,185,22,53
6,182,p230_192,203,124,79,127,76,103,55,45
6,183,p230_194,289,225,64,268,21,221,17,51
6,184,p230_195,336,295,41,284,52,259,16,61
6,185,p230_196,271,260,11,244,27,242,9,20
6,186,p230_198,169,153,16,120,49,112,8,49
6,187,p230_199,236,217,19,166,70,161,14,61
6,188,p230_200,204,173,31,124,80,116,23,65
6,189,p230_201,240,240,0,221,19,221,0,19
6,190,p230_202,172,128,44,117,55,101,28,43
6,191,p230_203,265,200,65,218,47,187,34,44
6,192,p230_204,153,136,17,118,35,117,16,20
6,193,p230_205,175,158,17,136,39,127,8,40
6,194,p230_206,249,240,9,207,42,202,4,43
6,195,p230_207,280,265,15,225,55,217,7,56
6,196,p230_208,171,164,7,131,40,128,4,39
6,197,p230_209,267,260,7,229,38,228,6,33
6,198,p230_210,191,171,20,134,57,130,16,45
6,199,p230_211,305,263,42,262,43,239,19,47
6,200,p230_212,121,101,20,89,32,84,15,22
7,1,p231_001,128,105,23,60,68,59,22,47
7,2,p231_002,203,137,66,130,73,117,53,33
7,3,p231_003,361,301,60,275,86,266,51,44
7,4,p231_004,251,205,46,180,71,175,41,35
7,5,p231_005,301,283,18,274,27,266,10,25
7,6,p231_006,283,243,40,276,7,237,1,45
7,7,p231_007,234,183,51,208,26,174,17,43
7,8,p231_008,403,337,66,380,23,323,9,71
7,9,p231_009,270,192,78,216,54,181,43,46
7,10,p231_010,166,120,46,113,53,108,41,17
7,11,p231_011,387,312,75,297,90,280,58,49
7,12,p231_012,241,187,54,175,66,170,49,22
7,13,p231_013,229,212,17,212,17,203,8,18
7,14,p231_014,262,222,40,188,74,184,36,42
7,15,p231_015,296,260,36,282,14,252,6,38
7,16,p231_016,351,297,54,287,64,274,41,36
7,17,p231_017,193,158,35,137,56,130,28,35
7,18,p231_018,299,261,38,236,63,233,35,31
7,19,p231_019,395,347,48,312,83,309,45,41
7,20,p231_020,233,175,58,159,74,155,54,24
7,21,p231_021,456,391,65,371,85,363,57,36
7,22,p231_023,578,476,102,469,109,454,87,37
7,23,p231_024,335,262,73,315,20,262,20,53
7,24,p231_025,214,164,50,185,29,158,23,33
7,25,p231_026,137,96,41,91,46,78,28,31
7,26,p231_027,137,122,15,124,13,117,8,12
7,27,p231_028,126,93,33,80,46,79,32,15
7,28,p231_029,206,135,71,126,80,124,69,13
7,29,p231_030,123,87,36,62,61,59,33,31
7,30,p231_031,161,148,13,129,32,126,10,25
7,31,p231_032,238,183,55,200,38,159,14,65
7,32,p231_033,131,81,50,131,0,81,0,50
7,33,p231_034,139,107,32,134,5,106,4,29
7,34,p231_035,145,125,20,140,5,123,3,19
7,35,p231_036,129,89,40,123,6,85,2,42
7,36,p231_037,171,145,26,163,8,140,3,28
7,37,p231_038,139,77,62,130,9,76,8,55
7,38,p231_039,230,170,60,210,20,167,17,46
7,39,p231_040,131,88,43,84,47,79,38,14
7,40,p231_041,169,150,19,146,23,134,7,28
7,41,p231_042,142,97,45,101,41,82,26,34
7,42,p231_043,147,126,21,103,44,88,6,53
7,43,p231_044,227,182,45,136,91,136,45,46
7,44,p231_045,121,89,32,77,44,71,26,24
7,45,p231_046,123,114,9,87,36,87,9,27
7,46,p231_047,107,66,41,65,42,59,35,13
7,47,p231_048,113,111,2,78,35,77,1,35
7,48,p231_049,123,122,1,109,14,108,0,15
7,49,p231_050,98,79,19,95,3,78,2,18
7,50,p231_051,118,110,8,116,2,108,0,10
7,51,p231_052,77,72,5,77,0,72,0,5
7,52,p231_053,166,160,6,155,11,149,0,17
7,53,p231_054,121,112,9,109,12,102,2,17
7,54,p231_055,179,135,44,135,44,129,38,12
7,55,p231_056,136,117,19,84,52,83,18,35
7,56,p231_057,147,127,20,92,55,86,14,47
7,57,p231_058,123,108,15,89,34,83,9,31
7,58,p231_059,139,79,60,79,60,74,55,10
7,59,p231_061,135,95,40,57,78,53,36,46
7,60,p231_062,97,91,6,64,33,64,6,27
7,61,p231_063,115,111,4,68,47,67,3,45
7,62,p231_064,118,111,7,92,26,91,6,21
7,63,p231_065,225,193,32,162,63,161,31,33
7,64,p231_066,139,111,28,80,59,79,27,33
7,65,p231_067,137,129,8,120,17,118,6,13
7,66,p231_068,198,182,16,137,61,133,12,53
7,67,p231_069,145,140,5,117,28,116,4,25
7,68,p231_070,156,148,8,126,30,124,6,26
7,69,p231_071,145,113,32,95,50,91,28,26
7,70,p231_072,145,125,20,107,38,101,14,30
7,71,p231_073,169,102,67,102,67,90,55,24
7,72,p231_074,171,122,49,103,68,101,47,23
7,73,p231_076,129,119,10,83,46,81,8,40
7,74,p231_078,193,138,55,127,66,120,48,25
7,75,p231_079,190,151,39,139,51,127,27,36
7,76,p231_080,187,127,60,172,15,127,15,45
7,77,p231_081,174,115,59,151,23,109,17,48
7,78,p231_082,137,76,61,97,40,68,32,37
7,79,p231_083,134,95,39,68,66,63,34,37
7,80,p231_085,158,144,14,114,44,112,12,34
7,81,p231_086,166,136,30,114,52,102,18,46
7,82,p231_087,178,147,31,130,48,120,21,37
7,83,p231_088,129,77,52,103,26,63,12,54
7,84,p231_089,203,189,14,172,31,162,4,37
7,85,p231_090,121,72,49,80,41,60,29,32
7,86,p231_091,126,122,4,83,43,82,3,41
7,87,p231_092,121,116,5,88,33,87,4,30
7,88,p231_093,129,123,6,93,36,91,4,34
7,89,p231_094,126,94,32,53,73,53,32,41
7,90,p231_095,174,174,0,118,56,118,0,56
7,91,p231_097,151,120,31,101,50,101,31,19
7,92,p231_098,171,144,27,71,100,71,27,73
7,93,p231_099,161,156,5,104,57,104,5,52
7,94,p231_100,157,157,0,142,15,142,0,15
7,95,p231_101,171,169,2,117,54,117,2,52
7,96,p231_102,137,124,13,104,33,95,4,38
7,97,p231_103,132,118,14,61,71,61,14,57
7,98,p231_104,159,140,19,92,67,92,19,48
7,99,p231_105,118,113,5,72,46,72,5,41
7,100,p231_106,153,144,9,109,44,106,6,41
7,101,p231_107,110,109,1,78,32,77,0,33
7,102,p231_108,163,101,62,82,81,80,60,23
7,103,p231_109,198,184,14,145,53,139,8,51
7,104,p231_110,145,80,65,65,80,55,55,35
7,105,p231_111,134,121,13,81,53,80,12,42
7,106,p231_112,135,83,52,76,59,74,50,11
7,107,p231_113,154,105,49,140,14,94,3,57
7,108,p231_114,107,93,14,92,15,84,6,17
7,109,p231_115,153,122,31,85,68,85,31,37
7,110,p231_116,185,153,32,126,59,124,30,31
7,111,p231_117,172,164,8,119,53,119,8,45
7,112,p231_118,149,121,28,124,25,106,10,33
7,113,p231_119,147,122,25,147,0,122,0,25
7,114,p231_120,145,109,36,142,3,107,1,37
7,115,p231_121,139,132,7,120,19,115,2,22
7,116,p231_122,134,127,7,131,3,124,0,10
7,117,p231_123,187,170,17,175,12,160,2,25
7,118,p231_124,179,153,26,109,70,109,26,44
7,119,p231_125,129,113,16,86,43,82,12,35
7,120,p231_126,158,145,13,130,28,121,4,33
7,121,p231_127,130,105,25,92,38,82,15,33
7,122,p231_128,133,103,30,115,18,94,9,30
7,123,p231_129,169,134,35,167,2,134,2,33
7,124,p231_130,157,148,9,132,25,127,4,26
7,125,p231_131,158,153,5,143,15,141,3,14
7,126,p231_132,169,154,15,136,33,130,9,30
7,127,p231_133,121,116,5,94,27,91,2,28
7,128,p231_134,123,81,42,69,54,68,41,14
7,129,p231_135,174,141,33,136,38,123,20,31
7,130,p231_136,158,109,49,99,59,93,43,22
7,131,p231_137,155,146,9,104,51,104,9,42
7,132,p231_138,206,201,5,137,69,137,5,64
7,133,p231_139,174,162,12,122,52,119,9,46
7,134,p231_140,169,147,22,111,58,110,21,38
7,135,p231_141,157,132,25,142,15,124,7,26
7,136,p231_142,161,127,34,105,56,100,29,32
7,137,p231_143,153,150,3,141,12,141,3,9
7,138,p231_144,209,182,27,129,80,129,27,53
7,139,p231_145,172,96,76,96,76,94,74,4
7,140,p231_146,142,128,14,70,72,70,14,58
7,141,p231_147,150,139,11,101,49,101,11,38
7,142,p231_148,145,140,5,86,59,86,5,54
7,143,p231_149,153,147,6,95,58,95,6,52
7,144,p231_150,160,132,28,87,73,85,26,49
7,145,p231_151,158,144,14,95,63,92,11,55
7,146,p231_152,207,202,5,167,40,165,3,39
7,147,p231_153,145,132,13,108,37,106,11,28
7,148,p231_154,155,93,62,134,21,84,12,59
7,149,p231_155,173,133,40,146,27,122,16,35
7,150,p231_156,142,117,25,85,57,83,23,36
7,151,p231_157,198,141,57,108,90,108,57,33
7,152,p231_158,134,133,1,74,60,74,1,59
7,153,p231_159,147,145,2,85,62,84,1,62
7,154,p231_160,123,102,21,90,33,82,13,28
7,155,p231_161,107,105,2,75,32,74,1,32
7,156,p231_162,97,88,9,50,47,49,8,40
7,157,p231_163,138,116,22,91,47,83,14,41
7,158,p231_164,139,92,47,61,78,59,45,35
7,159,p231_165,129,111,18,74,55,74,18,37
7,160,p231_166,139,114,25,68,71,66,23,50
7,161,p231_167,121,121,0,95,26,95,0,26
7,162,p231_168,150,109,41,83,67,83,41,26
7,163,p231_169,139,131,8,94,45,91,5,43
7,164,p231_170,134,114,20,74,60,74,20,40
7,165,p231_171,214,179,35,112,102,109,32,73
7,166,p231_172,142,66,76,64,78,64,76,2
7,167,p231_173,153,98,55,70,83,67,52,34
7,168,p231_174,147,138,9,101,46,99,7,41
7,169,p231_175,187,155,32,135,52,121,18,48
7,170,p231_176,126,126,0,96,30,96,0,30
7,171,p231_177,155,132,23,97,58,93,19,43
7,172,p231_178,153,116,37,79,74,75,33,45
7,173,p231_179,137,108,29,73,64,70,26,41
7,174,p231_180,126,96,30,80,46,74,24,28
7,175,p231_181,142,140,2,105,37,104,1,37
7,176,p231_183,179,175,4,135,44,135,4,40
7,177,p231_184,150,143,7,118,32,116,5,29
7,178,p231_185,161,136,25,104,57,98,19,44
7,179,p231_186,162,116,46,81,81,80,45,37
7,180,p231_188,114,65,49,70,44,65,44,5
7,181,p231_189,134,115,19,66,68,65,18,51
7,182,p231_190,166,125,41,105,61,98,34,34
7,183,p231_191,182,141,41,115,67,113,39,30
7,184,p231_192,131,72,59,78,53,68,49,14
7,185,p231_193,190,117,73,190,0,117,0,73
7,186,p231_194,163,120,43,158,5,116,1,46
7,187,p231_195,249,173,76,201,48,170,45,34
7,188,p231_196,137,84,53,100,37,80,33,24
7,189,p231_197,126,101,25,87,39,79,17,30
7,190,p231_198,161,135,26,103,58,95,18,48
7,191,p231_199,219,194,25,182,37,171,14,34
7,192,p231_200,151,121,30,95,56,91,26,34
7,193,p231_201,115,106,9,82,33,79,6,30
7,194,p231_202,124,117,7,52,72,52,7,65
7,195,p231_203,126,122,4,56,70,56,4,66
7,196,p231_205,125,83,42,114,11,78,6,41
7,197,p231_206,137,87,50,125,12,84,9,44
7,198,p231_207,160,102,58,105,55,87,40,33
7,199,p231_208,171,131,40,124,47,103,19,49
7,200,p231_209,131,86,45,89,42,67,23,41
8,1,p232_001,132,63,69,63,69,63,69,0
8,2,p232_002,193,134,59,146,47,129,42,22
8,3,p232_003,470,346,124,335,135,324,113,33
8,4,p232_004,278,213,65,230,48,207,42,29
8,5,p232_005,412,339,73,313,99,306,66,40
8,6,p232_006,343,241,102,235,108,235,102,6
8,7,p232_007,272,191,81,190,82,189,80,3
8,8,p232_008,419,344,75,334,85,331,72,16
8,9,p232_009,283,191,92,194,89,188,86,9
8,10,p232_010,190,101,89,99,91,97,87,6
8,11,p232_011,427,318,109,314,113,309,104,14
8,12,p232_012,295,219,76,210,85,209,75,11
8,13,p232_013,268,193,75,185,83,185,75,8
8,14,p232_014,314,227,87,233,81,225,79,10
8,15,p232_015,357,266,91,264,93,263,90,4
8,16,p232_016,373,297,76,289,84,288,75,10
8,17,p232_017,205,127,78,125,80,124,77,4
8,18,p232_018,312,250,62,236,76,235,61,16
8,19,p232_019,445,334,111,394,51,329,46,70
8,20,p232_020,249,158,91,158,91,156,89,4
8,21,p232_021,556,423,133,428,128,421,126,9
8,22,p232_022,387,314,73,320,67,311,64,12
8,23,p232_023,627,473,154,470,157,468,152,7
8,24,p232_024,368,284,84,347,21,284,21,63
8,25,p232_025,140,70,70,71,69,70,69,1
8,26,p232_026,91,42,49,43,48,42,48,1
8,27,p232_027,260,192,68,191,69,190,67,3
8,28,p232_028,153,79,74,67,86,67,74,12
8,29,p232_029,233,151,82,148,85,144,78,11
8,30,p232_030,264,184,80,185,79,181,76,7
8,31,p232_031,161,86,75,75,86,75,75,11
8,32,p232_032,230,186,44,176,54,173,41,16
8,33,p232_033,105,58,47,40,65,40,47,18
8,34,p232_034,102,62,40,56,46,56,40,6
8,35,p232_035,222,158,64,159,63,158,63,1
8,36,p232_036,202,133,69,130,72,129,68,5
8,37,p232_037,265,178,87,175,90,175,87,3
8,38,p232_038,147,86,61,81,66,81,61,5
8,39,p232_039,131,69,62,48,83,48,62,21
8,40,p232_040,137,61,76,63,74,61,74,2
8,41,p232_041,137,79,58,69,68,68,57,12
8,42,p232_042,181,107,74,167,14,107,14,60
8,43,p232_043,139,80,59,80,59,72,51,16
8,44,p232_044,89,62,27,46,43,46,27,16
8,45,p232_045,86,38,48,39,47,38,47,1
8,46,p232_046,102,43,59,44,58,42,57,3
8,47,p232_047,138,70,68,75,63,69,62,7
8,48,p232_048,119,70,49,59,60,56,46,17
8,49,p232_049,208,134,74,133,75,133,74,1
8,50,p232_050,123,74,49,63,60,57,43,23
8,51,p232_051,113,42,71,42,71,42,71,0
8,52,p232_052,155,102,53,94,61,92,51,12
8,53,p232_053,127,63,64,62,65,62,64,1
8,54,p232_054,255,176,79,201,54,176,54,25
8,55,p232_055,113,71,42,57,56,55,40,18
8,56,p232_056,137,71,66,61,76,61,66,10
8,57,p232_057,164,94,70,95,69,86,61,17
8,58,p232_058,268,197,71,198,70,193,66,9
8,59,p232_059,99,51,48,39,60,39,48,12
8,60,p232_060,180,77,103,73,107,72,102,6
8,61,p232_061,227,145,82,152,75,145,75,7
8,62,p232_062,201,127,74,156,45,125,43,33
8,63,p232_063,161,78,83,76,85,76,83,2
8,64,p232_064,150,71,79,76,74,70,73,7
8,65,p232_065,119,52,67,49,70,47,65,7
8,66,p232_066,227,155,72,153,74,153,72,2
8,67,p232_067,187,111,76,108,79,108,76,3
8,68,p232_068,178,118,60,108,70,108,60,10
8,69,p232_069,191,113,78,113,78,113,78,0
8,70,p232_070,183,123,60,115,68,114,59,10
8,71,p232_071,187,109,78,106,81,100,72,15
8,72,p232_072,149,87,62,76,73,75,61,13
8,73,p232_073,143,59,84,59,84,57,82,4
8,74,p232_074,163,85,78,84,79,84,78,1
8,75,p232_075,163,96,67,104,59,95,58,10
8,76,p232_076,126,72,54,107,19,72,19,35
8,77,p232_077,121,70,51,50,71,50,51,20
8,78,p232_078,161,87,74,88,73,87,73,1
8,79,p232_079,174,99,75,93,81,91,73,10
8,80,p232_080,147,49,98,49,98,49,98,0
8,81,p232_081,131,85,46,80,51,79,45,7
8,82,p232_082,118,53,65,54,64,53,64,1
8,83,p232_083,128,65,63,64,64,61,60,7
8,84,p232_084,97,46,51,44,53,44,51,2
8,85,p232_085,152,82,70,81,71,81,70,1
8,86,p232_086,145,82,63,79,66,77,61,7
8,87,p232_087,134,75,59,74,60,73,58,3
8,88,p232_088,193,140,53,133,60,130,50,13
8,89,p232_089,162,106,56,93,69,92,55,15
8,90,p232_090,271,175,96,180,91,175,91,5
8,91,p232_091,122,58,64,57,65,57,64,1
8,92,p232_092,147,73,74,70,77,70,74,3
8,93,p232_093,162,93,69,90,72,90,69,3
8,94,p232_094,200,138,62,137,63,132,57,11
8,95,p232_095,247,199,48,188,59,188,48,11
8,96,p232_096,130,75,55,63,67,61,53,16
8,97,p232_097,182,123,59,120,62,118,57,7
8,98,p232_098,172,98,74,94,78,94,74,4
8,99,p232_099,196,120,76,121,75,118,73,5
8,100,p232_100,107,57,50,49,58,49,50,8
8,101,p232_101,134,69,65,76,58,68,57,9
8,102,p232_102,131,78,53,65,66,65,53,13
8,103,p232_103,245,171,74,170,75,169,73,3
8,104,p232_104,283,168,115,168,115,166,113,4
8,105,p232_105,135,65,70,55,80,55,70,10
8,106,p232_106,164,100,64,100,64,100,64,0
8,107,p232_107,190,115,75,119,71,114,70,6
8,108,p232_108,118,62,56,62,56,60,54,4
8,109,p232_109,243,161,82,157,86,156,81,6
8,110,p232_110,145,76,69,76,69,76,69,0
8,111,p232_111,115,72,43,70,45,70,43,2
8,112,p232_112,123,60,63,63,60,57,57,9
8,113,p232_113,94,49,45,45,49,45,45,4
8,114,p232_114,222,151,71,160,62,149,60,13
8,115,p232_115,194,127,67,123,71,123,67,4
8,116,p232_116,142,70,72,70,72,70,72,0
8,117,p232_117,230,172,58,177,53,170,51,9
8,118,p232_118,220,129,91,131,89,128,88,4
8,119,p232_119,220,139,81,128,92,127,80,13
8,120,p232_120,110,54,56,46,64,46,56,8
8,121,p232_121,217,154,63,154,63,152,61,4
8,122,p232_122,194,128,66,128,66,126,64,4
8,123,p232_123,256,178,78,176,80,175,77,4
8,124,p232_124,117,64,53,56,61,56,53,8
8,125,p232_125,115,60,55,49,66,49,55,11
8,126,p232_126,142,92,50,96,46,90,44,8
8,127,p232_127,147,71,76,126,21,71,21,55
8,128,p232_128,198,115,83,115,83,113,81,4
8,129,p232_129,247,169,78,171,76,166,73,8
8,130,p232_130,179,96,83,97,82,96,82,1
8,131,p232_131,216,132,84,134,82,131,81,4
8,132,p232_132,129,78,51,72,57,71,50,8
8,133,p232_133,176,112,64,109,67,107,62,7
8,134,p232_134,129,60,69,60,69,60,69,0
8,135,p232_135,134,70,64,68,66,66,62,6
8,136,p232_136,115,59,56,49,66,46,53,16
8,137,p232_137,126,62,64,52,74,49,61,16
8,138,p232_138,110,89,21,54,56,54,21,35
8,139,p232_139,153,88,65,89,64,87,63,3
8,140,p232_140,113,73,40,52,61,50,38,25
8,141,p232_141,115,103,12,68,47,68,12,35
8,142,p232_142,192,167,25,122,70,122,25,45
8,143,p232_143,134,55,79,55,79,55,79,0
8,144,p232_144,167,95,72,99,68,95,68,4
8,145,p232_145,190,146,44,97,93,97,44,49
8,146,p232_146,150,94,56,73,77,73,56,21
8,147,p232_147,194,116,78,126,68,115,67,12
8,148,p232_148,249,177,72,184,65,176,64,9
8,149,p232_149,169,142,27,123,46,122,26,21
8,150,p232_150,134,81,53,88,46,81,46,7
8,151,p232_151,186,117,69,117,69,116,68,2
8,152,p232_152,132,65,67,80,52,65,52,15
8,153,p232_153,144,77,67,83,61,74,58,12
8,154,p232_154,169,99,70,103,66,99,66,4
8,155,p232_155,183,109,74,113,70,107,68,8
8,156,p232_156,152,99,53,107,45,91,37,24
8,157,p232_158,192,129,63,132,60,129,60,3
8,158,p232_159,134,61,73,59,75,59,73,2
8,159,p232_160,262,195,67,205,57,195,57,10
8,160,p232_161,194,121,73,119,75,117,71,6
8,161,p232_162,123,58,65,56,67,56,65,2
8,162,p232_163,160,91,69,92,68,86,63,11
8,163,p232_164,179,101,78,99,80,95,74,10
8,164,p232_165,118,60,58,58,60,58,58,2
8,165,p232_166,191,135,56,142,49,123,37,31
8,166,p232_167,192,118,74,140,52,118,52,22
8,167,p232_168,110,53,57,55,55,52,54,4
8,168,p232_169,222,163,59,162,60,159,56,7
8,169,p232_170,155,123,32,95,60,89,26,40
8,170,p232_171,142,79,63,80,62,71,54,17
8,171,p232_172,150,76,74,77,73,76,73,1
8,172,p232_173,152,75,77,76,76,75,76,1
8,173,p232_174,150,89,61,90,60,82,53,15
8,174,p232_175,203,151,52,159,44,150,43,10
8,175,p232_176,198,120,78,123,75,119,74,5
8,176,p232_177,163,75,88,70,93,69,87,7
8,177,p232_178,132,86,46,73,59,73,46,13
8,178,p232_179,240,153,87,156,84,153,84,3
8,179,p232_180,226,143,83,143,83,142,82,2
8,180,p232_181,138,70,68,68,70,67,67,4
8,181,p232_182,179,105,74,105,74,105,74,0
8,182,p232_183,158,66,92,66,92,64,90,4
8,183,p232_184,145,96,49,96,49,95,48,2
8,184,p232_185,201,125,76,136,65,125,65,11
8,185,p232_186,140,66,74,74,66,64,64,12
8,186,p232_187,105,45,60,40,65,39,59,7
8,187,p232_188,278,177,101,175,103,164,90,24
8,188,p232_189,169,110,59,114,55,101,46,22
8,189,p232_190,145,68,77,102,43,68,43,34
8,190,p232_191,143,66,77,81,62,66,62,15
8,191,p232_192,218,152,66,148,70,148,66,4
8,192,p232_193,169,103,66,104,65,101,63,5
8,193,p232_194,239,167,72,168,71,166,70,3
8,194,p232_195,170,93,77,96,74,93,74,3
8,195,p232_196,147,75,72,79,68,75,68,4
8,196,p232_197,261,161,100,168,93,160,92,9
8,197,p232_198,169,82,87,81,88,80,86,3
8,198,p232_199,166,95,71,124,42,95,42,29
8,199,p232_200,253,150,103,155,98,147,95,11
8,200,p232_201,187,117,70,119,68,116,67,4
9,1,p233_001,164,112,52,135,29,99,16,49
9,2,p233_002,283,179,104,259,24,177,22,84
9,3,p233_003,565,441,124,517,48,427,34,104
9,4,p233_004,378,266,112,341,37,261,32,85
9,5,p233_005,449,344,105,432,17,342,15,92
9,6,p233_006,398,281,117,372,26,281,26,91
9,7,p233_007,346,222,124,336,10,220,8,118
9,8,p233_008,541,405,136,508,33,397,25,119
9,9,p233_009,398,240,158,327,71,234,65,99
9,10,p233_011,436,313,123,361,75,305,67,64
9,11,p233_012,279,202,77,210,69,197,64,18
9,12,p233_013,294,200,94,245,49,198,47,49
9,13,p233_014,299,223,76,255,44,221,42,36
9,14,p233_015,340,261,79,325,15,261,15,64
9,15,p233_016,444,311,133,346,98,310,97,37
9,16,p233_017,300,161,139,198,102,150,91,59
9,17,p233_018,350,254,96,269,81,249,76,25
9,18,p233_019,471,351,120,380,91,349,89,33
9,19,p233_020,283,178,105,216,67,176,65,42
9,20,p233_021,559,441,118,498,61,436,56,67
9,21,p233_022,390,294,96,333,57,284,47,59
9,22,p233_023,660,513,147,543,117,500,104,56
9,23,p233_024,423,311,112,364,59,311,59,53
9,24,p233_025,186,90,96,93,93,89,92,5
9,25,p233_026,136,70,66,71,65,67,62,7
9,26,p233_027,265,181,84,209,56,179,54,32
9,27,p233_028,241,156,85,165,76,153,73,15
9,28,p233_029,222,144,78,144,78,140,74,8
9,29,p233_030,257,173,84,188,69,171,67,19
9,30,p233_032,252,153,99,156,96,151,94,7
9,31,p233_033,147,79,68,92,55,78,54,15
9,32,p233_037,227,143,84,168,59,142,58,27
9,33,p233_038,173,88,85,137,36,88,36,49
9,34,p233_039,282,202,80,248,34,201,33,48
9,35,p233_040,276,85,191,121,155,83,153,40
9,36,p233_041,159,109,50,141,18,109,18,32
9,37,p233_042,138,69,69,114,24,69,24,45
9,38,p233_043,190,97,93,138,52,97,52,41
9,39,p233_044,312,163,149,242,70,163,70,79
9,40,p233_045,227,100,127,153,74,100,74,53
9,41,p233_046,173,83,90,119,54,83,54,36
9,42,p233_047,259,135,124,158,101,132,98,29
9,43,p233_048,213,101,112,150,63,98,60,55
9,44,p233_049,188,98,90,125,63,98,63,27
9,45,p233_050,188,108,80,142,46,107,45,36
9,46,p233_051,254,151,103,205,49,150,48,56
9,47,p233_052,183,97,86,110,73,95,71,17
9,48,p233_053,209,106,103,131,78,100,72,37
9,49,p233_054,129,56,73,57,72,54,70,5
9,50,p233_055,248,131,117,153,95,130,94,24
9,51,p233_056,194,110,84,115,79,104,73,17
9,52,p233_057,224,128,96,190,34,128,34,62
9,53,p233_058,227,130,97,204,23,129,22,76
9,54,p233_059,159,73,86,101,58,67,52,40
9,55,p233_060,222,106,116,122,100,100,94,28
9,56,p233_061,166,63,103,100,66,61,64,41
9,57,p233_062,153,73,80,109,44,72,43,38
9,58,p233_063,158,73,85,100,58,72,57,29
9,59,p233_064,158,90,68,101,57,87,54,17
9,60,p233_065,180,105,75,128,52,104,51,25
9,61,p233_066,141,62,79,97,44,59,41,41
9,62,p233_067,271,219,52,220,51,203,35,33
9,63,p233_068,319,222,97,267,52,219,49,51
9,64,p233_070,247,108,139,166,81,106,79,62
9,65,p233_071,190,93,97,95,95,91,93,6
9,66,p233_072,251,125,126,129,122,121,118,12
9,67,p233_073,174,64,110,91,83,59,78,37
9,68,p233_074,180,82,98,130,50,82,50,48
9,69,p233_075,353,253,100,290,63,240,50,63
9,70,p233_076,172,74,98,93,79,74,79,19
9,71,p233_077,262,166,96,200,62,162,58,42
9,72,p233_079,250,154,96,228,22,153,21,76
9,73,p233_080,181,90,91,144,37,90,37,54
9,74,p233_081,242,151,91,165,77,149,75,18
9,75,p233_082,250,147,103,178,72,146,71,33
9,76,p233_083,170,96,74,115,55,87,46,37
9,77,p233_084,174,135,39,134,40,112,17,45
9,78,p233_085,169,89,80,128,41,88,40,41
9,79,p233_086,162,67,95,135,27,66,26,70
9,80,p233_087,212,102,110,156,56,88,42,82
9,81,p233_088,191,70,121,138,53,67,50,74
9,82,p233_089,161,45,116,76,85,45,85,31
9,83,p233_090,171,72,99,91,80,70,78,23
9,84,p233_091,259,159,100,186,73,158,72,29
9,85,p233_092,211,118,93,166,45,118,45,48
9,86,p233_093,236,71,165,125,111,70,110,56
9,87,p233_094,229,113,116,141,88,100,75,54
9,88,p233_095,307,111,196,154,153,110,152,45
9,89,p233_096,250,69,181,74,176,67,174,9
9,90,p233_097,239,124,115,149,90,122,88,29
9,91,p233_098,196,98,98,140,56,97,55,44
9,92,p233_099,169,114,55,120,49,95,30,44
9,93,p233_100,271,109,162,176,95,107,93,71
9,94,p233_101,208,124,84,150,58,124,58,26
9,95,p233_102,210,112,98,139,71,107,66,37
9,96,p233_103,220,121,99,148,72,119,70,31
9,97,p233_104,225,117,108,122,103,114,100,11
9,98,p233_105,192,91,101,107,85,83,77,32
9,99,p233_106,234,123,111,125,109,114,100,20
9,100,p233_107,154,83,71,95,59,81,57,16
9,101,p233_108,231,133,98,164,67,133,67,31
9,102,p233_109,179,106,73,111,68,96,58,25
9,103,p233_110,205,131,74,139,66,120,55,30
9,104,p233_111,250,167,83,227,23,167,23,60
9,105,p233_112,185,98,87,175,10,97,9,79
9,106,p233_113,208,104,104,168,40,103,39,66
9,107,p233_114,145,74,71,93,52,67,45,33
9,108,p233_115,184,110,74,124,60,100,50,34
9,109,p233_116,157,60,97,76,81,57,78,22
9,110,p233_117,196,113,83,120,76,112,75,9
9,111,p233_118,181,118,63,135,46,107,35,39
9,112,p233_119,137,66,71,78,59,59,52,26
9,113,p233_120,149,75,74,69,80,63,68,18
9,114,p233_121,121,48,73,81,40,48,40,33
9,115,p233_122,274,185,89,199,75,185,75,14
9,116,p233_123,153,65,88,80,73,65,73,15
9,117,p233_125,122,50,72,57,65,47,62,13
9,118,p233_126,160,91,69,121,39,91,39,30
9,119,p233_127,283,209,74,207,76,204,71,8
9,120,p233_128,270,207,63,188,82,180,55,35
9,121,p233_129,226,167,59,186,40,160,33,33
9,122,p233_130,234,170,64,184,50,162,42,30
9,123,p233_131,244,197,47,192,52,172,27,45
9,124,p233_132,201,113,88,114,87,93,67,41
9,125,p233_133,167,96,71,147,20,92,16,59
9,126,p233_134,199,136,63,153,46,133,43,23
9,127,p233_135,201,133,68,136,65,130,62,9
9,128,p233_136,234,176,58,172,62,160,46,28
9,129,p233_137,147,109,38,117,30,100,21,26
9,130,p233_138,252,170,82,205,47,167,44,41
9,131,p233_139,197,120,77,165,32,118,30,49
9,132,p233_140,269,202,67,246,23,200,21,48
9,133,p233_141,195,117,78,165,30,116,29,50
9,134,p233_142,283,232,51,223,60,218,46,19
9,135,p233_143,105,38,67,96,9,38,9,58
9,136,p233_144,168,88,80,150,18,85,15,68
9,137,p233_146,208,138,70,191,17,138,17,53
9,138,p233_147,259,182,77,222,37,175,30,54
9,139,p233_148,129,45,84,72,57,43,55,31
9,140,p233_149,135,94,41,89,46,83,35,17
9,141,p233_150,294,201,93,221,73,198,70,26
9,142,p233_151,247,187,60,207,40,182,35,30
9,143,p233_152,149,94,55,94,55,80,41,28
9,144,p233_153,168,72,96,82,86,69,83,16
9,145,p233_154,278,189,89,217,61,183,55,40
9,146,p233_155,201,96,105,132,69,95,68,38
9,147,p233_156,205,118,87,160,45,118,45,42
9,148,p233_157,196,122,74,162,34,119,31,46
9,149,p233_158,254,194,60,212,42,180,28,46
9,150,p233_159,241,196,45,180,61,176,41,24
9,151,p233_160,187,79,108,85,102,65,88,34
9,152,p233_161,249,153,96,228,21,153,21,75
9,153,p233_162,177,95,82,137,40,91,36,50
9,154,p233_163,156,82,74,117,39,81,38,37
9,155,p233_164,181,93,88,128,53,93,53,35
9,156,p233_165,197,124,73,138,59,113,48,36
9,157,p233_166,255,177,78,189,66,174,63,18
9,158,p233_167,184,108,76,110,74,95,61,28
9,159,p233_168,226,136,90,146,80,121,65,40
9,160,p233_169,137,77,60,84,53,70,46,21
9,161,p233_170,136,54,82,66,70,50,66,20
9,162,p233_171,268,183,85,199,69,181,67,20
9,163,p233_172,235,153,82,171,64,150,61,24
9,164,p233_173,157,90,67,121,36,81,27,49
9,165,p233_174,138,73,65,85,53,71,51,16
9,166,p233_175,233,150,83,167,66,148,64,21
9,167,p233_176,240,158,82,172,68,152,62,26
9,168,p233_177,171,120,51,145,26,115,21,35
9,169,p233_178,199,130,69,156,43,128,41,30
9,170,p233_179,204,137,67,151,53,133,49,22
9,171,p233_180,159,81,78,88,71,75,65,19
9,172,p233_181,168,94,74,110,58,89,53,26
9,173,p233_182,159,79,80,84,75,77,73,9
9,174,p233_183,169,96,73,122,47,96,47,26
9,175,p233_184,136,62,74,80,56,61,55,20
9,176,p233_185,184,117,67,146,38,117,38,29
9,177,p233_186,246,170,76,187,59,169,58,19
9,178,p233_187,176,95,81,100,76,93,74,9
9,179,p233_188,227,156,71,169,58,151,53,23
9,180,p233_189,209,127,82,137,72,125,70,14
9,181,p233_190,142,65,77,76,66,64,65,13
9,182,p233_191,195,106,89,127,68,106,68,21
9,183,p233_192,121,40,81,44,77,39,76,6
9,184,p233_193,233,156,77,176,57,152,53,28
9,185,p233_194,230,129,101,210,20,128,19,83
9,186,p233_195,123,50,73,75,48,47,45,31
9,187,p233_196,141,62,79,66,75,60,73,8
9,188,p233_197,226,141,85,194,32,140,31,55
9,189,p233_198,249,156,93,206,43,156,43,50
9,190,p233_199,198,118,80,157,41,116,39,43
9,191,p233_200,174,112,62,123,51,110,49,15
9,192,p233_201,115,51,64,58,57,43,49,23
9,193,p233_203,275,154,121,224,51,151,48,76
9,194,p233_204,123,53,70,68,55,52,54,17
9,195,p233_208,231,176,55,175,56,159,39,33
9,196,p233_209,117,60,57,74,43,57,40,20
9,197,p233_210,158,78,80,79,79,73,74,11
9,198,p233_211,234,89,145,90,144,89,144,1
9,199,p233_212,240,150,90,214,26,149,25,66
9,200,p233_213,142,86,56,106,36,78,28,36
10,1,p234_001,174,141,33,148,26,126,11,37
10,2,p234_002,249,238,11,223,26,216,4,29
10,3,p234_003,410,363,47,358,52,343,32,35
10,4,p234_004,293,230,63,219,74,208,52,33
10,5,p234_005,441,365,76,364,77,322,34,85
10,6,p234_006,366,257,109,274,92,244,79,43
10,7,p234_007,320,226,94,225,95,184,53,83
10,8,p234_008,445,381,64,360,85,345,49,51
10,9,p234_009,329,270,59,231,98,216,44,69
10,10,p234_010,215,118,97,128,87,100,69,46
10,11,p234_012,275,217,58,227,48,204,35,36
10,12,p234_013,278,212,66,256,22,210,20,48
10,13,p234_014,289,255,34,254,35,238,18,33
10,14,p234_015,367,244,123,248,119,241,116,10
10,15,p234_016,416,284,132,319,97,281,94,41
10,16,p234_017,252,163,89,157,95,147,79,26
10,17,p234_018,358,264,94,279,79,251,66,41
10,18,p234_019,453,345,108,361,92,338,85,30
10,19,p234_020,326,180,146,191,135,171,126,29
10,20,p234_021,601,427,174,472,129,414,116,71
10,21,p234_022,419,293,126,321,98,287,92,40
10,22,p234_023,596,505,91,492,104,486,85,25
10,23,p234_024,430,293,137,331,99,291,97,42
10,24,p234_025,182,115,67,114,68,95,48,39
10,25,p234_026,145,102,43,107,38,82,18,45
10,26,p234_027,230,166,64,170,60,159,53,18
10,27,p234_028,240,166,74,182,58,154,46,40
10,28,p234_029,227,167,60,188,39,164,36,27
10,29,p234_030,315,185,130,208,107,174,96,45
10,30,p234_031,147,87,60,104,43,83,39,25
10,31,p234_032,219,145,74,141,78,141,74,4
10,32,p234_033,161,132,29,99,62,99,29,33
10,33,p234_034,297,212,85,210,87,198,73,26
10,34,p234_035,193,111,82,107,86,84,59,50
10,35,p234_036,185,108,77,135,50,93,35,57
10,36,p234_037,273,127,146,129,144,118,135,20
10,37,p234_038,150,80,70,101,49,79,48,23
10,38,p234_039,356,212,144,242,114,199,101,56
10,39,p234_040,190,81,109,138,52,78,49,63
10,40,p234_041,179,142,37,168,11,142,11,26
10,41,p234_042,137,114,23,117,20,96,2,39
10,42,p234_043,158,118,40,105,53,100,35,23
10,43,p234_044,183,156,27,169,14,153,11,19
10,44,p234_045,185,133,52,164,21,130,18,37
10,45,p234_046,171,97,74,125,46,91,40,40
10,46,p234_047,211,156,55,163,48,149,41,21
10,47,p234_048,201,146,55,144,57,123,34,44
10,48,p234_049,190,129,61,121,69,106,46,38
10,49,p234_050,207,125,82,113,94,105,74,28
10,50,p234_051,259,156,103,180,79,152,75,32
10,51,p234_052,225,133,92,142,83,123,73,29
10,52,p234_053,291,142,149,152,139,123,120,48
10,53,p234_054,145,103,42,89,56,78,31,36
10,54,p234_055,294,146,148,173,121,141,116,37
10,55,p234_056,204,142,62,143,61,119,38,47
10,56,p234_057,252,137,115,162,90,130,83,39
10,57,p234_058,241,124,117,145,96,120,92,29
10,58,p234_059,153,72,81,101,52,71,51,31
10,59,p234_060,211,131,80,135,76,113,58,40
10,60,p234_061,161,134,27,112,49,100,15,46
10,61,p234_062,153,93,60,108,45,84,36,33
10,62,p234_063,146,70,76,65,81,57,68,21
10,63,p234_064,158,116,42,120,38,97,19,42
10,64,p234_065,177,159,18,139,38,131,10,36
10,65,p234_066,147,91,56,102,45,80,34,33
10,66,p234_067,254,212,42,196,58,190,36,28
10,67,p234_068,295,203,92,231,64,197,58,40
10,68,p234_069,214,153,61,204,10,151,8,55
10,69,p234_070,166,139,27,149,17,129,7,30
10,70,p234_071,170,97,73,109,61,92,56,22
10,71,p234_072,182,128,54,164,18,127,17,38
10,72,p234_073,153,96,57,89,64,77,45,31
10,73,p234_074,161,89,72,99,62,81,54,26
10,74,p234_075,281,205,76,215,66,199,60,22
10,75,p234_076,150,84,66,107,43,74,33,43
10,76,p234_077,257,169,88,172,85,164,80,13
10,77,p234_079,227,159,68,180,47,153,41,33
10,78,p234_080,179,139,40,150,29,127,17,35
10,79,p234_081,269,162,107,215,54,160,52,57
10,80,p234_082,222,159,63,195,27,158,26,38
10,81,p234_083,231,120,111,120,111,89,80,62
10,82,p234_084,177,161,16,139,38,128,5,44
10,83,p234_085,187,128,59,134,53,110,35,42
10,84,p234_086,145,117,28,118,27,99,9,37
10,85,p234_087,155,121,34,116,39,97,15,43
10,86,p234_088,142,117,25,102,40,91,14,37
10,87,p234_089,131,57,74,79,52,54,49,28
10,88,p234_090,137,106,31,98,39,88,21,28
10,89,p234_091,233,181,52,180,53,160,32,41
10,90,p234_092,238,132,106,160,78,124,70,44
10,91,p234_093,182,85,97,74,108,70,93,19
10,92,p234_094,169,105,64,140,29,97,21,51
10,93,p234_095,182,117,65,102,80,96,59,27
10,94,p234_096,145,85,60,98,47,79,41,25
10,95,p234_097,230,169,61,201,29,159,19,52
10,96,p234_098,187,102,85,135,52,97,47,43
10,97,p234_099,196,99,97,105,91,86,78,32
10,98,p234_100,207,92,115,104,103,89,100,18
10,99,p234_101,230,156,74,163,67,141,52,37
10,100,p234_102,184,140,44,165,19,133,12,39
10,101,p234_103,224,205,19,163,61,156,12,56
10,102,p234_104,200,135,65,150,50,119,34,47
10,103,p234_105,163,158,5,146,17,142,1,20
10,104,p234_106,206,153,53,150,56,130,33,43
10,105,p234_107,179,122,57,98,81,85,44,50
10,106,p234_108,227,166,61,191,36,157,27,43
10,107,p234_109,158,136,22,136,22,122,8,28
10,108,p234_110,177,149,28,138,39,129,19,29
10,109,p234_111,275,245,30,244,31,226,12,37
10,110,p234_112,201,133,68,95,106,92,65,44
10,111,p234_113,233,220,13,178,55,174,9,50
10,112,p234_114,206,151,55,150,56,128,33,45
10,113,p234_115,179,156,23,99,80,91,15,73
10,114,p234_116,235,175,60,178,57,167,49,19
10,115,p234_117,180,140,40,142,38,116,14,50
10,116,p234_118,166,107,59,117,49,90,32,44
10,117,p234_119,179,158,21,136,43,124,9,46
10,118,p234_120,195,166,29,145,50,142,26,27
10,119,p234_121,246,198,48,187,59,177,38,31
10,120,p234_122,185,162,23,131,54,122,14,49
10,121,p234_123,225,147,78,149,76,130,59,36
10,122,p234_124,238,223,15,173,65,173,15,50
10,123,p234_125,155,146,9,103,52,100,6,49
10,124,p234_126,177,125,52,131,46,98,19,60
10,125,p234_127,209,142,67,150,59,131,48,30
10,126,p234_128,169,123,46,96,73,86,36,47
10,127,p234_129,179,150,29,136,43,127,20,32
10,128,p234_130,162,132,30,126,36,100,4,58
10,129,p234_131,231,178,53,145,86,137,45,49
10,130,p234_132,338,122,216,103,235,89,202,47
10,131,p234_133,185,171,14,145,40,144,13,28
10,132,p234_134,164,132,32,99,65,92,25,47
10,133,p234_135,191,117,74,134,57,101,41,49
10,134,p234_136,147,120,27,87,60,81,21,45
10,135,p234_137,163,100,63,111,52,91,43,29
10,136,p234_138,123,113,10,107,16,99,2,22
10,137,p234_139,150,61,89,69,81,57,77,16
10,138,p234_140,191,99,92,81,110,81,92,18
10,139,p234_141,222,162,60,214,8,161,7,54
10,140,p234_142,222,179,43,210,12,175,8,39
10,141,p234_143,205,139,66,156,49,125,35,45
10,142,p234_144,206,143,63,172,34,141,32,33
10,143,p234_145,185,140,45,142,43,127,30,28
10,144,p234_146,195,136,59,156,39,134,37,24
10,145,p234_147,193,137,56,140,53,113,29,51
10,146,p234_148,182,127,55,112,70,100,43,39
10,147,p234_149,235,190,45,150,85,143,38,54
10,148,p234_150,238,152,86,174,64,142,54,42
10,149,p234_151,217,122,95,122,95,114,87,16
10,150,p234_152,227,134,93,119,108,109,83,35
10,151,p234_153,254,183,71,137,117,121,55,78
10,152,p234_154,176,157,19,139,37,131,11,34
10,153,p234_155,125,102,23,116,9,95,2,28
10,154,p234_156,214,181,33,199,15,172,6,36
10,155,p234_157,193,161,32,147,46,127,12,54
10,156,p234_158,182,115,67,139,43,98,26,58
10,157,p234_159,265,141,124,194,71,130,60,75
10,158,p234_160,185,129,56,170,15,125,11,49
10,159,p234_161,299,246,53,197,102,188,44,67
10,160,p234_162,179,140,39,128,51,120,31,28
10,161,p234_163,171,138,33,129,42,120,24,27
10,162,p234_164,246,211,35,189,57,171,17,58
10,163,p234_165,139,94,45,98,41,89,36,14
10,164,p234_166,206,162,44,127,79,117,34,55
10,165,p234_167,219,200,19,166,53,159,12,48
10,166,p234_168,195,177,18,150,45,147,15,33
10,167,p234_169,278,206,72,235,43,188,25,65
10,168,p234_170,222,191,31,190,32,172,13,37
10,169,p234_171,163,137,26,89,74,85,22,56
10,170,p234_172,142,137,5,123,19,121,3,18
10,171,p234_173,182,143,39,135,47,121,25,36
10,172,p234_174,187,169,18,147,40,134,5,48
10,173,p234_175,166,146,20,124,42,115,11,40
10,174,p234_176,115,101,14,92,23,85,7,23
10,175,p234_177,187,168,19,155,32,151,15,21
10,176,p234_178,150,136,14,92,58,92,14,44
10,177,p234_179,243,202,41,186,57,173,28,42
10,178,p234_180,297,257,40,184,113,180,36,81
10,179,p234_181,164,162,2,130,34,130,2,32
10,180,p234_182,293,245,48,214,79,198,32,63
10,181,p234_183,201,157,44,109,92,106,41,54
10,182,p234_184,206,165,41,135,71,126,32,48
10,183,p234_185,225,138,87,103,122,98,82,45
10,184,p234_186,214,174,40,142,72,136,34,44
10,185,p234_187,163,120,43,78,85,78,43,42
10,186,p234_188,270,231,39,182,88,176,33,61
10,187,p234_189,161,118,43,86,75,80,37,44
10,188,p234_190,233,167,66,161,72,139,44,50
10,189,p234_191,187,140,47,121,66,110,36,41
10,190,p234_192,195,171,24,102,93,102,24,69
10,191,p234_193,171,101,70,82,89,80,68,23
10,192,p234_194,222,146,76,127,95,99,48,75
10,193,p234_195,227,151,76,135,92,133,74,20
10,194,p234_196,185,134,51,124,61,113,40,32
10,195,p234_197,166,153,13,120,46,115,8,43
10,196,p234_198,213,153,60,113,100,109,56,48
10,197,p234_199,182,162,20,129,53,126,17,39
10,198,p234_200,299,174,125,165,134,137,97,65
10,199,p234_201,211,134,77,104,107,93,66,52
10,200,p234_202,273,188,85,194,79,175,66,32
11,1,p236_002,217,217,0,204,13,204,0,13
11,2,p236_003,385,379,6,317,68,317,6,62
11,3,p236_004,305,305,0,270,35,270,0,35
11,4,p236_005,451,450,1,447,4,446,0,5
11,5,p236_006,355,355,0,342,13,342,0,13
11,6,p236_007,270,270,0,236,34,236,0,34
11,7,p236_009,289,252,37,229,60,215,23,51
11,8,p236_010,177,146,31,115,62,112,28,37
11,9,p236_011,427,392,35,331,96,326,30,71
11,10,p236_012,254,215,39,193,61,189,35,30
11,11,p236_013,254,234,20,195,59,195,20,39
11,12,p236_014,286,241,45,207,79,207,45,34
11,13,p236_015,329,312,17,260,69,260,17,52
11,14,p236_016,403,381,22,370,33,352,4,47
11,15,p236_017,219,201,18,189,30,180,9,30
11,16,p236_018,329,279,50,247,82,243,46,40
11,17,p236_019,403,390,13,349,54,348,12,43
11,18,p236_020,238,227,11,192,46,191,10,37
11,19,p236_021,515,466,49,471,44,443,21,51
11,20,p236_023,648,597,51,534,114,527,44,77
11,21,p236_024,398,361,37,329,69,318,26,54
11,22,p236_025,198,128,70,137,61,119,52,27
11,23,p236_026,190,140,50,134,56,126,42,22
11,24,p236_027,171,147,24,138,33,135,21,15
11,25,p236_028,118,102,16,69,49,69,16,33
11,26,p236_029,158,122,36,114,44,108,30,20
11,27,p236_030,110,94,16,68,42,67,15,28
11,28,p236_031,169,156,13,105,64,104,12,53
11,29,p236_032,132,100,32,110,22,87,9,36
11,30,p236_033,150,138,12,97,53,97,12,41
11,31,p236_034,131,106,25,72,59,70,23,38
11,32,p236_035,147,117,30,107,40,104,27,16
11,33,p236_036,217,199,18,164,53,159,13,45
11,34,p236_037,134,92,42,79,55,79,42,13
11,35,p236_038,155,129,26,94,61,94,26,35
11,36,p236_039,163,107,56,88,75,81,49,33
11,37,p236_040,246,149,97,141,105,140,96,10
11,38,p236_041,182,161,21,115,67,115,21,46
11,39,p236_042,166,165,1,114,52,114,1,51
11,40,p236_043,150,147,3,90,60,90,3,57
11,41,p236_044,206,192,14,146,60,143,11,52
11,42,p236_045,131,110,21,58,73,58,21,52
11,43,p236_046,123,106,17,83,40,83,17,23
11,44,p236_047,145,125,20,90,55,90,20,35
11,45,p236_048,172,147,25,103,69,103,25,44
11,46,p236_049,174,168,6,106,68,104,4,66
11,47,p236_050,137,95,42,75,62,75,42,20
11,48,p236_051,193,158,35,135,58,133,33,27
11,49,p236_052,139,103,36,77,62,77,36,26
11,50,p236_053,107,107,0,59,48,59,0,48
11,51,p236_054,171,165,6,114,57,114,6,51
11,52,p236_055,145,145,0,82,63,82,0,63
11,53,p236_056,206,206,0,157,49,157,0,49
11,54,p236_057,249,247,2,200,49,200,2,47
11,55,p236_058,174,174,0,155,19,155,0,19
11,56,p236_059,225,225,0,176,49,176,0,49
11,57,p236_060,123,123,0,89,34,89,0,34
11,58,p236_061,158,155,3,121,37,121,3,34
11,59,p236_062,153,153,0,96,57,96,0,57
11,60,p236_063,126,126,0,121,5,121,0,5
11,61,p236_064,131,131,0,80,51,80,0,51
11,62,p236_065,273,269,4,211,62,211,4,58
11,63,p236_066,174,174,0,114,60,114,0,60
11,64,p236_068,235,233,2,161,74,161,2,72
11,65,p236_069,177,163,14,95,82,95,14,68
11,66,p236_070,131,131,0,87,44,87,0,44
11,67,p236_071,123,123,0,63,60,63,0,60
11,68,p236_072,182,182,0,175,7,175,0,7
11,69,p236_073,233,233,0,196,37,196,0,37
11,70,p236_074,108,108,0,82,26,82,0,26
11,71,p236_075,166,165,1,85,81,85,1,80
11,72,p236_076,166,147,19,98,68,98,19,49
11,73,p236_077,169,148,21,105,64,105,21,43
11,74,p236_078,139,138,1,92,47,92,1,46
11,75,p236_079,188,186,2,109,79,109,2,77
11,76,p236_080,137,137,0,85,52,85,0,52
11,77,p236_081,139,139,0,93,46,93,0,46
11,78,p236_083,126,126,0,121,5,121,0,5
11,79,p236_084,201,200,1,133,68,133,1,67
11,80,p236_085,174,172,2,137,37,137,2,35
11,81,p236_086,150,146,4,96,54,96,4,50
11,82,p236_087,107,107,0,107,0,107,0,0
11,83,p236_088,131,131,0,114,17,114,0,17
11,84,p236_089,155,155,0,118,37,118,0,37
11,85,p236_090,123,123,0,96,27,96,0,27
11,86,p236_091,179,179,0,107,72,107,0,72
11,87,p236_092,211,204,7,130,81,130,7,74
11,88,p236_093,182,182,0,136,46,136,0,46
11,89,p236_094,209,208,1,149,60,149,1,59
11,90,p236_095,139,139,0,114,25,114,0,25
11,91,p236_096,147,147,0,122,25,122,0,25
11,92,p236_097,170,170,0,96,74,96,0,74
11,93,p236_098,166,166,0,137,29,137,0,29
11,94,p236_099,163,151,12,102,61,96,6,61
11,95,p236_100,129,126,3,89,40,89,3,37
11,96,p236_101,278,278,0,186,92,186,0,92
11,97,p236_102,142,142,0,141,1,141,0,1
11,98,p236_103,129,129,0,105,24,105,0,24
11,99,p236_104,195,195,0,163,32,163,0,32
11,100,p236_105,153,153,0,129,24,129,0,24
11,101,p236_107,134,134,0,120,14,120,0,14
11,102,p236_108,153,153,0,100,53,100,0,53
11,103,p236_109,153,153,0,80,73,80,0,73
11,104,p236_110,158,158,0,109,49,109,0,49
11,105,p236_111,137,105,32,86,51,82,28,27
11,106,p236_112,179,140,39,101,78,101,39,39
11,107,p236_113,139,99,40,98,41,92,34,13
11,108,p236_114,185,152,33,135,50,122,20,43
11,109,p236_115,158,126,32,110,48,110,32,16
11,110,p236_116,187,176,11,125,62,125,11,51
11,111,p236_117,171,152,19,121,50,121,19,31
11,112,p236_118,153,109,44,88,65,88,44,21
11,113,p236_119,137,125,12,93,44,91,10,36
11,114,p236_120,142,109,33,73,69,73,33,36
11,115,p236_121,115,76,39,62,53,62,39,14
11,116,p236_122,155,127,28,107,48,103,24,28
11,117,p236_123,118,78,40,57,61,57,40,21
11,118,p236_124,198,158,40,124,74,123,39,36
11,119,p236_125,209,190,19,150,59,150,19,40
11,120,p236_126,174,111,63,103,71,103,63,8
11,121,p236_127,169,124,45,109,60,109,45,15
11,122,p236_128,131,94,37,82,49,82,37,12
11,123,p236_129,126,77,49,73,53,71,47,8
11,124,p236_130,155,117,38,115,40,103,26,26
11,125,p236_131,131,105,26,85,46,85,26,20
11,126,p236_132,137,121,16,81,56,78,13,46
11,127,p236_133,147,74,73,72,75,72,73,2
11,128,p236_134,177,126,51,115,62,112,48,17
11,129,p236_135,169,112,57,94,75,94,57,18
11,130,p236_136,211,181,30,142,69,140,28,43
11,131,p236_137,190,134,56,126,64,126,56,8
11,132,p236_138,131,121,10,94,37,93,9,29
11,133,p236_139,150,103,47,79,71,79,47,24
11,134,p236_140,158,141,17,103,55,99,13,46
11,135,p236_141,153,128,25,85,68,81,21,51
11,136,p236_142,150,134,16,99,51,97,14,39
11,137,p236_143,161,128,33,103,58,103,33,25
11,138,p236_144,158,111,47,97,61,96,46,16
11,139,p236_145,155,124,31,108,47,105,28,22
11,140,p236_146,153,149,4,121,32,118,1,34
11,141,p236_147,153,127,26,84,69,84,26,43
11,142,p236_148,273,192,81,191,82,190,80,3
11,143,p236_149,150,105,45,86,64,81,40,29
11,144,p236_151,187,89,98,86,101,73,85,29
11,145,p236_152,158,132,26,127,31,111,10,37
11,146,p236_153,195,166,29,160,35,151,20,24
11,147,p236_154,179,133,46,127,52,127,46,6
11,148,p236_155,198,164,34,146,52,146,34,18
11,149,p236_156,139,99,40,79,60,79,40,20
11,150,p236_157,142,109,33,77,65,77,33,32
11,151,p236_158,129,81,48,68,61,65,45,19
11,152,p236_159,131,90,41,63,68,63,41,27
11,153,p236_161,187,162,25,100,87,100,25,62
11,154,p236_162,150,108,42,75,75,75,42,33
11,155,p236_163,190,161,29,137,53,133,25,32
11,156,p236_164,198,159,39,145,53,144,38,16
11,157,p236_165,155,121,34,88,67,88,34,33
11,158,p236_166,161,134,27,79,82,79,27,55
11,159,p236_167,177,141,36,101,76,100,35,42
11,160,p236_168,225,153,72,147,78,147,72,6
11,161,p236_169,193,136,57,113,80,113,57,23
11,162,p236_170,137,110,27,60,77,60,27,50
11,163,p236_172,123,113,10,73,50,73,10,40
11,164,p236_173,113,92,21,51,62,51,21,41
11,165,p236_174,91,85,6,44,47,44,6,41
11,166,p236_175,94,68,26,67,27,54,13,27
11,167,p236_176,118,103,15,70,48,69,14,35
11,168,p236_177,153,127,26,96,57,96,26,31
11,169,p236_178,105,92,13,60,45,57,10,38
11,170,p236_179,174,135,39,96,78,91,34,49
11,171,p236_180,142,125,17,63,79,63,17,62
11,172,p236_181,182,134,48,131,51,130,47,5
11,173,p236_182,145,93,52,88,57,88,52,5
11,174,p236_183,206,154,52,135,71,135,52,19
11,175,p236_184,139,96,43,91,48,91,43,5
11,176,p236_185,249,197,52,177,72,175,50,24
11,177,p236_186,174,131,43,118,56,111,36,27
11,178,p236_187,153,97,56,83,70,83,56,14
11,179,p236_188,169,111,58,97,72,95,56,18
11,180,p236_189,158,84,74,87,71,75,62,21
11,181,p236_190,174,165,9,114,60,114,9,51
11,182,p236_191,161,124,37,95,66,95,37,29
11,183,p236_192,142,123,19,101,41,100,18,24
11,184,p236_193,139,109,30,62,77,62,30,47
11,185,p236_194,134,106,28,67,67,67,28,39
11,186,p236_195,169,123,46,98,71,98,46,25
11,187,p236_196,179,173,6,132,47,129,3,47
11,188,p236_197,147,126,21,90,57,86,17,44
11,189,p236_198,230,183,47,158,72,158,47,25
11,190,p236_199,268,149,119,135,133,135,119,14
11,191,p236_200,134,117,17,122,12,109,4,21
11,192,p236_201,166,158,8,125,41,123,6,37
11,193,p236_202,182,135,47,136,46,127,38,17
11,194,p236_203,171,140,31,123,48,120,28,23
11,195,p236_204,225,197,28,164,61,164,28,33
11,196,p236_205,153,103,50,70,83,70,50,33
11,197,p236_206,179,130,49,118,61,114,45,20
11,198,p236_207,139,136,3,110,29,109,2,28
11,199,p236_208,169,151,18,132,37,121,7,41
11,200,p236_209,283,183,100,200,83,175,75,33
12,1,p237_001,144,89,55,73,71,72,54,18
12,2,p237_002,264,194,70,139,125,139,70,55
12,3,p237_003,449,343,106,287,162,287,106,56
12,4,p237_004,329,262,67,197,132,197,67,65
12,5,p237_005,390,341,49,264,126,264,49,77
12,6,p237_006,377,278,99,228,149,226,97,54
12,7,p237_007,288,234,54,174,114,173,53,62
12,8,p237_008,431,355,76,309,122,307,74,50
12,9,p237_009,384,250,134,175,209,173,132,79
12,10,p237_010,222,165,57,106,116,104,55,63
12,11,p237_011,404,339,65,300,104,300,65,39
12,12,p237_012,290,230,60,178,112,177,59,54
12,13,p237_013,320,286,34,209,111,208,33,79
12,14,p237_014,323,287,36,229,94,222,29,72
12,15,p237_015,339,305,34,257,82,251,28,60
12,16,p237_016,499,390,109,292,207,291,108,100
12,17,p237_017,266,208,58,146,120,144,56,66
12,18,p237_018,376,326,50,228,148,228,50,98
12,19,p237_019,462,396,66,318,144,318,66,78
12,20,p237_020,257,211,46,179,78,171,38,48
12,21,p237_021,513,452,61,396,117,394,59,60
12,22,p237_023,656,527,129,491,165,480,118,58
12,23,p237_024,455,355,100,300,155,298,98,59
12,24,p237_025,233,176,57,137,96,135,55,43
12,25,p237_026,167,135,32,75,92,74,31,62
12,26,p237_027,137,102,35,59,78,58,34,45
12,27,p237_028,267,210,57,168,99,166,55,46
12,28,p237_029,290,247,43,172,118,172,43,75
12,29,p237_030,266,188,78,152,114,137,63,66
12,30,p237_031,275,227,48,181,94,176,43,56
12,31,p237_032,178,116,62,62,116,62,62,54
12,32,p237_033,173,149,24,66,107,66,24,83
12,33,p237_034,258,183,75,125,133,124,74,60
12,34,p237_035,254,187,67,93,161,93,67,94
12,35,p237_036,155,119,36,64,91,62,34,59
12,36,p237_037,157,85,72,44,113,44,72,41
12,37,p237_038,217,162,55,105,112,102,52,63
12,38,p237_039,180,80,100,66,114,66,100,14
12,39,p237_040,150,95,55,60,90,58,53,39
12,40,p237_041,177,137,40,85,92,85,40,52
12,41,p237_042,199,144,55,102,97,102,55,42
12,42,p237_043,177,133,44,82,95,82,44,51
12,43,p237_044,160,104,56,56,104,56,56,48
12,44,p237_045,188,148,40,63,125,63,40,85
12,45,p237_046,246,190,56,124,122,124,56,66
12,46,p237_047,105,81,24,56,49,56,24,25
12,47,p237_048,153,121,32,64,89,64,32,57
12,48,p237_049,252,203,49,135,117,135,49,68
12,49,p237_050,121,95,26,47,74,47,26,48
12,50,p237_051,127,77,50,41,86,41,50,36
12,51,p237_052,261,226,35,146,115,146,35,80
12,52,p237_053,180,146,34,67,113,67,34,79
12,53,p237_054,206,184,22,120,86,120,22,64
12,54,p237_055,131,101,30,48,83,47,29,55
12,55,p237_056,273,259,14,170,103,170,14,89
12,56,p237_057,258,164,94,91,167,90,93,75
12,57,p237_058,274,206,68,127,147,127,68,79
12,58,p237_059,208,177,31,109,99,109,31,68
12,59,p237_060,242,204,38,135,107,134,37,71
12,60,p237_061,213,137,76,91,122,91,76,46
12,61,p237_062,189,99,90,79,110,79,90,20
12,62,p237_063,152,117,35,64,88,64,35,53
12,63,p237_064,181,156,25,98,83,95,22,64
12,64,p237_065,163,128,35,57,106,57,35,71
12,65,p237_066,251,220,31,164,87,164,31,56
12,66,p237_067,337,271,66,203,134,199,62,76
12,67,p237_068,301,247,54,160,141,159,53,89
12,68,p237_069,255,190,65,106,149,106,65,84
12,69,p237_070,258,199,59,144,114,144,59,55
12,70,p237_071,178,132,46,60,118,60,46,72
12,71,p237_072,238,149,89,113,125,109,85,44
12,72,p237_073,258,237,21,127,131,127,21,110
12,73,p237_074,247,174,73,111,136,109,71,67
12,74,p237_075,229,186,43,123,106,123,43,63
12,75,p237_076,195,146,49,101,94,100,48,47
12,76,p237_077,217,192,25,116,101,116,25,76
12,77,p237_078,182,142,40,70,112,70,40,72
12,78,p237_079,262,205,57,182,80,175,50,37
12,79,p237_080,178,68,110,55,123,54,109,15
12,80,p237_081,170,101,69,82,88,78,65,27
12,81,p237_082,196,134,62,91,105,91,62,43
12,82,p237_083,150,116,34,50,100,50,34,66
12,83,p237_084,224,149,75,145,79,123,53,48
12,84,p237_085,146,120,26,60,86,59,25,62
12,85,p237_086,129,96,33,57,72,57,33,39
12,86,p237_087,246,181,65,124,122,124,65,57
12,87,p237_088,247,161,86,131,116,131,86,30
12,88,p237_089,203,176,27,99,104,99,27,77
12,89,p237_090,294,251,43,179,115,179,43,72
12,90,p237_091,158,110,48,84,74,83,47,28
12,91,p237_092,183,163,20,102,81,102,20,61
12,92,p237_093,166,146,20,71,95,71,20,75
12,93,p237_094,323,286,37,207,116,207,37,79
12,94,p237_095,215,151,64,81,134,81,64,70
12,95,p237_096,172,152,20,96,76,96,20,56
12,96,p237_097,123,104,19,54,69,54,19,50
12,97,p237_098,202,150,52,110,92,109,51,42
12,98,p237_099,233,175,58,138,95,137,57,39
12,99,p237_100,197,143,54,77,120,77,54,66
12,100,p237_101,251,210,41,172,79,172,41,38
12,101,p237_102,155,104,51,60,95,60,51,44
12,102,p237_103,259,168,91,141,118,141,91,27
12,103,p237_104,206,171,35,104,102,104,35,67
12,104,p237_105,189,169,20,95,94,95,20,74
12,105,p237_106,354,273,81,239,115,237,79,38
12,106,p237_107,218,148,70,92,126,91,69,58
12,107,p237_108,211,147,64,91,120,89,62,60
12,108,p237_109,145,97,48,50,95,48,46,51
12,109,p237_110,185,114,71,86,99,86,71,28
12,110,p237_111,135,113,22,55,80,55,22,58
12,111,p237_112,149,124,25,53,96,53,25,71
12,112,p237_113,121,94,27,40,81,40,27,54
12,113,p237_114,129,110,19,65,64,64,18,47
12,114,p237_117,217,168,49,120,97,120,49,48
12,115,p237_118,213,156,57,115,98,115,57,41
12,116,p237_119,246,207,39,152,94,152,39,55
12,117,p237_120,132,103,29,50,82,50,29,53
12,118,p237_121,217,158,59,134,83,132,57,28
12,119,p237_122,178,125,53,94,84,94,53,31
12,120,p237_123,281,223,58,189,92,185,54,42
12,121,p237_124,201,166,35,124,77,124,35,42
12,122,p237_125,176,145,31,83,93,83,31,62
12,123,p237_126,190,145,45,96,94,96,45,49
12,124,p237_127,127,116,11,63,64,63,11,53
12,125,p237_128,214,181,33,100,114,99,32,83
12,126,p237_129,186,147,39,84,102,84,39,63
12,127,p237_130,222,149,73,116,106,116,73,33
12,128,p237_131,280,256,24,168,112,167,23,90
12,129,p237_132,220,171,49,98,122,94,45,81
12,130,p237_133,163,109,54,46,117,44,52,67
12,131,p237_134,290,209,81,157,133,157,81,52
12,132,p237_135,259,231,28,141,118,141,28,90
12,133,p237_136,197,185,12,107,90,107,12,78
12,134,p237_137,163,138,25,71,92,70,24,69
12,135,p237_138,129,102,27,49,80,49,27,53
12,136,p237_139,276,214,62,159,117,159,62,55
12,137,p237_140,197,151,46,121,76,121,46,30
12,138,p237_141,335,255,80,185,150,185,80,70
12,139,p237_142,139,72,67,52,87,52,67,20
12,140,p237_143,189,123,66,75,114,75,66,48
12,141,p237_144,221,162,59,121,100,121,59,41
12,142,p237_145,276,200,76,141,135,140,75,61
12,143,p237_146,230,137,93,105,125,105,93,32
12,144,p237_147,284,243,41,185,99,185,41,58
12,145,p237_148,163,113,50,52,111,52,50,61
12,146,p237_149,172,128,44,65,107,65,44,63
12,147,p237_150,147,119,28,59,88,59,28,60
12,148,p237_151,158,143,15,78,80,78,15,65
12,149,p237_153,184,156,28,99,85,99,28,57
12,150,p237_154,206,186,20,128,78,127,19,60
12,151,p237_155,220,179,41,112,108,110,39,71
12,152,p237_156,132,125,7,61,71,61,7,64
12,153,p237_157,277,141,136,109,168,109,136,32
12,154,p237_159,176,153,23,88,88,88,23,65
12,155,p237_160,239,164,75,130,109,130,75,34
12,156,p237_161,268,211,57,102,166,99,54,115
12,157,p237_162,281,171,110,122,159,122,110,49
12,158,p237_163,164,130,34,72,92,72,34,58
12,159,p237_164,171,126,45,70,101,70,45,56
12,160,p237_165,233,134,99,89,144,89,99,45
12,161,p237_166,216,164,52,125,91,125,52,39
12,162,p237_167,214,138,76,103,111,103,76,35
12,163,p237_168,203,98,105,59,144,59,105,39
12,164,p237_169,294,243,51,190,104,190,51,53
12,165,p237_170,214,154,60,125,89,125,60,29
12,166,p237_171,211,149,62,108,103,107,61,43
12,167,p237_172,164,129,35,95,69,95,35,34
12,168,p237_173,205,150,55,114,91,114,55,36
12,169,p237_174,234,178,56,141,93,141,56,37
12,170,p237_175,227,208,19,167,60,167,19,41
12,171,p237_176,163,128,35,77,86,77,35,51
12,172,p237_177,169,148,21,104,65,104,21,44
12,173,p237_178,209,145,64,126,83,126,64,19
12,174,p237_179,137,80,57,56,81,56,57,24
12,175,p237_180,289,201,88,147,142,147,88,54
12,176,p237_181,245,185,60,152,93,149,57,39
12,177,p237_182,187,147,40,92,95,92,40,55
12,178,p237_183,237,161,76,139,98,139,76,22
12,179,p237_184,150,135,15,60,90,58,13,79
12,180,p237_185,278,203,75,163,115,162,74,42
12,181,p237_186,182,136,46,87,95,86,45,51
12,182,p237_187,360,286,74,205,155,197,66,97
12,183,p237_188,214,148,66,78,136,76,64,74
12,184,p237_189,214,150,64,79,135,77,62,75
12,185,p237_190,196,166,30,97,99,97,30,69
12,186,p237_191,142,98,44,39,103,38,43,61
12,187,p237_192,171,131,40,87,84,86,39,46
12,188,p237_193,163,115,48,73,90,72,47,44
12,189,p237_194,192,162,30,85,107,84,29,79
12,190,p237_195,223,193,30,102,121,102,30,91
12,191,p237_196,266,224,42,162,104,162,42,62
12,192,p237_198,175,131,44,75,100,75,44,56
12,193,p237_199,260,154,106,142,118,141,105,14
12,194,p237_200,213,175,38,91,122,91,38,84
12,195,p237_201,277,218,59,189,88,184,54,39
12,196,p237_202,172,114,58,89,83,89,58,25
12,197,p237_203,137,98,39,58,79,58,39,40
12,198,p237_204,297,237,60,169,128,168,59,70
12,199,p237_205,158,126,32,72,86,72,32,54
12,200,p237_206,246,219,27,168,78,167,26,53
13,1,p238_001,195,125,70,112,83,95,53,47
13,2,p238_002,280,205,75,185,95,173,63,44
13,3,p238_003,521,404,117,361,160,350,106,65
13,4,p238_004,402,269,133,257,145,253,129,20
13,5,p238_005,528,414,114,384,144,377,107,44
13,6,p238_006,483,296,187,315,168,293,165,25
13,7,p238_007,355,271,84,255,100,250,79,26
13,8,p238_008,598,444,154,458,140,423,119,56
13,9,p238_009,385,255,130,265,120,246,111,28
13,10,p238_010,254,140,114,133,121,128,109,17
13,11,p238_011,556,416,140,438,118,394,96,66
13,12,p238_012,390,321,69,290,100,282,61,47
13,13,p238_013,349,261,88,257,92,237,68,44
13,14,p238_014,390,279,111,292,98,264,83,43
13,15,p238_015,490,362,128,384,106,336,80,74
13,16,p238_016,526,382,144,383,143,372,133,21
13,17,p238_017,298,196,102,191,107,180,91,27
13,18,p238_018,465,312,153,353,112,308,108,49
13,19,p238_019,558,409,149,418,140,407,138,13
13,20,p238_020,347,259,88,255,92,248,81,18
13,21,p238_021,666,544,122,527,139,515,110,41
13,22,p238_022,505,378,127,369,136,365,123,17
13,23,p238_023,811,610,201,632,179,590,159,62
13,24,p238_024,523,379,144,378,145,373,139,11
13,25,p238_025,273,152,121,149,124,147,119,7
13,26,p238_026,227,140,87,167,60,132,52,43
13,27,p238_027,222,160,62,163,59,144,43,35
13,28,p238_028,203,93,110,99,104,93,104,6
13,29,p238_029,297,199,98,197,100,191,92,14
13,30,p238_030,217,140,77,159,58,137,55,25
13,31,p238_031,260,156,104,165,95,155,94,11
13,32,p238_032,182,83,99,87,95,81,93,8
13,33,p238_033,278,239,39,191,87,191,39,48
13,34,p238_034,291,201,90,195,96,191,86,14
13,35,p238_035,329,212,117,201,128,200,116,13
13,36,p238_036,251,136,115,129,122,123,109,19
13,37,p238_037,267,189,78,187,80,185,76,6
13,38,p238_038,321,212,109,222,99,209,96,16
13,39,p238_039,251,104,147,100,151,96,143,12
13,40,p238_040,217,107,110,106,111,104,108,5
13,41,p238_041,262,161,101,157,105,156,100,6
13,42,p238_042,243,170,73,165,78,150,58,35
13,43,p238_043,241,156,85,150,91,149,84,8
13,44,p238_044,313,217,96,228,85,216,84,13
13,45,p238_045,270,139,131,143,127,136,124,10
13,46,p238_046,251,161,90,160,91,149,79,23
13,47,p238_047,275,147,128,150,125,144,122,9
13,48,p238_048,281,130,151,145,136,128,134,19
13,49,p238_049,273,174,99,171,102,146,74,53
13,50,p238_050,203,136,67,136,67,129,60,14
13,51,p238_051,219,105,114,100,119,100,114,5
13,52,p238_052,193,122,71,110,83,108,69,16
13,53,p238_053,155,87,68,69,86,59,58,38
13,54,p238_054,179,82,97,85,94,80,92,7
13,55,p238_055,225,142,83,132,93,130,81,14
13,56,p238_056,181,87,94,96,85,82,80,19
13,57,p238_057,193,105,88,113,80,101,76,16
13,58,p238_058,182,106,76,106,76,104,74,4
13,59,p238_059,238,126,112,127,111,114,99,25
13,60,p238_060,147,99,48,129,18,94,13,40
13,61,p238_061,174,87,87,102,72,83,68,23
13,62,p238_062,150,87,63,101,49,86,48,16
13,63,p238_063,169,102,67,114,55,101,54,14
13,64,p238_064,158,77,81,85,73,76,72,10
13,65,p238_065,241,163,78,148,93,147,77,17
13,66,p238_066,163,94,69,81,82,81,69,13
13,67,p238_067,209,123,86,121,88,121,86,2
13,68,p238_068,193,119,74,119,74,114,69,10
13,69,p238_069,235,122,113,139,96,121,95,19
13,70,p238_070,302,192,110,189,113,186,107,9
13,71,p238_071,275,174,101,184,91,161,78,36
13,72,p238_072,158,75,83,73,85,73,83,2
13,73,p238_073,169,98,71,98,71,98,71,0
13,74,p238_074,179,75,104,78,101,72,98,9
13,75,p238_075,241,112,129,122,119,112,119,10
13,76,p238_076,193,100,93,98,95,98,93,2
13,77,p238_077,185,74,111,72,113,72,111,2
13,78,p238_078,243,149,94,150,93,147,91,5
13,79,p238_079,227,132,95,129,98,128,94,5
13,80,p238_080,195,110,85,86,109,86,85,24
13,81,p238_081,185,87,98,85,100,72,85,28
13,82,p238_082,321,188,133,200,121,186,119,16
13,83,p238_083,257,187,70,160,97,159,69,29
13,84,p238_084,249,148,101,143,106,141,99,9
13,85,p238_085,198,74,124,79,119,74,119,5
13,86,p238_086,169,80,89,78,91,78,89,2
13,87,p238_087,148,104,44,89,59,88,43,17
13,88,p238_088,217,129,88,132,85,124,80,13
13,89,p238_089,246,184,62,172,74,147,37,62
13,90,p238_090,178,92,86,83,95,81,84,13
13,91,p238_091,179,115,64,108,71,102,58,19
13,92,p238_092,236,149,87,148,88,144,83,9
13,93,p238_093,171,93,78,92,79,88,74,9
13,94,p238_094,219,131,88,140,79,126,74,19
13,95,p238_095,230,115,115,116,114,113,112,5
13,96,p238_096,195,121,74,115,80,110,69,16
13,97,p238_097,235,135,100,124,111,122,98,15
13,98,p238_098,198,106,92,102,96,98,88,12
13,99,p238_099,201,97,104,90,111,90,104,7
13,100,p238_100,227,149,78,129,98,128,77,22
13,101,p238_101,294,203,91,195,99,192,88,14
13,102,p238_102,211,110,101,109,102,103,95,13
13,103,p238_103,163,61,102,61,102,61,102,0
13,104,p238_104,203,101,102,101,102,100,101,2
13,105,p238_105,390,187,203,187,203,185,201,4
13,106,p238_106,198,117,81,145,53,116,52,30
13,107,p238_107,198,126,72,129,69,121,64,13
13,108,p238_108,217,136,81,133,84,131,79,7
13,109,p238_109,267,201,66,200,67,189,55,23
13,110,p238_110,382,305,77,304,78,293,66,23
13,111,p238_111,297,157,140,166,131,156,130,11
13,112,p238_112,217,118,99,117,100,117,99,1
13,113,p238_113,220,120,100,146,74,118,72,30
13,114,p238_114,195,107,88,119,76,105,74,16
13,115,p238_115,238,139,99,159,79,130,70,38
13,116,p238_116,291,201,90,219,72,194,65,32
13,117,p238_117,294,173,121,177,117,169,113,12
13,118,p238_118,190,106,84,126,64,87,45,58
13,119,p238_119,222,130,92,115,107,93,70,59
13,120,p238_120,139,53,86,65,74,53,74,12
13,121,p238_121,145,61,84,71,74,57,70,18
13,122,p238_122,155,102,53,113,42,95,35,25
13,123,p238_123,238,162,76,137,101,126,65,47
13,124,p238_124,190,115,75,123,67,102,54,34
13,125,p238_125,227,109,118,108,119,105,115,7
13,126,p238_126,182,95,87,91,91,90,86,6
13,127,p238_127,294,190,104,180,114,178,102,14
13,128,p238_128,265,160,105,155,110,147,97,21
13,129,p238_129,174,94,80,91,83,87,76,11
13,130,p238_130,202,107,95,99,103,98,94,10
13,131,p238_131,230,139,91,133,97,133,91,6
13,132,p238_132,195,109,86,108,87,106,84,5
13,133,p238_133,270,180,90,169,101,159,80,31
13,134,p238_134,278,152,126,153,125,152,125,1
13,135,p238_135,313,178,135,185,128,176,126,11
13,136,p238_136,313,176,137,190,123,174,121,18
13,137,p238_137,230,133,97,121,109,117,93,20
13,138,p238_138,254,140,114,144,110,138,108,8
13,139,p238_139,281,171,110,166,115,165,109,7
13,140,p238_140,270,187,83,202,68,178,59,33
13,141,p238_141,330,208,122,187,143,183,118,29
13,142,p238_142,310,185,125,192,118,165,98,47
13,143,p238_143,206,135,71,112,94,110,69,27
13,144,p238_144,241,108,133,108,133,105,130,6
13,145,p238_145,390,258,132,253,137,245,124,21
13,146,p238_146,257,158,99,158,99,155,96,6
13,147,p238_147,369,227,142,240,129,215,117,37
13,148,p238_148,358,213,145,193,165,189,141,28
13,149,p238_149,195,80,115,78,117,75,112,8
13,150,p238_150,212,87,125,92,120,76,109,27
13,151,p238_151,233,170,63,171,62,169,61,3
13,152,p238_152,303,165,138,146,157,145,137,21
13,153,p238_154,240,164,76,169,71,153,60,27
13,154,p238_155,185,107,78,111,74,103,70,12
13,155,p238_156,217,134,83,135,82,132,80,5
13,156,p238_157,206,144,62,141,65,139,60,7
13,157,p238_158,273,189,84,183,90,175,76,22
13,158,p238_159,262,182,80,195,67,171,56,35
13,159,p238_160,254,136,118,147,107,124,95,35
13,160,p238_161,227,139,88,211,16,136,13,78
13,161,p238_162,233,124,109,165,68,124,68,41
13,162,p238_163,297,203,94,222,75,200,72,25
13,163,p238_164,251,146,105,140,111,134,99,18
13,164,p238_165,294,201,93,198,96,184,79,31
13,165,p238_166,238,138,100,136,102,121,85,32
13,166,p238_167,187,86,101,76,111,73,98,16
13,167,p238_168,190,94,96,93,97,93,96,1
13,168,p238_169,163,69,94,71,92,68,91,4
13,169,p238_170,185,113,72,105,80,94,61,30
13,170,p238_171,203,114,89,113,90,104,80,19
13,171,p238_172,187,116,71,124,63,108,55,24
13,172,p238_173,211,138,73,132,79,132,73,6
13,173,p238_174,284,202,82,211,73,197,68,19
13,174,p238_175,274,163,111,165,109,158,104,12
13,175,p238_176,238,132,106,129,109,125,102,11
13,176,p238_177,217,124,93,140,77,115,68,34
13,177,p238_178,310,193,117,227,83,192,82,36
13,178,p238_179,198,125,73,139,59,112,46,40
13,179,p238_180,190,123,67,149,41,116,34,40
13,180,p238_181,315,180,135,196,119,174,113,28
13,181,p238_182,294,206,88,213,81,201,76,17
13,182,p238_183,254,156,98,155,99,150,93,11
13,183,p238_184,198,125,73,124,74,111,60,27
13,184,p238_185,227,159,68,151,76,144,61,22
13,185,p238_186,233,148,85,146,87,138,77,18
13,186,p238_187,198,98,100,90,108,90,100,8
13,187,p238_188,246,162,84,158,88,155,81,10
13,188,p238_189,195,98,97,124,71,96,69,30
13,189,p238_190,179,101,78,94,85,88,72,19
13,190,p238_191,254,166,88,153,101,150,85,19
13,191,p238_192,230,139,91,141,89,138,88,4
13,192,p238_193,166,88,78,95,71,87,70,9
13,193,p238_194,257,127,130,137,120,126,119,12
13,194,p238_195,182,111,71,117,65,110,64,8
13,195,p238_196,219,105,114,102,117,102,114,3
13,196,p238_197,209,106,103,127,82,106,82,21
13,197,p238_198,214,116,98,110,104,108,96,10
13,198,p238_199,129,79,50,52,77,45,43,41
13,199,p238_200,195,104,91,101,94,98,88,9
13,200,p238_201,123,47,76,64,59,43,55,25
14,1,p239_001,142,142,0,101,41,101,0,41
14,2,p239_002,214,160,54,119,95,118,53,43
14,3,p239_003,422,398,24,296,126,296,24,102
14,4,p239_004,313,260,53,198,115,198,53,62
14,5,p239_005,347,339,8,261,86,261,8,78
14,6,p239_006,307,294,13,241,66,239,11,57
14,7,p239_007,427,323,104,346,81,280,38,109
14,8,p239_008,448,397,51,331,117,322,42,84
14,9,p239_009,257,238,19,175,82,175,19,63
14,10,p239_010,179,174,5,95,84,95,5,79
14,11,p239_011,374,323,51,309,65,303,45,26
14,12,p239_012,283,260,23,211,72,207,19,57
14,13,p239_013,257,245,12,181,76,181,12,64
14,14,p239_014,270,257,13,210,60,209,12,49
14,15,p239_015,318,275,43,245,73,245,43,30
14,16,p239_016,367,348,19,323,44,317,13,37
14,17,p239_017,281,233,48,205,76,196,39,46
14,18,p239_018,305,278,27,230,75,230,27,48
14,19,p239_019,401,387,14,326,75,326,14,61
14,20,p239_020,256,221,35,177,79,175,33,48
14,21,p239_021,498,468,30,403,95,399,26,73
14,22,p239_022,374,351,23,289,85,289,23,62
14,23,p239_023,590,529,61,489,101,482,54,54
14,24,p239_024,378,326,52,272,106,272,52,54
14,25,p239_025,163,115,48,92,71,84,40,39
14,26,p239_026,240,200,40,156,84,156,40,44
14,27,p239_027,161,150,11,73,88,73,11,77
14,28,p239_028,217,198,19,153,64,152,18,47
14,29,p239_029,182,150,32,115,67,115,32,35
14,30,p239_030,169,165,4,92,77,92,4,73
14,31,p239_031,155,107,48,68,87,68,48,39
14,32,p239_032,155,120,35,81,74,81,35,39
14,33,p239_033,179,155,24,105,74,105,24,50
14,34,p239_034,190,166,24,119,71,117,22,51
14,35,p239_035,161,121,40,87,74,87,40,34
14,36,p239_036,174,97,77,71,103,71,77,26
14,37,p239_037,177,119,58,71,106,63,50,64
14,38,p239_038,155,109,46,58,97,58,46,51
14,39,p239_039,187,136,51,88,99,87,50,50
14,40,p239_040,155,104,51,64,91,64,51,40
14,41,p239_041,139,126,13,136,3,124,1,14
14,42,p239_042,149,106,43,115,34,87,15,47
14,43,p239_043,230,192,38,156,74,155,37,38
14,44,p239_044,145,92,53,96,49,86,43,16
14,45,p239_045,238,199,39,150,88,148,37,53
14,46,p239_046,195,171,24,74,121,73,23,99
14,47,p239_047,238,228,10,164,74,164,10,64
14,48,p239_048,263,232,31,160,103,158,29,76
14,49,p239_049,161,144,17,84,77,82,15,64
14,50,p239_050,179,150,29,110,69,103,22,54
14,51,p239_051,121,85,36,63,58,63,36,22
14,52,p239_052,251,240,11,152,99,152,11,88
14,53,p239_053,166,140,26,69,97,69,26,71
14,54,p239_054,177,153,24,125,52,123,22,32
14,55,p239_055,174,121,53,70,104,70,53,51
14,56,p239_056,198,176,22,110,88,110,22,66
14,57,p239_057,211,199,12,143,68,143,12,56
14,58,p239_058,169,136,33,85,84,85,33,51
14,59,p239_059,171,149,22,93,78,91,20,60
14,60,p239_060,169,137,32,95,74,93,30,46
14,61,p239_061,198,149,49,124,74,123,48,27
14,62,p239_062,161,157,4,79,82,79,4,78
14,63,p239_063,249,219,30,169,80,168,29,52
14,64,p239_064,158,131,27,78,80,77,26,55
14,65,p239_065,182,170,12,109,73,109,12,61
14,66,p239_066,131,99,32,83,48,83,32,16
14,67,p239_067,167,102,65,61,106,61,65,41
14,68,p239_068,153,147,6,90,63,87,3,63
14,69,p239_069,190,181,9,91,99,89,7,94
14,70,p239_070,233,208,25,166,67,166,25,42
14,71,p239_071,172,127,45,92,80,92,45,35
14,72,p239_072,158,110,48,87,71,87,48,23
14,73,p239_073,187,137,50,81,106,81,50,56
14,74,p239_074,219,204,15,173,46,170,12,37
14,75,p239_075,182,157,25,84,98,84,25,73
14,76,p239_076,179,140,39,94,85,94,39,46
14,77,p239_077,177,137,40,83,94,81,38,58
14,78,p239_078,195,167,28,77,118,73,24,98
14,79,p239_079,203,174,29,125,78,125,29,49
14,80,p239_080,187,155,32,124,63,122,30,35
14,81,p239_081,212,207,5,126,86,126,5,81
14,82,p239_082,249,219,30,147,102,147,30,72
14,83,p239_084,165,149,16,71,94,71,16,78
14,84,p239_085,166,129,37,80,86,80,37,49
14,85,p239_086,147,110,37,89,58,86,34,27
14,86,p239_087,139,80,59,58,81,56,57,26
14,87,p239_088,129,125,4,65,64,65,4,60
14,88,p239_089,97,87,10,66,31,66,10,21
14,89,p239_090,155,139,16,80,75,79,15,61
14,90,p239_091,134,96,38,40,94,40,38,56
14,91,p239_092,115,99,16,49,66,47,14,54
14,92,p239_093,291,265,26,216,75,216,26,49
14,93,p239_094,171,133,38,82,89,81,37,53
14,94,p239_095,145,128,17,79,66,79,17,49
14,95,p239_096,203,182,21,136,67,126,11,66
14,96,p239_097,259,232,27,188,71,182,21,56
14,97,p239_098,251,220,31,177,74,177,31,43
14,98,p239_099,157,135,22,67,90,67,22,68
14,99,p239_100,205,179,26,131,74,130,25,50
14,100,p239_101,161,141,20,90,71,89,19,53
14,101,p239_102,251,218,33,184,67,177,26,48
14,102,p239_103,310,271,39,166,144,164,37,109
14,103,p239_104,126,116,10,83,43,80,7,39
14,104,p239_105,163,154,9,98,65,97,8,58
14,105,p239_106,147,117,30,73,74,73,30,44
14,106,p239_107,161,129,32,62,99,61,31,69
14,107,p239_108,134,126,8,59,75,59,8,67
14,108,p239_109,134,117,17,85,49,84,16,34
14,109,p239_110,150,148,2,69,81,69,2,79
14,110,p239_111,174,161,13,101,73,101,13,60
14,111,p239_112,173,163,10,100,73,99,9,65
14,112,p239_113,171,168,3,102,69,102,3,66
14,113,p239_114,129,124,5,65,64,65,5,59
14,114,p239_115,134,134,0,89,45,89,0,45
14,115,p239_116,129,108,21,67,62,66,20,43
14,116,p239_117,166,151,15,86,80,86,15,65
14,117,p239_118,238,231,7,155,83,155,7,76
14,118,p239_119,166,158,8,89,77,88,7,71
14,119,p239_120,227,220,7,160,67,158,5,64
14,120,p239_121,145,113,32,76,69,76,32,37
14,121,p239_122,215,156,59,126,89,121,54,40
14,122,p239_123,203,160,43,152,51,142,33,28
14,123,p239_124,163,154,9,93,70,93,9,61
14,124,p239_125,161,106,55,69,92,69,55,37
14,125,p239_126,195,152,43,112,83,111,42,42
14,126,p239_127,163,124,39,79,84,78,38,47
14,127,p239_128,185,150,35,83,102,77,29,79
14,128,p239_129,134,126,8,60,74,60,8,66
14,129,p239_130,110,83,27,37,73,35,25,50
14,130,p239_131,134,131,3,71,63,71,3,60
14,131,p239_132,142,113,29,65,77,65,29,48
14,132,p239_133,179,169,10,96,83,96,10,73
14,133,p239_134,235,200,35,155,80,149,29,57
14,134,p239_135,182,168,14,115,67,114,13,55
14,135,p239_136,273,268,5,145,128,145,5,123
14,136,p239_137,177,168,9,116,61,114,7,56
14,137,p239_138,230,203,27,142,88,142,27,61
14,138,p239_139,211,199,12,139,72,139,12,60
14,139,p239_140,166,122,44,103,63,97,38,31
14,140,p239_141,212,181,31,135,77,135,31,46
14,141,p239_142,182,127,55,100,82,100,55,27
14,142,p239_143,206,180,26,146,60,143,23,40
14,143,p239_144,251,213,38,182,69,171,27,53
14,144,p239_145,110,106,4,108,2,104,0,6
14,145,p239_146,137,113,24,94,43,86,16,35
14,146,p239_147,198,185,13,131,67,131,13,54
14,147,p239_148,198,197,1,122,76,122,1,75
14,148,p239_149,177,151,26,108,69,108,26,43
14,149,p239_150,201,151,50,121,80,121,50,30
14,150,p239_151,123,114,9,62,61,62,9,52
14,151,p239_152,163,155,8,86,77,86,8,69
14,152,p239_153,139,114,25,81,58,79,23,37
14,153,p239_154,179,145,34,102,77,102,34,43
14,154,p239_155,198,186,12,114,84,114,12,72
14,155,p239_156,155,133,22,62,93,62,22,71
14,156,p239_157,158,147,11,88,70,88,11,59
14,157,p239_158,150,135,15,81,69,81,15,54
14,158,p239_159,139,136,3,95,44,93,1,45
14,159,p239_160,185,169,16,117,68,110,9,66
14,160,p239_161,222,193,29,144,78,140,25,57
14,161,p239_162,153,140,13,80,73,80,13,60
14,162,p239_163,171,120,51,97,74,97,51,23
14,163,p239_164,201,194,7,137,64,137,7,57
14,164,p239_165,145,86,59,76,69,76,59,10
14,165,p239_166,155,137,18,71,84,70,17,68
14,166,p239_167,196,156,40,98,98,93,35,68
14,167,p239_168,123,120,3,62,61,62,3,58
14,168,p239_169,182,167,15,127,55,127,15,40
14,169,p239_170,150,134,16,87,63,81,10,59
14,170,p239_171,189,165,24,97,92,97,24,68
14,171,p239_172,267,251,16,211,56,211,16,40
14,172,p239_173,131,109,22,63,68,62,21,48
14,173,p239_174,150,116,34,78,72,77,33,40
14,174,p239_175,163,133,30,80,83,79,29,55
14,175,p239_176,272,215,57,171,101,169,55,48
14,176,p239_177,158,144,14,80,78,79,13,66
14,177,p239_178,158,145,13,69,89,68,12,78
14,178,p239_179,123,78,45,33,90,31,43,49
14,179,p239_180,155,112,43,67,88,67,43,45
14,180,p239_181,113,82,31,39,74,39,31,43
14,181,p239_182,166,134,32,78,88,78,32,56
14,182,p239_183,158,153,5,99,59,99,5,54
14,183,p239_184,169,166,3,122,47,122,3,44
14,184,p239_185,134,105,29,87,47,83,25,26
14,185,p239_186,148,121,27,63,85,63,27,58
14,186,p239_187,169,155,14,93,76,93,14,62
14,187,p239_188,158,138,20,80,78,80,20,58
14,188,p239_189,193,184,9,123,70,123,9,61
14,189,p239_190,158,145,13,102,56,102,13,43
14,190,p239_191,203,182,21,132,71,132,21,50
14,191,p239_192,158,133,25,95,63,87,17,54
14,192,p239_193,187,149,38,110,77,109,37,41
14,193,p239_194,227,210,17,162,65,162,17,48
14,194,p239_195,179,157,22,102,77,102,22,55
14,195,p239_196,206,183,23,122,84,121,22,63
14,196,p239_197,161,104,57,91,70,75,41,45
14,197,p239_198,182,157,25,123,59,120,22,40
14,198,p239_199,153,130,23,77,76,68,14,71
14,199,p239_200,169,130,39,82,87,82,39,48
14,200,p239_201,182,175,7,129,53,129,7,46
15,1,p240_001,153,130,23,94,59,88,17,48
15,2,p240_002,236,175,61,168,68,167,60,9
15,3,p240_003,452,386,66,384,68,371,53,28
15,4,p240_004,327,245,82,247,80,225,60,42
15,5,p240_005,384,310,74,309,75,301,66,17
15,6,p240_006,347,308,39,290,57,279,28,40
15,7,p240_007,281,202,79,202,79,198,75,8
15,8,p240_008,425,356,69,390,35,352,31,42
15,9,p240_009,289,236,53,215,74,202,40,47
15,10,p240_010,195,139,56,127,68,119,48,28
15,11,p240_011,405,305,100,337,68,302,65,38
15,12,p240_012,293,252,41,243,50,223,21,49
15,13,p240_013,284,221,63,213,71,196,46,42
15,14,p240_014,302,240,62,226,76,217,53,32
15,15,p240_015,367,303,64,287,80,278,55,34
15,16,p240_016,377,298,79,317,60,295,57,25
15,17,p240_017,222,173,49,158,64,153,44,25
15,18,p240_018,348,264,84,240,108,233,77,38
15,19,p240_019,444,349,95,367,77,342,70,32
15,20,p240_020,263,215,48,196,67,191,43,29
15,21,p240_021,538,462,76,451,87,433,58,47
15,22,p240_022,411,311,100,310,101,299,89,23
15,23,p240_023,631,557,74,532,99,506,48,77
15,24,p240_024,420,299,121,345,75,290,66,64
15,25,p240_025,147,134,13,121,26,115,7,25
15,26,p240_026,113,112,1,79,34,79,1,33
15,27,p240_027,293,251,42,229,64,226,39,28
15,28,p240_028,107,84,23,62,45,53,14,40
15,29,p240_029,241,180,61,188,53,158,31,52
15,30,p240_030,244,164,80,169,75,157,68,19
15,31,p240_031,251,206,45,194,57,184,35,32
15,32,p240_032,294,202,92,206,88,199,85,10
15,33,p240_033,116,60,56,60,56,52,48,16
15,34,p240_034,172,159,13,106,66,102,9,61
15,35,p240_035,171,123,48,130,41,110,28,33
15,36,p240_036,121,107,14,80,41,75,9,37
15,37,p240_037,257,204,53,197,60,184,40,33
15,38,p240_038,121,99,22,65,56,65,22,34
15,39,p240_039,118,96,22,73,45,68,17,33
15,40,p240_040,115,61,54,53,62,53,54,8
15,41,p240_041,126,116,10,64,62,64,10,52
15,42,p240_042,129,118,11,118,11,108,1,20
15,43,p240_043,166,129,37,97,69,93,33,40
15,44,p240_044,246,194,52,183,63,180,49,17
15,45,p240_045,217,173,44,151,66,142,35,40
15,46,p240_046,188,136,52,143,45,123,32,33
15,47,p240_047,118,100,18,56,62,56,18,44
15,48,p240_048,150,80,70,73,77,68,65,17
15,49,p240_049,177,171,6,121,56,121,6,50
15,50,p240_050,110,96,14,43,67,43,14,53
15,51,p240_051,118,93,25,48,70,47,24,47
15,52,p240_052,278,249,29,245,33,227,11,40
15,53,p240_053,187,127,60,170,17,125,15,47
15,54,p240_054,154,123,31,123,31,107,15,32
15,55,p240_055,267,178,89,176,91,170,83,14
15,56,p240_056,150,112,38,71,79,68,35,47
15,57,p240_057,265,187,78,178,87,167,67,31
15,58,p240_058,206,153,53,136,70,130,47,29
15,59,p240_059,226,189,37,159,67,149,27,50
15,60,p240_060,105,103,2,67,38,67,2,36
15,61,p240_061,267,239,28,184,83,175,19,73
15,62,p240_062,174,148,26,113,61,106,19,49
15,63,p240_063,195,174,21,144,51,136,13,46
15,64,p240_064,152,99,53,54,98,54,53,45
15,65,p240_065,161,132,29,110,51,108,27,26
15,66,p240_066,109,82,27,45,64,45,27,37
15,67,p240_067,273,242,31,210,63,203,24,46
15,68,p240_068,256,232,24,193,63,185,16,55
15,69,p240_069,190,130,60,67,123,67,60,63
15,70,p240_070,249,152,97,115,134,113,95,41
15,71,p240_071,262,227,35,190,72,184,29,49
15,72,p240_072,184,130,54,126,58,117,45,22
15,73,p240_073,186,149,37,106,80,105,36,45
15,74,p240_074,198,182,16,125,73,123,14,61
15,75,p240_075,174,130,44,121,53,114,37,23
15,76,p240_076,187,168,19,138,49,133,14,40
15,77,p240_077,152,111,41,74,78,74,41,37
15,78,p240_078,126,79,47,70,56,62,39,25
15,79,p240_079,179,131,48,114,65,104,38,37
15,80,p240_080,203,198,5,192,11,187,0,16
15,81,p240_081,211,206,5,171,40,167,1,43
15,82,p240_082,105,95,10,97,8,91,4,10
15,83,p240_083,125,58,67,74,51,54,47,24
15,84,p240_084,227,189,38,146,81,146,38,43
15,85,p240_085,178,168,10,111,67,111,10,57
15,86,p240_086,141,135,6,111,30,107,2,32
15,87,p240_087,206,191,15,140,66,139,14,53
15,88,p240_088,206,148,58,158,48,136,36,34
15,89,p240_089,149,93,56,74,75,71,53,25
15,90,p240_090,174,138,36,124,50,112,24,38
15,91,p240_091,142,122,20,83,59,81,18,43
15,92,p240_092,122,116,6,67,55,67,6,49
15,93,p240_093,155,139,16,131,24,120,5,30
15,94,p240_094,203,185,18,158,45,155,15,33
15,95,p240_095,192,159,33,137,55,129,25,38
15,96,p240_096,150,127,23,97,53,88,14,48
15,97,p240_097,235,192,43,172,63,171,42,22
15,98,p240_098,159,115,44,96,63,87,35,37
15,99,p240_099,163,151,12,85,78,85,12,66
15,100,p240_100,168,155,13,110,58,108,11,49
15,101,p240_101,217,201,16,150,67,145,11,61
15,102,p240_102,123,92,31,49,74,49,31,43
15,103,p240_103,159,89,70,78,81,76,68,15
15,104,p240_104,147,135,12,89,58,89,12,46
15,105,p240_105,180,170,10,127,53,127,10,43
15,106,p240_106,265,234,31,205,60,199,25,41
15,107,p240_107,122,86,36,59,63,55,32,35
15,108,p240_108,102,90,12,57,45,56,11,35
15,109,p240_109,162,127,35,100,62,93,28,41
15,110,p240_110,123,86,37,85,38,71,23,29
15,111,p240_111,155,136,19,92,63,90,17,48
15,112,p240_112,208,171,37,135,73,134,36,38
15,113,p240_113,171,159,12,120,51,115,7,49
15,114,p240_114,278,249,29,220,58,207,16,55
15,115,p240_115,139,134,5,70,69,70,5,64
15,116,p240_116,230,224,6,161,69,160,5,65
15,117,p240_117,110,100,10,55,55,54,9,47
15,118,p240_118,272,260,12,197,75,197,12,63
15,119,p240_119,158,142,16,122,36,117,11,30
15,120,p240_120,171,166,5,110,61,107,2,62
15,121,p240_121,150,131,19,103,47,97,13,40
15,122,p240_122,171,117,54,91,80,90,53,28
15,123,p240_123,282,267,15,208,74,208,15,59
15,124,p240_124,238,151,87,133,105,129,83,26
15,125,p240_125,131,111,20,66,65,66,20,45
15,126,p240_126,250,207,43,185,65,182,40,28
15,127,p240_127,228,219,9,165,63,163,7,58
15,128,p240_128,197,114,83,136,61,112,59,26
15,129,p240_129,227,200,27,195,32,179,11,37
15,130,p240_130,235,217,18,176,59,170,12,53
15,131,p240_131,197,183,14,138,59,134,10,53
15,132,p240_132,147,135,12,83,64,83,12,52
15,133,p240_133,254,232,22,214,40,204,12,38
15,134,p240_134,162,137,25,127,35,110,8,44
15,135,p240_135,158,147,11,115,43,108,4,46
15,136,p240_136,193,153,40,124,69,120,36,37
15,137,p240_137,155,141,14,122,33,117,9,29
15,138,p240_138,139,113,26,76,63,71,21,47
15,139,p240_139,211,169,42,140,71,139,41,31
15,140,p240_140,272,242,30,191,81,191,30,51
15,141,p240_141,166,122,44,113,53,95,26,45
15,142,p240_142,124,112,12,60,64,58,10,56
15,143,p240_143,146,107,39,76,70,74,37,35
15,144,p240_144,171,150,21,108,63,106,19,46
15,145,p240_145,206,133,73,124,82,116,65,25
15,146,p240_146,238,217,21,180,58,172,13,53
15,147,p240_147,151,110,41,86,65,84,39,28
15,148,p240_148,221,151,70,142,79,138,66,17
15,149,p240_149,193,167,26,111,82,105,20,68
15,150,p240_150,259,231,28,185,74,177,20,62
15,151,p240_151,285,244,41,257,28,228,12,45
15,152,p240_152,229,195,34,179,50,165,20,44
15,153,p240_153,145,107,38,76,69,74,36,35
15,154,p240_154,158,137,21,85,73,85,21,52
15,155,p240_155,142,132,10,82,60,81,9,52
15,156,p240_156,216,176,40,138,78,138,40,38
15,157,p240_157,203,174,29,142,61,138,25,40
15,158,p240_158,148,141,7,103,45,103,7,38
15,159,p240_159,146,137,9,125,21,120,4,22
15,160,p240_160,263,222,41,202,61,193,32,38
15,161,p240_161,211,184,27,133,78,130,24,57
15,162,p240_162,177,158,19,120,57,116,15,46
15,163,p240_163,195,171,24,102,93,102,24,69
15,164,p240_164,297,235,62,192,105,191,61,45
15,165,p240_165,124,90,34,73,51,69,30,25
15,166,p240_166,154,144,10,117,37,115,8,31
15,167,p240_167,182,174,8,102,80,100,6,76
15,168,p240_168,257,225,32,179,78,178,31,48
15,169,p240_169,155,125,30,72,83,72,30,53
15,170,p240_170,211,197,14,137,74,137,14,60
15,171,p240_171,150,143,7,67,83,66,6,78
15,172,p240_172,270,224,46,175,95,169,40,61
15,173,p240_173,184,175,9,113,71,111,7,66
15,174,p240_174,158,106,52,76,82,74,50,34
15,175,p240_175,305,267,38,198,107,197,37,71
15,176,p240_176,142,103,39,107,35,87,19,36
15,177,p240_177,188,179,9,122,66,120,7,61
15,178,p240_178,285,254,31,216,69,215,30,40
15,179,p240_179,267,219,48,204,63,183,27,57
15,180,p240_180,153,151,2,126,27,125,1,27
15,181,p240_181,224,222,2,200,24,199,1,24
15,182,p240_182,153,151,2,119,34,118,1,34
15,183,p240_183,165,159,6,97,68,96,5,64
15,184,p240_184,155,112,43,101,54,89,31,35
15,185,p240_185,182,167,15,106,76,102,11,69
15,186,p240_186,177,157,20,85,92,85,20,72
15,187,p240_187,195,170,25,125,70,121,21,53
15,188,p240_188,160,98,62,74,86,73,61,26
15,189,p240_189,235,215,20,160,75,157,17,61
15,190,p240_190,322,268,54,253,69,234,35,53
15,191,p240_191,210,209,1,199,11,199,1,10
15,192,p240_192,179,169,10,133,46,125,2,52
15,193,p240_193,272,262,10,241,31,236,5,31
15,194,p240_194,136,117,19,87,49,80,12,44
15,195,p240_195,158,129,29,94,64,81,16,61
15,196,p240_196,222,167,55,171,51,158,42,22
15,197,p240_197,132,95,37,62,70,58,33,41
15,198,p240_198,169,164,5,88,81,85,2,82
15,199,p240_199,246,183,63,145,101,142,60,44
15,200,p240_200,177,166,11,116,61,111,6,60
16,1,p241_001,139,101,38,84,55,79,33,27
16,2,p241_002,235,157,78,138,97,137,77,21
16,3,p241_003,474,342,132,313,161,310,129,35
16,4,p241_004,299,220,79,204,95,204,79,16
16,5,p241_005,389,316,73,280,109,280,73,36
16,6,p241_006,343,246,97,236,107,231,92,20
16,7,p241_007,262,193,69,186,76,183,66,13
16,8,p241_008,473,371,102,320,153,315,97,61
16,9,p241_009,288,223,65,197,91,197,65,26
16,10,p241_010,209,160,49,119,90,117,47,45
16,11,p241_011,453,333,120,330,123,323,113,17
16,12,p241_012,289,196,93,196,93,189,86,14
16,13,p241_013,278,219,59,202,76,193,50,35
16,14,p241_014,295,265,30,220,75,220,30,45
16,15,p241_016,415,298,117,293,122,291,115,9
16,16,p241_017,239,144,95,148,91,137,84,18
16,17,p241_018,339,253,86,251,88,246,81,12
16,18,p241_019,433,326,107,313,120,309,103,21
16,19,p241_021,548,450,98,429,119,424,93,31
16,20,p241_023,645,498,147,489,156,484,142,19
16,21,p241_024,434,283,151,277,157,273,147,14
16,22,p241_025,206,189,17,184,22,173,6,27
16,23,p241_026,217,127,90,119,98,118,89,10
16,24,p241_027,210,137,73,123,87,123,73,14
16,25,p241_028,204,162,42,142,62,136,36,32
16,26,p241_029,211,151,60,133,78,131,58,22
16,27,p241_030,211,143,68,128,83,127,67,17
16,28,p241_031,260,202,58,177,83,176,57,27
16,29,p241_032,128,81,47,57,71,54,44,30
16,30,p241_033,147,97,50,80,67,79,49,19
16,31,p241_034,130,84,46,55,75,55,46,29
16,32,p241_035,174,154,20,97,77,97,20,57
16,33,p241_036,200,149,51,128,72,123,46,31
16,34,p241_037,122,97,25,54,68,53,24,45
16,35,p241_038,294,197,97,188,106,188,97,9
16,36,p241_039,183,108,75,87,96,86,74,23
16,37,p241_040,163,99,64,85,78,85,64,14
16,38,p241_041,124,109,15,54,70,53,14,57
16,39,p241_042,191,124,67,114,77,114,67,10
16,40,p241_043,154,110,44,74,80,74,44,36
16,41,p241_044,185,120,65,104,81,104,65,16
16,42,p241_045,123,78,45,93,30,67,19,37
16,43,p241_046,148,73,75,69,79,60,66,22
16,44,p241_047,142,110,32,63,79,63,32,47
16,45,p241_048,150,139,11,131,19,122,2,26
16,46,p241_049,222,168,54,152,70,152,54,16
16,47,p241_050,201,170,31,139,62,139,31,31
16,48,p241_051,139,95,44,65,74,64,43,32
16,49,p241_052,197,150,47,113,84,112,46,39
16,50,p241_053,245,179,66,132,113,129,63,53
16,51,p241_055,167,144,23,93,74,93,23,51
16,52,p241_056,213,119,94,111,102,111,94,8
16,53,p241_057,157,91,66,69,88,69,66,22
16,54,p241_058,121,90,31,51,70,51,31,39
16,55,p241_059,176,135,41,60,116,60,41,75
16,56,p241_061,199,120,79,103,96,100,76,23
16,57,p241_062,270,209,61,204,66,194,51,25
16,58,p241_063,329,219,110,203,126,200,107,22
16,59,p241_064,131,77,54,65,66,65,54,12
16,60,p241_065,125,95,30,50,75,48,28,49
16,61,p241_066,134,86,48,69,65,65,44,25
16,62,p241_067,171,124,47,99,72,97,45,29
16,63,p241_068,193,152,41,123,70,123,41,29
16,64,p241_069,205,135,70,120,85,114,64,27
16,65,p241_070,193,140,53,119,74,114,48,31
16,66,p241_071,173,116,57,93,80,93,57,23
16,67,p241_072,192,131,61,122,70,119,58,15
16,68,p241_073,195,125,70,100,95,98,68,29
16,69,p241_074,191,104,87,92,99,91,86,14
16,70,p241_075,175,102,73,82,93,82,73,20
16,71,p241_076,176,108,68,101,75,96,63,17
16,72,p241_077,168,95,73,81,87,72,64,32
16,73,p241_078,161,99,62,53,108,53,62,46
16,74,p241_079,181,121,60,107,74,103,56,22
16,75,p241_080,217,176,41,143,74,143,41,33
16,76,p241_081,242,187,55,170,72,166,51,25
16,77,p241_082,159,93,66,139,20,89,16,54
16,78,p241_083,156,121,35,81,75,81,35,40
16,79,p241_084,174,106,68,100,74,99,67,8
16,80,p241_085,140,114,26,65,75,65,26,49
16,81,p241_087,281,232,49,185,96,185,49,47
16,82,p241_088,155,116,39,78,77,74,35,46
16,83,p241_089,178,150,28,118,60,118,28,32
16,84,p241_090,244,195,49,163,81,162,48,34
16,85,p241_091,163,131,32,96,67,96,32,35
16,86,p241_092,169,104,65,103,66,92,54,23
16,87,p241_093,260,208,52,174,86,168,46,46
16,88,p241_094,195,135,60,125,70,125,60,10
16,89,p241_095,225,179,46,189,36,167,24,34
16,90,p241_096,166,125,41,99,67,96,38,32
16,91,p241_098,142,85,57,51,91,51,57,34
16,92,p241_099,249,168,81,138,111,138,81,30
16,93,p241_100,132,80,52,53,79,50,49,33
16,94,p241_101,251,197,54,175,76,174,53,24
16,95,p241_102,230,174,56,147,83,145,54,31
16,96,p241_103,182,149,33,110,72,106,29,47
16,97,p241_104,158,101,57,82,76,81,56,21
16,98,p241_105,281,250,31,185,96,185,31,65
16,99,p241_106,126,104,22,73,53,66,15,45
16,100,p241_107,153,86,67,67,86,66,66,21
16,101,p241_108,113,45,68,39,74,39,68,6
16,102,p241_109,141,115,26,59,82,59,26,56
16,103,p241_110,158,88,70,79,79,79,70,9
16,104,p241_111,177,146,31,134,43,122,19,36
16,105,p241_112,196,135,61,112,84,108,57,31
16,106,p241_113,115,97,18,68,47,65,15,35
16,107,p241_114,257,226,31,187,70,186,30,41
16,108,p241_115,162,132,30,95,67,95,30,37
16,109,p241_116,148,136,12,69,79,69,12,67
16,110,p241_117,127,120,7,64,63,63,6,58
16,111,p241_118,212,153,59,144,68,137,52,23
16,112,p241_119,259,203,56,180,79,179,55,25
16,113,p241_120,285,247,38,204,81,204,38,43
16,114,p241_121,161,133,28,91,70,91,28,42
16,115,p241_122,280,216,64,202,78,202,64,14
16,116,p241_123,126,104,22,55,71,55,22,49
16,117,p241_124,168,116,52,97,71,93,48,27
16,118,p241_125,235,169,66,168,67,166,64,5
16,119,p241_126,168,148,20,97,71,97,20,51
16,120,p241_127,200,135,65,124,76,119,60,21
16,121,p241_128,253,192,61,195,58,176,42,35
16,122,p241_129,239,176,63,144,95,142,61,36
16,123,p241_130,245,182,63,184,61,179,58,8
16,124,p241_132,123,62,61,59,64,59,61,3
16,125,p241_133,124,104,20,67,57,64,17,43
16,126,p241_134,235,195,40,165,70,165,40,30
16,127,p241_135,190,124,66,124,66,115,57,18
16,128,p241_136,266,204,62,200,66,194,56,16
16,129,p241_137,131,118,13,87,44,79,5,47
16,130,p241_138,225,180,45,147,78,146,44,35
16,131,p241_139,277,210,67,182,95,180,65,32
16,132,p241_140,177,129,48,106,71,105,47,25
16,133,p241_141,214,145,69,131,83,121,59,34
16,134,p241_142,134,121,13,82,52,74,5,55
16,135,p241_143,143,100,43,68,75,59,34,50
16,136,p241_144,209,139,70,131,78,127,66,16
16,137,p241_145,166,105,61,87,79,86,60,20
16,138,p241_146,251,191,60,163,88,162,59,30
16,139,p241_147,201,114,87,98,103,98,87,16
16,140,p241_148,236,137,99,132,104,129,96,11
16,141,p241_149,233,129,104,115,118,108,97,28
16,142,p241_150,295,202,93,192,103,191,92,12
16,143,p241_151,183,106,77,100,83,97,74,12
16,144,p241_152,185,131,54,104,81,104,54,27
16,145,p241_153,169,139,30,108,61,103,25,41
16,146,p241_154,187,141,46,115,72,113,44,30
16,147,p241_155,162,95,67,83,79,81,65,16
16,148,p241_157,187,142,45,109,78,104,40,43
16,149,p241_158,185,148,37,118,67,118,37,30
16,150,p241_159,186,121,65,109,77,107,63,16
16,151,p241_160,163,107,56,100,63,100,56,7
16,152,p241_161,257,180,77,174,83,173,76,8
16,153,p241_162,140,102,38,68,72,67,37,36
16,154,p241_163,291,219,72,213,78,212,71,8
16,155,p241_164,172,94,78,76,96,74,76,22
16,156,p241_165,148,101,47,71,77,67,43,38
16,157,p241_166,163,119,44,71,92,71,44,48
16,158,p241_167,166,99,67,80,86,80,67,19
16,159,p241_168,253,224,29,177,76,163,15,75
16,160,p241_169,192,170,22,98,94,94,18,80
16,161,p241_170,178,122,56,85,93,73,44,61
16,162,p241_171,239,152,87,150,89,146,83,10
16,163,p241_172,196,124,72,87,109,86,71,39
16,164,p241_173,235,104,131,97,138,95,129,11
16,165,p241_174,286,210,76,210,76,192,58,36
16,166,p241_175,137,90,47,58,79,58,47,32
16,167,p241_176,206,100,106,100,106,100,106,0
16,168,p241_177,135,71,64,66,69,66,64,5
16,169,p241_178,139,80,59,72,67,70,57,12
16,170,p241_179,230,167,63,166,64,151,48,31
16,171,p241_180,179,91,88,102,77,78,64,37
16,172,p241_181,146,132,14,87,59,81,8,57
16,173,p241_182,146,95,51,81,65,72,42,32
16,174,p241_183,168,108,60,112,56,90,38,40
16,175,p241_184,201,140,61,109,92,98,50,53
16,176,p241_185,275,209,66,198,77,197,65,13
16,177,p241_186,170,97,73,95,75,94,72,4
16,178,p241_187,258,210,48,187,71,185,46,27
16,179,p241_188,155,105,50,73,82,73,50,32
16,180,p241_189,227,176,51,155,72,155,51,21
16,181,p241_190,249,172,77,169,80,168,76,5
16,182,p241_191,279,216,63,189,90,189,63,27
16,183,p241_192,173,114,59,100,73,100,59,14
16,184,p241_193,107,78,29,41,66,41,29,37
16,185,p241_195,159,92,67,70,89,70,67,22
16,186,p241_196,229,157,72,150,79,150,72,7
16,187,p241_197,129,102,27,65,64,64,26,39
16,188,p241_198,231,167,64,152,79,151,63,17
16,189,p241_199,213,162,51,136,77,136,51,26
16,190,p241_200,241,219,22,167,74,164,19,58
16,191,p241_202,251,175,76,170,81,165,71,15
16,192,p241_203,137,119,18,68,69,67,17,53
16,193,p241_204,183,124,59,84,99,84,59,40
16,194,p241_205,192,134,58,121,71,120,57,15
16,195,p241_206,216,162,54,143,73,142,53,21
16,196,p241_207,281,217,64,212,69,205,57,19
16,197,p241_208,164,92,72,73,91,73,72,19
16,198,p241_209,139,94,45,71,68,71,45,23
16,199,p241_210,121,98,23,67,54,58,14,49
16,200,p241_211,157,128,29,83,74,79,25,53
17,1,p243_001,163,71,92,69,94,69,92,2
17,2,p243_002,268,161,107,151,117,149,105,14
17,3,p243_003,507,342,165,325,182,324,164,19
17,4,p243_004,342,227,115,209,133,209,115,18
17,5,p243_005,430,381,49,304,126,302,47,81
17,6,p243_006,401,294,107,270,131,270,107,24
17,7,p243_007,325,219,106,216,109,215,105,5
17,8,p243_008,538,384,154,403,135,377,128,33
17,9,p243_009,342,207,135,204,138,204,135,3
17,10,p243_010,263,110,153,111,152,109,151,3
17,11,p243_011,480,340,140,328,152,328,140,12
17,12,p243_012,346,214,132,211,135,210,131,5
17,13,p243_013,337,217,120,206,131,205,119,13
17,14,p243_014,389,261,128,246,143,243,125,21
17,15,p243_015,380,299,81,332,48,296,45,39
17,16,p243_016,478,340,138,337,141,334,135,9
17,17,p243_018,377,281,96,282,95,279,93,5
17,18,p243_019,502,370,132,365,137,361,128,13
17,19,p243_020,309,189,120,186,123,186,120,3
17,20,p243_021,599,452,147,446,153,443,144,12
17,21,p243_022,489,317,172,314,175,312,170,7
17,22,p243_023,782,555,227,555,227,540,212,30
17,23,p243_024,448,322,126,329,119,321,118,9
17,24,p243_025,260,130,130,128,132,127,129,4
17,25,p243_026,326,192,134,187,139,185,132,9
17,26,p243_027,375,177,198,175,200,174,197,4
17,27,p243_028,293,161,132,159,134,159,132,2
17,28,p243_029,166,103,63,98,68,96,61,9
17,29,p243_030,198,81,117,82,116,80,115,3
17,30,p243_031,259,142,117,142,117,142,117,0
17,31,p243_032,270,153,117,152,118,150,115,5
17,32,p243_033,299,185,114,184,115,184,114,1
17,33,p243_034,239,158,81,154,85,154,81,4
17,34,p243_035,884,250,634,415,469,206,425,253
17,35,p243_036,269,153,116,152,117,149,113,7
17,36,p243_037,235,129,106,125,110,125,106,4
17,37,p243_038,225,107,118,112,113,106,112,7
17,38,p243_039,215,102,113,97,118,97,113,5
17,39,p243_040,283,176,107,175,108,174,106,3
17,40,p243_041,249,133,116,123,126,123,116,10
17,41,p243_042,235,116,119,108,127,108,119,8
17,42,p243_043,237,146,91,98,139,97,90,50
17,43,p243_044,155,57,98,45,110,44,97,14
17,44,p243_045,153,45,108,44,109,44,108,1
17,45,p243_046,166,72,94,71,95,71,94,1
17,46,p243_047,227,112,115,111,116,110,114,3
17,47,p243_048,218,74,144,67,151,67,144,7
17,48,p243_049,155,75,80,73,82,72,79,4
17,49,p243_050,182,86,96,75,107,75,96,11
17,50,p243_051,176,84,92,81,95,81,92,3
17,51,p243_052,279,148,131,140,139,140,131,8
17,52,p243_053,293,181,112,164,129,162,110,21
17,53,p243_054,355,246,109,232,123,232,109,14
17,54,p243_055,218,136,82,135,83,135,82,1
17,55,p243_056,211,109,102,108,103,108,102,1
17,56,p243_057,222,127,95,128,94,126,93,3
17,57,p243_058,236,118,118,112,124,112,118,6
17,58,p243_059,184,100,84,100,84,98,82,4
17,59,p243_060,226,124,102,125,101,124,101,1
17,60,p243_061,229,132,97,128,101,128,97,4
17,61,p243_062,230,135,95,131,99,131,95,4
17,62,p243_063,264,157,107,149,115,149,107,8
17,63,p243_064,192,112,80,111,81,110,79,3
17,64,p243_065,190,108,82,108,82,105,79,6
17,65,p243_066,203,106,97,102,101,102,97,4
17,66,p243_067,220,122,98,119,101,119,98,3
17,67,p243_068,193,101,92,98,95,97,91,5
17,68,p243_069,325,214,111,203,122,203,111,11
17,69,p243_070,242,144,98,142,100,140,96,6
17,70,p243_071,205,107,98,105,100,104,97,4
17,71,p243_072,330,213,117,212,118,211,116,3
17,72,p243_073,300,186,114,189,111,186,111,3
17,73,p243_074,247,104,143,105,142,103,141,3
17,74,p243_075,259,184,75,185,74,183,73,3
17,75,p243_076,206,143,63,134,72,133,62,11
17,76,p243_077,231,132,99,127,104,127,99,5
17,77,p243_078,270,174,96,174,96,174,96,0
17,78,p243_079,232,133,99,138,94,130,91,11
17,79,p243_080,175,99,76,97,78,97,76,2
17,80,p243_081,195,99,96,108,87,99,87,9
17,81,p243_082,207,106,101,120,87,100,81,26
17,82,p243_083,201,120,81,119,82,117,79,5
17,83,p243_084,280,203,77,199,81,199,77,4
17,84,p243_085,217,139,78,125,92,124,77,16
17,85,p243_086,267,192,75,188,79,188,75,4
17,86,p243_087,315,194,121,195,120,191,117,7
17,87,p243_088,254,137,117,129,125,129,117,8
17,88,p243_089,219,128,91,127,92,126,90,3
17,89,p243_090,248,143,105,142,106,142,105,1
17,90,p243_091,238,126,112,120,118,120,112,6
17,91,p243_092,241,120,121,119,122,114,116,11
17,92,p243_093,235,115,120,103,132,103,120,12
17,93,p243_094,255,175,80,175,80,173,78,4
17,94,p243_095,212,111,101,110,102,109,100,3
17,95,p243_096,321,207,114,201,120,201,114,6
17,96,p243_097,227,124,103,114,113,114,103,10
17,97,p243_098,282,157,125,158,124,155,122,5
17,98,p243_099,200,114,86,100,100,100,86,14
17,99,p243_100,164,85,79,83,81,83,79,2
17,100,p243_101,228,137,91,133,95,133,91,4
17,101,p243_102,271,191,80,169,102,168,79,24
17,102,p243_103,176,90,86,91,85,90,85,1
17,103,p243_104,185,106,79,100,85,100,79,6
17,104,p243_105,209,114,95,115,94,109,89,11
17,105,p243_106,269,147,122,139,130,139,122,8
17,106,p243_107,201,94,107,91,110,91,107,3
17,107,p243_108,242,146,96,143,99,140,93,9
17,108,p243_109,247,136,111,133,114,132,110,5
17,109,p243_110,208,138,70,134,74,134,70,4
17,110,p243_111,322,226,96,225,97,222,93,7
17,111,p243_112,132,55,77,52,80,52,77,3
17,112,p243_113,133,63,70,62,71,59,67,7
17,113,p243_114,179,103,76,103,76,103,76,0
17,114,p243_115,156,63,93,57,99,57,93,6
17,115,p243_116,167,96,71,93,74,92,70,5
17,116,p243_117,195,72,123,70,125,70,123,2
17,117,p243_118,267,145,122,130,137,126,118,23
17,118,p243_119,262,188,74,178,84,177,73,12
17,119,p243_120,222,103,119,102,120,102,119,1
17,120,p243_121,230,118,112,118,112,118,112,0
17,121,p243_122,275,188,87,188,87,187,86,2
17,122,p243_123,305,159,146,155,150,155,146,4
17,123,p243_125,177,96,81,98,79,96,79,2
17,124,p243_126,177,108,69,108,69,108,69,0
17,125,p243_127,253,128,125,123,130,123,125,5
17,126,p243_128,185,110,75,106,79,106,75,4
17,127,p243_129,220,140,80,139,81,135,76,9
17,128,p243_130,209,124,85,121,88,121,85,3
17,129,p243_131,179,90,89,91,88,89,87,3
17,130,p243_132,305,214,91,235,70,213,69,23
17,131,p243_133,231,159,72,148,83,148,72,11
17,132,p243_134,217,125,92,126,91,118,84,15
17,133,p243_135,364,267,97,262,102,261,96,7
17,134,p243_136,299,170,129,172,127,170,127,2
17,135,p243_137,231,142,89,164,67,136,61,34
17,136,p243_138,234,140,94,139,95,137,92,5
17,137,p243_139,209,122,87,120,89,118,85,6
17,138,p243_140,214,120,94,120,94,120,94,0
17,139,p243_141,199,118,81,118,81,112,75,12
17,140,p243_142,251,168,83,163,88,163,83,5
17,141,p243_143,273,185,88,179,94,179,88,6
17,142,p243_144,302,196,106,196,106,195,105,2
17,143,p243_145,243,127,116,126,117,125,115,3
17,144,p243_146,257,141,116,137,120,135,114,8
17,145,p243_147,181,105,76,99,82,99,76,6
17,146,p243_148,209,109,100,111,98,108,97,4
17,147,p243_149,160,69,91,61,99,60,90,10
17,148,p243_150,107,37,70,53,54,37,54,16
17,149,p243_151,155,85,70,80,75,76,66,13
17,150,p243_152,110,38,72,39,71,36,69,5
17,151,p243_153,201,97,104,98,103,97,103,1
17,152,p243_154,230,149,81,147,83,147,81,2
17,153,p243_155,204,122,82,113,91,113,82,9
17,154,p243_156,265,183,82,176,89,176,82,7
17,155,p243_157,210,114,96,114,96,114,96,0
17,156,p243_158,251,152,99,154,97,151,96,4
17,157,p243_159,232,126,106,120,112,120,106,6
17,158,p243_160,230,144,86,140,90,137,83,10
17,159,p243_161,222,139,83,130,92,129,82,11
17,160,p243_162,229,132,97,132,97,132,97,0
17,161,p243_163,323,215,108,202,121,202,108,13
17,162,p243_164,185,105,80,105,80,104,79,2
17,163,p243_165,179,88,91,86,93,86,91,2
17,164,p243_166,224,149,75,147,77,147,75,2
17,165,p243_167,309,187,122,182,127,180,120,9
17,166,p243_168,249,133,116,133,116,132,115,2
17,167,p243_169,218,106,112,96,122,96,112,10
17,168,p243_170,200,104,96,95,105,94,95,11
17,169,p243_171,200,120,80,119,81,119,80,1
17,170,p243_172,213,139,74,136,77,136,74,3
17,171,p243_173,254,145,109,147,107,143,105,6
17,172,p243_174,339,257,82,259,80,248,71,20
17,173,p243_175,187,129,58,117,70,117,58,12
17,174,p243_176,272,140,132,136,136,134,130,8
17,175,p243_177,181,85,96,85,96,85,96,0
17,176,p243_178,281,153,128,150,131,150,128,3
17,177,p243_179,193,125,68,157,36,121,32,40
17,178,p243_180,209,117,92,115,94,115,92,2
17,179,p243_181,254,163,91,161,93,159,89,6
17,180,p243_182,204,114,90,110,94,109,89,6
17,181,p243_183,329,188,141,182,147,182,141,6
17,182,p243_184,173,91,82,94,79,91,79,3
17,183,p243_185,220,142,78,139,81,139,78,3
17,184,p243_186,254,152,102,152,102,152,102,0
17,185,p243_187,235,135,100,133,102,131,98,6
17,186,p243_188,203,112,91,112,91,112,91,0
17,187,p243_189,211,127,84,129,82,126,81,4
17,188,p243_190,337,238,99,218,119,218,99,20
17,189,p243_191,166,91,75,89,77,89,75,2
17,190,p243_192,167,99,68,93,74,93,68,6
17,191,p243_193,210,135,75,132,78,132,75,3
17,192,p243_194,244,161,83,161,83,160,82,2
17,193,p243_195,145,67,78,69,76,64,73,8
17,194,p243_196,181,102,79,101,80,100,78,3
17,195,p243_197,168,90,78,88,80,88,78,2
17,196,p243_198,149,75,74,72,77,72,74,3
17,197,p243_199,219,144,75,139,80,139,75,5
17,198,p243_200,220,152,68,148,72,148,68,4
17,199,p243_201,284,184,100,181,103,181,100,3
17,200,p243_202,184,87,97,83,101,77,91,16
18,1,p244_001,135,127,8,100,35,96,4,35
18,2,p244_002,196,140,56,164,32,137,29,30
18,3,p244_003,383,318,65,341,42,305,29,49
18,4,p244_004,310,230,80,222,88,206,64,40
18,5,p244_005,371,318,53,328,43,304,29,38
18,6,p244_006,349,264,85,282,67,247,50,52
18,7,p244_007,276,182,94,178,98,176,92,8
18,8,p244_008,500,371,129,415,85,352,66,82
18,9,p244_009,313,235,78,275,38,220,23,70
18,10,p244_010,198,108,90,174,24,108,24,66
18,11,p244_011,399,336,63,327,72,307,43,49
18,12,p244_012,285,259,26,229,56,220,17,48
18,13,p244_013,265,183,82,187,78,173,68,24
18,14,p244_014,323,281,42,265,58,254,31,38
18,15,p244_015,359,294,65,304,55,278,39,42
18,16,p244_016,415,338,77,351,64,329,55,31
18,17,p244_017,230,156,74,152,78,145,67,18
18,18,p244_018,348,276,72,278,70,267,61,20
18,19,p244_019,423,348,75,385,38,342,32,49
18,20,p244_020,223,195,28,171,52,165,22,36
18,21,p244_022,395,320,75,387,8,319,7,69
18,22,p244_023,659,569,90,570,89,551,71,37
18,23,p244_024,396,318,78,336,60,313,55,28
18,24,p244_025,156,102,54,99,57,86,41,29
18,25,p244_026,159,111,48,102,57,80,26,53
18,26,p244_027,166,108,58,129,37,100,29,37
18,27,p244_028,226,156,70,163,63,142,49,35
18,28,p244_029,199,128,71,126,73,112,57,30
18,29,p244_030,210,145,65,144,66,131,52,27
18,30,p244_031,181,91,90,127,54,87,50,44
18,31,p244_032,161,89,72,129,32,84,27,50
18,32,p244_033,148,81,67,117,31,70,20,58
18,33,p244_034,228,151,77,151,77,146,72,10
18,34,p244_035,190,140,50,149,41,133,34,23
18,35,p244_036,158,118,40,106,52,95,29,34
18,36,p244_037,156,139,17,96,60,87,8,61
18,37,p244_038,225,142,83,140,85,135,78,12
18,38,p244_039,172,126,46,107,65,107,46,19
18,39,p244_040,125,61,64,48,77,46,62,17
18,40,p244_041,208,163,45,140,68,137,42,29
18,41,p244_042,134,118,16,83,51,78,11,45
18,42,p244_043,168,114,54,100,68,96,50,22
18,43,p244_044,237,215,22,181,56,173,14,50
18,44,p244_045,142,89,53,80,62,68,41,33
18,45,p244_046,150,133,17,76,74,76,17,57
18,46,p244_047,156,86,70,90,66,86,66,4
18,47,p244_048,195,122,73,131,64,121,63,11
18,48,p244_049,134,67,67,61,73,60,66,8
18,49,p244_050,230,182,48,166,64,166,48,16
18,50,p244_051,161,102,59,93,68,88,54,19
18,51,p244_052,177,118,59,118,59,108,49,20
18,52,p244_053,168,136,32,114,54,108,26,34
18,53,p244_054,253,174,79,184,69,163,58,32
18,54,p244_055,176,120,56,143,33,116,29,31
18,55,p244_056,191,135,56,126,65,126,56,9
18,56,p244_057,163,125,38,102,61,98,34,31
18,57,p244_058,190,115,75,114,76,104,65,21
18,58,p244_059,207,127,80,123,84,120,77,10
18,59,p244_060,140,62,78,63,77,59,74,7
18,60,p244_061,157,76,81,79,78,68,70,19
18,61,p244_062,162,119,43,141,21,110,12,40
18,62,p244_063,144,74,70,75,69,66,61,17
18,63,p244_064,142,106,36,72,70,72,36,34
18,64,p244_065,143,89,54,85,58,77,46,20
18,65,p244_066,137,113,24,67,70,66,23,48
18,66,p244_067,189,117,72,129,60,111,54,24
18,67,p244_068,137,76,61,116,21,75,20,42
18,68,p244_069,169,97,72,122,47,93,43,33
18,69,p244_070,177,123,54,112,65,110,52,15
18,70,p244_071,274,197,77,222,52,191,46,37
18,71,p244_072,141,76,65,70,71,68,63,10
18,72,p244_073,251,186,65,180,71,178,63,10
18,73,p244_074,168,89,79,125,43,89,43,36
18,74,p244_075,186,106,80,132,54,95,43,48
18,75,p244_076,168,117,51,105,63,99,45,24
18,76,p244_077,189,136,53,132,57,122,43,24
18,77,p244_078,133,97,36,61,72,61,36,36
18,78,p244_079,183,111,72,89,94,88,71,24
18,79,p244_080,120,70,50,103,17,66,13,41
18,80,p244_081,131,54,77,81,50,53,49,29
18,81,p244_082,125,75,50,125,0,75,0,50
18,82,p244_083,112,49,63,68,44,45,40,27
18,83,p244_084,125,60,65,65,60,60,60,5
18,84,p244_085,129,92,37,81,48,79,35,15
18,85,p244_086,283,240,43,230,53,215,28,40
18,86,p244_087,175,105,70,139,36,104,35,36
18,87,p244_088,248,134,114,179,69,129,64,55
18,88,p244_089,205,174,31,178,27,157,10,38
18,89,p244_090,147,91,56,110,37,89,35,23
18,90,p244_091,236,187,49,186,50,173,36,27
18,91,p244_092,129,90,39,79,50,71,31,27
18,92,p244_093,214,165,49,161,53,150,38,26
18,93,p244_094,156,113,43,131,25,100,12,44
18,94,p244_095,243,179,64,172,71,171,63,9
18,95,p244_096,126,91,35,67,59,66,34,26
18,96,p244_097,229,147,82,164,65,144,62,23
18,97,p244_098,161,110,51,111,50,100,40,21
18,98,p244_099,162,107,55,101,61,99,53,10
18,99,p244_100,156,121,35,96,60,94,33,29
18,100,p244_101,180,126,54,178,2,125,1,54
18,101,p244_102,209,144,65,151,58,131,45,33
18,102,p244_103,228,143,85,209,19,140,16,72
18,103,p244_104,127,87,40,104,23,74,10,43
18,104,p244_105,195,144,51,139,56,126,38,31
18,105,p244_106,164,79,85,98,66,76,63,25
18,106,p244_107,230,151,79,181,49,150,48,32
18,107,p244_108,261,188,73,239,22,187,21,53
18,108,p244_109,262,214,48,206,56,197,39,26
18,109,p244_110,155,75,80,113,42,74,41,40
18,110,p244_111,161,90,71,86,75,84,69,8
18,111,p244_112,169,107,62,166,3,107,3,59
18,112,p244_113,132,71,61,105,27,61,17,54
18,113,p244_114,188,144,44,146,42,137,35,16
18,114,p244_115,252,183,69,185,67,178,62,12
18,115,p244_116,192,146,46,153,39,135,28,29
18,116,p244_117,183,159,24,133,50,122,13,48
18,117,p244_118,174,93,81,108,66,90,63,21
18,118,p244_119,182,143,39,113,69,111,37,34
18,119,p244_120,196,138,58,117,79,117,58,21
18,120,p244_121,210,186,24,140,70,131,15,64
18,121,p244_122,183,143,40,105,78,105,40,38
18,122,p244_123,278,235,43,211,67,199,31,48
18,123,p244_124,197,135,62,134,63,131,59,7
18,124,p244_125,130,71,59,52,78,50,57,23
18,125,p244_126,221,168,53,162,59,150,41,30
18,126,p244_127,233,162,71,160,73,155,66,12
18,127,p244_128,179,105,74,96,83,96,74,9
18,128,p244_129,161,100,61,98,63,85,48,28
18,129,p244_130,211,138,73,129,82,125,69,17
18,130,p244_131,264,239,25,201,63,201,25,38
18,131,p244_132,142,79,63,75,67,72,60,10
18,132,p244_133,131,48,83,58,73,46,71,14
18,133,p244_134,179,106,73,102,77,91,62,26
18,134,p244_135,157,92,65,115,42,84,34,39
18,135,p244_136,185,118,67,133,52,106,40,39
18,136,p244_137,153,101,52,108,45,85,29,39
18,137,p244_138,151,94,57,72,79,72,57,22
18,138,p244_139,118,61,57,57,61,50,50,18
18,139,p244_140,145,77,68,81,64,59,46,40
18,140,p244_141,213,142,71,147,66,133,57,23
18,141,p244_142,136,98,38,69,67,63,32,41
18,142,p244_143,245,213,32,178,67,170,24,51
18,143,p244_144,162,88,74,72,90,72,74,16
18,144,p244_145,165,100,65,156,9,100,9,56
18,145,p244_146,240,159,81,208,32,157,30,53
18,146,p244_147,248,190,58,229,19,177,6,65
18,147,p244_148,195,92,103,154,41,86,35,74
18,148,p244_149,213,133,80,129,84,129,80,4
18,149,p244_150,153,97,56,87,66,87,56,10
18,150,p244_151,161,125,36,91,70,91,36,34
18,151,p244_152,141,65,76,69,72,50,57,34
18,152,p244_153,177,107,70,156,21,107,21,49
18,153,p244_154,142,95,47,71,71,70,46,26
18,154,p244_155,172,95,77,90,82,90,77,5
18,155,p244_156,207,186,21,167,40,158,12,37
18,156,p244_157,234,135,99,132,102,123,90,21
18,157,p244_158,194,138,56,125,69,116,47,31
18,158,p244_159,217,122,95,124,93,116,87,14
18,159,p244_160,120,77,43,61,59,60,42,18
18,160,p244_161,293,210,83,189,104,188,82,23
18,161,p244_162,150,105,45,75,75,75,45,30
18,162,p244_163,196,137,59,150,46,121,30,45
18,163,p244_164,211,153,58,157,54,142,43,26
18,164,p244_165,232,160,72,163,69,159,68,5
18,165,p244_166,241,169,72,161,80,156,67,18
18,166,p244_167,221,210,11,178,43,176,9,36
18,167,p244_168,275,204,71,201,74,187,57,31
18,168,p244_169,135,87,48,77,58,76,47,12
18,169,p244_170,216,147,69,188,28,145,26,45
18,170,p244_171,208,134,74,138,70,125,61,22
18,171,p244_172,244,181,63,168,76,159,54,31
18,172,p244_173,188,102,86,127,61,98,57,33
18,173,p244_174,193,115,78,117,76,102,63,28
18,174,p244_175,158,84,74,74,84,69,69,20
18,175,p244_176,272,242,30,208,64,201,23,48
18,176,p244_177,140,111,29,78,62,74,25,41
18,177,p244_178,190,148,42,190,0,148,0,42
18,178,p244_179,206,145,61,175,31,143,29,34
18,179,p244_180,184,122,62,142,42,117,37,30
18,180,p244_181,138,74,64,70,68,68,62,8
18,181,p244_182,142,100,42,67,75,66,41,35
18,182,p244_183,190,137,53,129,61,117,41,32
18,183,p244_184,143,85,58,76,67,70,52,21
18,184,p244_185,182,160,22,127,55,119,14,49
18,185,p244_186,170,90,80,92,78,88,76,6
18,186,p244_187,138,112,26,96,42,84,14,40
18,187,p244_188,180,112,68,128,52,104,44,32
18,188,p244_189,252,189,63,175,77,168,56,28
18,189,p244_190,204,134,70,135,69,130,65,9
18,190,p244_191,139,86,53,72,67,68,49,22
18,191,p244_192,116,53,63,94,22,48,17,51
18,192,p244_193,139,44,95,72,67,44,67,28
18,193,p244_194,119,76,43,97,22,70,16,33
18,194,p244_195,158,110,48,103,55,83,28,47
18,195,p244_196,133,91,42,70,63,63,35,35
18,196,p244_197,138,124,14,84,54,75,5,58
18,197,p244_198,174,130,44,126,48,109,27,38
18,198,p244_199,222,175,47,158,64,147,36,39
18,199,p244_200,166,89,77,77,89,74,74,18
18,200,p244_201,193,126,67,121,72,120,66,7
19,1,p245_001,133,84,49,131,2,83,1,49
19,2,p245_002,252,165,87,172,80,159,74,19
19,3,p245_003,547,387,160,491,56,384,53,110
19,4,p245_004,364,280,84,337,27,276,23,65
19,5,p245_005,456,330,126,387,69,327,66,63
19,6,p245_006,422,293,129,388,34,293,34,95
19,7,p245_007,327,235,92,262,65,235,65,27
19,8,p245_008,551,394,157,417,134,389,129,33
19,9,p245_009,295,209,86,255,40,204,35,56
19,10,p245_010,227,133,94,137,90,132,89,6
19,11,p245_011,482,369,113,368,114,361,106,15
19,12,p245_012,290,233,57,223,67,223,57,10
19,13,p245_013,299,226,73,223,76,221,71,7
19,14,p245_014,361,285,76,278,83,272,70,19
19,15,p245_015,401,322,79,344,57,317,52,32
19,16,p245_016,478,370,108,400,78,366,74,38
19,17,p245_017,227,159,68,171,56,155,52,20
19,18,p245_018,385,293,92,319,66,292,65,28
19,19,p245_019,487,376,111,468,19,374,17,96
19,20,p245_020,283,209,74,218,65,203,59,21
19,21,p245_021,651,512,139,551,100,508,96,47
19,22,p245_022,516,398,118,394,122,375,99,42
19,23,p245_023,808,682,126,719,89,667,74,67
19,24,p245_024,559,441,118,446,113,390,62,107
19,25,p245_025,165,95,70,158,7,95,7,63
19,26,p245_026,137,63,74,103,34,61,32,44
19,27,p245_027,126,76,50,100,26,71,21,34
19,28,p245_028,296,233,63,267,29,230,26,40
19,29,p245_029,354,274,80,299,55,270,51,33
19,30,p245_030,150,94,56,123,27,86,19,45
19,31,p245_031,275,152,123,151,124,149,121,5
19,32,p245_032,322,255,67,300,22,251,18,53
19,33,p245_033,151,76,75,77,74,68,66,17
19,34,p245_034,342,233,109,241,101,231,99,12
19,35,p245_035,343,262,81,233,110,223,71,49
19,36,p245_036,280,212,68,213,67,210,65,5
19,37,p245_037,264,165,99,174,90,162,87,15
19,38,p245_038,124,61,63,62,62,61,62,1
19,39,p245_039,144,80,64,95,49,65,34,45
19,40,p245_040,139,87,52,68,71,61,45,33
19,41,p245_041,153,99,54,83,70,73,44,36
19,42,p245_042,283,193,90,215,68,190,65,28
19,43,p245_043,199,141,58,168,31,136,26,37
19,44,p245_044,182,98,84,98,84,95,81,6
19,45,p245_045,125,73,52,84,41,73,41,11
19,46,p245_046,233,147,86,148,85,146,84,3
19,47,p245_047,232,131,101,135,97,131,97,4
19,48,p245_048,194,76,118,77,117,65,106,23
19,49,p245_049,192,102,90,104,88,102,88,2
19,50,p245_050,117,46,71,55,62,45,61,11
19,51,p245_051,124,64,60,49,75,49,60,15
19,52,p245_053,307,194,113,250,57,190,53,64
19,53,p245_054,152,76,76,87,65,76,65,11
19,54,p245_055,144,76,68,77,67,75,66,3
19,55,p245_056,151,74,77,63,88,63,77,11
19,56,p245_057,175,124,51,103,72,101,49,25
19,57,p245_058,178,98,80,92,86,90,78,10
19,58,p245_059,256,155,101,150,106,149,100,7
19,59,p245_060,301,209,92,226,75,208,74,19
19,60,p245_061,232,136,96,142,90,134,88,10
19,61,p245_062,192,121,71,128,64,119,62,11
19,62,p245_063,138,58,80,61,77,54,73,11
19,63,p245_064,332,224,108,221,111,208,95,29
19,64,p245_065,131,74,57,81,50,69,45,17
19,65,p245_066,154,105,49,88,66,79,40,35
19,66,p245_067,216,145,71,145,71,144,70,2
19,67,p245_068,317,201,116,260,57,200,56,61
19,68,p245_069,215,137,78,137,78,134,75,6
19,69,p245_070,172,88,84,86,86,86,84,2
19,70,p245_071,287,224,63,218,69,201,46,40
19,71,p245_072,183,98,85,114,69,97,68,18
19,72,p245_073,184,115,69,113,71,109,65,10
19,73,p245_074,266,180,86,181,85,175,80,11
19,74,p245_075,135,63,72,66,69,62,68,5
19,75,p245_076,221,104,117,100,121,100,117,4
19,76,p245_077,145,76,69,127,18,76,18,51
19,77,p245_078,200,155,45,177,23,140,8,52
19,78,p245_079,149,96,53,86,63,84,51,14
19,79,p245_080,262,181,81,247,15,179,13,70
19,80,p245_081,310,206,104,227,83,206,83,21
19,81,p245_082,140,62,78,60,80,60,78,2
19,82,p245_083,326,209,117,214,112,208,111,7
19,83,p245_084,203,124,79,125,78,122,76,5
19,84,p245_085,342,218,124,233,109,210,101,31
19,85,p245_086,128,98,30,55,73,55,30,43
19,86,p245_087,271,224,47,197,74,184,34,53
19,87,p245_088,154,76,78,73,81,71,76,7
19,88,p245_089,136,79,57,73,63,69,53,14
19,89,p245_090,300,209,91,203,97,197,85,18
19,90,p245_091,182,99,83,95,87,89,77,16
19,91,p245_092,151,73,78,65,86,52,65,34
19,92,p245_093,259,181,78,190,69,167,55,37
19,93,p245_094,194,104,90,123,71,104,71,19
19,94,p245_095,179,94,85,94,85,94,85,0
19,95,p245_096,221,109,112,117,104,109,104,8
19,96,p245_097,169,93,76,86,83,67,57,45
19,97,p245_098,308,208,100,240,68,208,68,32
19,98,p245_099,196,102,94,111,85,99,82,15
19,99,p245_100,150,53,97,52,98,52,97,1
19,100,p245_101,238,171,67,141,97,137,63,38
19,101,p245_102,208,112,96,184,24,112,24,72
19,102,p245_103,256,161,95,169,87,157,83,16
19,103,p245_104,183,84,99,78,105,78,99,6
19,104,p245_105,230,134,96,128,102,126,94,10
19,105,p245_106,161,71,90,87,74,64,67,30
19,106,p245_107,261,148,113,147,114,144,110,7
19,107,p245_108,127,40,87,45,82,40,82,5
19,108,p245_109,235,155,80,162,73,155,73,7
19,109,p245_110,161,89,72,91,70,83,64,14
19,110,p245_111,190,143,47,128,62,128,47,15
19,111,p245_112,253,160,93,157,96,143,79,31
19,112,p245_113,286,202,84,191,95,175,68,43
19,113,p245_114,181,94,87,176,5,94,5,82
19,114,p245_115,309,218,91,255,54,209,45,55
19,115,p245_116,233,161,72,162,71,158,68,7
19,116,p245_117,284,205,79,204,80,188,63,33
19,117,p245_118,198,118,80,129,69,103,54,41
19,118,p245_119,140,56,84,57,83,54,81,5
19,119,p245_120,278,172,106,172,106,170,104,4
19,120,p245_121,252,177,75,176,76,176,75,1
19,121,p245_122,147,78,69,67,80,65,67,15
19,122,p245_123,124,80,44,50,74,48,42,34
19,123,p245_124,177,137,40,113,64,111,38,28
19,124,p245_125,165,130,35,98,67,96,33,36
19,125,p245_126,273,179,94,174,99,168,88,17
19,126,p245_127,159,117,42,88,71,87,41,31
19,127,p245_128,117,70,47,55,62,54,46,17
19,128,p245_129,230,149,81,143,87,142,80,8
19,129,p245_130,196,89,107,85,111,84,106,6
19,130,p245_131,202,132,70,188,14,129,11,62
19,131,p245_132,139,75,64,68,71,64,60,15
19,132,p245_133,218,181,37,133,85,131,35,52
19,133,p245_134,276,220,56,276,0,220,0,56
19,134,p245_135,250,199,51,220,30,194,25,31
19,135,p245_136,177,126,51,172,5,126,5,46
19,136,p245_137,276,162,114,211,65,158,61,57
19,137,p245_138,172,117,55,104,68,97,48,27
19,138,p245_139,215,143,72,203,12,141,10,64
19,139,p245_140,234,170,64,195,39,161,30,43
19,140,p245_141,136,96,40,93,43,81,28,27
19,141,p245_142,183,128,55,121,62,109,43,31
19,142,p245_143,161,121,40,110,51,100,30,31
19,143,p245_144,271,196,75,194,77,192,73,6
19,144,p245_145,141,78,63,70,71,60,53,28
19,145,p245_146,205,156,49,128,77,128,49,28
19,146,p245_147,198,127,71,120,78,120,71,7
19,147,p245_148,145,108,37,72,73,67,32,46
19,148,p245_149,177,111,66,99,78,99,66,12
19,149,p245_150,323,262,61,239,84,232,54,37
19,150,p245_151,225,128,97,141,84,125,81,19
19,151,p245_152,172,125,47,120,52,106,33,33
19,152,p245_154,189,123,66,150,39,123,39,27
19,153,p245_155,294,215,79,215,79,210,74,10
19,154,p245_156,167,117,50,105,62,104,49,14
19,155,p245_157,146,84,62,76,70,76,62,8
19,156,p245_158,181,89,92,107,74,82,67,32
19,157,p245_160,227,193,34,178,49,166,22,39
19,158,p245_161,274,224,50,201,73,201,50,23
19,159,p245_162,159,94,65,109,50,81,37,41
19,160,p245_163,164,120,44,109,55,99,34,31
19,161,p245_164,140,107,33,63,77,63,33,44
19,162,p245_165,184,151,33,115,69,115,33,36
19,163,p245_166,155,102,53,82,73,82,53,20
19,164,p245_167,211,140,71,134,77,130,67,14
19,165,p245_168,176,120,56,82,94,82,56,38
19,166,p245_170,226,169,57,167,59,155,45,26
19,167,p245_171,157,96,61,95,62,94,60,3
19,168,p245_172,289,195,94,194,95,186,86,17
19,169,p245_173,187,133,54,123,64,116,47,24
19,170,p245_174,270,201,69,165,105,165,69,36
19,171,p245_175,251,190,61,179,72,177,59,15
19,172,p245_176,270,235,35,200,70,200,35,35
19,173,p245_177,274,197,77,186,88,181,72,21
19,174,p245_178,232,151,81,192,40,148,37,47
19,175,p245_179,184,112,72,113,71,110,69,5
19,176,p245_180,137,79,58,68,69,68,58,11
19,177,p245_181,183,121,62,115,68,114,61,8
19,178,p245_182,154,87,67,82,72,82,67,5
19,179,p245_183,122,54,68,52,70,52,68,2
19,180,p245_184,148,96,52,79,69,75,48,25
19,181,p245_185,150,69,81,144,6,69,6,75
19,182,p245_186,252,176,76,210,42,172,38,42
19,183,p245_187,277,150,127,151,126,148,124,5
19,184,p245_188,180,125,55,125,55,117,47,16
19,185,p245_189,131,64,67,59,72,59,67,5
19,186,p245_190,167,90,77,81,86,79,75,13
19,187,p245_191,138,94,44,77,61,75,42,21
19,188,p245_192,168,100,68,93,75,93,68,7
19,189,p245_193,124,66,58,57,67,57,58,9
19,190,p245_194,137,82,55,61,76,59,53,25
19,191,p245_195,156,114,42,82,74,71,31,54
19,192,p245_196,211,140,71,125,86,108,54,49
19,193,p245_197,154,112,42,101,53,94,35,25
19,194,p245_198,121,90,31,113,8,89,7,25
19,195,p245_199,230,170,60,162,68,162,60,8
19,196,p245_200,248,174,74,174,74,168,68,12
19,197,p245_201,307,248,59,216,91,208,51,48
19,198,p245_202,285,231,54,203,82,202,53,30
19,199,p245_203,310,258,52,241,69,232,43,35
19,200,p245_204,274,225,49,198,76,198,49,27
20,1,p246_001,156,93,63,93,63,90,60,6
20,2,p246_002,250,217,33,177,73,177,33,40
20,3,p246_003,528,415,113,364,164,363,112,53
20,4,p246_004,367,301,66,298,69,274,42,51
20,5,p246_005,458,358,100,333,125,327,94,37
20,6,p246_006,422,313,109,294,128,294,109,19
20,7,p246_007,340,253,87,231,109,231,87,22
20,8,p246_008,532,442,90,416,116,399,73,60
20,9,p246_009,348,220,128,225,123,210,113,25
20,10,p246_010,224,137,87,134,90,127,80,17
20,11,p246_011,500,394,106,376,124,365,95,40
20,12,p246_012,328,243,85,245,83,237,77,14
20,13,p246_013,301,246,55,234,67,230,51,20
20,14,p246_014,348,284,64,258,90,257,63,28
20,15,p246_015,419,337,82,334,85,326,74,19
20,16,p246_016,483,341,142,347,136,333,128,22
20,17,p246_017,271,188,83,197,74,179,65,27
20,18,p246_018,455,306,149,394,61,306,61,88
20,19,p246_019,510,414,96,415,95,386,67,57
20,20,p246_020,289,249,40,244,45,228,24,37
20,21,p246_021,616,490,126,550,66,482,58,76
20,22,p246_022,461,337,124,357,104,333,100,28
20,23,p246_023,755,561,194,583,172,537,148,70
20,24,p246_024,472,346,126,344,128,334,116,22
20,25,p246_025,145,108,37,80,65,80,37,28
20,26,p246_026,227,159,68,146,81,144,66,17
20,27,p246_027,150,64,86,65,85,59,80,11
20,28,p246_028,283,169,114,179,104,167,102,14
20,29,p246_029,316,240,76,237,79,234,73,9
20,30,p246_030,203,83,120,96,107,76,100,27
20,31,p246_031,125,62,63,85,40,62,40,23
20,32,p246_032,172,107,65,124,48,103,44,25
20,33,p246_033,276,208,68,207,69,205,66,5
20,34,p246_034,177,95,82,96,81,94,80,3
20,35,p246_035,262,195,67,201,61,194,60,8
20,36,p246_036,113,75,38,81,32,64,21,28
20,37,p246_037,123,80,43,68,55,63,38,22
20,38,p246_038,331,221,110,251,80,220,79,32
20,39,p246_039,147,77,70,107,40,71,34,42
20,40,p246_040,302,192,110,275,27,179,14,109
20,41,p246_041,230,170,60,191,39,169,38,23
20,42,p246_042,265,185,80,198,67,183,65,17
20,43,p246_043,270,200,70,201,69,197,66,7
20,44,p246_044,125,60,65,58,67,58,65,2
20,45,p246_045,297,220,77,212,85,209,74,14
20,46,p246_046,160,92,68,95,65,91,64,5
20,47,p246_047,134,65,69,62,72,58,65,11
20,48,p246_048,153,77,76,75,78,75,76,2
20,49,p246_049,147,69,78,64,83,64,78,5
20,50,p246_050,153,79,74,65,88,64,73,16
20,51,p246_051,211,155,56,159,52,151,48,12
20,52,p246_052,121,66,55,50,71,48,53,20
20,53,p246_053,241,154,87,154,87,149,82,10
20,54,p246_054,234,158,76,148,86,141,69,24
20,55,p246_055,129,61,68,55,74,50,63,16
20,56,p246_056,286,215,71,210,76,210,71,5
20,57,p246_057,137,49,88,44,93,44,88,5
20,58,p246_058,193,127,66,117,76,117,66,10
20,59,p246_059,276,194,82,191,85,189,80,7
20,60,p246_060,183,111,72,103,80,103,72,8
20,61,p246_061,163,84,79,90,73,78,67,18
20,62,p246_062,288,210,78,204,84,200,74,14
20,63,p246_063,126,49,77,51,75,47,73,6
20,64,p246_064,206,117,89,110,96,107,86,13
20,65,p246_065,193,118,75,125,68,116,66,11
20,66,p246_066,198,109,89,132,66,106,63,29
20,67,p246_067,169,107,62,92,77,84,54,31
20,68,p246_068,180,100,80,98,82,97,79,4
20,69,p246_069,372,271,101,258,114,248,91,33
20,70,p246_070,179,121,58,128,51,119,49,11
20,71,p246_071,300,200,100,182,118,172,90,38
20,72,p246_072,150,99,51,101,49,89,39,22
20,73,p246_073,182,113,69,100,82,100,69,13
20,74,p246_074,150,86,64,136,14,86,14,50
20,75,p246_075,233,144,89,145,88,139,83,11
20,76,p246_076,246,165,81,162,84,157,76,13
20,77,p246_077,178,68,110,75,103,64,99,15
20,78,p246_078,178,99,79,105,73,98,72,8
20,79,p246_079,201,111,90,143,58,109,56,36
20,80,p246_080,186,124,62,110,76,107,59,20
20,81,p246_081,275,199,76,195,80,186,67,22
20,82,p246_082,118,51,67,63,55,51,55,12
20,83,p246_083,240,160,80,195,45,160,45,35
20,84,p246_084,139,84,55,84,55,84,55,0
20,85,p246_085,143,60,83,69,74,57,71,15
20,86,p246_086,297,245,52,217,80,215,50,32
20,87,p246_087,323,273,50,254,69,240,36,47
20,88,p246_088,153,108,45,107,46,107,45,1
20,89,p246_089,173,114,59,95,78,94,58,21
20,90,p246_090,131,53,78,50,81,50,78,3
20,91,p246_091,126,84,42,56,70,56,42,28
20,92,p246_092,126,74,52,63,63,60,49,17
20,93,p246_093,147,65,82,92,55,65,55,27
20,94,p246_094,134,70,64,69,65,68,63,3
20,95,p246_095,356,242,114,247,109,232,99,25
20,96,p246_096,270,159,111,173,97,158,96,16
20,97,p246_097,242,169,73,195,47,156,34,52
20,98,p246_098,370,282,88,288,82,279,79,12
20,99,p246_099,198,103,95,114,84,95,76,27
20,100,p246_100,155,74,81,75,80,70,76,9
20,101,p246_101,183,105,78,103,80,101,76,6
20,102,p246_102,250,223,27,173,77,169,23,58
20,103,p246_103,198,117,81,113,85,110,78,10
20,104,p246_104,158,105,53,93,65,80,40,38
20,105,p246_105,304,238,66,208,96,199,57,48
20,106,p246_106,214,129,85,129,85,121,77,16
20,107,p246_107,123,54,69,43,80,41,67,15
20,108,p246_108,196,139,57,120,76,115,52,29
20,109,p246_109,145,79,66,64,81,64,66,15
20,110,p246_110,142,90,52,72,70,66,46,30
20,111,p246_111,239,189,50,169,70,168,49,22
20,112,p246_112,265,179,86,204,61,176,58,31
20,113,p246_113,152,75,77,84,68,70,63,19
20,114,p246_114,283,193,90,208,75,184,66,33
20,115,p246_115,251,160,91,164,87,153,80,18
20,116,p246_116,141,48,93,44,97,44,93,4
20,117,p246_117,227,137,90,134,93,133,89,5
20,118,p246_118,190,116,74,111,79,106,69,15
20,119,p246_119,286,224,62,218,68,215,59,12
20,120,p246_120,204,108,96,107,97,106,95,3
20,121,p246_121,275,192,83,181,94,179,81,15
20,122,p246_122,168,112,56,90,78,90,56,22
20,123,p246_123,147,98,49,105,42,81,25,41
20,124,p246_124,182,105,77,99,83,97,75,10
20,125,p246_125,174,137,37,106,68,104,35,35
20,126,p246_126,222,158,64,143,79,141,62,19
20,127,p246_127,215,134,81,136,79,124,69,22
20,128,p246_128,155,103,52,91,64,86,47,22
20,129,p246_129,153,76,77,92,61,75,60,18
20,130,p246_130,330,206,124,273,57,206,57,67
20,131,p246_131,339,244,95,277,62,236,54,49
20,132,p246_132,311,241,70,265,46,225,30,56
20,133,p246_133,155,89,66,87,68,84,63,8
20,134,p246_134,285,189,96,180,105,174,90,21
20,135,p246_135,237,166,71,161,76,158,68,11
20,136,p246_136,302,224,78,207,95,202,73,27
20,137,p246_137,314,247,67,272,42,236,31,47
20,138,p246_138,297,220,77,218,79,213,72,12
20,139,p246_139,155,134,21,85,70,85,21,49
20,140,p246_140,187,152,35,132,55,125,28,34
20,141,p246_141,327,255,72,223,104,223,72,32
20,142,p246_142,123,73,50,55,68,53,48,22
20,143,p246_143,298,217,81,211,87,209,79,10
20,144,p246_144,211,142,69,140,71,138,67,6
20,145,p246_145,357,237,120,221,136,218,117,22
20,146,p246_146,176,97,79,117,59,90,52,34
20,147,p246_147,174,119,55,126,48,106,35,33
20,148,p246_148,352,271,81,259,93,254,76,22
20,149,p246_149,316,205,111,200,116,194,105,17
20,150,p246_150,137,98,39,70,67,68,37,32
20,151,p246_151,326,217,109,199,127,198,108,20
20,152,p246_152,265,186,79,210,55,185,54,26
20,153,p246_153,332,239,93,239,93,233,87,12
20,154,p246_154,196,125,71,137,59,119,53,24
20,155,p246_155,181,109,72,110,71,109,71,1
20,156,p246_156,286,241,45,211,75,207,41,38
20,157,p246_157,257,156,101,149,108,147,99,11
20,158,p246_158,161,75,86,89,72,75,72,14
20,159,p246_159,131,62,69,78,53,57,48,26
20,160,p246_160,332,245,87,239,93,230,78,24
20,161,p246_161,153,78,75,138,15,77,14,62
20,162,p246_162,304,213,91,196,108,194,89,21
20,163,p246_163,164,103,61,96,68,95,60,9
20,164,p246_164,174,85,89,111,63,85,63,26
20,165,p246_165,191,121,70,137,54,114,47,30
20,166,p246_166,161,81,80,82,79,80,78,3
20,167,p246_167,332,212,120,246,86,208,82,42
20,168,p246_168,140,77,63,100,40,76,39,25
20,169,p246_169,134,56,78,75,59,51,54,29
20,170,p246_170,332,222,110,235,97,213,88,31
20,171,p246_171,252,197,55,193,59,191,53,8
20,172,p246_172,167,108,59,96,71,96,59,12
20,173,p246_173,149,82,67,97,52,82,52,15
20,174,p246_174,167,96,71,147,20,91,15,61
20,175,p246_175,301,206,95,208,93,202,89,10
20,176,p246_176,322,200,122,252,70,197,67,58
20,177,p246_177,131,66,65,108,23,65,22,44
20,178,p246_178,325,230,95,279,46,225,41,59
20,179,p246_179,289,187,102,198,91,183,87,19
20,180,p246_180,182,121,61,135,47,117,43,22
20,181,p246_181,179,89,90,159,20,87,18,74
20,182,p246_182,105,49,56,88,17,49,17,39
20,183,p246_183,132,64,68,102,30,63,29,40
20,184,p246_184,153,81,72,88,65,77,61,15
20,185,p246_185,215,171,44,150,65,145,39,31
20,186,p246_186,275,205,70,238,37,200,32,43
20,187,p246_187,271,169,102,170,101,158,90,23
20,188,p246_188,194,110,84,131,63,106,59,29
20,189,p246_189,287,221,66,261,26,216,21,50
20,190,p246_190,148,88,60,92,56,85,53,10
20,191,p246_191,134,67,67,57,77,54,64,16
20,192,p246_192,197,124,73,119,78,118,72,7
20,193,p246_193,249,161,88,148,101,146,86,17
20,194,p246_194,324,230,94,233,91,213,74,37
20,195,p246_195,141,63,78,63,78,55,70,16
20,196,p246_196,212,121,91,138,74,120,73,19
20,197,p246_197,303,206,97,181,122,179,95,29
20,198,p246_198,215,122,93,160,55,118,51,46
20,199,p246_199,322,233,89,235,87,230,84,8
20,200,p246_200,213,140,73,145,68,138,66,9
21,1,p247_001,147,103,44,91,56,87,40,20
21,2,p247_002,222,140,82,160,62,138,60,24
21,3,p247_003,470,342,128,365,105,328,91,51
21,4,p247_004,325,229,96,226,99,209,79,37
21,5,p247_005,406,320,86,316,90,296,66,44
21,6,p247_006,377,264,113,253,124,242,102,33
21,7,p247_007,291,213,78,201,90,200,77,14
21,8,p247_008,473,365,108,372,101,359,95,19
21,9,p247_009,316,216,100,216,100,211,95,10
21,10,p247_010,206,156,50,116,90,115,49,42
21,11,p247_011,427,341,86,301,126,300,85,42
21,12,p247_012,302,214,88,201,101,201,88,13
21,13,p247_013,283,203,80,181,102,181,80,22
21,14,p247_014,305,224,81,211,94,203,73,29
21,15,p247_016,393,308,85,295,98,294,84,15
21,16,p247_017,249,169,80,154,95,150,76,23
21,17,p247_018,342,249,93,251,91,247,89,6
21,18,p247_019,420,338,82,336,84,333,79,8
21,19,p247_020,272,190,82,168,104,168,82,22
21,20,p247_021,549,415,134,402,147,402,134,13
21,21,p247_022,525,314,211,306,219,305,210,10
21,22,p247_023,660,522,138,515,145,513,136,11
21,23,p247_024,440,326,114,318,122,318,114,8
21,24,p247_025,214,120,94,117,97,117,94,3
21,25,p247_026,192,102,90,100,92,100,90,2
21,26,p247_027,262,170,92,170,92,170,92,0
21,27,p247_028,164,74,90,61,103,61,90,13
21,28,p247_029,200,113,87,133,67,113,67,20
21,29,p247_030,220,131,89,134,86,127,82,11
21,30,p247_031,236,146,90,147,89,146,89,1
21,31,p247_032,195,101,94,96,99,95,93,7
21,32,p247_033,192,94,98,98,94,90,90,12
21,33,p247_034,212,124,88,126,86,122,84,6
21,34,p247_035,168,70,98,65,103,65,98,5
21,35,p247_036,288,194,94,189,99,188,93,7
21,36,p247_037,245,148,97,145,100,145,97,3
21,37,p247_038,216,111,105,110,106,110,105,1
21,38,p247_039,219,128,91,125,94,124,90,5
21,39,p247_040,217,121,96,125,92,118,89,10
21,40,p247_041,174,89,85,87,87,87,85,2
21,41,p247_042,168,71,97,72,96,71,96,1
21,42,p247_043,199,106,93,104,95,104,93,2
21,43,p247_044,191,111,80,106,85,106,80,5
21,44,p247_045,181,95,86,88,93,87,85,9
21,45,p247_046,175,92,83,90,85,90,83,2
21,46,p247_047,198,106,92,100,98,100,92,6
21,47,p247_048,262,153,109,150,112,148,107,7
21,48,p247_049,231,141,90,138,93,138,90,3
21,49,p247_050,214,130,84,118,96,118,84,12
21,50,p247_051,197,137,60,111,86,110,59,28
21,51,p247_052,205,122,83,114,91,114,83,8
21,52,p247_053,202,119,83,116,86,116,83,3
21,53,p247_054,175,95,80,93,82,89,76,10
21,54,p247_055,167,84,83,81,86,81,83,3
21,55,p247_056,278,159,119,154,124,154,119,5
21,56,p247_057,195,92,103,90,105,90,103,2
21,57,p247_058,137,64,73,51,86,50,72,15
21,58,p247_059,175,67,108,66,109,65,107,3
21,59,p247_060,155,62,93,60,95,60,93,2
21,60,p247_061,137,52,85,51,86,51,85,1
21,61,p247_062,154,86,68,76,78,76,68,10
21,62,p247_063,200,106,94,101,99,101,94,5
21,63,p247_064,304,222,82,220,84,220,82,2
21,64,p247_065,170,75,95,71,99,71,95,4
21,65,p247_066,234,109,125,106,128,106,125,3
21,66,p247_067,158,89,69,77,81,77,69,12
21,67,p247_068,185,106,79,102,83,102,79,4
21,68,p247_069,199,103,96,101,98,101,96,2
21,69,p247_070,197,106,91,99,98,99,91,7
21,70,p247_071,222,120,102,117,105,117,102,3
21,71,p247_072,167,77,90,74,93,74,90,3
21,72,p247_073,208,111,97,107,101,107,97,4
21,73,p247_074,200,101,99,97,103,97,99,4
21,74,p247_075,208,116,92,107,101,107,92,9
21,75,p247_076,215,127,88,126,89,125,87,3
21,76,p247_077,168,87,81,84,84,84,81,3
21,77,p247_078,212,118,94,118,94,118,94,0
21,78,p247_079,195,111,84,107,88,107,84,4
21,79,p247_080,241,157,84,148,93,148,84,9
21,80,p247_081,213,118,95,115,98,115,95,3
21,81,p247_082,199,159,40,121,78,112,31,56
21,82,p247_083,182,98,84,97,85,95,82,5
21,83,p247_084,167,62,105,62,105,62,105,0
21,84,p247_085,161,72,89,69,92,69,89,3
21,85,p247_086,187,104,83,103,84,100,80,7
21,86,p247_087,173,99,74,85,88,85,74,14
21,87,p247_088,162,90,72,85,77,85,72,5
21,88,p247_089,240,153,87,153,87,152,86,2
21,89,p247_090,186,108,78,107,79,106,77,3
21,90,p247_091,188,91,97,86,102,85,96,7
21,91,p247_092,214,123,91,122,92,122,91,1
21,92,p247_093,202,103,99,104,98,103,98,1
21,93,p247_094,164,87,77,76,88,76,77,11
21,94,p247_095,169,88,81,81,88,81,81,7
21,95,p247_096,183,98,85,94,89,94,85,4
21,96,p247_097,194,116,78,108,86,108,78,8
21,97,p247_098,256,160,96,138,118,122,80,54
21,98,p247_099,206,135,71,111,95,111,71,24
21,99,p247_100,160,81,79,70,90,62,71,27
21,100,p247_101,190,84,106,78,112,78,106,6
21,101,p247_102,145,65,80,60,85,59,79,7
21,102,p247_103,163,85,78,80,83,80,78,5
21,103,p247_104,220,137,83,131,89,131,83,6
21,104,p247_105,203,127,76,125,78,125,76,2
21,105,p247_106,193,93,100,92,101,91,99,3
21,106,p247_107,203,107,96,100,103,100,96,7
21,107,p247_108,184,91,93,83,101,83,93,8
21,108,p247_109,209,105,104,106,103,104,102,3
21,109,p247_110,198,95,103,90,108,90,103,5
21,110,p247_111,188,88,100,76,112,76,100,12
21,111,p247_112,194,123,71,111,83,111,71,12
21,112,p247_113,278,161,117,159,119,158,116,4
21,113,p247_114,247,154,93,152,95,148,89,10
21,114,p247_115,209,138,71,146,63,136,61,12
21,115,p247_116,193,103,90,103,90,102,89,2
21,116,p247_117,158,61,97,60,98,60,97,1
21,117,p247_118,187,90,97,91,96,90,96,1
21,118,p247_119,161,75,86,70,91,70,86,5
21,119,p247_120,169,82,87,77,92,77,87,5
21,120,p247_121,171,53,118,51,120,51,118,2
21,121,p247_122,166,92,74,92,74,91,73,2
21,122,p247_123,182,84,98,78,104,77,97,8
21,123,p247_124,163,71,92,71,92,71,92,0
21,124,p247_125,279,180,99,173,106,170,96,13
21,125,p247_126,178,93,85,89,89,89,85,4
21,126,p247_127,198,101,97,100,98,100,97,1
21,127,p247_128,262,178,84,157,105,147,74,41
21,128,p247_129,221,134,87,124,97,124,87,10
21,129,p247_130,208,104,104,102,106,102,104,2
21,130,p247_131,194,97,97,91,103,91,97,6
21,131,p247_132,211,104,107,124,87,95,78,38
21,132,p247_133,180,98,82,87,93,83,78,19
21,133,p247_134,221,127,94,135,86,124,83,14
21,134,p247_135,237,127,110,123,114,120,107,10
21,135,p247_136,187,87,100,78,109,78,100,9
21,136,p247_137,246,150,96,144,102,144,96,6
21,137,p247_138,167,79,88,99,68,74,63,30
21,138,p247_139,199,108,91,116,83,106,81,12
21,139,p247_140,211,99,112,146,65,99,65,47
21,140,p247_141,218,100,118,100,118,99,117,2
21,141,p247_142,180,99,81,91,89,91,81,8
21,142,p247_143,189,98,91,96,93,90,85,14
21,143,p247_144,232,134,98,136,96,132,94,6
21,144,p247_145,174,89,85,123,51,85,47,42
21,145,p247_146,195,105,90,111,84,104,83,8
21,146,p247_147,182,75,107,71,111,69,105,8
21,147,p247_148,163,71,92,72,91,70,90,3
21,148,p247_149,158,107,51,64,94,64,51,43
21,149,p247_150,142,81,61,47,95,47,61,34
21,150,p247_151,131,49,82,48,83,44,78,9
21,151,p247_152,177,87,90,86,91,83,87,7
21,152,p247_153,142,66,76,99,43,61,38,43
21,153,p247_154,163,61,102,58,105,58,102,3
21,154,p247_155,166,88,78,90,76,88,76,2
21,155,p247_156,150,72,78,99,51,72,51,27
21,156,p247_157,192,87,105,87,105,86,104,2
21,157,p247_158,171,84,87,79,92,79,87,5
21,158,p247_159,193,116,77,111,82,111,77,5
21,159,p247_160,227,183,44,153,74,149,40,38
21,160,p247_161,213,126,87,120,93,114,81,18
21,161,p247_162,257,163,94,161,96,160,93,4
21,162,p247_163,165,72,93,80,85,72,85,8
21,163,p247_164,176,78,98,74,102,72,96,8
21,164,p247_165,173,89,84,86,87,86,84,3
21,165,p247_166,170,104,66,79,91,79,66,25
21,166,p247_167,165,89,76,94,71,86,68,11
21,167,p247_168,203,131,72,126,77,124,70,9
21,168,p247_169,178,100,78,89,89,88,77,13
21,169,p247_170,153,73,80,64,89,64,80,9
21,170,p247_171,293,165,128,163,130,163,128,2
21,171,p247_172,171,72,99,73,98,69,95,7
21,172,p247_173,147,69,78,65,82,65,78,4
21,173,p247_174,206,116,90,113,93,113,90,3
21,174,p247_175,225,176,49,130,95,126,45,54
21,175,p247_176,309,216,93,214,95,214,93,2
21,176,p247_177,194,90,104,85,109,84,103,7
21,177,p247_178,233,148,85,146,87,146,85,2
21,178,p247_179,244,161,83,167,77,146,62,36
21,179,p247_180,227,91,136,67,160,58,127,42
21,180,p247_181,184,100,84,90,94,88,82,14
21,181,p247_182,206,125,81,106,100,99,74,33
21,182,p247_183,209,100,109,103,106,99,105,5
21,183,p247_184,253,160,93,159,94,159,93,1
21,184,p247_185,193,112,81,109,84,109,81,3
21,185,p247_186,186,122,64,114,72,113,63,10
21,186,p247_187,173,88,85,107,66,82,60,31
21,187,p247_188,184,111,73,95,89,95,73,16
21,188,p247_189,202,98,104,97,105,96,103,3
21,189,p247_190,225,105,120,103,122,103,120,2
21,190,p247_191,145,86,59,99,46,79,39,27
21,191,p247_192,179,104,75,102,77,100,73,6
21,192,p247_193,147,79,68,74,73,71,65,11
21,193,p247_194,163,99,64,88,75,88,64,11
21,194,p247_195,182,95,87,95,87,90,82,10
21,195,p247_196,179,96,83,104,75,91,70,18
21,196,p247_197,217,129,88,122,95,121,87,9
21,197,p247_198,166,75,91,70,96,70,91,5
21,198,p247_199,221,141,80,132,89,132,80,9
21,199,p247_200,177,102,75,102,75,102,75,0
21,200,p247_202,213,110,103,88,125,88,103,22
22,1,p248_001,121,72,49,70,51,70,49,2
22,2,p248_002,284,154,130,161,123,151,120,13
22,3,p248_003,587,412,175,395,192,387,167,33
22,4,p248_004,357,244,113,223,134,223,113,21
22,5,p248_005,531,372,159,345,186,342,156,33
22,6,p248_006,457,297,160,267,190,267,160,30
22,7,p248_007,345,238,107,226,119,226,107,12
22,8,p248_008,594,425,169,414,180,407,162,25
22,9,p248_009,383,242,141,246,137,240,135,8
22,10,p248_010,223,136,87,135,88,134,86,3
22,11,p248_011,584,417,167,422,162,411,156,17
22,12,p248_012,402,252,150,237,165,228,141,33
22,13,p248_013,341,243,98,252,89,243,89,9
22,14,p248_014,391,262,129,258,133,253,124,14
22,15,p248_015,472,329,143,336,136,324,131,17
22,16,p248_016,553,384,169,386,167,357,140,56
22,17,p248_017,275,170,105,163,112,161,103,11
22,18,p248_018,406,266,140,261,145,257,136,13
22,19,p248_019,542,371,171,355,187,350,166,26
22,20,p248_020,288,212,76,208,80,204,72,12
22,21,p248_021,694,492,202,473,221,468,197,29
22,22,p248_022,482,317,165,300,182,300,165,17
22,23,p248_023,836,601,235,575,261,574,234,28
22,24,p248_024,481,342,139,377,104,342,104,35
22,25,p248_025,302,219,83,214,88,205,74,23
22,26,p248_026,270,185,85,183,87,179,81,10
22,27,p248_027,130,54,76,76,54,52,52,26
22,28,p248_028,187,65,122,96,91,65,91,31
22,29,p248_029,302,181,121,222,80,176,75,51
22,30,p248_030,161,58,103,58,103,57,102,2
22,31,p248_031,240,143,97,137,103,137,97,6
22,32,p248_032,244,145,99,141,103,139,97,8
22,33,p248_033,289,193,96,193,96,192,95,2
22,34,p248_034,341,192,149,190,151,187,146,8
22,35,p248_035,239,139,100,124,115,124,100,15
22,36,p248_036,177,92,85,90,87,90,85,2
22,37,p248_037,279,200,79,197,82,197,79,3
22,38,p248_038,253,162,91,151,102,145,85,23
22,39,p248_039,139,51,88,51,88,51,88,0
22,40,p248_040,254,161,93,161,93,157,89,8
22,41,p248_041,203,132,71,122,81,122,71,10
22,42,p248_042,158,49,109,45,113,45,109,4
22,43,p248_043,158,56,102,56,102,56,102,0
22,44,p248_044,198,98,100,90,108,90,100,8
22,45,p248_045,196,121,75,121,75,120,74,2
22,46,p248_046,236,135,101,133,103,133,101,2
22,47,p248_047,145,56,89,53,92,53,89,3
22,48,p248_048,329,215,114,210,119,210,114,5
22,49,p248_049,255,124,131,127,128,124,128,3
22,50,p248_050,290,185,105,181,109,181,105,4
22,51,p248_051,167,72,95,67,100,67,95,5
22,52,p248_052,254,164,90,148,106,148,90,16
22,53,p248_053,172,83,89,77,95,77,89,6
22,54,p248_054,164,68,96,69,95,67,94,3
22,55,p248_055,143,54,89,52,91,51,88,4
22,56,p248_056,214,121,93,111,103,111,93,10
22,57,p248_057,227,122,105,122,105,114,97,16
22,58,p248_058,157,61,96,58,99,58,96,3
22,59,p248_059,152,64,88,65,87,63,86,3
22,60,p248_060,236,127,109,127,109,126,108,2
22,61,p248_061,287,194,93,190,97,189,92,6
22,62,p248_062,185,103,82,96,89,96,82,7
22,63,p248_063,150,77,73,79,71,76,70,4
22,64,p248_064,316,212,104,204,112,203,103,10
22,65,p248_065,182,104,78,101,81,98,75,9
22,66,p248_066,222,120,102,117,105,116,101,5
22,67,p248_067,321,222,99,219,102,218,98,5
22,68,p248_068,203,112,91,110,93,110,91,2
22,69,p248_069,155,82,73,79,76,78,72,5
22,70,p248_070,225,146,79,145,80,145,79,1
22,71,p248_071,129,75,54,59,70,59,54,16
22,72,p248_072,163,100,63,94,69,94,63,6
22,73,p248_073,131,68,63,63,68,63,63,5
22,74,p248_074,147,81,66,74,73,74,66,7
22,75,p248_075,145,82,63,81,64,81,63,1
22,76,p248_076,129,71,58,69,60,66,55,8
22,77,p248_077,131,57,74,56,75,56,74,1
22,78,p248_078,163,92,71,86,77,86,71,6
22,79,p248_079,277,153,124,190,87,153,87,37
22,80,p248_080,153,81,72,98,55,77,51,25
22,81,p248_081,253,156,97,145,108,145,97,11
22,82,p248_082,176,88,88,107,69,88,69,19
22,83,p248_083,225,127,98,126,99,125,97,3
22,84,p248_084,153,78,75,72,81,68,71,14
22,85,p248_085,211,121,90,120,91,117,87,7
22,86,p248_086,150,77,73,76,74,75,72,3
22,87,p248_087,238,164,74,156,82,156,74,8
22,88,p248_088,310,208,102,201,109,200,101,9
22,89,p248_089,171,79,92,83,88,78,87,6
22,90,p248_090,242,147,95,164,78,141,72,29
22,91,p248_091,300,167,133,169,131,165,129,6
22,92,p248_092,271,157,114,161,110,155,108,8
22,93,p248_093,134,61,73,60,74,59,72,3
22,94,p248_094,350,236,114,221,129,221,114,15
22,95,p248_095,338,216,122,207,131,206,121,11
22,96,p248_096,193,98,95,96,97,96,95,2
22,97,p248_097,163,75,88,66,97,66,88,9
22,98,p248_098,181,82,99,93,88,82,88,11
22,99,p248_099,169,65,104,67,102,65,102,2
22,100,p248_100,158,72,86,72,86,70,84,4
22,101,p248_101,209,104,105,101,108,101,105,3
22,102,p248_102,190,95,95,94,96,92,93,5
22,103,p248_103,193,94,99,101,92,92,90,11
22,104,p248_104,161,85,76,85,76,79,70,12
22,105,p248_105,203,108,95,102,101,100,93,10
22,106,p248_106,388,259,129,260,128,248,117,23
22,107,p248_107,163,72,91,71,92,69,89,5
22,108,p248_108,231,151,80,149,82,148,79,4
22,109,p248_109,230,117,113,124,106,115,104,11
22,110,p248_110,187,112,75,96,91,96,75,16
22,111,p248_111,198,105,93,98,100,97,92,9
22,112,p248_112,311,233,78,226,85,223,75,13
22,113,p248_113,209,119,90,117,92,115,88,6
22,114,p248_114,179,114,65,108,71,108,65,6
22,115,p248_115,278,150,128,160,118,147,115,16
22,116,p248_116,249,147,102,147,102,147,102,0
22,117,p248_117,169,85,84,85,84,84,83,2
22,118,p248_118,189,88,101,89,100,88,100,1
22,119,p248_119,254,165,89,165,89,159,83,12
22,120,p248_120,206,84,122,84,122,84,122,0
22,121,p248_121,171,91,80,89,82,89,80,2
22,122,p248_122,306,199,107,194,112,190,103,13
22,123,p248_123,321,204,117,199,122,197,115,9
22,124,p248_124,174,108,66,120,54,108,54,12
22,125,p248_125,175,74,101,75,100,73,99,3
22,126,p248_126,238,146,92,144,94,141,89,8
22,127,p248_127,258,175,83,178,80,174,79,5
22,128,p248_128,273,153,120,136,137,136,120,17
22,129,p248_129,265,180,85,177,88,175,83,7
22,130,p248_130,155,75,80,74,81,74,80,1
22,131,p248_131,272,138,134,138,134,137,133,2
22,132,p248_132,150,76,74,140,10,76,10,64
22,133,p248_133,190,99,91,96,94,96,91,3
22,134,p248_134,164,89,75,88,76,88,75,1
22,135,p248_135,170,89,81,89,81,87,79,4
22,136,p248_136,227,117,110,115,112,115,110,2
22,137,p248_137,271,175,96,154,117,154,96,21
22,138,p248_138,342,216,126,216,126,214,124,4
22,139,p248_139,155,54,101,52,103,50,99,6
22,140,p248_140,211,113,98,112,99,112,98,1
22,141,p248_141,139,54,85,52,87,52,85,2
22,142,p248_142,245,143,102,129,116,129,102,14
22,143,p248_143,145,77,68,78,67,76,66,3
22,144,p248_144,137,52,85,57,80,50,78,9
22,145,p248_145,166,78,88,82,84,73,79,14
22,146,p248_146,198,117,81,122,76,115,74,9
22,147,p248_147,289,190,99,184,105,180,95,14
22,148,p248_148,154,84,70,87,67,82,65,7
22,149,p248_149,215,124,91,128,87,123,86,6
22,150,p248_150,235,120,115,118,117,116,113,6
22,151,p248_151,153,59,94,55,98,55,94,4
22,152,p248_152,249,136,113,137,112,136,112,1
22,153,p248_153,357,225,132,212,145,210,130,17
22,154,p248_154,236,141,95,178,58,141,58,37
22,155,p248_155,224,120,104,120,104,116,100,8
22,156,p248_156,180,80,100,81,99,77,96,7
22,157,p248_157,204,77,127,74,130,73,126,5
22,158,p248_158,238,85,153,84,154,79,148,11
22,159,p248_159,297,187,110,179,118,177,108,12
22,160,p248_160,298,175,123,174,124,172,121,5
22,161,p248_161,202,100,102,121,81,97,78,27
22,162,p248_162,154,61,93,62,92,60,91,3
22,163,p248_163,247,153,94,151,96,150,93,4
22,164,p248_164,209,122,87,124,85,121,84,4
22,165,p248_165,217,129,88,131,86,129,86,2
22,166,p248_166,154,71,83,59,95,59,83,12
22,167,p248_167,166,89,77,86,80,86,77,3
22,168,p248_168,307,190,117,181,126,181,117,9
22,169,p248_169,158,79,79,82,76,78,75,5
22,170,p248_170,225,127,98,127,98,125,96,4
22,171,p248_171,235,157,78,158,77,155,75,5
22,172,p248_172,190,101,89,96,94,94,87,9
22,173,p248_173,299,183,116,190,109,176,102,21
22,174,p248_174,144,75,69,75,69,75,69,0
22,175,p248_175,166,95,71,97,69,95,69,2
22,176,p248_176,209,114,95,109,100,109,95,5
22,177,p248_177,142,70,72,71,71,70,71,1
22,178,p248_178,265,159,106,159,106,158,105,2
22,179,p248_179,162,66,96,71,91,65,90,7
22,180,p248_180,283,187,96,185,98,183,94,6
22,181,p248_181,137,57,80,59,78,57,78,2
22,182,p248_182,131,50,81,50,81,50,81,0
22,183,p248_183,182,89,93,88,94,88,93,1
22,184,p248_184,189,113,76,114,75,113,75,1
22,185,p248_185,171,88,83,86,85,86,83,2
22,186,p248_186,211,132,79,130,81,130,79,2
22,187,p248_187,152,73,79,74,78,73,78,1
22,188,p248_188,206,117,89,112,94,111,88,7
22,189,p248_189,152,80,72,85,67,80,67,5
22,190,p248_190,187,101,86,102,85,101,85,1
22,191,p248_191,229,121,108,117,112,112,103,14
22,192,p248_192,161,82,79,82,79,82,79,0
22,193,p248_193,227,135,92,137,90,132,87,8
22,194,p248_194,235,134,101,136,99,132,97,6
22,195,p248_195,131,58,73,59,72,58,72,1
22,196,p248_196,289,197,92,178,111,178,92,19
22,197,p248_197,163,89,74,88,75,88,74,1
22,198,p248_198,229,114,115,115,114,114,114,1
22,199,p248_199,256,137,119,137,119,137,119,0
22,200,p248_200,214,136,78,144,70,136,70,8
23,1,p249_002,230,224,6,158,72,158,6,66
23,2,p249_003,470,455,15,399,71,394,10,66
23,3,p249_004,310,248,62,222,88,217,57,36
23,4,p249_005,422,386,36,351,71,347,32,43
23,5,p249_006,371,341,30,277,94,277,30,64
23,6,p249_007,281,239,42,225,56,217,34,30
23,7,p249_008,450,417,33,352,98,347,28,75
23,8,p249_009,298,221,77,220,78,204,61,33
23,9,p249_010,198,170,28,115,83,115,28,55
23,10,p249_011,441,395,46,346,95,339,39,63
23,11,p249_012,286,243,43,212,74,212,43,31
23,12,p249_013,286,273,13,205,81,203,11,72
23,13,p249_014,335,312,23,247,88,246,22,67
23,14,p249_016,418,372,46,334,84,326,38,54
23,15,p249_017,265,234,31,178,87,175,28,62
23,16,p249_018,321,305,16,275,46,274,15,32
23,17,p249_019,486,418,68,409,77,394,53,39
23,18,p249_020,262,244,18,200,62,192,10,60
23,19,p249_021,553,485,68,450,103,445,63,45
23,20,p249_022,449,412,37,348,101,344,33,72
23,21,p249_023,719,682,37,596,123,587,28,104
23,22,p249_024,446,377,69,327,119,316,58,72
23,23,p249_025,279,250,29,268,11,242,3,34
23,24,p249_026,275,263,12,262,13,253,3,19
23,25,p249_027,126,126,0,110,16,110,0,16
23,26,p249_028,142,139,3,95,47,92,0,50
23,27,p249_029,142,87,55,72,70,71,54,17
23,28,p249_030,137,87,50,60,77,59,49,29
23,29,p249_031,243,232,11,187,56,181,5,57
23,30,p249_032,174,147,27,117,57,115,25,34
23,31,p249_033,241,222,19,184,57,176,11,54
23,32,p249_034,203,192,11,194,9,183,0,20
23,33,p249_035,269,238,31,235,34,217,13,39
23,34,p249_036,118,62,56,63,55,49,42,27
23,35,p249_037,187,167,20,155,32,143,8,36
23,36,p249_038,163,148,15,118,45,109,6,48
23,37,p249_039,174,163,11,136,38,133,8,33
23,38,p249_040,275,267,8,236,39,235,7,33
23,39,p249_041,115,106,9,90,25,85,4,26
23,40,p249_042,142,133,9,97,45,93,5,44
23,41,p249_043,163,127,36,103,60,101,34,28
23,42,p249_044,110,104,6,74,36,73,5,32
23,43,p249_045,128,94,34,63,65,61,32,35
23,44,p249_046,126,124,2,96,30,95,1,30
23,45,p249_047,153,114,39,85,68,83,37,33
23,46,p249_048,232,185,47,163,69,163,47,22
23,47,p249_049,158,126,32,91,67,89,30,39
23,48,p249_050,142,99,43,80,62,79,42,21
23,49,p249_051,243,210,33,170,73,166,29,48
23,50,p249_052,161,128,33,90,71,87,30,44
23,51,p249_053,278,227,51,181,97,178,48,52
23,52,p249_054,182,165,17,161,21,147,3,32
23,53,p249_055,166,141,25,103,63,97,19,50
23,54,p249_056,131,89,42,61,70,57,38,36
23,55,p249_057,273,241,32,213,60,204,23,46
23,56,p249_058,105,83,22,50,55,50,22,33
23,57,p249_059,115,114,1,97,18,96,0,19
23,58,p249_060,118,117,1,72,46,72,1,45
23,59,p249_061,114,84,30,51,63,48,27,39
23,60,p249_062,213,167,46,134,79,134,46,33
23,61,p249_063,182,152,30,100,82,100,30,52
23,62,p249_064,158,150,8,95,63,95,8,55
23,63,p249_065,180,178,2,105,75,105,2,73
23,64,p249_066,142,134,8,83,59,83,8,51
23,65,p249_067,181,179,2,121,60,121,2,58
23,66,p249_068,179,175,4,117,62,117,4,58
23,67,p249_069,273,244,29,202,71,201,28,44
23,68,p249_070,149,77,72,82,67,71,61,17
23,69,p249_071,183,160,23,117,66,117,23,43
23,70,p249_072,115,104,11,60,55,60,11,44
23,71,p249_073,219,200,19,156,63,155,18,46
23,72,p249_074,141,115,26,69,72,69,26,46
23,73,p249_075,177,132,45,110,67,107,42,28
23,74,p249_076,208,177,31,127,81,123,27,58
23,75,p249_077,185,175,10,120,65,120,10,55
23,76,p249_078,163,154,9,107,56,107,9,47
23,77,p249_079,204,168,36,134,70,132,34,38
23,78,p249_080,211,166,45,118,93,109,36,66
23,79,p249_081,289,280,9,269,20,261,1,27
23,80,p249_082,150,131,19,97,53,97,19,34
23,81,p249_083,139,118,21,89,50,88,20,31
23,82,p249_084,150,143,7,98,52,98,7,45
23,83,p249_086,243,200,43,185,58,180,38,25
23,84,p249_087,249,233,16,192,57,190,14,45
23,85,p249_088,170,119,51,107,63,96,40,34
23,86,p249_089,177,172,5,140,37,137,2,38
23,87,p249_090,235,205,30,166,69,165,29,41
23,88,p249_092,236,214,22,169,67,168,21,47
23,89,p249_093,161,118,43,91,70,83,35,43
23,90,p249_094,161,102,59,110,51,88,37,36
23,91,p249_095,243,237,6,196,47,195,5,43
23,92,p249_096,185,179,6,137,48,136,5,44
23,93,p249_097,233,202,31,170,63,168,29,36
23,94,p249_098,139,98,41,83,56,77,35,27
23,95,p249_099,169,150,19,125,44,119,13,37
23,96,p249_100,126,112,14,76,50,76,14,36
23,97,p249_101,168,118,50,103,65,98,45,25
23,98,p249_102,279,239,40,206,73,206,40,33
23,99,p249_103,170,153,17,108,62,104,13,53
23,100,p249_104,131,110,21,73,58,67,15,49
23,101,p249_105,267,232,35,154,113,143,24,100
23,102,p249_106,287,267,20,214,73,213,19,55
23,103,p249_107,219,180,39,144,75,141,36,42
23,104,p249_108,232,196,36,148,84,145,33,54
23,105,p249_109,185,163,22,125,60,121,18,46
23,106,p249_110,259,231,28,203,56,203,28,28
23,107,p249_111,201,190,11,130,71,125,6,70
23,108,p249_112,136,124,12,86,50,84,10,42
23,109,p249_113,310,270,40,218,92,214,36,60
23,110,p249_114,270,208,62,171,99,170,61,39
23,111,p249_115,139,102,37,69,70,67,35,37
23,112,p249_116,198,167,31,151,47,146,26,26
23,113,p249_117,150,140,10,91,59,90,9,51
23,114,p249_118,145,120,25,91,54,86,20,39
23,115,p249_119,113,112,1,71,42,71,1,41
23,116,p249_120,243,200,43,169,74,160,34,49
23,117,p249_121,250,242,8,174,76,167,1,82
23,118,p249_122,131,74,57,53,78,46,50,35
23,119,p249_123,169,139,30,99,70,97,28,44
23,120,p249_124,120,93,27,57,63,53,23,44
23,121,p249_125,235,195,40,159,76,155,36,44
23,122,p249_126,177,164,13,107,70,107,13,57
23,123,p249_127,185,152,33,110,75,107,30,48
23,124,p249_128,282,227,55,218,64,216,53,13
23,125,p249_129,275,252,23,196,79,194,21,60
23,126,p249_130,249,236,13,175,74,174,12,63
23,127,p249_131,256,162,94,140,116,139,93,24
23,128,p249_132,210,169,41,132,78,132,41,37
23,129,p249_133,225,182,43,159,66,157,41,27
23,130,p249_134,242,217,25,160,82,159,24,59
23,131,p249_135,276,247,29,217,59,209,21,46
23,132,p249_136,167,127,40,59,108,59,40,68
23,133,p249_137,281,268,13,232,49,230,11,40
23,134,p249_138,209,203,6,169,40,169,6,34
23,135,p249_139,177,148,29,110,67,110,29,38
23,136,p249_140,177,153,24,112,65,112,24,41
23,137,p249_141,162,140,22,113,49,107,16,39
23,138,p249_142,110,108,2,76,34,75,1,34
23,139,p249_143,174,145,29,109,65,109,29,36
23,140,p249_144,112,107,5,56,56,54,3,55
23,141,p249_145,163,132,31,94,69,90,27,46
23,142,p249_146,137,121,16,54,83,53,15,69
23,143,p249_147,284,247,37,184,100,179,32,73
23,144,p249_148,126,110,16,64,62,64,16,46
23,145,p249_149,247,230,17,177,70,176,16,55
23,146,p249_150,142,142,0,99,43,99,0,43
23,147,p249_152,166,164,2,97,69,96,1,69
23,148,p249_153,276,250,26,198,78,197,25,54
23,149,p249_154,206,150,56,125,81,124,55,27
23,150,p249_155,150,130,20,89,61,87,18,45
23,151,p249_156,242,189,53,171,71,170,52,20
23,152,p249_157,164,150,14,94,70,93,13,58
23,153,p249_159,147,141,6,79,68,79,6,62
23,154,p249_160,267,206,61,175,92,168,54,45
23,155,p249_161,140,88,52,53,87,53,52,35
23,156,p249_162,173,135,38,105,68,101,34,38
23,157,p249_163,145,124,21,78,67,78,21,46
23,158,p249_164,215,208,7,152,63,152,7,56
23,159,p249_165,149,108,41,84,65,84,41,24
23,160,p249_166,151,132,19,95,56,95,19,37
23,161,p249_167,217,185,32,147,70,146,31,40
23,162,p249_168,286,276,10,220,66,218,8,60
23,163,p249_169,270,235,35,162,108,161,34,75
23,164,p249_170,161,119,42,89,72,89,42,30
23,165,p249_171,158,123,35,88,70,87,34,37
23,166,p249_172,127,114,13,80,47,75,8,44
23,167,p249_173,197,167,30,119,78,119,30,48
23,168,p249_174,154,123,31,88,66,88,31,35
23,169,p249_176,238,183,55,162,76,160,53,25
23,170,p249_177,255,232,23,194,61,193,22,40
23,171,p249_178,197,193,4,153,44,153,4,40
23,172,p249_179,136,125,11,80,56,79,10,47
23,173,p249_180,178,144,34,109,69,109,34,35
23,174,p249_181,275,233,42,194,81,194,42,39
23,175,p249_182,142,139,3,102,40,102,3,37
23,176,p249_183,282,273,9,230,52,226,5,51
23,177,p249_184,305,260,45,222,83,218,41,46
23,178,p249_185,277,268,9,230,47,229,8,40
23,179,p249_186,123,107,16,75,48,74,15,34
23,180,p249_187,162,140,22,85,77,78,15,69
23,181,p249_188,242,179,63,237,5,179,5,58
23,182,p249_189,199,136,63,154,45,128,37,34
23,183,p249_190,288,247,41,249,39,224,16,48
23,184,p249_191,118,116,2,96,22,95,1,22
23,185,p249_192,174,143,31,146,28,133,18,23
23,186,p249_193,166,118,48,102,64,96,42,28
23,187,p249_194,156,115,41,74,82,74,41,41
23,188,p249_196,116,82,34,72,44,72,34,10
23,189,p249_197,161,143,18,99,62,99,18,44
23,190,p249_198,247,230,17,186,61,186,17,44
23,191,p249_199,217,187,30,152,65,145,23,49
23,192,p249_200,169,133,36,103,66,101,34,34
23,193,p249_201,253,232,21,175,78,175,21,57
23,194,p249_202,160,144,16,99,61,99,16,45
23,195,p249_203,177,154,23,115,62,113,21,43
23,196,p249_204,270,260,10,222,48,214,2,54
23,197,p249_205,288,256,32,237,51,230,25,33
23,198,p249_206,217,214,3,162,55,162,3,52
23,199,p249_207,214,155,59,143,71,138,54,22
23,200,p249_208,282,259,23,201,81,198,20,64
24,1,p250_001,138,81,57,61,77,59,55,24
24,2,p250_002,212,119,93,111,101,111,93,8
24,3,p250_003,408,286,122,266,142,263,119,26
24,4,p250_004,263,171,92,175,88,170,87,6
24,5,p250_005,381,298,83,285,96,282,80,19
24,6,p250_006,346,254,92,243,103,242,91,13
24,7,p250_007,277,206,71,200,77,200,71,6
24,8,p250_008,411,325,86,300,111,295,81,35
24,9,p250_009,292,173,119,171,121,171,119,2
24,10,p250_010,161,101,60,106,55,97,51,13
24,11,p250_011,385,300,85,305,80,284,64,37
24,12,p250_012,230,155,75,153,77,153,75,2
24,13,p250_013,227,160,67,159,68,156,64,7
24,14,p250_014,269,193,76,196,73,189,69,11
24,15,p250_015,315,270,45,246,69,241,40,34
24,16,p250_016,357,276,81,273,84,267,75,15
24,17,p250_017,202,111,91,111,91,111,91,0
24,18,p250_018,318,227,91,233,85,225,83,10
24,19,p250_019,424,306,118,314,110,305,109,10
24,20,p250_020,229,171,58,152,77,152,58,19
24,21,p250_021,509,392,117,392,117,385,110,14
24,22,p250_022,396,297,99,307,89,290,82,24
24,23,p250_023,623,488,135,507,116,484,112,27
24,24,p250_024,377,267,110,265,112,263,108,6
24,25,p250_025,181,109,72,95,86,94,71,16
24,26,p250_026,150,139,11,86,64,86,11,53
24,27,p250_027,156,136,20,76,80,76,20,60
24,28,p250_028,155,118,37,111,44,111,37,7
24,29,p250_030,137,109,28,60,77,60,28,49
24,30,p250_031,145,120,25,79,66,78,24,43
24,31,p250_032,190,121,69,116,74,110,63,17
24,32,p250_033,134,59,75,55,79,55,75,4
24,33,p250_034,142,102,40,94,48,94,40,8
24,34,p250_035,192,153,39,127,65,123,35,34
24,35,p250_036,155,93,62,90,65,81,53,21
24,36,p250_037,153,70,83,75,78,70,78,5
24,37,p250_038,235,146,89,156,79,145,78,12
24,38,p250_039,161,97,64,85,76,83,62,16
24,39,p250_040,177,113,64,110,67,104,58,15
24,40,p250_042,174,111,63,125,49,99,37,38
24,41,p250_043,161,97,64,97,64,93,60,8
24,42,p250_044,115,63,52,64,51,61,49,5
24,43,p250_045,143,76,67,73,70,72,66,5
24,44,p250_046,110,48,62,37,73,37,62,11
24,45,p250_047,125,48,77,47,78,47,77,1
24,46,p250_048,113,51,62,50,63,50,62,1
24,47,p250_049,182,96,86,100,82,93,79,10
24,48,p250_050,240,171,69,164,76,162,67,11
24,49,p250_051,174,89,85,90,84,89,84,1
24,50,p250_052,206,132,74,140,66,128,62,16
24,51,p250_053,162,104,58,93,69,91,56,15
24,52,p250_054,150,83,67,78,72,78,67,5
24,53,p250_055,139,59,80,58,81,56,78,5
24,54,p250_056,166,94,72,91,75,91,72,3
24,55,p250_057,153,81,72,78,75,76,70,7
24,56,p250_058,146,77,69,74,72,74,69,3
24,57,p250_059,198,123,75,116,82,115,74,9
24,58,p250_060,134,69,65,68,66,65,62,7
24,59,p250_061,118,64,54,58,60,57,53,8
24,60,p250_062,147,72,75,69,78,65,71,11
24,61,p250_063,246,163,83,161,85,158,80,8
24,62,p250_064,177,126,51,127,50,125,49,3
24,63,p250_065,133,55,78,62,71,54,70,9
24,64,p250_066,129,57,72,66,63,56,62,11
24,65,p250_067,174,106,68,110,64,104,62,8
24,66,p250_068,145,79,66,73,72,73,66,6
24,67,p250_069,145,86,59,89,56,86,56,3
24,68,p250_070,169,98,71,95,74,95,71,3
24,69,p250_071,190,116,74,118,72,113,69,8
24,70,p250_072,174,96,78,96,78,93,75,6
24,71,p250_073,142,86,56,82,60,80,54,8
24,72,p250_074,159,72,87,82,77,71,76,12
24,73,p250_075,145,82,63,81,64,80,62,3
24,74,p250_076,145,75,70,75,70,75,70,0
24,75,p250_077,118,50,68,48,70,48,68,2
24,76,p250_078,147,89,58,81,66,81,58,8
24,77,p250_079,164,86,78,86,78,86,78,0
24,78,p250_080,190,120,70,132,58,120,58,12
24,79,p250_081,145,131,14,125,20,117,6,22
24,80,p250_082,145,89,56,78,67,78,56,11
24,81,p250_083,182,127,55,115,67,109,49,24
24,82,p250_084,190,150,40,155,35,142,27,21
24,83,p250_085,193,117,76,102,91,101,75,17
24,84,p250_086,163,100,63,92,71,92,63,8
24,85,p250_087,121,54,67,55,66,52,64,5
24,86,p250_088,137,71,66,74,63,68,60,9
24,87,p250_089,237,163,74,159,78,159,74,4
24,88,p250_090,185,138,47,115,70,113,45,27
24,89,p250_091,185,121,64,121,64,118,61,6
24,90,p250_092,195,134,61,135,60,127,53,15
24,91,p250_093,163,104,59,97,66,97,59,7
24,92,p250_094,297,226,71,220,77,215,66,16
24,93,p250_095,141,63,78,62,79,62,78,1
24,94,p250_096,120,74,46,58,62,58,46,16
24,95,p250_097,163,100,63,90,73,90,63,10
24,96,p250_098,138,68,70,72,66,65,63,10
24,97,p250_099,143,87,56,80,63,74,50,19
24,98,p250_100,78,37,41,24,54,24,41,13
24,99,p250_101,118,68,50,45,73,45,50,23
24,100,p250_102,118,39,79,33,85,32,78,8
24,101,p250_103,141,79,62,99,42,74,37,30
24,102,p250_104,211,139,72,151,60,137,58,16
24,103,p250_105,131,72,59,63,68,63,59,9
24,104,p250_106,145,89,56,88,57,88,56,1
24,105,p250_107,201,117,84,110,91,110,84,7
24,106,p250_108,142,75,67,54,88,53,66,23
24,107,p250_109,184,112,72,111,73,111,72,1
24,108,p250_110,134,61,73,62,72,60,71,3
24,109,p250_111,202,131,71,130,72,130,71,1
24,110,p250_113,187,145,42,127,60,126,41,20
24,111,p250_114,206,144,62,150,56,142,54,10
24,112,p250_115,126,62,64,79,47,59,44,23
24,113,p250_116,107,51,56,50,57,48,54,5
24,114,p250_117,254,192,62,179,75,169,52,33
24,115,p250_118,167,95,72,90,77,90,72,5
24,116,p250_119,127,69,58,68,59,68,58,1
24,117,p250_120,147,85,62,85,62,83,60,4
24,118,p250_121,195,147,48,140,55,138,46,11
24,119,p250_123,166,96,70,99,67,92,63,11
24,120,p250_124,145,91,54,78,67,78,54,13
24,121,p250_125,166,93,73,90,76,90,73,3
24,122,p250_126,169,106,63,99,70,99,63,7
24,123,p250_127,153,108,45,98,55,97,44,12
24,124,p250_128,158,101,57,92,66,92,57,9
24,125,p250_129,153,52,101,52,101,52,101,0
24,126,p250_130,198,162,36,127,71,127,36,35
24,127,p250_131,142,79,63,76,66,74,61,7
24,128,p250_132,161,115,46,91,70,90,45,26
24,129,p250_133,262,215,47,201,61,200,46,16
24,130,p250_134,123,61,62,59,64,59,62,2
24,131,p250_135,139,104,35,80,59,79,34,26
24,132,p250_136,131,80,51,71,60,71,51,9
24,133,p250_137,123,67,56,66,57,66,56,1
24,134,p250_138,202,132,70,134,68,122,58,22
24,135,p250_139,155,83,72,85,70,83,70,2
24,136,p250_140,179,102,77,94,85,94,77,8
24,137,p250_141,218,151,67,149,69,148,66,4
24,138,p250_142,148,61,87,55,93,55,87,6
24,139,p250_143,145,68,77,67,78,67,77,1
24,140,p250_144,130,63,67,72,58,61,56,13
24,141,p250_146,129,57,72,59,70,56,69,4
24,142,p250_147,131,64,67,59,72,59,67,5
24,143,p250_148,147,101,46,81,66,76,41,30
24,144,p250_149,191,136,55,119,72,114,50,27
24,145,p250_150,168,102,66,95,73,94,65,9
24,146,p250_151,164,81,83,76,88,75,82,7
24,147,p250_152,148,118,30,75,73,75,30,43
24,148,p250_153,129,91,38,58,71,58,38,33
24,149,p250_154,131,62,69,57,74,57,69,5
24,150,p250_155,115,50,65,60,55,42,47,26
24,151,p250_156,94,53,41,60,34,44,25,25
24,152,p250_157,102,34,68,34,68,34,68,0
24,153,p250_158,150,75,75,72,78,72,75,3
24,154,p250_159,170,84,86,87,83,80,79,11
24,155,p250_160,139,102,37,75,64,72,34,33
24,156,p250_161,145,73,72,66,79,66,72,7
24,157,p250_162,143,74,69,69,74,65,65,13
24,158,p250_163,155,93,62,100,55,90,52,13
24,159,p250_164,171,79,92,76,95,76,92,3
24,160,p250_165,131,67,64,66,65,65,63,3
24,161,p250_166,154,91,63,137,17,91,17,46
24,162,p250_167,154,85,69,99,55,85,55,14
24,163,p250_168,158,93,65,92,66,91,64,3
24,164,p250_169,147,95,52,90,57,80,42,25
24,165,p250_170,163,127,36,117,46,107,26,30
24,166,p250_171,129,56,73,59,70,56,70,3
24,167,p250_172,237,147,90,141,96,141,90,6
24,168,p250_173,299,229,70,224,75,214,60,25
24,169,p250_174,195,118,77,131,64,116,62,17
24,170,p250_175,121,43,78,42,79,42,78,1
24,171,p250_176,185,111,74,117,68,108,65,12
24,172,p250_177,193,136,57,122,71,122,57,14
24,173,p250_178,147,64,83,60,87,60,83,4
24,174,p250_179,131,63,68,59,72,59,68,4
24,175,p250_180,186,111,75,104,82,98,69,19
24,176,p250_181,158,86,72,77,81,77,72,9
24,177,p250_182,179,143,36,141,38,131,26,22
24,178,p250_183,208,126,82,109,99,109,82,17
24,179,p250_184,140,54,86,55,85,53,84,3
24,180,p250_185,201,140,61,139,62,132,54,15
24,181,p250_186,169,132,37,119,50,107,25,37
24,182,p250_187,193,123,70,119,74,117,68,8
24,183,p250_188,186,121,65,104,82,104,65,17
24,184,p250_189,166,106,60,96,70,96,60,10
24,185,p250_190,203,138,65,153,50,136,48,19
24,186,p250_191,171,79,92,76,95,76,92,3
24,187,p250_192,192,148,44,134,58,119,29,44
24,188,p250_193,151,103,48,87,64,81,42,28
24,189,p250_194,139,73,66,82,57,70,54,15
24,190,p250_195,142,67,75,68,74,67,74,1
24,191,p250_196,146,76,70,76,70,71,65,10
24,192,p250_197,137,93,44,73,64,73,44,20
24,193,p250_198,190,111,79,113,77,109,75,6
24,194,p250_199,166,118,48,109,57,107,46,13
24,195,p250_200,131,62,69,61,70,61,69,1
24,196,p250_201,139,78,61,70,69,69,60,10
24,197,p250_202,217,150,67,155,62,139,51,27
24,198,p250_204,149,85,64,83,66,83,64,2
24,199,p250_205,150,81,69,76,74,76,69,5
24,200,p250_206,174,96,78,90,84,90,78,6
25,1,p251_001,131,86,45,106,25,82,21,28
25,2,p251_002,260,205,55,170,90,164,49,47
25,3,p251_003,463,335,128,329,134,314,113,36
25,4,p251_004,295,232,63,222,73,212,53,30
25,5,p251_005,384,308,76,310,74,291,57,36
25,6,p251_006,349,249,100,253,96,247,94,8
25,7,p251_007,264,213,51,197,67,197,51,16
25,8,p251_008,443,332,111,335,108,321,97,25
25,9,p251_009,313,200,113,197,116,192,108,13
25,10,p251_010,205,124,81,114,91,102,69,34
25,11,p251_011,406,328,78,323,83,317,72,17
25,12,p251_012,276,239,37,204,72,203,36,37
25,13,p251_013,302,240,62,230,72,214,46,42
25,14,p251_014,319,281,38,255,64,253,36,30
25,15,p251_015,352,315,37,286,66,286,37,29
25,16,p251_016,424,381,43,337,87,332,38,54
25,17,p251_017,247,202,45,191,56,188,42,17
25,18,p251_018,343,302,41,281,62,277,37,29
25,19,p251_019,441,360,81,377,64,355,59,27
25,20,p251_020,280,212,68,223,57,198,43,39
25,21,p251_021,543,502,41,493,50,484,32,27
25,22,p251_022,380,347,33,333,47,325,25,30
25,23,p251_023,694,583,111,570,124,560,101,33
25,24,p251_024,451,330,121,325,126,310,106,35
25,25,p251_025,150,108,42,137,13,105,10,35
25,26,p251_026,306,188,118,180,126,132,70,104
25,27,p251_027,295,139,156,98,197,71,129,95
25,28,p251_028,236,169,67,159,77,149,57,30
25,29,p251_029,205,160,45,136,69,133,42,30
25,30,p251_030,233,214,19,188,45,184,15,34
25,31,p251_032,156,126,30,102,54,93,21,42
25,32,p251_033,107,74,33,60,47,53,26,28
25,33,p251_034,296,234,62,221,75,199,40,57
25,34,p251_035,318,217,101,212,106,194,83,41
25,35,p251_036,125,73,52,82,43,62,32,31
25,36,p251_037,238,172,66,156,82,155,65,18
25,37,p251_038,223,136,87,133,90,132,86,5
25,38,p251_039,207,108,99,116,91,108,91,8
25,39,p251_040,132,115,17,106,26,98,9,25
25,40,p251_041,137,96,41,82,55,75,34,28
25,41,p251_042,244,202,42,191,53,184,35,25
25,42,p251_043,146,110,36,89,57,83,30,33
25,43,p251_044,115,76,39,56,59,56,39,20
25,44,p251_045,155,128,27,125,30,112,14,29
25,45,p251_046,123,85,38,83,40,71,26,26
25,46,p251_047,186,134,52,118,68,113,47,26
25,47,p251_048,141,108,33,101,40,92,24,25
25,48,p251_049,260,183,77,178,82,170,69,21
25,49,p251_050,150,126,24,115,35,105,14,31
25,50,p251_051,147,112,35,89,58,86,32,29
25,51,p251_052,285,200,85,185,100,177,77,31
25,52,p251_053,187,145,42,115,72,114,41,32
25,53,p251_054,149,91,58,74,75,74,58,17
25,54,p251_055,158,109,49,85,73,82,46,30
25,55,p251_056,280,245,35,211,69,210,34,36
25,56,p251_057,147,115,32,89,58,88,31,28
25,57,p251_058,174,111,63,102,72,97,58,19
25,58,p251_059,145,80,65,76,69,72,61,12
25,59,p251_060,138,72,66,81,57,60,45,33
25,60,p251_061,163,91,72,78,85,72,66,25
25,61,p251_062,153,105,48,93,60,82,37,34
25,62,p251_063,191,138,53,122,69,109,40,42
25,63,p251_064,266,177,89,174,92,168,83,15
25,64,p251_065,193,181,12,150,43,147,9,37
25,65,p251_066,118,96,22,67,51,63,18,37
25,66,p251_067,223,170,53,162,61,161,52,10
25,67,p251_068,162,136,26,106,56,103,23,36
25,68,p251_069,152,106,46,74,78,73,45,34
25,69,p251_070,202,155,47,149,53,146,44,12
25,70,p251_071,188,164,24,188,0,164,0,24
25,71,p251_072,145,78,67,86,59,63,44,38
25,72,p251_073,147,93,54,79,68,68,43,36
25,73,p251_074,154,102,52,90,64,88,50,16
25,74,p251_075,158,155,3,122,36,122,3,33
25,75,p251_076,279,201,78,199,80,187,66,26
25,76,p251_077,248,219,29,187,61,186,28,34
25,77,p251_078,131,93,38,120,11,86,4,41
25,78,p251_079,245,187,58,160,85,159,57,29
25,79,p251_080,262,205,57,243,19,203,17,42
25,80,p251_081,161,86,75,78,83,75,72,14
25,81,p251_082,136,98,38,60,76,56,34,46
25,82,p251_083,222,141,81,141,81,138,78,6
25,83,p251_084,205,146,59,134,71,134,59,12
25,84,p251_085,166,102,64,77,89,70,57,39
25,85,p251_087,196,175,21,145,51,145,21,30
25,86,p251_088,247,216,31,174,73,171,28,48
25,87,p251_089,155,126,29,74,81,73,28,54
25,88,p251_090,169,101,68,93,76,91,66,12
25,89,p251_091,158,123,35,96,62,96,35,27
25,90,p251_092,271,228,43,197,74,191,37,43
25,91,p251_093,218,149,69,144,74,141,66,11
25,92,p251_094,130,121,9,88,42,87,8,35
25,93,p251_095,269,237,32,216,53,215,31,23
25,94,p251_096,147,122,25,94,53,92,23,32
25,95,p251_097,158,126,32,92,66,86,26,46
25,96,p251_098,164,112,52,100,64,86,38,40
25,97,p251_099,149,120,29,92,57,84,21,44
25,98,p251_100,188,140,48,118,70,118,48,22
25,99,p251_101,161,92,69,84,77,81,66,14
25,100,p251_102,135,98,37,73,62,73,37,25
25,101,p251_103,182,162,20,126,56,125,19,38
25,102,p251_104,159,108,51,83,76,81,49,29
25,103,p251_105,186,109,77,99,87,91,69,26
25,104,p251_106,139,105,34,76,63,76,34,29
25,105,p251_107,166,124,42,102,64,102,42,22
25,106,p251_108,129,107,22,76,53,76,22,31
25,107,p251_109,142,140,2,121,21,121,2,19
25,108,p251_110,115,104,11,82,33,80,9,26
25,109,p251_111,165,104,61,85,80,82,58,25
25,110,p251_112,225,180,45,152,73,150,43,32
25,111,p251_113,269,215,54,196,73,188,46,35
25,112,p251_114,277,228,49,210,67,204,43,30
25,113,p251_115,172,108,64,86,86,86,64,22
25,114,p251_116,151,108,43,78,73,77,42,32
25,115,p251_117,134,85,49,90,44,79,38,17
25,116,p251_118,123,86,37,77,46,68,28,27
25,117,p251_119,236,161,75,164,72,161,72,3
25,118,p251_120,161,104,57,94,67,80,43,38
25,119,p251_121,288,225,63,205,83,203,61,24
25,120,p251_122,132,73,59,51,81,51,59,22
25,121,p251_123,137,96,41,72,65,71,40,26
25,122,p251_124,212,158,54,130,82,130,54,28
25,123,p251_125,232,143,89,225,7,142,6,84
25,124,p251_126,210,122,88,168,42,121,41,48
25,125,p251_127,212,152,60,157,55,138,41,33
25,126,p251_128,173,83,90,68,105,68,90,15
25,127,p251_129,206,115,91,102,104,102,91,13
25,128,p251_130,150,109,41,85,65,84,40,26
25,129,p251_131,190,133,57,120,70,119,56,15
25,130,p251_132,152,111,41,92,60,86,35,31
25,131,p251_133,281,198,83,186,95,185,82,14
25,132,p251_134,279,183,96,170,109,170,96,13
25,133,p251_135,201,155,46,140,61,132,38,31
25,134,p251_136,172,112,60,112,60,98,46,28
25,135,p251_137,279,215,64,200,79,198,62,19
25,136,p251_138,113,72,41,56,57,47,32,34
25,137,p251_139,189,99,90,89,100,87,88,14
25,138,p251_140,195,125,70,106,89,94,58,43
25,139,p251_141,159,108,51,77,82,77,51,31
25,140,p251_142,272,205,67,190,82,188,65,19
25,141,p251_143,159,100,59,86,73,73,46,40
25,142,p251_144,176,122,54,96,80,95,53,28
25,143,p251_145,177,103,74,90,87,87,71,19
25,144,p251_146,153,101,52,73,80,73,52,28
25,145,p251_147,187,128,59,127,60,122,54,11
25,146,p251_148,284,209,75,202,82,197,70,17
25,147,p251_149,123,69,54,56,67,45,43,35
25,148,p251_150,251,172,79,198,53,169,50,32
25,149,p251_151,276,188,88,198,78,173,63,40
25,150,p251_152,156,106,50,88,68,87,49,20
25,151,p251_153,168,110,58,92,76,82,48,38
25,152,p251_154,189,137,52,127,62,123,48,18
25,153,p251_155,136,101,35,109,27,89,15,32
25,154,p251_156,131,70,61,63,68,56,54,21
25,155,p251_157,128,74,54,62,66,54,46,28
25,156,p251_158,168,108,60,90,78,88,58,22
25,157,p251_159,187,135,52,135,52,122,39,26
25,158,p251_160,237,176,61,176,61,170,55,12
25,159,p251_161,170,110,60,90,80,88,58,24
25,160,p251_162,177,98,79,84,93,72,67,38
25,161,p251_163,267,195,72,177,90,177,72,18
25,162,p251_164,130,67,63,64,66,61,60,9
25,163,p251_165,294,193,101,195,99,189,95,10
25,164,p251_166,250,173,77,177,73,170,70,10
25,165,p251_167,159,91,68,91,68,84,61,14
25,166,p251_168,167,103,64,93,74,78,49,40
25,167,p251_169,202,131,71,130,72,123,64,15
25,168,p251_170,177,96,81,91,86,91,81,5
25,169,p251_171,163,118,45,95,68,95,45,23
25,170,p251_172,234,168,66,168,66,157,55,22
25,171,p251_173,166,85,81,97,69,82,66,18
25,172,p251_174,163,119,44,116,47,96,24,43
25,173,p251_175,208,146,62,119,89,115,58,35
25,174,p251_176,235,172,63,159,76,157,61,17
25,175,p251_177,253,183,70,186,67,178,62,13
25,176,p251_178,198,161,37,130,68,129,36,33
25,177,p251_179,261,169,92,187,74,166,71,24
25,178,p251_180,210,90,120,86,124,75,109,26
25,179,p251_181,277,176,101,174,103,170,97,10
25,180,p251_182,164,77,87,81,83,77,83,4
25,181,p251_183,152,91,61,77,75,77,61,14
25,182,p251_184,238,141,97,116,122,109,90,39
25,183,p251_185,171,80,91,99,72,78,70,23
25,184,p251_186,159,119,40,89,70,87,38,34
25,185,p251_187,216,152,64,145,71,143,62,11
25,186,p251_188,191,118,73,123,68,117,67,7
25,187,p251_189,156,84,72,85,71,83,70,3
25,188,p251_190,177,134,43,112,65,110,41,26
25,189,p251_191,188,135,53,96,92,94,51,43
25,190,p251_192,245,216,29,171,74,166,24,55
25,191,p251_193,231,203,28,178,53,178,28,25
25,192,p251_194,241,177,64,162,79,155,57,29
25,193,p251_195,168,120,48,101,67,95,42,31
25,194,p251_196,245,166,79,168,77,156,67,22
25,195,p251_197,144,93,51,84,60,71,38,35
25,196,p251_198,131,107,24,64,67,55,15,61
25,197,p251_199,170,109,61,89,81,86,58,26
25,198,p251_200,261,185,76,182,79,172,66,23
25,199,p251_201,265,192,73,191,74,191,73,1
25,200,p251_202,144,99,45,83,61,78,40,26
26,1,p252_001,184,111,73,91,93,74,56,54
26,2,p252_002,270,200,70,139,131,134,65,71
26,3,p252_003,479,400,79,349,130,342,72,65
26,4,p252_004,350,229,121,224,126,221,118,11
26,5,p252_005,408,315,93,291,117,289,91,28
26,6,p252_006,345,239,106,224,121,224,106,15
26,7,p252_007,313,212,101,211,102,188,78,47
26,8,p252_008,459,405,54,366,93,359,47,53
26,9,p252_009,306,196,110,200,106,193,103,10
26,10,p252_010,224,132,92,111,113,111,92,21
26,11,p252_011,449,353,96,349,100,331,78,40
26,12,p252_012,287,198,89,203,84,197,83,7
26,13,p252_013,297,212,85,184,113,183,84,30
26,14,p252_014,309,268,41,232,77,227,36,46
26,15,p252_015,377,330,47,281,96,281,47,49
26,16,p252_016,439,408,31,342,97,339,28,72
26,17,p252_017,242,185,57,162,80,158,53,31
26,18,p252_018,371,277,94,290,81,263,67,41
26,19,p252_019,463,369,94,405,58,363,52,48
26,20,p252_020,293,216,77,181,112,177,73,43
26,21,p252_021,570,453,117,445,125,441,113,16
26,22,p252_022,460,343,117,353,107,312,76,72
26,23,p252_023,709,586,123,605,104,577,95,37
26,24,p252_024,439,370,69,362,77,322,29,88
26,25,p252_025,319,235,84,185,134,181,80,58
26,26,p252_026,174,154,20,92,82,92,20,62
26,27,p252_027,187,104,83,94,93,94,83,10
26,28,p252_028,217,163,54,123,94,123,54,40
26,29,p252_029,212,157,55,118,94,118,55,39
26,30,p252_030,251,134,117,97,154,95,115,41
26,31,p252_032,272,180,92,179,93,178,91,3
26,32,p252_033,184,115,69,96,88,95,68,21
26,33,p252_034,156,79,77,77,79,77,77,2
26,34,p252_035,187,109,78,108,79,101,71,15
26,35,p252_036,185,120,65,107,78,105,63,17
26,36,p252_037,182,108,74,94,88,90,70,22
26,37,p252_038,182,119,63,89,93,89,63,30
26,38,p252_039,265,167,98,159,106,157,96,12
26,39,p252_040,284,159,125,179,105,124,70,90
26,40,p252_041,145,84,61,81,64,77,57,11
26,41,p252_042,225,141,84,139,86,135,80,10
26,42,p252_043,185,101,84,101,84,99,82,4
26,43,p252_044,203,130,73,121,82,119,71,13
26,44,p252_045,211,126,85,120,91,120,85,6
26,45,p252_046,219,146,73,109,110,109,73,37
26,46,p252_047,163,104,59,77,86,75,57,31
26,47,p252_048,203,106,97,103,100,102,96,5
26,48,p252_050,301,198,103,154,147,154,103,44
26,49,p252_051,177,110,67,91,86,88,64,25
26,50,p252_052,337,202,135,187,150,187,135,15
26,51,p252_053,188,99,89,97,91,95,87,6
26,52,p252_054,234,169,65,92,142,92,65,77
26,53,p252_055,170,127,43,76,94,76,43,51
26,54,p252_056,201,133,68,110,91,106,64,31
26,55,p252_057,218,139,79,119,99,115,75,28
26,56,p252_058,212,123,89,82,130,82,89,41
26,57,p252_059,139,70,69,53,86,51,67,21
26,58,p252_060,182,87,95,75,107,71,91,20
26,59,p252_061,214,85,129,78,136,74,125,15
26,60,p252_062,187,94,93,89,98,88,92,7
26,61,p252_063,250,119,131,104,146,103,130,17
26,62,p252_064,160,53,107,52,108,50,105,5
26,63,p252_065,246,159,87,146,100,146,87,13
26,64,p252_066,196,109,87,102,94,99,84,13
26,65,p252_067,224,140,84,141,83,118,61,45
26,66,p252_068,178,92,86,86,92,85,85,8
26,67,p252_069,149,64,85,50,99,50,85,14
26,68,p252_071,198,155,43,107,91,104,40,54
26,69,p252_072,145,73,72,63,82,60,69,16
26,70,p252_073,139,97,42,78,61,76,40,23
26,71,p252_074,194,154,40,107,87,104,37,53
26,72,p252_075,191,123,68,67,124,61,62,68
26,73,p252_076,191,134,57,87,104,87,57,47
26,74,p252_077,149,54,95,45,104,44,94,11
26,75,p252_078,153,69,84,61,92,61,84,8
26,76,p252_079,153,70,83,56,97,56,83,14
26,77,p252_080,119,88,31,39,80,39,31,49
26,78,p252_081,170,115,55,56,114,56,55,59
26,79,p252_082,195,132,63,116,79,116,63,16
26,80,p252_083,201,128,73,126,75,125,72,4
26,81,p252_084,161,120,41,91,70,81,31,49
26,82,p252_085,143,59,84,52,91,47,79,17
26,83,p252_086,200,123,77,123,77,111,65,24
26,84,p252_087,166,101,65,92,74,91,64,11
26,85,p252_088,145,75,70,67,78,61,64,20
26,86,p252_089,315,167,148,100,215,100,148,67
26,87,p252_090,232,161,71,165,67,154,60,18
26,88,p252_091,281,179,102,188,93,177,91,13
26,89,p252_092,206,171,35,140,66,129,24,53
26,90,p252_093,190,142,48,96,94,96,48,46
26,91,p252_094,165,97,68,72,93,68,64,33
26,92,p252_095,123,86,37,50,73,50,37,36
26,93,p252_096,152,108,44,60,92,60,44,48
26,94,p252_097,214,152,62,125,89,125,62,27
26,95,p252_098,190,91,99,87,103,86,98,6
26,96,p252_099,192,105,87,99,93,94,82,16
26,97,p252_100,235,152,83,124,111,124,83,28
26,98,p252_101,341,253,88,232,109,227,83,31
26,99,p252_102,180,81,99,73,107,68,94,18
26,100,p252_103,241,175,66,132,109,130,64,47
26,101,p252_104,185,125,60,144,41,108,24,53
26,102,p252_105,160,138,22,91,69,89,20,51
26,103,p252_106,135,104,31,65,70,62,28,45
26,104,p252_108,169,102,67,81,88,81,67,21
26,105,p252_109,237,178,59,153,84,153,59,25
26,106,p252_110,158,97,61,57,101,55,59,44
26,107,p252_111,263,198,65,170,93,163,58,42
26,108,p252_112,132,116,16,66,66,66,16,50
26,109,p252_113,123,95,28,58,65,55,25,43
26,110,p252_114,122,95,27,61,61,59,25,38
26,111,p252_115,142,116,26,76,66,75,25,42
26,112,p252_116,123,103,20,47,76,47,20,56
26,113,p252_117,178,131,47,99,79,98,46,34
26,114,p252_118,230,163,67,143,87,141,65,24
26,115,p252_119,188,144,44,84,104,84,44,60
26,116,p252_120,228,155,73,123,105,123,73,32
26,117,p252_121,352,277,75,273,79,269,71,12
26,118,p252_122,167,99,68,86,81,85,67,15
26,119,p252_123,187,115,72,83,104,75,64,48
26,120,p252_124,288,224,64,158,130,133,39,116
26,121,p252_125,232,105,127,70,162,70,127,35
26,122,p252_126,162,128,34,91,71,90,33,39
26,123,p252_127,228,144,84,81,147,81,84,63
26,124,p252_128,210,128,82,103,107,100,79,31
26,125,p252_129,225,135,90,64,161,63,89,73
26,126,p252_130,208,139,69,122,86,121,68,19
26,127,p252_131,184,127,57,86,98,85,56,43
26,128,p252_132,278,228,50,174,104,174,50,54
26,129,p252_133,186,112,74,75,111,74,73,39
26,130,p252_134,235,127,108,114,121,112,106,17
26,131,p252_135,244,164,80,150,94,150,80,14
26,132,p252_136,280,244,36,198,82,198,36,46
26,133,p252_137,262,177,85,164,98,161,82,19
26,134,p252_138,257,199,58,166,91,164,56,37
26,135,p252_139,159,87,72,78,81,78,72,9
26,136,p252_140,226,144,82,127,99,123,78,25
26,137,p252_141,184,116,68,87,97,84,65,35
26,138,p252_142,209,127,82,87,122,82,77,50
26,139,p252_143,239,209,30,149,90,148,29,62
26,140,p252_144,165,90,75,71,94,67,71,27
26,141,p252_145,222,143,79,143,79,138,74,10
26,142,p252_146,194,117,77,101,93,97,73,24
26,143,p252_147,155,116,39,82,73,81,38,36
26,144,p252_148,132,77,55,51,81,51,55,26
26,145,p252_149,133,91,42,54,79,51,39,43
26,146,p252_150,118,91,27,51,67,46,22,50
26,147,p252_151,163,93,70,80,83,80,70,13
26,148,p252_152,140,88,52,59,81,59,52,29
26,149,p252_153,137,69,68,58,79,58,68,11
26,150,p252_154,136,96,40,63,73,60,37,39
26,151,p252_155,173,140,33,86,87,86,33,54
26,152,p252_156,115,60,55,46,69,37,46,32
26,153,p252_157,216,154,62,132,84,124,54,38
26,154,p252_158,154,87,67,77,77,72,62,20
26,155,p252_160,229,173,56,138,91,136,54,39
26,156,p252_161,192,132,60,109,83,106,57,29
26,157,p252_162,259,185,74,164,95,161,71,27
26,158,p252_163,174,118,56,83,91,83,56,35
26,159,p252_164,204,124,80,122,82,120,78,6
26,160,p252_165,174,118,56,96,78,81,41,52
26,161,p252_166,195,132,63,102,93,100,61,34
26,162,p252_167,164,77,87,75,89,74,86,4
26,163,p252_168,265,170,95,164,101,164,95,6
26,164,p252_169,233,147,86,142,91,141,85,7
26,165,p252_170,165,87,78,83,82,83,78,4
26,166,p252_171,202,101,101,94,108,90,97,15
26,167,p252_172,174,94,80,88,86,83,75,16
26,168,p252_173,176,74,102,59,117,58,101,17
26,169,p252_174,177,135,42,82,95,82,42,53
26,170,p252_175,199,147,52,120,79,117,49,33
26,171,p252_176,296,188,108,186,110,178,100,18
26,172,p252_177,197,114,83,114,83,113,82,2
26,173,p252_178,154,75,79,74,80,74,79,1
26,174,p252_179,162,90,72,61,101,61,72,29
26,175,p252_181,211,187,24,126,85,126,24,61
26,176,p252_182,243,156,87,130,113,130,87,26
26,177,p252_183,203,112,91,89,114,89,91,23
26,178,p252_184,212,142,70,134,78,134,70,8
26,179,p252_185,181,93,88,76,105,73,85,23
26,180,p252_186,209,110,99,105,104,105,99,5
26,181,p252_187,408,131,277,123,285,116,270,22
26,182,p252_188,218,161,57,85,133,81,53,84
26,183,p252_189,169,134,35,91,78,91,35,43
26,184,p252_190,319,244,75,158,161,155,72,92
26,185,p252_191,193,104,89,96,97,96,89,8
26,186,p252_193,171,125,46,109,62,106,43,22
26,187,p252_194,159,90,69,79,80,76,66,17
26,188,p252_195,163,107,56,73,90,71,54,38
26,189,p252_196,194,123,71,108,86,107,70,17
26,190,p252_197,168,127,41,81,87,80,40,48
26,191,p252_198,139,86,53,60,79,60,53,26
26,192,p252_199,143,71,72,61,82,59,70,14
26,193,p252_200,170,129,41,89,81,89,41,40
26,194,p252_201,172,131,41,83,89,83,41,48
26,195,p252_202,161,128,33,84,77,79,28,54
26,196,p252_203,178,97,81,62,116,61,80,37
26,197,p252_204,218,165,53,130,88,128,51,39
26,198,p252_205,173,152,21,93,80,89,17,67
26,199,p252_206,224,140,84,130,94,126,80,18
26,200,p252_207,289,180,109,160,129,158,107,24
27,1,p253_001,138,114,24,74,64,68,18,52
27,2,p253_002,246,167,79,160,86,157,76,13
27,3,p253_003,474,416,58,352,122,350,56,68
27,4,p253_004,321,204,117,209,112,203,111,7
27,5,p253_005,453,373,80,340,113,336,76,41
27,6,p253_007,271,191,80,191,80,189,78,4
27,7,p253_008,492,377,115,353,139,350,112,30
27,8,p253_009,331,214,117,208,123,207,116,8
27,9,p253_010,219,108,111,109,110,108,110,1
27,10,p253_011,464,349,115,325,139,325,115,24
27,11,p253_012,288,231,57,211,77,211,57,20
27,12,p253_013,285,207,78,206,79,202,74,9
27,13,p253_014,331,235,96,230,101,229,95,7
27,14,p253_015,381,295,86,282,99,282,86,13
27,15,p253_016,432,334,98,329,103,325,94,13
27,16,p253_017,253,154,99,151,102,149,97,7
27,17,p253_018,373,294,79,264,109,262,77,34
27,18,p253_020,258,174,84,171,87,169,82,7
27,19,p253_021,562,479,83,444,118,443,82,37
27,20,p253_023,659,513,146,513,146,510,143,6
27,21,p253_024,427,312,115,305,122,300,110,17
27,22,p253_025,137,76,61,44,93,44,61,32
27,23,p253_026,266,205,61,218,48,193,36,37
27,24,p253_027,292,216,76,208,84,208,76,8
27,25,p253_028,207,150,57,136,71,136,57,14
27,26,p253_029,221,129,92,125,96,125,92,4
27,27,p253_030,144,99,45,56,88,56,45,43
27,28,p253_031,172,141,31,87,85,87,31,54
27,29,p253_032,142,61,81,49,93,48,80,14
27,30,p253_033,184,108,76,94,90,94,76,14
27,31,p253_034,139,62,77,59,80,58,76,5
27,32,p253_035,257,180,77,177,80,177,77,3
27,33,p253_036,240,148,92,146,94,144,90,6
27,34,p253_037,140,82,58,47,93,47,58,35
27,35,p253_038,137,126,11,49,88,49,11,77
27,36,p253_039,134,122,12,71,63,69,10,55
27,37,p253_040,246,189,57,165,81,164,56,26
27,38,p253_041,274,196,78,188,86,188,78,8
27,39,p253_042,168,77,91,77,91,77,91,0
27,40,p253_043,219,152,67,141,78,141,67,11
27,41,p253_044,244,175,69,167,77,167,69,8
27,42,p253_045,147,72,75,69,78,69,75,3
27,43,p253_046,115,66,49,54,61,54,49,12
27,44,p253_047,147,58,89,58,89,57,88,2
27,45,p253_048,256,176,80,173,83,173,80,3
27,46,p253_049,228,158,70,150,78,150,70,8
27,47,p253_050,118,94,24,47,71,47,24,47
27,48,p253_051,139,74,65,44,95,44,65,30
27,49,p253_052,148,95,53,73,75,72,52,24
27,50,p253_053,209,160,49,145,64,145,49,15
27,51,p253_054,211,132,79,127,84,127,79,5
27,52,p253_055,132,60,72,59,73,59,72,1
27,53,p253_056,110,75,35,38,72,38,35,37
27,54,p253_057,94,57,37,43,51,43,37,14
27,55,p253_058,211,162,49,128,83,128,49,34
27,56,p253_059,158,97,61,79,79,79,61,18
27,57,p253_060,275,209,66,197,78,196,65,14
27,58,p253_061,100,95,5,41,59,41,5,54
27,59,p253_062,178,116,62,96,82,95,61,22
27,60,p253_063,134,93,41,62,72,62,41,31
27,61,p253_064,107,103,4,53,54,52,3,52
27,62,p253_065,142,119,23,77,65,75,21,46
27,63,p253_066,147,121,26,61,86,61,26,60
27,64,p253_067,179,106,73,102,77,102,73,4
27,65,p253_068,259,191,68,181,78,181,68,10
27,66,p253_069,237,196,41,152,85,152,41,44
27,67,p253_071,159,99,60,81,78,81,60,18
27,68,p253_072,185,116,69,95,90,95,69,21
27,69,p253_073,290,228,62,195,95,195,62,33
27,70,p253_074,149,76,73,63,86,63,73,13
27,71,p253_075,224,186,38,151,73,151,38,35
27,72,p253_076,213,157,56,134,79,134,56,23
27,73,p253_077,169,102,67,90,79,90,67,12
27,74,p253_078,150,61,89,57,93,56,88,6
27,75,p253_079,173,90,83,85,88,85,83,5
27,76,p253_080,271,222,49,197,74,197,49,25
27,77,p253_081,125,67,58,50,75,50,58,17
27,78,p253_082,145,85,60,46,99,46,60,39
27,79,p253_083,115,67,48,63,52,52,37,26
27,80,p253_084,158,117,41,81,77,81,41,36
27,81,p253_085,200,130,70,117,83,117,70,13
27,82,p253_086,230,172,58,149,81,149,58,23
27,83,p253_087,246,176,70,169,77,169,70,7
27,84,p253_088,150,86,64,76,74,76,64,10
27,85,p253_089,231,174,57,160,71,160,57,14
27,86,p253_090,270,200,70,201,69,200,69,1
27,87,p253_091,217,165,52,139,78,139,52,26
27,88,p253_092,134,86,48,84,50,84,48,2
27,89,p253_093,223,159,64,139,84,138,63,22
27,90,p253_095,128,46,82,41,87,41,82,5
27,91,p253_096,135,70,65,57,78,57,65,13
27,92,p253_097,115,66,49,55,60,55,49,11
27,93,p253_098,171,112,59,100,71,100,59,12
27,94,p253_099,196,144,52,131,65,131,52,13
27,95,p253_100,121,74,47,56,65,56,47,18
27,96,p253_101,214,137,77,135,79,135,77,2
27,97,p253_102,206,136,70,127,79,124,67,15
27,98,p253_103,163,111,52,83,80,83,52,28
27,99,p253_104,135,58,77,58,77,56,75,4
27,100,p253_106,161,95,66,84,77,84,66,11
27,101,p253_107,147,76,71,65,82,65,71,11
27,102,p253_108,347,255,92,244,103,244,92,11
27,103,p253_109,216,124,92,122,94,122,92,2
27,104,p253_110,233,169,64,154,79,154,64,15
27,105,p253_111,174,131,43,101,73,101,43,30
27,106,p253_112,107,35,72,35,72,35,72,0
27,107,p253_113,182,110,72,109,73,109,72,1
27,108,p253_114,91,80,11,40,51,40,11,40
27,109,p253_115,118,59,59,58,60,58,59,1
27,110,p253_116,123,56,67,50,73,50,67,6
27,111,p253_117,257,186,71,183,74,182,70,5
27,112,p253_118,110,53,57,50,60,49,56,5
27,113,p253_119,91,67,24,44,47,44,24,23
27,114,p253_120,133,76,57,63,70,63,57,13
27,115,p253_121,253,182,71,181,72,179,69,5
27,116,p253_122,142,78,64,62,80,62,64,16
27,117,p253_123,239,167,72,164,75,164,72,3
27,118,p253_124,179,113,66,113,66,113,66,0
27,119,p253_125,165,98,67,89,76,89,67,9
27,120,p253_126,105,66,39,49,56,49,39,17
27,121,p253_127,162,116,46,94,68,94,46,22
27,122,p253_128,222,193,29,158,64,158,29,35
27,123,p253_129,137,78,59,62,75,62,59,16
27,124,p253_130,149,74,75,72,77,71,74,4
27,125,p253_131,134,70,64,66,68,65,63,6
27,126,p253_132,225,144,81,142,83,142,81,2
27,127,p253_133,160,99,61,93,67,93,61,6
27,128,p253_134,139,61,78,62,77,60,76,3
27,129,p253_135,199,126,73,123,76,123,73,3
27,130,p253_136,293,204,89,197,96,197,89,7
27,131,p253_138,113,76,37,38,75,38,37,38
27,132,p253_139,139,80,59,78,61,78,59,2
27,133,p253_140,286,165,121,156,130,156,121,9
27,134,p253_141,142,65,77,64,78,64,77,1
27,135,p253_142,205,90,115,82,123,82,115,8
27,136,p253_143,331,211,120,205,126,205,120,6
27,137,p253_144,294,169,125,169,125,165,121,8
27,138,p253_145,113,63,50,51,62,51,50,12
27,139,p253_146,99,42,57,30,69,30,57,12
27,140,p253_147,302,234,68,213,89,211,66,25
27,141,p253_148,179,130,49,78,101,76,47,56
27,142,p253_149,259,170,89,194,65,164,59,36
27,143,p253_150,163,107,56,151,12,107,12,44
27,144,p253_151,123,43,80,43,80,43,80,0
27,145,p253_152,232,152,80,153,79,152,79,1
27,146,p253_153,159,83,76,82,77,81,75,3
27,147,p253_154,142,72,70,59,83,59,70,13
27,148,p253_156,121,64,57,64,57,64,57,0
27,149,p253_157,246,198,48,167,79,167,48,31
27,150,p253_158,143,92,51,70,73,70,51,22
27,151,p253_160,132,62,70,62,70,61,69,2
27,152,p253_161,118,61,57,59,59,59,57,2
27,153,p253_162,153,87,66,87,66,87,66,0
27,154,p253_163,144,81,63,73,71,73,63,8
27,155,p253_164,145,75,70,70,75,70,70,5
27,156,p253_165,177,94,83,92,85,91,82,4
27,157,p253_167,265,186,79,178,87,176,77,12
27,158,p253_168,174,109,65,100,74,100,65,9
27,159,p253_169,150,84,66,72,78,72,66,12
27,160,p253_170,169,92,77,87,82,87,77,5
27,161,p253_171,135,70,65,67,68,67,65,3
27,162,p253_173,133,72,61,67,66,67,61,5
27,163,p253_175,151,73,78,67,84,67,78,6
27,164,p253_176,119,53,66,46,73,46,66,7
27,165,p253_177,159,103,56,87,72,87,56,16
27,166,p253_178,242,196,46,165,77,165,46,31
27,167,p253_179,112,45,67,44,68,44,67,1
27,168,p253_180,255,166,89,163,92,163,89,3
27,169,p253_181,114,65,49,48,66,48,49,17
27,170,p253_182,225,141,84,140,85,140,84,1
27,171,p253_183,158,115,43,92,66,91,42,25
27,172,p253_184,192,124,68,120,72,120,68,4
27,173,p253_185,253,195,58,180,73,180,58,15
27,174,p253_186,110,97,13,46,64,46,13,51
27,175,p253_187,148,78,70,78,70,78,70,0
27,176,p253_188,171,110,61,105,66,105,61,5
27,177,p253_189,251,186,65,168,83,168,65,18
27,178,p253_190,175,66,109,67,108,66,108,1
27,179,p253_191,269,193,76,238,31,192,30,47
27,180,p253_192,147,96,51,116,31,92,27,28
27,181,p253_194,110,55,55,46,64,46,55,9
27,182,p253_195,99,53,46,39,60,39,46,14
27,183,p253_196,164,100,64,90,74,90,64,10
27,184,p253_197,293,220,73,210,83,210,73,10
27,185,p253_198,113,64,49,53,60,53,49,11
27,186,p253_199,266,161,105,154,112,153,104,9
27,187,p253_200,129,68,61,61,68,61,61,7
27,188,p253_201,185,106,79,107,78,105,77,3
27,189,p253_202,141,70,71,62,79,62,71,8
27,190,p253_203,143,86,57,67,76,67,57,19
27,191,p253_205,165,89,76,90,75,89,75,1
27,192,p253_206,102,35,67,32,70,32,67,3
27,193,p253_207,267,195,72,192,75,191,71,5
27,194,p253_208,167,87,80,86,81,86,80,1
27,195,p253_209,157,97,60,77,80,77,60,20
27,196,p253_211,143,51,92,50,93,50,92,1
27,197,p253_212,262,195,67,181,81,181,67,14
27,198,p253_213,257,172,85,157,100,157,85,15
27,199,p253_214,255,177,78,171,84,169,76,10
27,200,p253_215,222,140,82,132,90,132,82,8
28,1,p254_001,129,81,48,85,44,71,34,24
28,2,p254_002,222,158,64,159,63,153,58,11
28,3,p254_003,446,345,101,350,96,339,90,17
28,4,p254_004,323,231,92,244,79,227,75,21
28,5,p254_005,409,336,73,362,47,332,43,34
28,6,p254_006,332,248,84,248,84,246,82,4
28,7,p254_007,287,212,75,210,77,206,71,10
28,8,p254_008,457,347,110,359,98,342,93,22
28,9,p254_009,291,206,85,205,86,200,80,11
28,10,p254_010,195,124,71,125,70,121,67,7
28,11,p254_011,454,347,107,349,105,345,103,6
28,12,p254_012,279,208,71,208,71,206,69,4
28,13,p254_013,265,203,62,205,60,200,57,8
28,14,p254_014,313,238,75,233,80,231,73,9
28,15,p254_015,344,277,67,278,66,272,61,11
28,16,p254_016,446,329,117,325,121,323,115,8
28,17,p254_017,232,154,78,156,76,153,75,4
28,18,p254_018,360,278,82,278,82,264,68,28
28,19,p254_019,449,374,75,372,77,365,68,16
28,20,p254_020,249,181,68,182,67,176,62,11
28,21,p254_021,564,469,95,452,112,451,94,19
28,22,p254_022,419,307,112,303,116,299,108,12
28,23,p254_023,625,502,123,490,135,487,120,18
28,24,p254_024,440,314,126,370,70,313,69,58
28,25,p254_025,143,74,69,87,56,73,55,15
28,26,p254_026,99,87,12,74,25,71,9,19
28,27,p254_027,107,58,49,59,48,54,44,9
28,28,p254_028,233,140,93,151,82,138,80,15
28,29,p254_029,233,176,57,170,63,165,52,16
28,30,p254_030,253,216,37,214,39,196,19,38
28,31,p254_031,257,200,57,185,72,184,56,17
28,32,p254_032,248,176,72,187,61,174,59,15
28,33,p254_033,147,94,53,92,55,78,39,30
28,34,p254_034,254,177,77,177,77,177,77,0
28,35,p254_035,180,98,82,98,82,94,78,8
28,36,p254_037,219,163,56,147,72,146,55,18
28,37,p254_038,223,150,73,165,58,143,51,29
28,38,p254_039,124,67,57,66,58,63,54,7
28,39,p254_040,113,61,52,50,63,43,45,25
28,40,p254_041,164,96,68,99,65,95,64,5
28,41,p254_042,233,161,72,167,66,159,64,10
28,42,p254_043,118,56,62,61,57,51,52,15
28,43,p254_044,294,197,97,199,95,196,94,4
28,44,p254_045,180,111,69,103,77,102,68,10
28,45,p254_046,151,81,70,73,78,72,69,10
28,46,p254_047,206,95,111,93,113,82,100,24
28,47,p254_048,174,108,66,105,69,105,66,3
28,48,p254_049,191,105,86,102,89,100,84,7
28,49,p254_050,134,94,40,75,59,73,38,23
28,50,p254_051,225,165,60,163,62,162,59,4
28,51,p254_052,116,91,25,59,57,54,20,42
28,52,p254_053,115,84,31,74,41,66,23,26
28,53,p254_054,139,75,64,67,72,60,57,22
28,54,p254_055,134,99,35,70,64,63,28,43
28,55,p254_056,123,82,41,63,60,62,40,21
28,56,p254_057,214,149,65,149,65,146,62,6
28,57,p254_058,140,121,19,87,53,86,18,36
28,58,p254_059,105,70,35,62,43,56,29,20
28,59,p254_060,142,76,66,68,74,64,62,16
28,60,p254_061,142,83,59,90,52,82,51,9
28,61,p254_062,141,78,63,75,66,70,58,13
28,62,p254_063,195,138,57,121,74,118,54,23
28,63,p254_064,168,95,73,93,75,90,70,8
28,64,p254_065,129,87,42,70,59,68,40,21
28,65,p254_066,206,117,89,118,88,117,88,1
28,66,p254_067,254,195,59,193,61,193,59,2
28,67,p254_068,223,158,65,152,71,150,63,10
28,68,p254_069,142,100,42,68,74,68,42,32
28,69,p254_070,241,177,64,177,64,174,61,6
28,70,p254_071,122,74,48,100,22,74,22,26
28,71,p254_072,162,79,83,79,83,78,82,2
28,72,p254_073,137,100,37,70,67,66,33,38
28,73,p254_074,161,92,69,62,99,62,69,30
28,74,p254_075,178,122,56,111,67,111,56,11
28,75,p254_076,163,95,68,95,68,92,65,6
28,76,p254_077,186,117,69,116,70,116,69,1
28,77,p254_078,142,68,74,78,64,68,64,10
28,78,p254_079,230,156,74,158,72,156,72,2
28,79,p254_080,174,123,51,116,58,112,47,15
28,80,p254_081,142,71,71,58,84,58,71,13
28,81,p254_082,177,126,51,135,42,116,32,29
28,82,p254_083,163,111,52,110,53,104,46,13
28,83,p254_084,160,94,66,97,63,92,61,7
28,84,p254_085,118,102,16,70,48,70,16,32
28,85,p254_086,137,89,48,76,61,75,47,15
28,86,p254_087,117,69,48,55,62,49,42,26
28,87,p254_088,138,95,43,72,66,72,43,23
28,88,p254_090,227,195,32,181,46,179,30,18
28,89,p254_091,132,101,31,90,42,80,21,31
28,90,p254_092,228,151,77,159,69,151,69,8
28,91,p254_093,193,134,59,134,59,134,59,0
28,92,p254_094,179,147,32,121,58,120,31,28
28,93,p254_095,169,107,62,94,75,94,62,13
28,94,p254_096,121,67,54,64,57,62,52,7
28,95,p254_097,104,60,44,48,56,42,38,24
28,96,p254_098,271,199,72,194,77,194,72,5
28,97,p254_099,142,103,39,104,38,91,26,25
28,98,p254_100,159,110,49,98,61,96,47,16
28,99,p254_101,166,121,45,111,55,104,38,24
28,100,p254_102,209,173,36,161,48,159,34,16
28,101,p254_103,217,172,45,165,52,158,38,21
28,102,p254_104,123,85,38,57,66,57,38,28
28,103,p254_105,278,192,86,197,81,186,75,17
28,104,p254_106,222,162,60,160,62,160,60,2
28,105,p254_107,264,195,69,184,80,184,69,11
28,106,p254_108,217,164,53,147,70,142,48,27
28,107,p254_109,152,104,48,129,23,94,13,45
28,108,p254_110,118,67,51,65,53,56,42,20
28,109,p254_111,115,103,12,99,16,90,3,22
28,110,p254_112,159,126,33,95,64,92,30,37
28,111,p254_113,251,127,124,139,112,120,105,26
28,112,p254_114,163,120,43,114,49,111,40,12
28,113,p254_115,108,61,47,87,21,54,14,40
28,114,p254_116,161,104,57,101,60,100,56,5
28,115,p254_117,110,80,30,73,37,66,23,21
28,116,p254_118,256,207,49,191,65,190,48,18
28,117,p254_119,129,71,58,70,59,64,52,13
28,118,p254_120,129,88,41,77,52,72,36,21
28,119,p254_121,161,85,76,76,85,76,76,9
28,120,p254_122,195,149,46,141,54,131,36,28
28,121,p254_123,265,192,73,189,76,188,72,5
28,122,p254_124,254,199,55,219,35,194,30,30
28,123,p254_125,207,138,69,161,46,137,45,25
28,124,p254_126,123,85,38,70,53,62,30,31
28,125,p254_127,105,60,45,54,51,49,40,16
28,126,p254_128,250,169,81,179,71,166,68,16
28,127,p254_129,157,102,55,109,48,93,39,25
28,128,p254_130,253,197,56,189,64,189,56,8
28,129,p254_131,118,73,45,81,37,63,27,28
28,130,p254_132,161,106,55,102,59,100,53,8
28,131,p254_133,235,177,58,164,71,164,58,13
28,132,p254_134,163,123,40,118,45,101,23,39
28,133,p254_135,208,153,55,143,65,129,41,38
28,134,p254_136,185,125,60,118,67,117,59,9
28,135,p254_137,185,125,60,108,77,99,51,35
28,136,p254_138,173,116,57,165,8,115,7,51
28,137,p254_139,271,203,68,204,67,183,47,41
28,138,p254_140,238,208,30,182,56,178,26,34
28,139,p254_141,195,163,32,121,74,120,31,44
28,140,p254_143,210,115,95,96,114,95,94,21
28,141,p254_144,131,109,22,75,56,75,22,34
28,142,p254_145,267,213,54,203,64,194,45,28
28,143,p254_146,110,101,9,64,46,64,9,37
28,144,p254_147,168,134,34,110,58,97,21,50
28,145,p254_148,151,104,47,80,71,76,43,32
28,146,p254_149,178,113,65,98,80,98,65,15
28,147,p254_150,267,216,51,207,60,206,50,11
28,148,p254_151,284,204,80,187,97,178,71,35
28,149,p254_152,143,71,72,68,75,68,72,3
28,150,p254_153,279,211,68,211,68,206,63,10
28,151,p254_154,110,69,41,52,58,48,37,25
28,152,p254_155,139,123,16,80,59,77,13,49
28,153,p254_156,229,187,42,162,67,161,41,27
28,154,p254_157,121,98,23,74,47,73,22,26
28,155,p254_158,137,98,39,79,58,74,34,29
28,156,p254_159,183,135,48,177,6,135,6,42
28,157,p254_160,187,123,64,151,36,115,28,44
28,158,p254_161,161,124,37,112,49,107,32,22
28,159,p254_162,123,94,29,68,55,64,25,34
28,160,p254_163,147,124,23,85,62,84,22,41
28,161,p254_164,134,120,14,84,50,83,13,38
28,162,p254_165,147,115,32,90,57,85,27,35
28,163,p254_166,131,96,35,67,64,64,32,35
28,164,p254_167,257,168,89,227,30,165,27,65
28,165,p254_168,209,166,43,160,49,142,25,42
28,166,p254_169,214,141,73,142,72,137,68,9
28,167,p254_170,185,128,57,119,66,114,52,19
28,168,p254_171,118,69,49,67,51,66,48,4
28,169,p254_172,207,155,52,141,66,138,49,20
28,170,p254_173,204,140,64,130,74,128,62,14
28,171,p254_174,250,213,37,184,66,178,31,41
28,172,p254_175,179,115,64,109,70,109,64,6
28,173,p254_176,235,180,55,161,74,160,54,21
28,174,p254_177,123,87,36,71,52,71,36,16
28,175,p254_178,158,113,45,102,56,102,45,11
28,176,p254_179,123,87,36,65,58,65,36,22
28,177,p254_180,147,133,14,93,54,84,5,58
28,178,p254_181,123,98,25,69,54,69,25,29
28,179,p254_182,139,106,33,80,59,80,33,26
28,180,p254_183,254,176,78,172,82,168,74,12
28,181,p254_184,196,129,67,108,88,107,66,23
28,182,p254_185,169,90,79,89,80,87,77,5
28,183,p254_186,209,146,63,147,62,146,62,1
28,184,p254_187,110,87,23,59,51,56,20,34
28,185,p254_188,271,168,103,174,97,163,92,16
28,186,p254_189,171,107,64,99,72,95,60,16
28,187,p254_190,114,51,63,33,81,32,62,20
28,188,p254_191,251,183,68,181,70,181,68,2
28,189,p254_192,91,41,50,32,59,30,48,13
28,190,p254_193,155,89,66,107,48,89,48,18
28,191,p254_194,210,130,80,131,79,122,71,17
28,192,p254_195,210,141,69,142,68,137,64,9
28,193,p254_196,249,162,87,170,79,156,73,20
28,194,p254_197,161,102,59,98,63,90,51,20
28,195,p254_198,232,172,60,157,75,154,57,21
28,196,p254_199,142,99,43,69,73,69,43,30
28,197,p254_200,228,163,65,157,71,149,57,22
28,198,p254_201,166,113,53,93,73,92,52,22
28,199,p254_202,140,64,76,56,84,56,76,8
28,200,p254_203,131,74,57,72,59,69,54,8
29,1,p255_001,140,100,40,125,15,94,9,37
29,2,p255_002,215,179,36,194,21,170,12,33
29,3,p255_003,523,412,111,425,98,369,55,99
29,4,p255_004,364,302,62,252,112,243,53,68
29,5,p255_005,429,350,79,352,77,322,49,58
29,6,p255_006,366,327,39,274,92,268,33,65
29,7,p255_007,267,216,51,202,65,194,43,30
29,8,p255_008,488,436,52,401,87,381,32,75
29,9,p255_009,315,277,38,222,93,219,35,61
29,10,p255_010,194,152,42,114,80,113,41,40
29,11,p255_011,409,360,49,302,107,301,48,60
29,12,p255_012,297,276,21,235,62,228,14,55
29,13,p255_013,298,228,70,201,97,196,65,37
29,14,p255_014,335,319,16,264,71,261,13,61
29,15,p255_015,395,309,86,288,107,282,80,33
29,16,p255_016,433,340,93,329,104,322,86,25
29,17,p255_017,216,188,28,158,58,150,20,46
29,18,p255_018,349,273,76,283,66,267,60,22
29,19,p255_019,439,337,102,385,54,331,48,60
29,20,p255_020,249,217,32,188,61,185,29,35
29,21,p255_021,573,486,87,464,109,440,63,70
29,22,p255_022,472,372,100,358,114,342,84,46
29,23,p255_023,801,642,159,582,219,560,137,104
29,24,p255_024,436,373,63,331,105,316,48,72
29,25,p255_025,147,108,39,89,58,88,38,21
29,26,p255_026,216,163,53,137,79,136,52,28
29,27,p255_027,125,94,31,67,58,65,29,31
29,28,p255_028,275,196,79,266,9,196,9,70
29,29,p255_029,292,241,51,248,44,229,32,31
29,30,p255_030,152,114,38,82,70,82,38,32
29,31,p255_031,304,240,64,220,84,218,62,24
29,32,p255_032,198,143,55,101,97,91,45,62
29,33,p255_033,206,168,38,143,63,143,38,25
29,34,p255_034,221,176,45,151,70,144,38,39
29,35,p255_035,312,232,80,265,47,215,30,67
29,36,p255_036,190,134,56,170,20,126,12,52
29,37,p255_037,153,104,49,115,38,87,21,45
29,38,p255_038,308,265,43,265,43,239,17,52
29,39,p255_039,145,139,6,95,50,90,1,54
29,40,p255_040,217,160,57,158,59,139,38,40
29,41,p255_041,163,122,41,111,52,91,21,51
29,42,p255_042,273,196,77,205,68,173,45,55
29,43,p255_043,257,201,56,174,83,173,55,29
29,44,p255_044,194,131,63,113,81,112,62,20
29,45,p255_045,158,138,20,86,72,82,16,60
29,46,p255_046,129,85,44,51,78,44,37,48
29,47,p255_047,283,249,34,174,109,174,34,75
29,48,p255_048,259,238,21,231,28,222,12,25
29,49,p255_049,196,151,45,118,78,112,39,45
29,50,p255_050,269,208,61,196,73,187,52,30
29,51,p255_051,273,240,33,175,98,175,33,65
29,52,p255_052,168,151,17,67,101,62,12,94
29,53,p255_053,176,140,36,81,95,78,33,65
29,54,p255_054,151,112,39,66,85,63,36,52
29,55,p255_055,161,129,32,77,84,74,29,58
29,56,p255_057,315,288,27,294,21,279,12,24
29,57,p255_058,203,156,47,146,57,133,34,36
29,58,p255_059,176,145,31,107,69,102,26,48
29,59,p255_060,228,178,50,129,99,127,48,53
29,60,p255_061,375,267,108,254,121,235,89,51
29,61,p255_062,262,247,15,211,51,209,13,40
29,62,p255_063,123,115,8,65,58,61,4,58
29,63,p255_064,195,157,38,122,73,120,36,39
29,64,p255_065,191,165,26,125,66,122,23,46
29,65,p255_066,260,211,49,181,79,172,40,48
29,66,p255_067,203,186,17,150,53,150,17,36
29,67,p255_068,164,134,30,71,93,66,25,73
29,68,p255_069,187,159,28,95,92,94,27,66
29,69,p255_070,206,176,30,98,108,98,30,78
29,70,p255_071,166,135,31,160,6,130,1,35
29,71,p255_072,126,107,19,94,32,85,10,31
29,72,p255_073,174,129,45,110,64,102,37,35
29,73,p255_074,140,130,10,83,57,77,4,59
29,74,p255_075,259,216,43,183,76,183,43,33
29,75,p255_076,134,124,10,71,63,71,10,53
29,76,p255_077,280,230,50,174,106,170,46,64
29,77,p255_078,189,162,27,115,74,115,27,47
29,78,p255_079,156,142,14,43,113,43,14,99
29,79,p255_080,155,151,4,100,55,99,3,53
29,80,p255_081,148,124,24,81,67,81,24,43
29,81,p255_082,167,129,38,85,82,84,37,46
29,82,p255_083,267,226,41,191,76,189,39,39
29,83,p255_084,145,139,6,73,72,72,5,68
29,84,p255_085,215,193,22,138,77,136,20,59
29,85,p255_086,197,163,34,123,74,111,22,64
29,86,p255_087,137,109,28,61,76,59,26,52
29,87,p255_088,196,150,46,116,80,115,45,36
29,88,p255_089,183,124,59,82,101,81,58,44
29,89,p255_090,282,257,25,188,94,186,23,73
29,90,p255_091,155,127,28,100,55,98,26,31
29,91,p255_092,172,118,54,94,78,91,51,30
29,92,p255_093,139,116,23,75,64,68,16,55
29,93,p255_094,279,223,56,193,86,185,48,46
29,94,p255_095,175,132,43,106,69,104,41,30
29,95,p255_096,122,95,27,47,75,45,25,52
29,96,p255_097,152,127,25,77,75,77,25,50
29,97,p255_098,145,112,33,63,82,62,32,51
29,98,p255_099,149,123,26,88,61,88,26,35
29,99,p255_100,213,172,41,110,103,110,41,62
29,100,p255_101,184,154,30,100,84,100,30,54
29,101,p255_102,153,93,60,79,74,79,60,14
29,102,p255_103,198,162,36,104,94,102,34,62
29,103,p255_104,182,120,62,116,66,96,42,44
29,104,p255_105,267,203,64,178,89,171,57,39
29,105,p255_106,265,208,57,182,83,182,57,26
29,106,p255_107,209,188,21,136,73,133,18,58
29,107,p255_108,154,112,42,73,81,71,40,43
29,108,p255_109,163,144,19,115,48,107,11,45
29,109,p255_110,302,265,37,226,76,222,33,47
29,110,p255_111,249,225,24,206,43,199,17,33
29,111,p255_112,170,139,31,79,91,79,31,60
29,112,p255_113,171,101,70,162,9,100,8,63
29,113,p255_114,261,210,51,197,64,175,29,57
29,114,p255_115,137,107,30,68,69,62,24,51
29,115,p255_116,123,114,9,53,70,53,9,61
29,116,p255_117,244,214,30,176,68,169,23,52
29,117,p255_118,259,238,21,192,67,189,18,52
29,118,p255_119,279,257,22,209,70,207,20,52
29,119,p255_120,293,253,40,214,79,213,39,41
29,120,p255_121,178,151,27,112,66,110,25,43
29,121,p255_122,225,169,56,210,15,164,10,51
29,122,p255_123,174,146,28,173,1,145,0,29
29,123,p255_124,247,201,46,220,27,196,22,29
29,124,p255_125,263,250,13,195,68,193,11,59
29,125,p255_126,335,284,51,220,115,210,41,84
29,126,p255_127,142,135,7,103,39,101,5,36
29,127,p255_128,172,106,66,111,61,91,46,35
29,128,p255_129,222,178,44,142,80,133,35,54
29,129,p255_130,291,244,47,204,87,195,38,58
29,130,p255_131,167,149,18,126,41,115,7,45
29,131,p255_132,142,115,27,83,59,81,25,36
29,132,p255_133,284,235,49,202,82,195,42,47
29,133,p255_134,228,215,13,169,59,166,10,52
29,134,p255_135,190,169,21,116,74,112,17,61
29,135,p255_136,300,272,28,233,67,222,17,61
29,136,p255_137,174,156,18,114,60,106,10,58
29,137,p255_138,154,122,32,102,52,92,22,40
29,138,p255_139,233,173,60,153,80,146,53,34
29,139,p255_140,258,183,75,182,76,162,55,41
29,140,p255_141,186,126,60,87,99,77,50,59
29,141,p255_142,174,134,40,101,73,99,38,37
29,142,p255_143,197,173,24,136,61,135,23,39
29,143,p255_144,121,106,15,76,45,69,8,44
29,144,p255_145,137,116,21,80,57,71,12,54
29,145,p255_146,326,287,39,222,104,215,32,79
29,146,p255_147,134,121,13,72,62,69,10,55
29,147,p255_148,166,144,22,109,57,102,15,49
29,148,p255_149,138,102,36,88,50,75,23,40
29,149,p255_150,162,133,29,134,28,113,8,41
29,150,p255_151,325,273,52,221,104,217,48,60
29,151,p255_152,145,121,24,89,56,87,22,36
29,152,p255_153,189,171,18,124,65,120,14,55
29,153,p255_154,141,125,16,112,29,107,11,23
29,154,p255_155,165,112,53,108,57,87,32,46
29,155,p255_156,227,227,0,203,24,203,0,24
29,156,p255_157,234,198,36,161,73,150,25,59
29,157,p255_158,260,215,45,170,90,165,40,55
29,158,p255_159,222,190,32,152,70,141,21,60
29,159,p255_160,123,103,20,114,9,96,2,25
29,160,p255_161,240,152,88,162,78,145,71,24
29,161,p255_162,174,140,34,101,73,88,21,65
29,162,p255_163,217,165,52,151,66,147,48,22
29,163,p255_164,143,132,11,79,64,78,10,55
29,164,p255_165,130,123,7,77,53,74,4,52
29,165,p255_166,177,153,24,109,68,106,21,50
29,166,p255_167,209,160,49,142,67,134,41,34
29,167,p255_168,162,108,54,131,31,90,13,59
29,168,p255_169,319,265,54,249,70,227,32,60
29,169,p255_170,147,117,30,83,64,70,17,60
29,170,p255_171,197,170,27,133,64,124,18,55
29,171,p255_172,205,157,48,155,50,134,27,44
29,172,p255_173,186,149,37,133,53,119,23,44
29,173,p255_174,168,127,41,95,73,88,34,46
29,174,p255_175,305,191,114,206,99,174,82,49
29,175,p255_176,164,109,55,137,27,95,13,56
29,176,p255_177,221,167,54,181,40,154,27,40
29,177,p255_178,235,155,80,144,91,139,75,21
29,178,p255_179,195,168,27,110,85,107,24,64
29,179,p255_180,144,114,30,71,73,69,28,47
29,180,p255_181,142,104,38,74,68,74,38,30
29,181,p255_182,186,159,27,112,74,110,25,51
29,182,p255_183,276,212,64,240,36,205,29,42
29,183,p255_184,144,80,64,106,38,63,21,60
29,184,p255_185,246,193,53,214,32,189,28,29
29,185,p255_186,208,169,39,179,29,146,6,56
29,186,p255_187,137,88,49,74,63,62,37,38
29,187,p255_188,141,103,38,95,46,80,23,38
29,188,p255_189,259,211,48,192,67,189,45,25
29,189,p255_190,145,91,54,59,86,57,52,36
29,190,p255_191,162,131,31,119,43,111,23,28
29,191,p255_192,288,261,27,264,24,249,12,27
29,192,p255_193,169,103,66,83,86,83,66,20
29,193,p255_194,267,232,35,219,48,210,26,31
29,194,p255_195,284,240,44,218,66,214,40,30
29,195,p255_196,148,128,20,92,56,87,15,46
29,196,p255_197,170,131,39,106,64,103,36,31
29,197,p255_198,231,189,42,172,59,153,23,55
29,198,p255_199,211,161,50,127,84,121,44,46
29,199,p255_200,128,112,16,70,58,68,14,46
29,200,p255_201,157,138,19,95,62,90,14,53
30,1,p256_001,156,136,20,99,57,94,15,47
30,2,p256_002,258,174,84,193,65,173,64,21
30,3,p256_003,461,371,90,384,77,356,62,43
30,4,p256_004,409,234,175,241,168,223,157,29
30,5,p256_005,455,340,115,354,101,318,79,58
30,6,p256_006,401,288,113,265,136,265,113,23
30,7,p256_007,346,227,119,208,138,208,119,19
30,8,p256_008,476,379,97,382,94,368,83,25
30,9,p256_009,348,231,117,230,118,226,113,9
30,10,p256_010,221,119,102,118,103,116,100,5
30,11,p256_011,483,377,106,350,133,348,104,31
30,12,p256_012,357,235,122,223,134,221,120,16
30,13,p256_013,306,230,76,215,91,202,63,41
30,14,p256_014,376,278,98,259,117,252,91,33
30,15,p256_015,424,301,123,283,141,272,112,40
30,16,p256_016,421,326,95,328,93,317,84,20
30,17,p256_017,269,163,106,156,113,149,99,21
30,18,p256_018,383,268,115,270,113,265,110,8
30,19,p256_019,481,396,85,388,93,378,75,28
30,20,p256_020,324,196,128,200,124,186,114,24
30,21,p256_021,640,494,146,493,147,475,128,37
30,22,p256_022,448,353,95,373,75,328,50,70
30,23,p256_023,777,583,194,615,162,567,146,64
30,24,p256_024,487,349,138,353,134,340,125,22
30,25,p256_025,290,215,75,249,41,201,27,62
30,26,p256_026,300,154,146,177,123,146,115,39
30,27,p256_027,162,91,71,127,35,90,34,38
30,28,p256_028,275,189,86,199,76,187,74,14
30,29,p256_029,175,84,91,117,58,80,54,41
30,30,p256_030,166,76,90,94,72,68,64,34
30,31,p256_031,338,238,100,257,81,231,74,33
30,32,p256_032,319,200,119,223,96,196,92,31
30,33,p256_033,243,119,124,147,96,114,91,38
30,34,p256_034,235,125,110,173,62,122,59,54
30,35,p256_035,267,167,100,179,88,161,82,24
30,36,p256_036,304,187,117,209,95,186,94,24
30,37,p256_037,266,183,83,195,71,176,64,26
30,38,p256_038,184,63,121,98,86,61,84,39
30,39,p256_039,207,79,128,94,113,63,97,47
30,40,p256_040,398,220,178,260,138,220,138,40
30,41,p256_041,263,106,157,153,110,104,108,51
30,42,p256_042,278,146,132,151,127,96,77,105
30,43,p256_043,207,150,57,159,48,134,32,41
30,44,p256_044,216,117,99,150,66,116,65,35
30,45,p256_045,254,150,104,176,78,131,59,64
30,46,p256_046,186,93,93,88,98,87,92,7
30,47,p256_047,157,91,66,76,81,66,56,35
30,48,p256_048,187,108,79,123,64,88,44,55
30,49,p256_049,289,101,188,130,159,93,151,45
30,50,p256_050,223,71,152,123,100,61,90,72
30,51,p256_051,204,58,146,68,136,57,135,12
30,52,p256_052,234,146,88,140,94,132,80,22
30,53,p256_053,204,100,104,100,104,97,101,6
30,54,p256_054,319,201,118,217,102,187,88,44
30,55,p256_055,194,106,88,126,68,91,53,50
30,56,p256_056,176,83,93,93,83,77,77,22
30,57,p256_057,293,154,139,209,84,154,84,55
30,58,p256_058,159,65,94,56,103,55,93,11
30,59,p256_059,327,179,148,191,136,178,135,14
30,60,p256_060,177,50,127,59,118,47,115,15
30,61,p256_061,243,105,138,110,133,104,132,7
30,62,p256_062,328,193,135,191,137,178,122,28
30,63,p256_063,284,206,78,172,112,167,73,44
30,64,p256_064,242,135,107,159,83,118,66,58
30,65,p256_065,223,92,131,97,126,82,116,25
30,66,p256_066,359,204,155,232,127,203,126,30
30,67,p256_067,368,270,98,278,90,250,70,48
30,68,p256_068,246,164,82,140,106,131,73,42
30,69,p256_069,204,79,125,70,134,67,122,15
30,70,p256_070,163,81,82,62,101,53,73,37
30,71,p256_071,336,235,101,232,104,207,76,53
30,72,p256_072,305,221,84,238,67,206,52,47
30,73,p256_073,209,145,64,97,112,91,58,60
30,74,p256_074,250,141,109,146,104,137,100,13
30,75,p256_075,211,149,62,125,86,113,50,48
30,76,p256_076,344,229,115,285,59,225,55,64
30,77,p256_077,230,121,109,123,107,117,103,10
30,78,p256_078,266,156,110,203,63,151,58,57
30,79,p256_079,358,225,133,248,110,223,108,27
30,80,p256_080,200,153,47,103,97,98,42,60
30,81,p256_081,171,102,69,83,88,69,55,47
30,82,p256_082,203,167,36,135,68,128,29,46
30,83,p256_083,283,166,117,176,107,157,98,28
30,84,p256_084,309,189,120,180,129,170,110,29
30,85,p256_085,202,88,114,93,109,78,99,25
30,86,p256_086,206,123,83,104,102,93,72,41
30,87,p256_087,257,142,115,162,95,129,82,46
30,88,p256_088,247,178,69,156,91,124,37,86
30,89,p256_089,170,121,49,99,71,84,34,52
30,90,p256_090,171,124,47,103,68,82,26,63
30,91,p256_091,334,161,173,123,211,109,159,66
30,92,p256_092,276,199,77,185,91,185,77,14
30,93,p256_093,289,131,158,131,158,126,153,10
30,94,p256_094,271,185,86,196,75,179,69,23
30,95,p256_095,190,94,96,125,65,86,57,47
30,96,p256_096,294,171,123,162,132,161,122,11
30,97,p256_097,206,85,121,92,114,82,111,13
30,98,p256_098,218,80,138,72,146,71,137,10
30,99,p256_099,151,115,36,73,78,72,35,44
30,100,p256_100,235,96,139,86,149,70,123,42
30,101,p256_101,224,107,117,115,109,99,101,24
30,102,p256_102,167,91,76,92,75,81,65,21
30,103,p256_103,269,159,110,151,118,148,107,14
30,104,p256_104,191,116,75,83,108,80,72,39
30,105,p256_105,336,197,139,243,93,194,90,52
30,106,p256_106,123,60,63,83,40,56,36,31
30,107,p256_107,166,72,94,73,93,64,85,17
30,108,p256_108,223,121,102,106,117,104,100,19
30,109,p256_109,269,171,98,154,115,150,94,25
30,110,p256_110,231,119,112,120,111,96,88,47
30,111,p256_111,204,104,100,117,87,104,87,13
30,112,p256_112,199,95,104,100,99,87,91,21
30,113,p256_113,181,124,57,128,53,100,29,52
30,114,p256_114,180,97,83,99,81,74,58,48
30,115,p256_115,183,93,90,107,76,81,64,38
30,116,p256_116,203,101,102,74,129,74,102,27
30,117,p256_117,144,73,71,61,83,52,62,30
30,118,p256_118,318,185,133,168,150,165,130,23
30,119,p256_119,204,94,110,74,130,65,101,38
30,120,p256_120,165,131,34,77,88,72,29,64
30,121,p256_121,210,98,112,79,131,74,107,29
30,122,p256_122,301,211,90,189,112,183,84,34
30,123,p256_123,276,158,118,156,120,147,109,20
30,124,p256_124,272,178,94,162,110,162,94,16
30,125,p256_125,294,212,82,203,91,199,78,17
30,126,p256_126,269,131,138,110,159,100,128,41
30,127,p256_127,281,164,117,145,136,144,116,21
30,128,p256_128,247,159,88,128,119,122,82,43
30,129,p256_129,280,185,95,194,86,181,82,17
30,130,p256_130,214,111,103,110,104,105,98,11
30,131,p256_131,273,163,110,149,124,140,101,32
30,132,p256_132,237,106,131,92,145,84,123,30
30,133,p256_133,187,161,26,76,111,67,17,103
30,134,p256_134,295,197,98,200,95,177,75,43
30,135,p256_135,294,192,102,191,103,182,93,19
30,136,p256_136,186,107,79,85,101,81,75,30
30,137,p256_137,203,145,58,101,102,101,58,44
30,138,p256_138,299,186,113,160,139,160,113,26
30,139,p256_139,274,179,95,177,97,168,86,20
30,140,p256_140,217,116,101,121,96,113,93,11
30,141,p256_141,227,88,139,127,100,85,97,45
30,142,p256_142,323,216,107,217,106,206,96,21
30,143,p256_143,251,133,118,133,118,129,114,8
30,144,p256_144,218,126,92,112,106,88,68,62
30,145,p256_145,357,226,131,205,152,203,129,25
30,146,p256_146,218,123,95,129,89,102,68,48
30,147,p256_147,219,115,104,148,71,112,68,39
30,148,p256_148,175,82,93,76,99,76,93,6
30,149,p256_149,255,168,87,233,22,167,21,67
30,150,p256_150,155,97,58,82,73,82,58,15
30,151,p256_151,232,191,41,153,79,149,37,46
30,152,p256_152,265,167,98,155,110,139,82,44
30,153,p256_153,212,98,114,86,126,80,108,24
30,154,p256_154,306,192,114,194,112,190,110,6
30,155,p256_155,229,144,85,119,110,95,61,73
30,156,p256_156,336,202,134,184,152,180,130,26
30,157,p256_157,220,109,111,99,121,83,95,42
30,158,p256_158,275,145,130,157,118,134,107,34
30,159,p256_159,196,108,88,117,79,94,65,37
30,160,p256_160,169,116,53,98,71,87,42,40
30,161,p256_161,318,201,117,199,119,191,109,18
30,162,p256_162,189,128,61,92,97,78,47,64
30,163,p256_163,176,119,57,98,78,93,52,31
30,164,p256_164,195,96,99,100,95,83,82,30
30,165,p256_165,203,138,65,142,61,124,47,32
30,166,p256_166,392,222,170,262,130,220,128,44
30,167,p256_167,331,180,151,182,149,179,148,4
30,168,p256_168,335,178,157,174,161,171,154,10
30,169,p256_169,215,135,80,112,103,103,71,41
30,170,p256_170,192,98,94,93,99,89,90,13
30,171,p256_171,258,182,76,176,82,164,64,30
30,172,p256_172,186,81,105,91,95,74,88,24
30,173,p256_173,215,123,92,96,119,95,91,29
30,174,p256_174,306,201,105,194,112,189,100,17
30,175,p256_175,240,107,133,109,131,104,128,8
30,176,p256_176,209,133,76,119,90,109,66,34
30,177,p256_177,306,213,93,213,93,199,79,28
30,178,p256_178,158,87,71,70,88,59,60,39
30,179,p256_179,335,186,149,184,151,183,148,4
30,180,p256_180,263,131,132,131,132,128,129,6
30,181,p256_181,162,79,83,64,98,63,82,17
30,182,p256_182,211,94,117,99,112,73,91,47
30,183,p256_183,184,119,65,92,92,92,65,27
30,184,p256_184,242,150,92,130,112,126,88,28
30,185,p256_185,212,122,90,141,71,102,51,59
30,186,p256_186,207,122,85,133,74,106,58,43
30,187,p256_187,292,218,74,210,82,175,39,78
30,188,p256_188,297,230,67,219,78,205,53,39
30,189,p256_189,194,101,93,92,102,85,86,23
30,190,p256_190,246,142,104,138,108,138,104,4
30,191,p256_191,199,106,93,79,120,79,93,27
30,192,p256_192,220,121,99,110,110,87,76,57
30,193,p256_193,192,98,94,96,96,95,93,4
30,194,p256_194,284,176,108,177,107,174,105,5
30,195,p256_195,298,193,105,191,107,189,103,6
30,196,p256_196,219,149,70,121,98,110,59,50
30,197,p256_197,220,110,110,113,107,109,106,5
30,198,p256_198,319,199,120,205,114,186,101,32
30,199,p256_199,184,95,89,94,90,86,81,17
30,200,p256_200,172,81,91,78,94,63,76,33
31,1,p257_001,129,124,5,92,37,90,3,36
31,2,p257_002,185,154,31,170,15,150,11,24
31,3,p257_003,370,325,45,309,61,302,38,30
31,4,p257_004,227,151,76,149,78,142,69,16
31,5,p257_005,294,272,22,252,42,248,18,28
31,6,p257_006,291,236,55,238,53,230,47,14
31,7,p257_007,227,182,45,179,48,176,42,9
31,8,p257_008,369,335,34,321,48,315,28,26
31,9,p257_009,230,179,51,187,43,175,39,16
31,10,p257_010,158,91,67,91,67,88,64,6
31,11,p257_011,334,292,42,261,73,258,39,37
31,12,p257_012,238,180,58,174,64,166,50,22
31,13,p257_013,217,194,23,162,55,162,23,32
31,14,p257_014,241,195,46,176,65,174,44,23
31,15,p257_015,299,263,36,243,56,242,35,22
31,16,p257_016,353,246,107,255,98,241,93,19
31,17,p257_017,201,118,83,118,83,113,78,10
31,18,p257_018,297,232,65,214,83,209,60,28
31,19,p257_019,361,309,52,316,45,299,35,27
31,20,p257_020,235,160,75,154,81,146,67,22
31,21,p257_021,414,356,58,374,40,343,27,44
31,22,p257_022,328,253,75,244,84,238,69,21
31,23,p257_023,539,469,70,421,118,421,70,48
31,24,p257_024,318,253,65,245,73,244,64,10
31,25,p257_025,196,113,83,121,75,109,71,16
31,26,p257_026,115,75,40,60,55,47,27,41
31,27,p257_027,206,169,37,167,39,158,28,20
31,28,p257_028,115,108,7,82,33,81,6,28
31,29,p257_029,142,89,53,75,67,75,53,14
31,30,p257_030,206,147,59,134,72,127,52,27
31,31,p257_031,83,81,2,56,27,55,1,27
31,32,p257_032,206,106,100,108,98,100,92,14
31,33,p257_033,118,97,21,76,42,71,16,31
31,34,p257_034,126,79,47,74,52,71,44,11
31,35,p257_035,217,139,78,135,82,134,77,6
31,36,p257_036,113,82,31,76,37,72,27,14
31,37,p257_037,91,81,10,50,41,50,10,31
31,38,p257_038,219,189,30,176,43,172,26,21
31,39,p257_039,179,135,44,115,64,113,42,24
31,40,p257_040,177,123,54,109,68,107,52,18
31,41,p257_041,107,94,13,70,37,69,12,26
31,42,p257_042,115,74,41,52,63,47,36,32
31,43,p257_043,134,104,30,89,45,86,27,21
31,44,p257_044,113,94,19,70,43,66,15,32
31,45,p257_045,102,44,58,48,54,41,51,10
31,46,p257_046,97,97,0,71,26,71,0,26
31,47,p257_047,180,116,64,106,74,100,58,22
31,48,p257_048,110,91,19,65,45,65,19,26
31,49,p257_049,206,168,38,155,51,152,35,19
31,50,p257_050,121,86,35,62,59,58,31,32
31,51,p257_051,182,152,30,151,31,141,20,21
31,52,p257_052,137,76,61,81,56,76,56,5
31,53,p257_053,169,98,71,94,75,94,71,4
31,54,p257_054,145,98,47,88,57,78,37,30
31,55,p257_055,166,135,31,98,68,91,24,51
31,56,p257_056,99,77,22,80,19,62,4,33
31,57,p257_057,195,130,65,130,65,123,58,14
31,58,p257_058,129,78,51,68,61,62,45,22
31,59,p257_059,254,169,85,180,74,165,70,19
31,60,p257_060,107,90,17,72,35,67,12,28
31,61,p257_061,134,79,55,74,60,70,51,13
31,62,p257_062,169,135,34,102,67,100,32,37
31,63,p257_063,134,114,20,72,62,71,19,44
31,64,p257_064,139,103,36,83,56,81,34,24
31,65,p257_065,177,127,50,110,67,108,48,21
31,66,p257_066,203,150,53,118,85,113,48,42
31,67,p257_067,113,91,22,69,44,69,22,22
31,68,p257_068,131,97,34,74,57,69,29,33
31,69,p257_069,187,155,32,120,67,119,31,37
31,70,p257_070,155,94,61,93,62,88,56,11
31,71,p257_071,243,196,47,181,62,180,46,17
31,72,p257_072,121,109,12,84,37,84,12,25
31,73,p257_073,158,125,33,100,58,98,31,29
31,74,p257_074,110,105,5,83,27,81,3,26
31,75,p257_075,126,93,33,67,59,64,30,32
31,76,p257_076,110,85,25,65,45,63,23,24
31,77,p257_077,137,108,29,77,60,74,26,37
31,78,p257_078,209,175,34,154,55,149,29,31
31,79,p257_079,190,145,45,125,65,122,42,26
31,80,p257_080,233,188,45,161,72,158,42,33
31,81,p257_081,129,77,52,63,66,52,41,36
31,82,p257_082,195,133,62,110,85,110,62,23
31,83,p257_083,142,120,22,119,23,109,12,21
31,84,p257_084,190,121,69,122,68,117,64,9
31,85,p257_085,174,142,32,120,54,114,26,34
31,86,p257_086,105,91,14,63,42,62,13,30
31,87,p257_087,171,119,52,105,66,104,51,16
31,88,p257_088,217,169,48,158,59,156,46,15
31,89,p257_089,195,137,58,123,72,121,56,18
31,90,p257_090,123,74,49,62,61,61,48,14
31,91,p257_091,123,91,32,65,58,63,30,30
31,92,p257_092,171,136,35,99,72,96,32,43
31,93,p257_093,110,52,58,48,62,46,56,8
31,94,p257_094,153,101,52,72,81,66,46,41
31,95,p257_095,230,182,48,177,53,171,42,17
31,96,p257_096,174,123,51,95,79,92,48,34
31,97,p257_097,179,121,58,101,78,101,58,20
31,98,p257_098,137,92,45,64,73,58,39,40
31,99,p257_099,177,139,38,117,60,115,36,26
31,100,p257_100,94,81,13,56,38,55,12,27
31,101,p257_101,273,189,84,170,103,170,84,19
31,102,p257_102,169,133,36,123,46,121,34,14
31,103,p257_103,129,88,41,73,56,70,38,21
31,104,p257_104,156,92,64,79,77,77,62,17
31,105,p257_105,123,96,27,83,40,83,27,13
31,106,p257_106,169,147,22,110,59,110,22,37
31,107,p257_107,121,114,7,84,37,84,7,30
31,108,p257_108,142,84,58,73,69,71,56,15
31,109,p257_109,142,125,17,96,46,94,15,33
31,110,p257_110,105,103,2,67,38,67,2,36
31,111,p257_111,161,138,23,86,75,86,23,52
31,112,p257_112,134,104,30,75,59,75,30,29
31,113,p257_113,107,104,3,57,50,57,3,47
31,114,p257_114,102,78,24,55,47,55,24,23
31,115,p257_115,139,95,44,88,51,86,42,11
31,116,p257_116,211,144,67,140,71,137,64,10
31,117,p257_117,161,135,26,110,51,103,19,39
31,118,p257_118,235,164,71,169,66,162,64,9
31,119,p257_119,123,108,15,63,60,63,15,45
31,120,p257_120,89,72,17,56,33,56,17,16
31,121,p257_121,227,181,46,159,68,151,38,38
31,122,p257_122,97,64,33,43,54,43,33,21
31,123,p257_123,145,106,39,89,56,89,39,17
31,124,p257_124,110,90,20,69,41,68,19,23
31,125,p257_125,123,108,15,60,63,59,14,50
31,126,p257_126,147,103,44,75,72,74,43,30
31,127,p257_127,214,154,60,136,78,132,56,26
31,128,p257_128,177,144,33,111,66,109,31,37
31,129,p257_129,179,123,56,116,63,115,55,9
31,130,p257_130,219,150,69,126,93,125,68,26
31,131,p257_131,99,64,35,49,50,47,33,19
31,132,p257_132,201,137,64,133,68,124,55,22
31,133,p257_133,166,90,76,91,75,89,74,3
31,134,p257_134,97,91,6,57,40,57,6,34
31,135,p257_135,230,172,58,162,68,156,52,22
31,136,p257_136,158,137,21,103,55,103,21,34
31,137,p257_137,129,103,26,74,55,71,23,35
31,138,p257_138,148,87,61,84,64,79,56,13
31,139,p257_139,113,85,28,49,64,49,28,36
31,140,p257_140,121,106,15,67,54,64,12,45
31,141,p257_141,137,89,48,85,52,82,45,10
31,142,p257_142,243,220,23,166,77,165,22,56
31,143,p257_143,158,136,22,145,13,129,6,23
31,144,p257_144,185,172,13,144,41,143,12,30
31,145,p257_145,227,204,23,152,75,148,19,60
31,146,p257_146,129,108,21,79,50,77,19,33
31,147,p257_147,201,184,17,153,48,146,10,45
31,148,p257_148,129,119,10,89,40,89,10,30
31,149,p257_149,177,130,47,103,74,98,42,37
31,150,p257_150,139,110,29,92,47,85,22,32
31,151,p257_151,153,100,53,106,47,94,41,18
31,152,p257_152,99,82,17,58,41,55,14,30
31,153,p257_153,137,116,21,98,39,95,18,24
31,154,p257_154,217,175,42,148,69,147,41,29
31,155,p257_155,134,79,55,82,52,76,49,9
31,156,p257_156,150,93,57,90,60,90,57,3
31,157,p257_157,203,156,47,151,52,145,41,17
31,158,p257_158,91,69,22,51,40,48,19,24
31,159,p257_159,113,102,11,76,37,75,10,28
31,160,p257_160,158,149,9,98,60,98,9,51
31,161,p257_161,139,134,5,101,38,99,3,37
31,162,p257_162,195,162,33,141,54,134,26,35
31,163,p257_163,155,110,45,86,69,84,43,28
31,164,p257_164,233,154,79,149,84,144,74,15
31,165,p257_165,113,91,22,62,51,58,18,37
31,166,p257_166,155,106,49,76,79,74,47,34
31,167,p257_167,194,130,64,132,62,129,61,4
31,168,p257_168,206,153,53,145,61,135,43,28
31,169,p257_169,174,102,72,108,66,100,64,10
31,170,p257_170,142,91,51,71,71,69,49,24
31,171,p257_171,129,83,46,81,48,77,42,10
31,172,p257_172,150,134,16,116,34,113,13,24
31,173,p257_173,153,114,39,112,41,101,28,24
31,174,p257_174,150,79,71,79,71,73,65,12
31,175,p257_175,217,125,92,132,85,125,85,7
31,176,p257_176,123,63,60,64,59,59,55,9
31,177,p257_177,177,150,27,120,57,119,26,32
31,178,p257_178,211,153,58,139,72,139,58,14
31,179,p257_179,126,60,66,65,61,55,56,15
31,180,p257_180,169,159,10,83,86,81,8,80
31,181,p257_181,153,110,43,89,64,86,40,27
31,182,p257_182,161,91,70,90,71,86,66,9
31,183,p257_183,110,63,47,58,52,54,43,13
31,184,p257_184,206,152,54,143,63,138,49,19
31,185,p257_185,145,121,24,87,58,87,24,34
31,186,p257_186,257,186,71,185,72,180,66,11
31,187,p257_187,113,65,48,56,57,51,43,19
31,188,p257_188,198,150,48,133,65,128,43,27
31,189,p257_189,145,113,32,95,50,93,30,22
31,190,p257_190,142,104,38,89,53,86,35,21
31,191,p257_191,195,148,47,129,66,126,44,25
31,192,p257_192,102,63,39,48,54,44,35,23
31,193,p257_193,169,104,65,108,61,104,61,4
31,194,p257_194,169,152,17,123,46,121,15,33
31,195,p257_195,129,91,38,71,58,69,36,24
31,196,p257_196,206,128,78,138,68,126,66,14
31,197,p257_197,110,82,28,63,47,62,27,21
31,198,p257_198,206,172,34,159,47,151,26,29
31,199,p257_199,150,61,89,59,91,59,89,2
31,200,p257_200,163,112,51,96,67,87,42,34
32,1,p258_001,116,84,32,112,4,81,1,34
32,2,p258_002,221,176,45,173,48,159,31,31
32,3,p258_003,441,360,81,393,48,350,38,53
32,4,p258_004,295,224,71,278,17,222,15,58
32,5,p258_005,389,308,81,342,47,308,47,34
32,6,p258_006,351,264,87,279,72,241,49,61
32,7,p258_007,281,202,79,263,18,200,16,65
32,8,p258_008,482,351,131,362,120,324,93,65
32,9,p258_009,305,247,58,207,98,201,52,52
32,10,p258_010,190,100,90,98,92,98,90,2
32,11,p258_011,389,311,78,317,72,310,71,8
32,12,p258_012,261,195,66,200,61,192,58,11
32,13,p258_013,279,204,75,192,87,187,70,22
32,14,p258_014,299,207,92,216,83,206,82,11
32,15,p258_015,452,256,196,251,201,251,196,5
32,16,p258_016,395,312,83,348,47,311,46,38
32,17,p258_017,221,147,74,190,31,144,28,49
32,18,p258_018,340,250,90,264,76,249,75,16
32,19,p258_019,421,345,76,350,71,340,66,15
32,20,p258_020,259,190,69,195,64,187,61,11
32,21,p258_021,524,435,89,491,33,433,31,60
32,22,p258_022,411,287,124,296,115,287,115,9
32,23,p258_023,676,504,172,516,160,492,148,36
32,24,p258_024,391,277,114,285,106,270,99,22
32,25,p258_025,153,86,67,99,54,72,40,41
32,26,p258_026,118,85,33,117,1,85,1,32
32,27,p258_027,223,146,77,181,42,144,40,39
32,28,p258_028,124,82,42,87,37,67,22,35
32,29,p258_029,195,125,70,144,51,120,46,29
32,30,p258_030,216,133,83,135,81,132,80,4
32,31,p258_031,129,81,48,79,50,70,39,20
32,32,p258_032,170,106,64,98,72,98,64,8
32,33,p258_033,267,187,80,187,80,180,73,14
32,34,p258_034,174,108,66,100,74,90,56,28
32,35,p258_035,97,39,58,34,63,34,58,5
32,36,p258_036,166,93,73,94,72,91,70,5
32,37,p258_037,149,76,73,100,49,76,49,24
32,38,p258_038,107,61,46,63,44,45,28,34
32,39,p258_039,113,63,50,56,57,54,48,11
32,40,p258_040,263,181,82,182,81,181,81,1
32,41,p258_041,107,38,69,35,72,33,67,7
32,42,p258_042,121,66,55,64,57,54,45,22
32,43,p258_043,126,41,85,59,67,41,67,18
32,44,p258_044,107,74,33,60,47,59,32,16
32,45,p258_045,110,79,31,52,58,52,31,27
32,46,p258_046,142,80,62,76,66,69,55,18
32,47,p258_047,131,95,36,80,51,80,36,15
32,48,p258_048,247,165,82,166,81,161,77,9
32,49,p258_049,190,111,79,105,85,102,76,12
32,50,p258_050,115,49,66,45,70,44,65,6
32,51,p258_051,150,113,37,89,61,84,32,34
32,52,p258_052,199,138,61,148,51,138,51,10
32,53,p258_053,181,80,101,133,48,79,47,55
32,54,p258_054,147,66,81,94,53,63,50,34
32,55,p258_055,269,187,82,204,65,184,62,23
32,56,p258_056,251,88,163,97,154,81,147,23
32,57,p258_057,147,53,94,38,109,38,94,15
32,58,p258_058,139,76,63,60,79,60,63,16
32,59,p258_059,189,116,73,115,74,114,72,3
32,60,p258_060,110,65,45,57,53,57,45,8
32,61,p258_061,205,128,77,120,85,120,77,8
32,62,p258_062,152,104,48,72,80,72,48,32
32,63,p258_063,200,126,74,126,74,124,72,4
32,64,p258_064,188,87,101,87,101,78,92,18
32,65,p258_065,124,69,55,51,73,51,55,18
32,66,p258_066,163,98,65,89,74,89,65,9
32,67,p258_067,299,195,104,208,91,187,83,29
32,68,p258_068,165,94,71,93,72,93,71,1
32,69,p258_069,272,173,99,168,104,167,98,7
32,70,p258_070,220,139,81,156,64,135,60,25
32,71,p258_071,129,72,57,87,42,65,35,29
32,72,p258_072,174,97,77,101,73,97,73,4
32,73,p258_073,211,142,69,137,74,137,69,5
32,74,p258_074,213,146,67,153,60,142,56,15
32,75,p258_075,227,159,68,159,68,152,61,14
32,76,p258_076,143,80,63,85,58,79,57,7
32,77,p258_077,182,119,63,115,67,109,57,16
32,78,p258_078,143,84,59,79,64,79,59,5
32,79,p258_079,189,109,80,111,78,109,78,2
32,80,p258_080,170,72,98,63,107,63,98,9
32,81,p258_081,245,162,83,242,3,161,2,82
32,82,p258_082,236,158,78,176,60,157,59,20
32,83,p258_083,134,64,70,68,66,64,66,4
32,84,p258_084,137,97,40,79,58,65,26,46
32,85,p258_085,148,99,49,118,30,92,23,33
32,86,p258_086,164,80,84,107,57,76,53,35
32,87,p258_087,281,196,85,202,79,193,76,12
32,88,p258_088,113,58,55,86,27,56,25,32
32,89,p258_089,121,68,53,68,53,64,49,8
32,90,p258_090,221,163,58,140,81,140,58,23
32,91,p258_091,223,164,59,167,56,160,52,11
32,92,p258_092,223,133,90,131,92,130,89,4
32,93,p258_093,155,70,85,92,63,66,59,30
32,94,p258_094,110,69,41,61,49,55,35,20
32,95,p258_095,201,122,79,121,80,119,77,5
32,96,p258_096,178,105,73,96,82,96,73,9
32,97,p258_097,161,92,69,72,89,72,69,20
32,98,p258_098,170,93,77,88,82,82,71,17
32,99,p258_099,271,184,87,198,73,182,71,18
32,100,p258_100,129,53,76,94,35,49,31,49
32,101,p258_101,158,95,63,87,71,86,62,10
32,102,p258_102,126,78,48,76,50,63,35,28
32,103,p258_103,245,200,45,170,75,163,38,44
32,104,p258_104,250,156,94,154,96,151,91,8
32,105,p258_105,182,100,82,99,83,93,76,13
32,106,p258_106,224,127,97,126,98,126,97,1
32,107,p258_107,134,88,46,67,67,59,38,37
32,108,p258_108,252,183,69,182,70,178,65,9
32,109,p258_110,170,100,70,149,21,99,20,51
32,110,p258_111,158,122,36,135,23,110,11,37
32,111,p258_112,225,168,57,170,55,163,50,12
32,112,p258_113,118,61,57,73,45,51,35,32
32,113,p258_114,224,175,49,161,63,146,34,44
32,114,p258_115,117,49,68,97,20,45,16,56
32,115,p258_116,161,93,68,126,35,91,33,37
32,116,p258_117,166,97,69,119,47,85,35,46
32,117,p258_118,185,111,74,119,66,110,65,10
32,118,p258_119,228,141,87,143,85,137,81,10
32,119,p258_120,213,134,79,145,68,134,68,11
32,120,p258_121,206,137,69,134,72,134,69,3
32,121,p258_122,174,115,59,88,86,86,57,31
32,122,p258_123,129,68,61,68,61,68,61,0
32,123,p258_124,190,123,67,137,53,123,53,14
32,124,p258_125,227,144,83,140,87,138,81,8
32,125,p258_126,205,115,90,113,92,113,90,2
32,126,p258_127,256,165,91,180,76,164,75,17
32,127,p258_128,209,149,60,204,5,149,5,55
32,128,p258_129,186,107,79,157,29,101,23,62
32,129,p258_130,139,79,60,82,57,79,57,3
32,130,p258_131,171,97,74,94,77,92,72,7
32,131,p258_132,195,110,85,140,55,103,48,44
32,132,p258_133,307,175,132,213,94,171,90,46
32,133,p258_134,158,84,74,157,1,83,0,75
32,134,p258_135,171,107,64,155,16,104,13,54
32,135,p258_136,198,144,54,147,51,143,50,5
32,136,p258_137,262,172,90,196,66,172,66,24
32,137,p258_138,254,185,69,217,37,184,36,34
32,138,p258_139,121,71,50,88,33,60,22,39
32,139,p258_140,286,210,76,231,55,209,54,23
32,140,p258_141,291,220,71,238,53,217,50,24
32,141,p258_142,182,112,70,137,45,110,43,29
32,142,p258_143,94,63,31,57,37,49,23,22
32,143,p258_144,190,110,80,114,76,108,74,8
32,144,p258_145,169,83,86,114,55,83,55,31
32,145,p258_146,161,87,74,92,69,86,68,7
32,146,p258_147,195,94,101,108,87,91,84,20
32,147,p258_148,131,113,18,84,47,80,14,37
32,148,p258_149,205,138,67,177,28,138,28,39
32,149,p258_150,155,87,68,91,64,83,60,12
32,150,p258_151,145,83,62,82,63,82,62,1
32,151,p258_152,134,66,68,60,74,60,68,6
32,152,p258_153,200,107,93,118,82,105,80,15
32,153,p258_154,251,156,95,159,92,155,91,5
32,154,p258_155,269,184,85,193,76,183,75,11
32,155,p258_156,211,132,79,132,79,130,77,4
32,156,p258_157,268,180,88,184,84,180,84,4
32,157,p258_158,143,75,68,72,71,64,60,19
32,158,p258_159,286,202,84,198,88,198,84,4
32,159,p258_160,142,81,61,74,68,70,57,15
32,160,p258_161,134,78,56,69,65,66,53,15
32,161,p258_162,129,80,49,123,6,76,2,51
32,162,p258_163,183,108,75,176,7,105,4,74
32,163,p258_164,226,123,103,142,84,117,78,31
32,164,p258_165,115,77,38,73,42,57,22,36
32,165,p258_166,155,81,74,87,68,81,68,6
32,166,p258_167,164,93,71,94,70,93,70,1
32,167,p258_168,214,143,71,142,72,140,69,5
32,168,p258_169,236,144,92,161,75,144,75,17
32,169,p258_170,164,89,75,92,72,83,66,15
32,170,p258_171,265,187,78,184,81,180,74,11
32,171,p258_172,158,83,75,97,61,82,60,16
32,172,p258_173,105,76,29,77,28,63,15,27
32,173,p258_174,222,147,75,159,63,147,63,12
32,174,p258_175,131,60,71,70,61,60,61,10
32,175,p258_176,237,162,75,168,69,162,69,6
32,176,p258_177,94,35,59,58,36,29,30,35
32,177,p258_178,113,56,57,72,41,53,38,22
32,178,p258_179,153,93,60,91,62,85,54,14
32,179,p258_180,183,115,68,115,68,107,60,16
32,180,p258_181,158,75,83,75,83,75,83,0
32,181,p258_182,190,118,72,115,75,113,70,7
32,182,p258_183,241,165,76,163,78,158,71,12
32,183,p258_184,155,77,78,84,71,73,67,15
32,184,p258_185,121,68,53,66,55,66,53,2
32,185,p258_186,237,170,67,186,51,163,44,30
32,186,p258_187,185,112,73,112,73,111,72,2
32,187,p258_188,161,71,90,70,91,70,90,1
32,188,p258_189,155,99,56,147,8,99,8,48
32,189,p258_190,161,100,61,100,61,83,44,34
32,190,p258_191,217,140,77,146,71,140,71,6
32,191,p258_192,217,138,79,172,45,136,43,38
32,192,p258_193,240,170,70,176,64,170,64,6
32,193,p258_194,139,129,10,100,39,98,8,33
32,194,p258_195,231,151,80,151,80,150,79,2
32,195,p258_196,110,61,49,85,25,61,25,24
32,196,p258_197,142,74,68,103,39,73,38,31
32,197,p258_198,174,92,82,87,87,83,78,13
32,198,p258_199,110,64,46,59,51,55,42,13
32,199,p258_200,160,82,78,158,2,82,2,76
32,200,p258_201,215,164,51,185,30,152,18,45
33,1,p259_001,134,81,53,83,51,69,39,26
33,2,p259_002,236,186,50,172,64,157,35,44
33,3,p259_003,507,378,129,370,137,356,115,36
33,4,p259_004,303,224,79,210,93,204,73,26
33,5,p259_005,451,362,89,410,41,345,24,82
33,6,p259_006,364,291,73,300,64,280,53,31
33,7,p259_007,297,218,79,229,68,217,67,13
33,8,p259_008,488,379,109,393,95,358,74,56
33,9,p259_009,380,210,170,247,133,210,133,37
33,10,p259_010,195,106,89,140,55,106,55,34
33,11,p259_011,460,360,100,372,88,353,81,26
33,12,p259_012,311,217,94,231,80,210,73,28
33,13,p259_013,281,215,66,238,43,213,41,27
33,14,p259_014,302,232,70,280,22,230,20,52
33,15,p259_015,434,336,98,381,53,319,36,79
33,16,p259_016,444,333,111,393,51,331,49,64
33,17,p259_017,306,161,145,248,58,159,56,91
33,18,p259_018,457,293,164,346,111,292,110,55
33,19,p259_019,465,371,94,388,77,369,75,21
33,20,p259_020,262,195,67,180,82,177,64,21
33,21,p259_021,600,474,126,480,120,470,116,14
33,22,p259_022,418,332,86,328,90,324,82,12
33,23,p259_023,701,567,134,585,116,563,112,26
33,24,p259_024,430,324,106,357,73,323,72,35
33,25,p259_025,187,101,86,123,64,101,64,22
33,26,p259_026,195,117,78,139,56,117,56,22
33,27,p259_027,272,195,77,200,72,194,71,7
33,28,p259_028,189,82,107,119,70,80,68,41
33,29,p259_029,195,116,79,125,70,116,70,9
33,30,p259_030,163,66,97,70,93,59,86,18
33,31,p259_031,174,104,70,111,63,98,57,19
33,32,p259_032,246,170,76,199,47,166,43,37
33,33,p259_033,186,97,89,127,59,92,54,40
33,34,p259_034,228,160,68,148,80,138,58,32
33,35,p259_035,164,87,77,101,63,87,63,14
33,36,p259_036,288,191,97,201,87,185,81,22
33,37,p259_037,186,103,83,119,67,101,65,20
33,38,p259_038,285,128,157,144,141,128,141,16
33,39,p259_039,222,161,61,180,42,161,42,19
33,40,p259_040,240,146,94,146,94,144,92,4
33,41,p259_041,176,86,90,110,66,82,62,32
33,42,p259_042,222,132,90,126,96,124,88,10
33,43,p259_043,249,139,110,154,95,136,92,21
33,44,p259_044,182,97,85,95,87,95,85,2
33,45,p259_045,258,127,131,103,155,103,131,24
33,46,p259_046,222,118,104,117,105,115,102,5
33,47,p259_047,167,87,80,89,78,74,65,28
33,48,p259_048,163,78,85,77,86,63,71,29
33,49,p259_049,187,98,89,114,73,93,68,26
33,50,p259_050,220,123,97,127,93,113,83,24
33,51,p259_051,181,101,80,91,90,88,77,16
33,52,p259_052,239,168,71,160,79,159,70,10
33,53,p259_053,159,84,75,78,81,76,73,10
33,54,p259_054,234,159,75,166,68,158,67,9
33,55,p259_055,215,140,75,134,81,130,71,14
33,56,p259_056,207,148,59,136,71,128,51,28
33,57,p259_057,153,74,79,90,63,73,62,18
33,58,p259_058,168,106,62,101,67,90,51,27
33,59,p259_059,193,117,76,137,56,117,56,20
33,60,p259_060,279,189,90,188,91,185,87,7
33,61,p259_061,186,109,77,110,76,105,72,9
33,62,p259_062,185,119,66,131,54,111,46,28
33,63,p259_063,182,99,83,125,57,99,57,26
33,64,p259_064,170,87,83,84,86,84,83,3
33,65,p259_065,257,224,33,174,83,171,30,56
33,66,p259_066,291,216,75,212,79,197,60,34
33,67,p259_067,181,123,58,119,62,118,57,6
33,68,p259_068,172,90,82,108,64,88,62,22
33,69,p259_069,276,190,86,198,78,188,76,12
33,70,p259_070,153,99,54,80,73,69,43,41
33,71,p259_071,174,104,70,107,67,104,67,3
33,72,p259_072,244,156,88,210,34,156,34,54
33,73,p259_073,175,105,70,115,60,100,55,20
33,74,p259_074,195,127,68,176,19,122,14,59
33,75,p259_075,211,85,126,108,103,82,100,29
33,76,p259_076,158,86,72,115,43,85,42,31
33,77,p259_077,182,97,85,120,62,96,61,25
33,78,p259_078,190,107,83,107,83,104,80,6
33,79,p259_079,219,143,76,145,74,137,68,14
33,80,p259_080,153,78,75,90,63,77,62,14
33,81,p259_081,169,112,57,102,67,99,54,16
33,82,p259_082,269,211,58,205,64,193,46,30
33,83,p259_083,259,148,111,192,67,141,60,58
33,84,p259_084,179,78,101,89,90,66,78,35
33,85,p259_085,245,91,154,153,92,86,87,72
33,86,p259_086,126,55,71,98,28,53,26,47
33,87,p259_087,206,58,148,116,90,57,89,60
33,88,p259_088,211,52,159,114,97,52,97,62
33,89,p259_089,174,46,128,75,99,45,98,31
33,90,p259_090,154,92,62,72,82,72,62,20
33,91,p259_091,200,116,84,113,87,111,82,7
33,92,p259_092,235,158,77,157,78,157,77,1
33,93,p259_093,323,267,56,274,49,262,44,17
33,94,p259_094,346,268,78,273,73,266,71,9
33,95,p259_095,256,179,77,174,82,173,76,7
33,96,p259_096,181,105,76,101,80,101,76,4
33,97,p259_097,177,98,79,108,69,94,65,18
33,98,p259_098,207,131,76,135,72,130,71,6
33,99,p259_099,248,174,74,179,69,173,68,7
33,100,p259_100,147,111,36,91,56,87,32,28
33,101,p259_101,158,125,33,124,34,109,18,31
33,102,p259_102,270,192,78,195,75,192,75,3
33,103,p259_103,158,78,80,95,63,77,62,19
33,104,p259_104,215,135,80,151,64,135,64,16
33,105,p259_105,200,109,91,108,92,105,88,7
33,106,p259_106,221,126,95,147,74,124,72,25
33,107,p259_107,205,119,86,125,80,116,77,12
33,108,p259_108,154,86,68,86,68,75,57,22
33,109,p259_109,211,169,42,171,40,166,37,8
33,110,p259_110,217,137,80,140,77,136,76,5
33,111,p259_111,300,182,118,192,108,179,105,16
33,112,p259_112,237,166,71,165,72,163,69,5
33,113,p259_113,153,86,67,93,60,79,53,21
33,114,p259_114,178,87,91,83,95,82,90,6
33,115,p259_115,161,92,69,99,62,92,62,7
33,116,p259_116,174,106,68,91,83,85,62,27
33,117,p259_117,339,246,93,247,92,244,90,5
33,118,p259_118,278,197,81,193,85,192,80,6
33,119,p259_119,162,123,39,104,58,94,29,39
33,120,p259_120,297,221,76,202,95,202,76,19
33,121,p259_121,204,159,45,111,93,105,39,60
33,122,p259_122,241,161,80,144,97,142,78,21
33,123,p259_123,249,104,145,99,150,93,139,17
33,124,p259_124,263,148,115,146,117,129,98,36
33,125,p259_125,224,151,73,155,69,143,61,20
33,126,p259_126,174,76,98,77,97,73,94,7
33,127,p259_127,220,140,80,132,88,132,80,8
33,128,p259_128,185,123,62,125,60,115,52,18
33,129,p259_129,173,97,76,93,80,84,67,22
33,130,p259_130,280,196,84,190,90,190,84,6
33,131,p259_131,188,112,76,115,73,106,67,15
33,132,p259_132,209,119,90,114,95,113,89,7
33,133,p259_133,171,84,87,103,68,84,68,19
33,134,p259_134,238,131,107,150,88,127,84,27
33,135,p259_135,204,116,88,113,91,107,82,15
33,136,p259_136,229,161,68,167,62,158,59,12
33,137,p259_137,196,117,79,119,77,113,73,10
33,138,p259_138,226,148,78,166,60,145,57,24
33,139,p259_139,257,150,107,133,124,119,93,45
33,140,p259_140,246,74,172,87,159,73,158,15
33,141,p259_141,160,77,83,97,63,75,61,24
33,142,p259_142,150,80,70,75,75,69,64,17
33,143,p259_143,145,65,80,64,81,55,71,19
33,144,p259_144,123,58,65,65,58,52,52,19
33,145,p259_145,126,38,88,48,78,38,78,10
33,146,p259_146,201,107,94,156,45,107,45,49
33,147,p259_147,135,61,74,79,56,60,55,20
33,148,p259_148,140,79,61,68,72,65,58,17
33,149,p259_149,231,162,69,154,77,145,60,26
33,150,p259_150,201,111,90,113,88,108,85,8
33,151,p259_151,207,130,77,122,85,119,74,14
33,152,p259_152,166,91,75,107,59,80,48,38
33,153,p259_153,215,119,96,120,95,115,91,9
33,154,p259_154,249,152,97,159,90,149,87,13
33,155,p259_155,212,126,86,121,91,113,78,21
33,156,p259_156,186,115,71,105,81,71,37,78
33,157,p259_157,331,205,126,212,119,202,116,13
33,158,p259_158,205,126,79,119,86,119,79,7
33,159,p259_159,203,136,67,114,89,103,56,44
33,160,p259_160,205,118,87,131,74,113,69,23
33,161,p259_161,169,87,82,83,86,83,82,4
33,162,p259_162,189,113,76,128,61,105,53,31
33,163,p259_163,185,89,96,94,91,87,89,9
33,164,p259_164,160,91,69,66,94,66,69,25
33,165,p259_165,174,95,79,103,71,88,64,22
33,166,p259_166,157,69,88,75,82,67,80,10
33,167,p259_167,167,78,89,80,87,72,81,14
33,168,p259_168,182,157,25,161,21,152,16,14
33,169,p259_169,216,136,80,151,65,131,60,25
33,170,p259_170,230,172,58,164,66,160,54,16
33,171,p259_171,195,132,63,111,84,104,56,35
33,172,p259_172,290,244,46,228,62,215,33,42
33,173,p259_173,167,91,76,102,65,84,58,25
33,174,p259_174,206,144,62,127,79,126,61,19
33,175,p259_175,279,226,53,208,71,200,45,34
33,176,p259_176,247,152,95,163,84,151,83,13
33,177,p259_177,196,86,110,120,76,79,69,48
33,178,p259_178,182,103,79,107,75,103,75,4
33,179,p259_179,373,197,176,216,157,196,156,21
33,180,p259_180,207,131,76,154,53,129,51,27
33,181,p259_181,185,98,87,90,95,86,83,16
33,182,p259_182,211,95,116,94,117,89,111,11
33,183,p259_183,203,115,88,116,87,115,87,1
33,184,p259_184,198,85,113,96,102,79,96,23
33,185,p259_185,231,126,105,131,100,121,95,15
33,186,p259_186,201,133,68,96,105,96,68,37
33,187,p259_187,158,104,54,78,80,78,54,26
33,188,p259_188,170,108,62,82,88,76,56,38
33,189,p259_189,161,118,43,125,36,113,31,17
33,190,p259_190,173,101,72,103,70,92,61,20
33,191,p259_191,182,91,91,87,95,81,85,16
33,192,p259_192,198,114,84,121,77,112,75,11
33,193,p259_193,145,64,81,80,65,64,65,16
33,194,p259_194,185,105,80,106,79,100,74,11
33,195,p259_195,187,112,75,112,75,96,59,32
33,196,p259_196,183,98,85,118,65,98,65,20
33,197,p259_197,194,146,48,135,59,129,42,23
33,198,p259_198,188,106,82,126,62,105,61,22
33,199,p259_199,218,136,82,140,78,136,78,4
33,200,p259_200,326,246,80,253,73,243,70,13
34,1,p260_001,123,57,66,59,64,57,64,2
34,2,p260_002,219,121,98,112,107,111,97,11
34,3,p260_003,419,275,144,269,150,266,141,12
34,4,p260_004,276,180,96,181,95,178,93,5
34,5,p260_005,341,257,84,268,73,252,68,21
34,6,p260_006,317,228,89,225,92,225,89,3
34,7,p260_007,256,163,93,161,95,155,87,14
34,8,p260_008,373,270,103,267,106,267,103,3
34,9,p260_009,291,166,125,163,128,160,122,9
34,10,p260_010,227,93,134,97,130,90,127,10
34,11,p260_011,369,275,94,270,99,270,94,5
34,12,p260_012,257,163,94,167,90,161,88,8
34,13,p260_013,257,176,81,171,86,167,77,13
34,14,p260_014,308,192,116,183,125,183,116,9
34,15,p260_015,306,238,68,238,68,237,67,2
34,16,p260_016,373,280,93,284,89,274,83,16
34,17,p260_017,203,129,74,158,45,120,36,47
34,18,p260_018,346,247,99,240,106,240,99,7
34,19,p260_019,414,322,92,308,106,308,92,14
34,20,p260_020,263,166,97,163,100,162,96,5
34,21,p260_021,539,421,118,409,130,406,115,18
34,22,p260_022,387,280,107,272,115,268,103,16
34,23,p260_023,627,460,167,436,191,432,163,32
34,24,p260_024,455,299,156,291,164,289,154,12
34,25,p260_025,271,195,76,193,78,191,74,6
34,26,p260_026,129,53,76,53,76,53,76,0
34,27,p260_027,113,42,71,41,72,41,71,1
34,28,p260_028,217,123,94,122,95,120,92,5
34,29,p260_029,126,52,74,53,73,52,73,1
34,30,p260_030,195,116,79,115,80,114,78,3
34,31,p260_031,128,54,74,50,78,50,74,4
34,32,p260_032,126,57,69,56,70,56,69,1
34,33,p260_033,118,48,70,46,72,46,70,2
34,34,p260_034,274,189,85,187,87,187,85,2
34,35,p260_035,241,155,86,151,90,149,84,8
34,36,p260_036,170,84,86,82,88,81,85,4
34,37,p260_037,145,31,114,26,119,26,114,5
34,38,p260_038,245,162,83,162,83,162,83,0
34,39,p260_039,222,128,94,135,87,126,85,11
34,40,p260_040,243,169,74,177,66,165,62,16
34,41,p260_041,158,61,97,61,97,61,97,0
34,42,p260_042,251,175,76,172,79,171,75,5
34,43,p260_043,139,49,90,50,89,44,84,11
34,44,p260_044,242,170,72,171,71,168,69,5
34,45,p260_045,170,92,78,105,65,92,65,13
34,46,p260_046,132,53,79,50,82,50,79,3
34,47,p260_047,212,121,91,121,91,120,90,2
34,48,p260_048,131,60,71,57,74,56,70,5
34,49,p260_049,118,37,81,37,81,36,80,2
34,50,p260_050,213,124,89,125,88,120,84,9
34,51,p260_051,169,86,83,83,86,82,82,5
34,52,p260_052,226,109,117,109,117,109,117,0
34,53,p260_053,160,77,83,77,83,76,82,2
34,54,p260_054,152,75,77,62,90,62,77,13
34,55,p260_055,217,136,81,153,64,135,63,19
34,56,p260_056,158,86,72,87,71,83,68,7
34,57,p260_057,137,62,75,95,42,60,40,37
34,58,p260_058,119,43,76,66,53,43,53,23
34,59,p260_059,211,142,69,134,77,134,69,8
34,60,p260_060,247,164,83,174,73,164,73,10
34,61,p260_061,285,206,79,204,81,203,78,4
34,62,p260_062,131,61,70,71,60,60,59,12
34,63,p260_063,107,42,65,41,66,41,65,1
34,64,p260_064,158,91,67,88,70,86,65,7
34,65,p260_065,306,200,106,233,73,197,70,39
34,66,p260_066,155,80,75,89,66,80,66,9
34,67,p260_067,167,87,80,85,82,84,79,4
34,68,p260_068,121,98,23,82,39,70,11,40
34,69,p260_069,195,113,82,117,78,112,77,6
34,70,p260_070,166,98,68,98,68,98,68,0
34,71,p260_071,157,71,86,81,76,71,76,10
34,72,p260_072,118,41,77,44,74,41,74,3
34,73,p260_073,315,182,133,199,116,177,111,27
34,74,p260_074,246,162,84,189,57,161,56,29
34,75,p260_075,146,66,80,71,75,66,75,5
34,76,p260_076,127,50,77,48,79,48,77,2
34,77,p260_077,140,62,78,65,75,61,74,5
34,78,p260_078,165,90,75,81,84,80,74,11
34,79,p260_079,165,81,84,105,60,78,57,30
34,80,p260_080,123,52,71,52,71,50,69,4
34,81,p260_081,181,82,99,80,101,80,99,2
34,82,p260_082,171,140,31,141,30,123,13,35
34,83,p260_083,184,97,87,93,91,86,80,18
34,84,p260_084,148,66,82,55,93,55,82,11
34,85,p260_085,222,151,71,152,70,151,70,1
34,86,p260_086,254,167,87,171,83,167,83,4
34,87,p260_087,200,123,77,125,75,122,74,4
34,88,p260_088,138,59,79,54,84,52,77,9
34,89,p260_089,219,116,103,116,103,114,101,4
34,90,p260_090,217,116,101,114,103,114,101,2
34,91,p260_091,185,102,83,103,82,101,81,3
34,92,p260_092,211,136,75,135,76,135,75,1
34,93,p260_093,138,71,67,60,78,60,67,11
34,94,p260_094,114,54,60,77,37,49,32,33
34,95,p260_095,121,50,71,52,69,49,68,4
34,96,p260_096,267,179,88,171,96,168,85,14
34,97,p260_097,155,91,64,99,56,79,44,32
34,98,p260_098,133,53,80,50,83,50,80,3
34,99,p260_099,316,226,90,220,96,219,89,8
34,100,p260_100,144,61,83,64,80,60,79,5
34,101,p260_101,127,55,72,53,74,53,72,2
34,102,p260_102,196,113,83,110,86,107,80,9
34,103,p260_103,374,198,176,222,152,196,150,28
34,104,p260_104,133,41,92,56,77,41,77,15
34,105,p260_105,155,77,78,75,80,75,78,2
34,106,p260_106,191,91,100,134,57,90,56,45
34,107,p260_107,131,64,67,60,71,54,61,16
34,108,p260_108,329,217,112,209,120,205,108,16
34,109,p260_109,222,105,117,102,120,102,117,3
34,110,p260_110,144,56,88,94,50,55,49,40
34,111,p260_111,238,138,100,151,87,134,83,21
34,112,p260_112,181,92,89,88,93,86,87,8
34,113,p260_113,136,48,88,48,88,48,88,0
34,114,p260_114,201,116,85,116,85,115,84,2
34,115,p260_115,135,116,19,56,79,56,19,60
34,116,p260_116,231,145,86,147,84,144,83,4
34,117,p260_117,223,162,61,152,71,150,59,14
34,118,p260_118,290,185,105,184,106,181,102,7
34,119,p260_119,144,60,84,46,98,43,81,20
34,120,p260_120,234,140,94,145,89,134,83,17
34,121,p260_121,138,51,87,61,77,49,75,14
34,122,p260_122,258,174,84,158,100,157,83,18
34,123,p260_123,172,84,88,82,90,79,85,8
34,124,p260_124,167,102,65,82,85,82,65,20
34,125,p260_125,174,89,85,87,87,87,85,2
34,126,p260_126,196,128,68,131,65,127,64,5
34,127,p260_127,128,60,68,100,28,53,21,54
34,128,p260_128,171,77,94,70,101,69,93,9
34,129,p260_129,192,104,88,103,89,102,87,3
34,130,p260_130,155,92,63,89,66,88,62,5
34,131,p260_131,286,171,115,153,133,152,114,20
34,132,p260_132,277,170,107,145,132,145,107,25
34,133,p260_133,314,181,133,184,130,180,129,5
34,134,p260_134,296,176,120,174,122,173,119,4
34,135,p260_135,142,65,77,79,63,64,62,16
34,136,p260_136,174,108,66,107,67,107,66,1
34,137,p260_137,216,143,73,140,76,137,70,9
34,138,p260_138,180,98,82,101,79,97,78,5
34,139,p260_139,138,59,79,57,81,40,62,36
34,140,p260_140,129,64,65,53,76,52,64,13
34,141,p260_141,196,108,88,118,78,104,74,18
34,142,p260_142,264,182,82,174,90,174,82,8
34,143,p260_143,161,75,86,74,87,74,86,1
34,144,p260_144,131,51,80,91,40,44,33,54
34,145,p260_145,153,57,96,56,97,56,96,1
34,146,p260_146,233,153,80,167,66,152,65,16
34,147,p260_147,265,149,116,149,116,144,111,10
34,148,p260_148,161,71,90,70,91,67,87,7
34,149,p260_149,210,114,96,107,103,104,93,13
34,150,p260_150,230,163,67,160,70,159,66,5
34,151,p260_151,145,45,100,44,101,44,100,1
34,152,p260_152,150,70,80,71,79,69,78,3
34,153,p260_153,170,83,87,76,94,75,86,9
34,154,p260_154,141,62,79,55,86,55,79,7
34,155,p260_155,136,58,78,62,74,51,67,18
34,156,p260_156,210,135,75,129,81,128,74,8
34,157,p260_157,133,100,33,125,8,98,6,29
34,158,p260_158,168,78,90,79,89,75,86,7
34,159,p260_159,141,82,59,59,82,59,59,23
34,160,p260_160,176,109,67,104,72,104,67,5
34,161,p260_161,267,202,65,175,92,174,64,29
34,162,p260_162,148,93,55,61,87,59,53,36
34,163,p260_163,199,121,78,116,83,113,75,11
34,164,p260_164,259,152,107,140,119,140,107,12
34,165,p260_165,137,62,75,61,76,61,75,1
34,166,p260_166,130,53,77,93,37,52,36,42
34,167,p260_167,136,58,78,58,78,54,74,8
34,168,p260_168,165,88,77,77,88,77,77,11
34,169,p260_169,144,53,91,52,92,52,91,1
34,170,p260_170,155,109,46,33,122,33,46,76
34,171,p260_171,278,177,101,181,97,163,83,32
34,172,p260_172,219,144,75,137,82,137,75,7
34,173,p260_173,203,105,98,100,103,100,98,5
34,174,p260_174,143,81,62,63,80,63,62,18
34,175,p260_175,141,64,77,60,81,57,74,10
34,176,p260_176,255,161,94,142,113,142,94,19
34,177,p260_177,131,32,99,32,99,31,98,2
34,178,p260_178,152,78,74,76,76,74,72,6
34,179,p260_179,199,104,95,101,98,101,95,3
34,180,p260_180,190,108,82,106,84,106,82,2
34,181,p260_181,169,97,72,89,80,89,72,8
34,182,p260_182,218,137,81,134,84,133,80,5
34,183,p260_183,178,96,82,69,109,69,82,27
34,184,p260_184,241,147,94,153,88,140,81,20
34,185,p260_185,109,55,54,44,65,44,54,11
34,186,p260_186,115,81,34,43,72,43,34,38
34,187,p260_187,255,119,136,107,148,107,136,12
34,188,p260_188,126,89,37,78,48,74,33,19
34,189,p260_189,243,176,67,167,76,165,65,13
34,190,p260_190,138,49,89,46,92,46,89,3
34,191,p260_191,114,50,64,33,81,33,64,17
34,192,p260_192,99,70,29,40,59,39,28,32
34,193,p260_193,172,108,64,106,66,106,64,2
34,194,p260_194,212,125,87,124,88,120,83,9
34,195,p260_195,169,105,64,102,67,102,64,3
34,196,p260_196,167,91,76,103,64,72,45,50
34,197,p260_197,138,74,64,60,78,60,64,14
34,198,p260_198,180,116,64,105,75,105,64,11
34,199,p260_199,227,171,56,141,86,139,54,34
34,200,p260_200,140,69,71,45,95,45,71,24
35,1,p261_001,145,107,38,111,34,88,15,42
35,2,p261_002,249,179,70,188,61,162,44,43
35,3,p261_003,471,375,96,428,43,366,34,71
35,4,p261_004,278,212,66,198,80,197,65,16
35,5,p261_005,393,329,64,333,60,325,56,12
35,6,p261_006,345,277,68,323,22,275,20,50
35,7,p261_007,262,209,53,203,59,202,52,8
35,8,p261_008,464,357,107,361,103,339,85,40
35,9,p261_009,286,219,67,277,9,219,9,58
35,10,p261_010,179,105,74,111,68,104,67,8
35,11,p261_011,411,328,83,340,71,321,64,26
35,12,p261_012,363,231,132,306,57,227,53,83
35,13,p261_013,262,185,77,241,21,184,20,58
35,14,p261_014,291,253,38,250,41,238,26,27
35,15,p261_015,355,289,66,311,44,285,40,30
35,16,p261_016,443,360,83,387,56,356,52,35
35,17,p261_017,259,160,99,204,55,156,51,52
35,18,p261_018,339,286,53,272,67,265,46,28
35,19,p261_019,480,388,92,408,72,373,57,50
35,20,p261_020,257,174,83,218,39,173,38,46
35,21,p261_021,542,447,95,470,72,435,60,47
35,22,p261_022,390,304,86,314,76,299,71,20
35,23,p261_023,614,506,108,510,104,482,80,52
35,24,p261_024,379,363,16,351,28,342,7,30
35,25,p261_025,217,132,85,127,90,127,85,5
35,26,p261_026,179,121,58,108,71,108,58,13
35,27,p261_027,129,77,52,71,58,67,48,14
35,28,p261_028,161,91,70,87,74,87,70,4
35,29,p261_029,211,153,58,146,65,144,56,11
35,30,p261_030,139,94,45,72,67,66,39,34
35,31,p261_031,190,137,53,121,69,120,52,18
35,32,p261_032,137,104,33,75,62,70,28,39
35,33,p261_033,164,100,64,100,64,100,64,0
35,34,p261_034,166,115,51,166,0,115,0,51
35,35,p261_035,155,80,75,136,19,80,19,56
35,36,p261_036,193,127,66,124,69,113,55,25
35,37,p261_037,171,127,44,126,45,119,37,15
35,38,p261_038,209,140,69,149,60,128,48,33
35,39,p261_039,186,122,64,106,80,105,63,18
35,40,p261_040,179,108,71,110,69,103,64,12
35,41,p261_041,171,122,49,120,51,117,46,8
35,42,p261_042,228,140,88,133,95,130,85,13
35,43,p261_043,262,158,104,149,113,145,100,17
35,44,p261_044,193,115,78,121,72,102,59,32
35,45,p261_045,159,73,86,78,81,71,79,9
35,46,p261_046,222,134,88,142,80,126,72,24
35,47,p261_047,248,170,78,166,82,156,68,24
35,48,p261_048,202,102,100,100,102,99,99,4
35,49,p261_049,209,133,76,131,78,125,70,14
35,50,p261_050,142,101,41,85,57,80,36,26
35,51,p261_051,142,81,61,71,71,65,55,22
35,52,p261_052,129,91,38,79,50,79,38,12
35,53,p261_053,177,116,61,126,51,114,49,14
35,54,p261_054,275,202,73,214,61,196,55,24
35,55,p261_055,270,213,57,203,67,194,48,28
35,56,p261_056,155,81,74,82,73,77,69,9
35,57,p261_057,169,90,79,94,75,90,75,4
35,58,p261_058,142,53,89,56,86,52,85,5
35,59,p261_059,137,61,76,65,72,59,70,8
35,60,p261_060,129,53,76,57,72,51,70,8
35,61,p261_061,121,47,74,58,63,45,61,15
35,62,p261_062,187,108,79,111,76,108,76,3
35,63,p261_063,185,116,69,124,61,110,55,20
35,64,p261_064,219,149,70,151,68,146,65,8
35,65,p261_065,185,116,69,128,57,111,52,22
35,66,p261_066,211,135,76,181,30,133,28,50
35,67,p261_067,174,96,78,122,52,96,52,26
35,68,p261_068,153,102,51,77,76,75,49,29
35,69,p261_069,158,74,84,79,79,64,69,25
35,70,p261_070,233,152,81,156,77,147,72,14
35,71,p261_071,158,96,62,99,59,88,51,19
35,72,p261_072,296,221,75,218,78,216,73,7
35,73,p261_073,171,114,57,103,68,96,50,25
35,74,p261_074,171,122,49,96,75,96,49,26
35,75,p261_075,185,109,76,117,68,100,59,26
35,76,p261_076,222,156,66,169,53,150,47,25
35,77,p261_077,126,77,49,57,69,55,47,24
35,78,p261_078,201,121,80,121,80,118,77,6
35,79,p261_079,227,163,64,183,44,158,39,30
35,80,p261_080,174,99,75,96,78,96,75,3
35,81,p261_081,134,85,49,83,51,83,49,2
35,82,p261_082,224,141,83,138,86,135,80,9
35,83,p261_083,161,88,73,133,28,83,23,55
35,84,p261_084,158,84,74,89,69,84,69,5
35,85,p261_085,161,78,83,93,68,77,67,17
35,86,p261_086,174,104,70,105,69,99,64,11
35,87,p261_087,246,180,66,233,13,177,10,59
35,88,p261_088,145,69,76,103,42,68,41,36
35,89,p261_089,219,148,71,159,60,143,55,21
35,90,p261_090,251,180,71,202,49,174,43,34
35,91,p261_091,179,94,85,127,52,93,51,35
35,92,p261_092,161,131,30,110,51,107,27,27
35,93,p261_093,137,68,69,66,71,63,66,8
35,94,p261_094,172,96,76,103,69,93,66,13
35,95,p261_095,150,72,78,71,79,64,71,15
35,96,p261_096,217,141,76,121,96,119,74,24
35,97,p261_097,275,160,115,179,96,160,96,19
35,98,p261_098,163,67,96,65,98,65,96,2
35,99,p261_099,177,90,87,89,88,89,87,1
35,100,p261_100,161,78,83,70,91,70,83,8
35,101,p261_101,193,89,104,86,107,84,102,7
35,102,p261_102,195,127,68,113,82,113,68,14
35,103,p261_103,134,84,50,78,56,78,50,6
35,104,p261_104,131,77,54,64,67,64,54,13
35,105,p261_105,145,72,73,71,74,71,73,1
35,106,p261_106,201,102,99,100,101,100,99,2
35,107,p261_107,142,76,66,68,74,67,65,10
35,108,p261_108,173,89,84,85,88,85,84,4
35,109,p261_109,107,64,43,43,64,41,41,25
35,110,p261_110,195,129,66,128,67,128,66,1
35,111,p261_111,217,145,72,150,67,143,65,9
35,112,p261_112,163,91,72,100,63,90,62,11
35,113,p261_113,163,73,90,94,69,73,69,21
35,114,p261_114,163,68,95,70,93,68,93,2
35,115,p261_115,163,73,90,77,86,73,86,4
35,116,p261_116,185,94,91,90,95,88,89,8
35,117,p261_117,142,75,67,86,56,69,50,23
35,118,p261_118,150,70,80,82,68,69,67,14
35,119,p261_119,209,122,87,116,93,116,87,6
35,120,p261_120,230,157,73,201,29,155,27,48
35,121,p261_121,198,121,77,125,73,114,66,18
35,122,p261_122,131,71,60,65,66,61,56,14
35,123,p261_123,222,168,54,144,78,144,54,24
35,124,p261_124,147,82,65,72,75,72,65,10
35,125,p261_125,185,125,60,123,62,123,60,2
35,126,p261_126,166,84,82,82,84,82,82,2
35,127,p261_127,179,100,79,101,78,99,77,3
35,128,p261_128,147,89,58,88,59,88,58,1
35,129,p261_129,134,77,57,79,55,77,55,2
35,130,p261_130,171,114,57,105,66,104,56,11
35,131,p261_131,170,88,82,88,82,87,81,2
35,132,p261_132,161,96,65,88,73,88,65,8
35,133,p261_133,259,190,69,177,82,175,67,17
35,134,p261_134,163,116,47,89,74,89,47,27
35,135,p261_135,227,151,76,148,79,148,76,3
35,136,p261_136,131,67,64,65,66,65,64,2
35,137,p261_137,179,110,69,120,59,105,54,20
35,138,p261_138,134,61,73,51,83,50,72,12
35,139,p261_139,211,143,68,144,67,139,63,9
35,140,p261_140,235,146,89,142,93,141,88,6
35,141,p261_141,228,161,67,221,7,160,6,62
35,142,p261_142,222,172,50,168,54,167,49,6
35,143,p261_143,183,113,70,114,69,111,67,5
35,144,p261_144,156,75,81,73,83,71,79,6
35,145,p261_145,150,95,55,88,62,88,55,7
35,146,p261_146,166,101,65,99,67,96,62,8
35,147,p261_147,249,180,69,181,68,177,65,7
35,148,p261_148,214,135,79,139,75,128,68,18
35,149,p261_149,254,173,81,170,84,169,80,5
35,150,p261_150,145,70,75,68,77,68,75,2
35,151,p261_151,174,113,61,108,66,107,60,7
35,152,p261_152,153,96,57,77,76,67,47,39
35,153,p261_153,161,57,104,58,103,56,102,3
35,154,p261_154,209,141,68,139,70,139,68,2
35,155,p261_155,187,124,63,125,62,122,60,5
35,156,p261_156,137,76,61,99,38,74,36,27
35,157,p261_157,137,75,62,74,63,74,62,1
35,158,p261_158,134,70,64,68,66,67,63,4
35,159,p261_159,236,179,57,163,73,163,57,16
35,160,p261_160,195,106,89,99,96,96,86,13
35,161,p261_161,182,122,60,117,65,114,57,11
35,162,p261_162,177,116,61,101,76,99,59,19
35,163,p261_163,163,76,87,75,88,75,87,1
35,164,p261_164,182,127,55,117,65,115,53,14
35,165,p261_165,233,155,78,148,85,146,76,11
35,166,p261_166,174,139,35,122,52,117,30,27
35,167,p261_167,123,62,61,56,67,56,61,6
35,168,p261_168,129,62,67,65,64,62,64,3
35,169,p261_169,118,73,45,74,44,57,28,33
35,170,p261_170,107,56,51,50,57,50,51,6
35,171,p261_171,118,54,64,56,62,51,59,8
35,172,p261_172,153,89,64,90,63,86,60,7
35,173,p261_173,177,128,49,109,68,109,49,19
35,174,p261_174,187,101,86,93,94,93,86,8
35,175,p261_175,277,189,88,190,87,174,72,31
35,176,p261_176,129,59,70,60,69,59,69,1
35,177,p261_177,115,69,46,67,48,66,45,4
35,178,p261_178,259,177,82,178,81,173,77,9
35,179,p261_179,174,122,52,112,62,110,50,14
35,180,p261_180,211,140,71,135,76,133,69,9
35,181,p261_181,190,115,75,111,79,110,74,6
35,182,p261_182,102,66,36,67,35,65,34,3
35,183,p261_183,118,89,29,61,57,61,29,28
35,184,p261_184,209,138,71,130,79,128,69,12
35,185,p261_185,160,89,71,101,59,78,48,34
35,186,p261_186,166,97,69,96,70,95,68,3
35,187,p261_187,139,89,50,82,57,81,49,9
35,188,p261_188,147,76,71,81,66,76,66,5
35,189,p261_189,195,133,62,122,73,122,62,11
35,190,p261_190,209,153,56,130,79,127,53,29
35,191,p261_191,134,96,38,85,49,85,38,11
35,192,p261_192,153,77,76,70,83,70,76,7
35,193,p261_193,198,126,72,123,75,123,72,3
35,194,p261_194,203,142,61,138,65,137,60,6
35,195,p261_195,254,176,78,190,64,176,64,14
35,196,p261_196,193,139,54,161,32,129,22,42
35,197,p261_197,211,147,64,153,58,147,58,6
35,198,p261_198,150,95,55,90,60,83,48,19
35,199,p261_199,302,226,76,204,98,199,71,32
35,200,p261_200,161,141,20,137,24,121,4,36
36,1,p262_001,147,144,3,133,14,131,1,15
36,2,p262_002,290,268,22,229,61,215,8,67
36,3,p262_003,515,460,55,417,98,414,52,49
36,4,p262_004,315,274,41,252,63,244,33,38
36,5,p262_005,433,424,9,391,42,384,2,47
36,6,p262_006,408,353,55,311,97,300,44,64
36,7,p262_007,299,290,9,235,64,235,9,55
36,8,p262_008,554,540,14,499,55,492,7,55
36,9,p262_009,353,306,47,322,31,286,11,56
36,10,p262_010,209,196,13,151,58,148,10,51
36,11,p262_011,451,415,36,382,69,377,31,43
36,12,p262_012,290,242,48,224,66,221,45,24
36,13,p262_013,328,296,32,263,65,258,27,43
36,14,p262_014,364,337,27,330,34,310,7,47
36,15,p262_015,434,382,52,397,37,367,22,45
36,16,p262_016,435,410,25,362,73,362,25,48
36,17,p262_017,243,171,72,155,88,144,61,38
36,18,p262_018,385,350,35,326,59,315,24,46
36,19,p262_019,510,436,74,416,94,403,61,46
36,20,p262_020,279,234,45,232,47,210,23,46
36,21,p262_021,593,535,58,505,88,498,51,44
36,22,p262_022,455,420,35,352,103,345,28,82
36,23,p262_023,700,612,88,603,97,586,71,43
36,24,p262_024,471,398,73,361,110,350,62,59
36,25,p262_025,271,232,39,218,53,209,30,32
36,26,p262_026,314,254,60,239,75,232,53,29
36,27,p262_027,217,169,48,143,74,143,48,26
36,28,p262_028,255,193,62,172,83,163,53,39
36,29,p262_029,299,258,41,196,103,196,41,62
36,30,p262_030,324,271,53,244,80,244,53,27
36,31,p262_031,171,169,2,141,30,140,1,30
36,32,p262_032,158,107,51,74,84,66,43,49
36,33,p262_033,187,153,34,105,82,103,32,52
36,34,p262_034,168,140,28,104,64,104,28,36
36,35,p262_035,173,127,46,101,72,101,46,26
36,36,p262_036,270,216,54,199,71,194,49,27
36,37,p262_037,121,119,2,72,49,72,2,47
36,38,p262_038,167,130,37,83,84,79,33,55
36,39,p262_039,123,116,7,67,56,67,7,49
36,40,p262_040,341,295,46,260,81,249,35,57
36,41,p262_041,266,248,18,206,60,200,12,54
36,42,p262_042,129,109,20,75,54,72,17,40
36,43,p262_043,174,151,23,95,79,87,15,72
36,44,p262_044,172,134,38,120,52,108,26,38
36,45,p262_045,271,231,40,188,83,184,36,51
36,46,p262_046,134,109,25,71,63,65,19,50
36,47,p262_047,186,139,47,131,55,121,37,28
36,48,p262_048,170,163,7,134,36,129,2,39
36,49,p262_049,153,145,8,106,47,105,7,41
36,50,p262_050,190,164,26,129,61,125,22,43
36,51,p262_051,194,160,34,122,72,113,25,56
36,52,p262_052,233,167,66,151,82,146,61,26
36,53,p262_053,151,129,22,80,71,76,18,57
36,54,p262_054,314,220,94,207,107,199,86,29
36,55,p262_055,219,192,27,138,81,124,13,82
36,56,p262_056,282,247,35,207,75,204,32,46
36,57,p262_057,518,413,105,176,342,170,99,249
36,58,p262_058,151,102,49,86,65,82,45,24
36,59,p262_059,175,139,36,102,73,97,31,47
36,60,p262_060,145,126,19,71,74,71,19,55
36,61,p262_061,144,125,19,86,58,81,14,49
36,62,p262_062,288,250,38,228,60,226,36,26
36,63,p262_063,190,180,10,126,64,126,10,54
36,64,p262_064,123,119,4,69,54,69,4,50
36,65,p262_065,283,237,46,192,91,190,44,49
36,66,p262_066,215,204,11,142,73,141,10,64
36,67,p262_067,225,210,15,149,76,145,11,69
36,68,p262_068,145,134,11,81,64,80,10,55
36,69,p262_069,190,128,62,108,82,106,60,24
36,70,p262_070,175,127,48,111,64,100,37,38
36,71,p262_071,192,165,27,124,68,124,27,41
36,72,p262_072,158,156,2,133,25,131,0,27
36,73,p262_073,237,229,8,174,63,174,8,55
36,74,p262_074,177,158,19,99,78,96,16,65
36,75,p262_075,160,124,36,87,73,82,31,47
36,76,p262_076,187,179,8,146,41,143,5,39
36,77,p262_077,182,158,24,105,77,100,19,63
36,78,p262_078,140,111,29,69,71,58,18,64
36,79,p262_079,211,72,139,64,147,64,139,8
36,80,p262_080,208,169,39,171,37,148,16,44
36,81,p262_081,144,142,2,113,31,113,2,29
36,82,p262_082,134,104,30,65,69,62,27,45
36,83,p262_083,230,205,25,178,52,174,21,35
36,84,p262_084,205,191,14,137,68,137,14,54
36,85,p262_085,249,184,65,154,95,152,63,34
36,86,p262_086,162,121,41,92,70,84,33,45
36,87,p262_087,332,307,25,279,53,271,17,44
36,88,p262_088,286,253,33,227,59,222,28,36
36,89,p262_089,275,246,29,192,83,192,29,54
36,90,p262_090,148,139,9,89,59,87,7,54
36,91,p262_091,220,161,59,137,83,131,53,36
36,92,p262_092,162,147,15,110,52,103,8,51
36,93,p262_093,193,167,26,124,69,117,19,57
36,94,p262_094,309,285,24,255,54,247,16,46
36,95,p262_095,195,131,64,103,92,102,63,30
36,96,p262_096,260,238,22,192,68,189,19,52
36,97,p262_097,190,172,18,136,54,132,14,44
36,98,p262_098,314,267,47,236,78,228,39,47
36,99,p262_099,174,152,22,93,81,91,20,63
36,100,p262_100,174,139,35,107,67,104,32,38
36,101,p262_101,162,150,12,111,51,107,8,47
36,102,p262_102,137,134,3,87,50,86,2,49
36,103,p262_103,132,104,28,73,59,73,28,31
36,104,p262_104,234,214,20,165,69,159,14,61
36,105,p262_105,150,141,9,98,52,98,9,43
36,106,p262_106,129,119,10,75,54,72,7,50
36,107,p262_107,110,106,4,63,47,63,4,43
36,108,p262_108,305,287,18,227,78,226,17,62
36,109,p262_109,215,179,36,141,74,137,32,46
36,110,p262_110,157,146,11,99,58,93,5,59
36,111,p262_111,204,149,55,115,89,115,55,34
36,112,p262_112,326,319,7,258,68,256,5,65
36,113,p262_113,266,237,29,194,72,193,28,45
36,114,p262_114,253,221,32,189,64,184,27,42
36,115,p262_115,273,260,13,202,71,202,13,58
36,116,p262_116,125,82,43,66,59,57,34,34
36,117,p262_117,220,137,83,135,85,130,78,12
36,118,p262_118,214,157,57,138,76,132,51,31
36,119,p262_119,254,209,45,187,67,181,39,34
36,120,p262_120,186,148,38,122,64,114,30,42
36,121,p262_121,251,168,83,173,78,158,68,25
36,122,p262_122,162,133,29,89,73,88,28,46
36,123,p262_123,195,160,35,109,86,109,35,51
36,124,p262_124,150,126,24,86,64,84,22,44
36,125,p262_125,129,74,55,60,69,57,52,20
36,126,p262_126,214,158,56,137,77,135,54,25
36,127,p262_127,307,235,72,220,87,211,63,33
36,128,p262_128,216,141,75,123,93,123,75,18
36,129,p262_129,160,143,17,99,61,99,17,44
36,130,p262_130,221,194,27,146,75,142,23,56
36,131,p262_131,241,198,43,167,74,158,34,49
36,132,p262_132,134,80,54,63,71,56,47,31
36,133,p262_133,209,170,39,96,113,86,29,94
36,134,p262_134,195,187,8,140,55,137,5,53
36,135,p262_135,162,159,3,111,51,109,1,52
36,136,p262_136,232,199,33,150,82,148,31,53
36,137,p262_137,334,286,48,263,71,259,44,31
36,138,p262_138,196,157,39,145,51,138,32,26
36,139,p262_139,254,240,14,178,76,178,14,62
36,140,p262_140,121,120,1,102,19,101,0,20
36,141,p262_141,253,199,54,164,89,158,48,47
36,142,p262_142,300,226,74,221,79,210,63,27
36,143,p262_143,243,200,43,184,59,178,37,28
36,144,p262_144,161,152,9,114,47,110,5,46
36,145,p262_145,213,127,86,115,98,114,85,14
36,146,p262_146,205,196,9,141,64,140,8,57
36,147,p262_147,131,122,9,95,36,93,7,31
36,148,p262_148,212,151,61,138,74,137,60,15
36,149,p262_149,152,115,37,89,63,84,32,36
36,150,p262_150,197,137,60,115,82,115,60,22
36,151,p262_151,251,225,26,159,92,159,26,66
36,152,p262_152,179,138,41,106,73,105,40,34
36,153,p262_153,125,84,41,63,62,63,41,21
36,154,p262_154,240,179,61,146,94,145,60,35
36,155,p262_155,267,232,35,188,79,186,33,48
36,156,p262_156,168,125,43,94,74,91,40,37
36,157,p262_157,188,131,57,101,87,101,57,30
36,158,p262_158,246,208,38,176,70,173,35,38
36,159,p262_159,175,134,41,94,81,89,36,50
36,160,p262_160,157,122,35,86,71,85,34,38
36,161,p262_161,215,167,48,134,81,132,46,37
36,162,p262_162,299,247,52,219,80,218,51,30
36,163,p262_163,167,95,72,70,97,70,72,25
36,164,p262_164,211,169,42,150,61,144,36,31
36,165,p262_165,299,267,32,210,89,205,27,67
36,166,p262_166,163,137,26,105,58,99,20,44
36,167,p262_167,268,243,25,198,70,189,16,63
36,168,p262_168,177,162,15,99,78,99,15,63
36,169,p262_169,257,243,14,172,85,172,14,71
36,170,p262_170,296,234,62,210,86,208,60,28
36,171,p262_171,161,143,18,103,58,102,17,42
36,172,p262_172,223,188,35,152,71,145,28,50
36,173,p262_173,142,87,55,59,83,57,53,32
36,174,p262_174,205,131,74,127,78,126,73,6
36,175,p262_175,194,120,74,107,87,104,71,19
36,176,p262_176,145,118,27,73,72,73,27,45
36,177,p262_177,353,291,62,250,103,243,55,55
36,178,p262_178,256,223,33,185,71,180,28,48
36,179,p262_179,170,129,41,92,78,87,36,47
36,180,p262_180,177,111,66,84,93,79,61,37
36,181,p262_181,155,112,43,88,67,82,37,36
36,182,p262_182,302,225,77,214,88,210,73,19
36,183,p262_183,215,172,43,119,96,113,37,65
36,184,p262_184,227,146,81,115,112,106,72,49
36,185,p262_185,150,131,19,85,65,84,18,48
36,186,p262_186,152,90,62,69,83,69,62,21
36,187,p262_187,224,159,65,131,93,128,62,34
36,188,p262_188,249,212,37,220,29,195,12,42
36,189,p262_189,188,143,45,138,50,121,28,39
36,190,p262_190,129,106,23,55,74,55,23,51
36,191,p262_191,181,151,30,123,58,110,17,54
36,192,p262_192,301,285,16,224,77,223,15,63
36,193,p262_193,177,146,31,103,74,103,31,43
36,194,p262_194,225,179,46,134,91,134,46,45
36,195,p262_195,155,151,4,85,70,85,4,66
36,196,p262_196,213,152,61,127,86,126,60,27
36,197,p262_197,284,255,29,222,62,213,20,51
36,198,p262_198,248,214,34,166,82,166,34,48
36,199,p262_199,294,274,20,218,76,218,20,56
36,200,p262_200,257,191,66,159,98,156,63,38
37,1,p263_001,133,110,23,75,58,75,23,35
37,2,p263_002,242,188,54,157,85,157,54,31
37,3,p263_003,430,360,70,312,118,312,70,48
37,4,p263_004,331,237,94,195,136,191,90,50
37,5,p263_005,379,341,38,305,74,305,38,36
37,6,p263_006,337,271,66,254,83,250,62,25
37,7,p263_007,278,232,46,187,91,186,45,47
37,8,p263_008,432,379,53,346,86,346,53,33
37,9,p263_009,286,207,79,201,85,201,79,6
37,10,p263_010,203,110,93,111,92,108,90,5
37,11,p263_011,411,328,83,320,91,319,82,10
37,12,p263_012,296,194,102,182,114,182,102,12
37,13,p263_013,341,201,140,189,152,189,140,12
37,14,p263_014,283,222,61,206,77,204,59,20
37,15,p263_015,342,271,71,262,80,262,71,9
37,16,p263_016,390,322,68,299,91,299,68,23
37,17,p263_017,230,149,81,135,95,135,81,14
37,18,p263_018,407,286,121,243,164,243,121,43
37,19,p263_019,446,392,54,341,105,341,54,51
37,20,p263_020,251,176,75,161,90,161,75,15
37,21,p263_021,531,442,89,418,113,417,88,26
37,22,p263_022,382,306,76,289,93,289,76,17
37,23,p263_023,658,528,130,496,162,495,129,34
37,24,p263_024,391,323,68,341,50,311,38,42
37,25,p263_025,187,111,76,154,33,108,30,49
37,26,p263_026,138,62,76,136,2,62,2,74
37,27,p263_027,150,74,76,115,35,74,35,41
37,28,p263_028,137,61,76,71,66,59,64,14
37,29,p263_029,117,61,56,74,43,48,30,39
37,30,p263_030,241,156,85,155,86,151,81,9
37,31,p263_031,289,197,92,186,103,185,91,13
37,32,p263_032,231,144,87,146,85,144,85,2
37,33,p263_033,185,113,72,102,83,102,72,11
37,34,p263_034,137,90,47,83,54,83,47,7
37,35,p263_035,110,75,35,65,45,61,31,18
37,36,p263_036,164,98,66,81,83,81,66,17
37,37,p263_037,262,182,80,173,89,172,79,11
37,38,p263_038,182,100,82,98,84,93,77,12
37,39,p263_039,203,161,42,135,68,128,35,40
37,40,p263_040,217,143,74,158,59,137,53,27
37,41,p263_041,142,84,58,69,73,69,58,15
37,42,p263_042,286,199,87,201,85,191,77,18
37,43,p263_043,183,126,57,112,71,111,56,16
37,44,p263_044,129,81,48,64,65,64,48,17
37,45,p263_045,179,137,42,122,57,115,35,29
37,46,p263_046,235,163,72,157,78,157,72,6
37,47,p263_047,278,214,64,207,71,206,63,9
37,48,p263_048,179,131,48,116,63,116,48,15
37,49,p263_049,222,172,50,163,59,163,50,9
37,50,p263_050,255,184,71,170,85,169,70,16
37,51,p263_051,169,87,82,84,85,84,82,3
37,52,p263_052,145,99,46,79,66,76,43,26
37,53,p263_053,145,88,57,77,68,76,56,13
37,54,p263_054,251,147,104,146,105,145,103,3
37,55,p263_055,255,174,81,172,83,172,81,2
37,56,p263_056,147,63,84,61,86,61,84,2
37,57,p263_057,201,145,56,128,73,126,54,21
37,58,p263_058,171,111,60,101,70,100,59,12
37,59,p263_059,142,120,22,81,61,81,22,39
37,60,p263_060,182,88,94,87,95,85,92,5
37,61,p263_061,171,91,80,78,93,70,72,29
37,62,p263_062,174,130,44,111,63,105,38,31
37,63,p263_063,182,117,65,112,70,112,65,5
37,64,p263_064,147,83,64,81,66,79,62,6
37,65,p263_065,225,138,87,141,84,137,83,5
37,66,p263_066,214,130,84,129,85,128,83,3
37,67,p263_067,201,147,54,131,70,131,54,16
37,68,p263_068,225,164,61,162,63,162,61,2
37,69,p263_069,175,118,57,108,67,107,56,12
37,70,p263_070,185,120,65,119,66,115,61,9
37,71,p263_071,115,78,37,63,52,62,36,17
37,72,p263_072,179,113,66,104,75,104,66,9
37,73,p263_073,155,97,58,84,71,84,58,13
37,74,p263_074,161,108,53,97,64,97,53,11
37,75,p263_075,201,130,71,123,78,118,66,17
37,76,p263_076,142,105,37,68,74,68,37,37
37,77,p263_077,177,109,68,108,69,104,64,9
37,78,p263_078,153,95,58,73,80,73,58,22
37,79,p263_079,167,87,80,75,92,75,80,12
37,80,p263_080,97,58,39,41,56,37,35,25
37,81,p263_081,153,120,33,88,65,86,31,36
37,82,p263_082,273,189,84,177,96,177,84,12
37,83,p263_083,206,170,36,199,7,165,2,39
37,84,p263_084,238,182,56,201,37,174,29,35
37,85,p263_085,211,157,54,148,63,148,54,9
37,86,p263_086,209,155,54,127,82,125,52,32
37,87,p263_087,171,133,38,94,77,94,38,39
37,88,p263_088,158,118,40,80,78,80,40,38
37,89,p263_089,230,144,86,134,96,133,85,12
37,90,p263_090,219,161,58,139,80,137,56,26
37,91,p263_091,203,146,57,132,71,132,57,14
37,92,p263_092,233,175,58,157,76,154,55,24
37,93,p263_093,145,134,11,68,77,68,11,66
37,94,p263_094,249,189,60,181,68,175,54,20
37,95,p263_095,142,75,67,80,62,72,59,11
37,96,p263_096,201,113,88,109,92,104,83,14
37,97,p263_097,164,124,40,154,10,123,9,32
37,98,p263_098,145,74,71,102,43,70,39,36
37,99,p263_099,217,153,64,157,60,150,57,10
37,100,p263_100,277,178,99,165,112,164,98,15
37,101,p263_101,269,172,97,168,101,168,97,4
37,102,p263_102,153,104,49,93,60,93,49,11
37,103,p263_103,155,79,76,68,87,68,76,11
37,104,p263_104,203,141,62,147,56,137,52,14
37,105,p263_105,176,118,58,102,74,100,56,20
37,106,p263_106,209,162,47,130,79,130,47,32
37,107,p263_107,195,138,57,126,69,126,57,12
37,108,p263_108,166,99,67,91,75,91,67,8
37,109,p263_109,115,60,55,60,55,60,55,0
37,110,p263_110,179,118,61,112,67,110,59,10
37,111,p263_111,185,138,47,125,60,123,45,17
37,112,p263_112,173,87,86,80,93,80,86,7
37,113,p263_113,153,83,70,81,72,78,67,8
37,114,p263_114,206,131,75,130,76,127,72,7
37,115,p263_115,249,193,56,180,69,179,55,15
37,116,p263_116,195,138,57,122,73,119,54,22
37,117,p263_117,153,90,63,81,72,79,61,13
37,118,p263_118,196,114,82,108,88,108,82,6
37,119,p263_119,254,188,66,180,74,175,61,18
37,120,p263_120,134,83,51,80,54,80,51,3
37,121,p263_121,177,115,62,100,77,86,48,43
37,122,p263_122,158,80,78,82,76,80,76,2
37,123,p263_123,186,112,74,107,79,107,74,5
37,124,p263_124,211,139,72,140,71,139,71,1
37,125,p263_125,147,113,34,97,50,95,32,20
37,126,p263_126,231,154,77,153,78,152,76,3
37,127,p263_127,214,141,73,135,79,130,68,16
37,128,p263_128,155,76,79,66,89,65,78,12
37,129,p263_129,260,203,57,174,86,170,53,37
37,130,p263_130,257,162,95,157,100,156,94,7
37,131,p263_131,147,88,59,85,62,85,59,3
37,132,p263_132,177,123,54,113,64,113,54,10
37,133,p263_133,136,73,63,69,67,68,62,6
37,134,p263_134,263,182,81,179,84,177,79,7
37,135,p263_135,225,149,76,141,84,140,75,10
37,136,p263_136,233,197,36,224,9,192,4,37
37,137,p263_137,186,119,67,114,72,104,57,25
37,138,p263_138,201,119,82,111,90,109,80,12
37,139,p263_139,150,77,73,75,75,75,73,2
37,140,p263_140,107,70,37,44,63,44,37,26
37,141,p263_141,158,85,73,91,67,81,63,14
37,142,p263_142,123,84,39,68,55,67,38,18
37,143,p263_143,129,64,65,59,70,57,63,9
37,144,p263_144,222,180,42,161,61,160,41,21
37,145,p263_145,212,194,18,163,49,163,18,31
37,146,p263_146,182,125,57,114,68,112,55,15
37,147,p263_147,201,149,52,145,56,132,39,30
37,148,p263_148,150,105,45,109,41,104,40,6
37,149,p263_149,254,191,63,182,72,177,58,19
37,150,p263_150,155,98,57,94,61,94,57,4
37,151,p263_151,129,92,37,84,45,75,28,26
37,152,p263_152,155,107,48,87,68,87,48,20
37,153,p263_153,225,170,55,157,68,155,53,17
37,154,p263_154,210,145,65,122,88,122,65,23
37,155,p263_155,137,80,57,66,71,66,57,14
37,156,p263_156,219,138,81,135,84,134,80,5
37,157,p263_157,227,155,72,154,73,151,69,7
37,158,p263_158,190,141,49,135,55,135,49,6
37,159,p263_159,166,93,73,92,74,90,71,5
37,160,p263_160,115,96,19,63,52,63,19,33
37,161,p263_161,131,64,67,70,61,62,59,10
37,162,p263_162,158,115,43,106,52,96,33,29
37,163,p263_163,273,200,73,194,79,191,70,12
37,164,p263_164,161,139,22,94,67,94,22,45
37,165,p263_165,201,145,56,130,71,130,56,15
37,166,p263_166,278,209,69,207,71,206,68,4
37,167,p263_167,210,125,85,125,85,124,84,2
37,168,p263_168,238,180,58,180,58,180,58,0
37,169,p263_169,239,136,103,140,99,134,97,8
37,170,p263_170,169,105,64,101,68,93,56,20
37,171,p263_171,171,125,46,104,67,101,43,27
37,172,p263_172,158,103,55,89,69,85,51,22
37,173,p263_173,155,120,35,111,44,105,29,21
37,174,p263_174,250,161,89,157,93,156,88,6
37,175,p263_175,155,99,56,87,68,87,56,12
37,176,p263_176,206,141,65,135,71,129,59,18
37,177,p263_177,225,177,48,155,70,155,48,22
37,178,p263_178,289,228,61,220,69,217,58,14
37,179,p263_179,137,105,32,71,66,71,32,34
37,180,p263_180,230,202,28,165,65,165,28,37
37,181,p263_181,214,199,15,157,57,154,12,48
37,182,p263_182,123,85,38,81,42,74,31,18
37,183,p263_183,301,222,79,220,81,217,76,8
37,184,p263_184,195,125,70,130,65,120,60,15
37,185,p263_185,203,176,27,150,53,145,22,36
37,186,p263_186,145,114,31,83,62,78,26,41
37,187,p263_187,163,124,39,99,64,97,37,29
37,188,p263_188,294,224,70,195,99,195,70,29
37,189,p263_189,166,130,36,166,0,130,0,36
37,190,p263_190,177,173,4,141,36,137,0,40
37,191,p263_191,198,196,2,164,34,164,2,32
37,192,p263_192,211,209,2,166,45,166,2,43
37,193,p263_193,137,107,30,84,53,82,28,27
37,194,p263_194,123,108,15,64,59,62,13,48
37,195,p263_195,182,144,38,111,71,111,38,33
37,196,p263_196,211,200,11,149,62,149,11,51
37,197,p263_197,220,122,98,120,100,118,96,6
37,198,p263_198,118,76,42,71,47,70,41,7
37,199,p263_199,227,174,53,168,59,167,52,8
37,200,p263_200,241,183,58,170,71,170,58,13
38,1,p264_001,171,170,1,163,8,162,0,9
38,2,p264_002,249,248,1,232,17,232,1,16
38,3,p264_003,536,502,34,424,112,419,29,88
38,4,p264_004,331,314,17,231,100,229,15,87
38,5,p264_005,486,477,9,347,139,346,8,132
38,6,p264_006,393,359,34,303,90,289,20,84
38,7,p264_007,342,326,16,219,123,219,16,107
38,8,p264_008,513,499,14,417,96,413,10,90
38,9,p264_009,417,395,22,257,160,257,22,138
38,10,p264_010,241,227,14,143,98,141,12,88
38,11,p264_011,442,397,45,336,106,333,42,67
38,12,p264_012,330,300,30,215,115,209,24,97
38,13,p264_013,361,350,11,199,162,198,10,153
38,14,p264_014,355,294,61,328,27,288,21,46
38,15,p264_015,417,311,106,332,85,301,75,41
38,16,p264_016,403,333,70,320,83,306,56,41
38,17,p264_018,390,308,82,287,103,271,66,53
38,18,p264_019,502,384,118,348,154,346,116,40
38,19,p264_020,360,286,74,207,153,201,68,91
38,20,p264_021,579,484,95,433,146,430,92,57
38,21,p264_023,815,604,211,563,252,541,189,85
38,22,p264_024,543,450,93,458,85,401,36,106
38,23,p264_025,363,330,33,252,111,237,18,108
38,24,p264_026,321,174,147,187,134,159,119,43
38,25,p264_027,246,193,53,192,54,162,23,61
38,26,p264_028,227,123,104,164,63,114,54,59
38,27,p264_029,249,213,36,182,67,161,15,73
38,28,p264_030,241,160,81,169,72,126,38,77
38,29,p264_031,263,135,128,119,144,98,107,58
38,30,p264_032,203,171,32,131,72,125,26,52
38,31,p264_033,158,108,50,84,74,70,36,52
38,32,p264_034,190,149,41,118,72,105,28,57
38,33,p264_035,174,160,14,136,38,128,6,40
38,34,p264_036,179,112,67,91,88,86,62,31
38,35,p264_037,177,164,13,98,79,95,10,72
38,36,p264_038,163,152,11,120,43,115,6,42
38,37,p264_039,179,166,13,130,49,124,7,48
38,38,p264_040,224,200,24,207,17,188,5,31
38,39,p264_041,307,236,71,246,61,211,36,60
38,40,p264_042,158,98,60,91,67,77,46,35
38,41,p264_043,209,181,28,154,55,146,20,43
38,42,p264_044,169,122,47,77,92,73,43,53
38,43,p264_045,238,210,28,157,81,144,15,79
38,44,p264_046,281,252,29,178,103,174,25,82
38,45,p264_047,305,202,103,186,119,178,95,32
38,46,p264_048,250,209,41,134,116,131,38,81
38,47,p264_049,177,154,23,86,91,86,23,68
38,48,p264_050,230,198,32,149,81,148,31,51
38,49,p264_051,193,153,40,96,97,96,40,57
38,50,p264_053,229,186,43,105,124,105,43,81
38,51,p264_054,166,142,24,72,94,71,23,72
38,52,p264_055,180,174,6,126,54,124,4,52
38,53,p264_056,208,173,35,106,102,87,16,105
38,54,p264_057,177,157,20,60,117,58,18,101
38,55,p264_058,177,161,16,75,102,73,14,90
38,56,p264_059,196,131,65,64,132,63,64,69
38,57,p264_060,230,183,47,110,120,105,42,83
38,58,p264_061,195,181,14,104,91,96,6,93
38,59,p264_062,195,150,45,97,98,92,40,63
38,60,p264_063,166,135,31,78,88,75,28,63
38,61,p264_064,172,157,15,122,50,119,12,41
38,62,p264_065,212,156,56,102,110,102,56,54
38,63,p264_066,203,168,35,114,89,105,26,72
38,64,p264_067,211,164,47,118,93,109,38,64
38,65,p264_068,203,161,42,92,111,86,36,81
38,66,p264_069,155,130,25,77,78,74,22,59
38,67,p264_070,147,79,68,63,84,63,68,16
38,68,p264_071,203,146,57,113,90,106,50,47
38,69,p264_072,235,182,53,139,96,138,52,45
38,70,p264_073,214,159,55,114,100,113,54,47
38,71,p264_074,217,188,29,114,103,114,29,74
38,72,p264_075,165,137,28,68,97,65,25,75
38,73,p264_076,171,105,66,77,94,77,66,28
38,74,p264_077,190,171,19,93,97,93,19,78
38,75,p264_078,174,114,60,66,108,62,56,56
38,76,p264_079,190,139,51,122,68,111,40,39
38,77,p264_080,246,187,59,117,129,116,58,72
38,78,p264_081,321,187,134,144,177,143,133,45
38,79,p264_082,161,132,29,58,103,58,29,74
38,80,p264_083,155,67,88,61,94,61,88,6
38,81,p264_084,161,84,77,79,82,79,77,5
38,82,p264_085,185,135,50,86,99,84,48,53
38,83,p264_086,230,222,8,145,85,142,5,83
38,84,p264_087,247,215,32,127,120,127,32,88
38,85,p264_088,238,139,99,110,128,99,88,51
38,86,p264_089,179,125,54,88,91,88,54,37
38,87,p264_090,251,212,39,154,97,150,35,66
38,88,p264_091,243,167,76,97,146,91,70,82
38,89,p264_092,198,168,30,124,74,121,27,50
38,90,p264_093,144,81,63,70,74,62,55,27
38,91,p264_094,182,159,23,85,97,78,16,88
38,92,p264_096,225,126,99,108,117,98,89,38
38,93,p264_097,169,126,43,117,52,98,24,47
38,94,p264_098,171,81,90,61,110,60,89,22
38,95,p264_099,163,57,106,56,107,56,106,1
38,96,p264_100,305,247,58,201,104,193,50,62
38,97,p264_101,192,104,88,80,112,78,86,28
38,98,p264_102,177,151,26,116,61,116,26,35
38,99,p264_103,214,176,38,211,3,175,2,37
38,100,p264_104,243,210,33,193,50,169,9,65
38,101,p264_105,201,199,2,159,42,158,1,42
38,102,p264_106,182,137,45,82,100,78,41,63
38,103,p264_107,166,153,13,101,65,98,10,58
38,104,p264_108,249,244,5,121,128,120,4,125
38,105,p264_109,305,248,57,179,126,163,41,101
38,106,p264_110,233,207,26,130,103,130,26,77
38,107,p264_112,182,156,26,145,37,133,14,35
38,108,p264_113,209,173,36,102,107,101,35,73
38,109,p264_114,193,163,30,89,104,82,23,88
38,110,p264_115,219,196,23,70,149,70,23,126
38,111,p264_116,206,187,19,109,97,108,18,80
38,112,p264_117,369,218,151,275,94,183,59,127
38,113,p264_118,243,156,87,210,33,142,19,82
38,114,p264_119,201,108,93,96,105,86,83,32
38,115,p264_120,188,162,26,94,94,90,22,76
38,116,p264_121,198,95,103,76,122,76,103,19
38,117,p264_122,225,185,40,104,121,102,38,85
38,118,p264_123,230,219,11,121,109,121,11,98
38,119,p264_124,233,178,55,93,140,93,55,85
38,120,p264_125,171,143,28,59,112,59,28,84
38,121,p264_126,257,215,42,142,115,141,41,75
38,122,p264_127,238,214,24,109,129,107,22,109
38,123,p264_128,190,104,86,73,117,73,86,31
38,124,p264_129,235,217,18,118,117,116,16,103
38,125,p264_130,230,167,63,119,111,116,60,54
38,126,p264_131,243,208,35,153,90,152,34,57
38,127,p264_132,225,169,56,96,129,96,56,73
38,128,p264_133,227,121,106,92,135,85,99,43
38,129,p264_134,247,193,54,200,47,183,37,27
38,130,p264_135,275,200,75,197,78,181,59,35
38,131,p264_136,441,252,189,295,146,231,125,85
38,132,p264_137,311,191,120,179,132,158,99,54
38,133,p264_138,219,124,95,98,121,96,93,30
38,134,p264_139,273,200,73,145,128,145,73,55
38,135,p264_140,217,134,83,88,129,81,76,60
38,136,p264_141,203,148,55,99,104,95,51,57
38,137,p264_142,291,255,36,155,136,155,36,100
38,138,p264_143,225,147,78,113,112,108,73,44
38,139,p264_144,238,157,81,117,121,114,78,46
38,140,p264_145,171,121,50,66,105,65,49,57
38,141,p264_146,198,170,28,82,116,82,28,88
38,142,p264_147,190,173,17,84,106,78,11,101
38,143,p264_148,171,137,34,72,99,72,34,65
38,144,p264_149,188,171,17,89,99,88,16,84
38,145,p264_150,155,136,19,51,104,49,17,89
38,146,p264_151,187,168,19,87,100,87,19,81
38,147,p264_152,134,65,69,28,106,28,69,37
38,148,p264_153,219,152,67,109,110,104,62,53
38,149,p264_154,265,211,54,172,93,165,47,53
38,150,p264_155,174,156,18,94,80,92,16,66
38,151,p264_156,171,101,70,80,91,64,54,53
38,152,p264_157,174,88,86,72,102,71,85,18
38,153,p264_158,206,135,71,107,99,101,65,40
38,154,p264_159,233,145,88,71,162,61,78,94
38,155,p264_160,222,162,60,106,116,102,56,64
38,156,p264_161,227,142,85,113,114,102,74,51
38,157,p264_162,182,126,56,74,108,73,55,54
38,158,p264_163,241,181,60,110,131,109,59,73
38,159,p264_164,179,133,46,111,68,94,29,56
38,160,p264_165,198,173,25,131,67,122,16,60
38,161,p264_166,322,183,139,226,96,174,87,61
38,162,p264_167,350,299,51,215,135,209,45,96
38,163,p264_168,307,167,140,110,197,110,140,57
38,164,p264_169,270,134,136,107,163,97,126,47
38,165,p264_170,185,77,108,73,112,73,108,4
38,166,p264_171,251,213,38,84,167,79,33,139
38,167,p264_172,302,225,77,121,181,116,72,114
38,168,p264_173,243,155,88,124,119,122,86,35
38,169,p264_174,206,113,93,83,123,82,92,32
38,170,p264_176,393,139,254,194,199,112,172,109
38,171,p264_177,331,183,148,91,240,88,145,98
38,172,p264_178,371,254,117,154,217,145,108,118
38,173,p264_179,315,246,69,172,143,148,45,122
38,174,p264_180,366,246,120,156,210,133,97,136
38,175,p264_181,257,134,123,127,130,113,109,35
38,176,p264_182,283,222,61,163,120,154,52,77
38,177,p264_183,283,151,132,118,165,117,131,35
38,178,p264_184,267,199,68,101,166,101,68,98
38,179,p264_185,451,377,74,259,192,240,55,156
38,180,p264_186,203,178,25,100,103,96,21,86
38,181,p264_187,187,145,42,95,92,91,38,58
38,182,p264_188,390,255,135,223,167,198,110,82
38,183,p264_189,398,235,163,166,232,141,138,119
38,184,p264_190,305,184,121,114,191,113,120,72
38,185,p264_191,329,233,96,145,184,118,69,142
38,186,p264_192,321,191,130,115,206,102,117,102
38,187,p264_193,315,220,95,105,210,105,95,115
38,188,p264_194,201,152,49,103,98,100,46,55
38,189,p264_195,203,175,28,104,99,104,28,71
38,190,p264_196,180,163,17,75,105,75,17,88
38,191,p264_197,145,79,66,37,108,37,66,42
38,192,p264_198,126,98,28,45,81,45,28,53
38,193,p264_199,158,118,40,71,87,71,40,47
38,194,p264_200,246,213,33,138,108,138,33,75
38,195,p264_201,273,154,119,143,130,143,119,11
38,196,p264_202,252,180,72,130,122,130,72,50
38,197,p264_203,288,236,52,166,122,164,50,74
38,198,p264_204,300,243,57,175,125,172,54,74
38,199,p264_205,198,164,34,88,110,87,33,78
38,200,p264_206,294,212,82,185,109,182,79,33
39,1,p265_002,290,254,36,194,96,192,34,64
39,2,p265_003,561,465,96,432,129,407,71,83
39,3,p265_004,388,304,84,267,121,262,79,47
39,4,p265_005,490,430,60,408,82,378,30,82
39,5,p265_006,468,398,70,360,108,347,57,64
39,6,p265_007,321,260,61,236,85,231,56,34
39,7,p265_008,566,433,133,397,169,390,126,50
39,8,p265_010,231,189,42,149,82,139,32,60
39,9,p265_011,513,411,102,403,110,392,91,30
39,10,p265_012,363,293,70,286,77,257,41,65
39,11,p265_013,328,321,7,269,59,269,7,52
39,12,p265_014,367,334,33,292,75,282,23,62
39,13,p265_015,518,447,71,408,110,394,57,67
39,14,p265_016,484,404,80,395,89,386,71,27
39,15,p265_017,283,228,55,196,87,184,43,56
39,16,p265_018,445,369,76,354,91,340,62,43
39,17,p265_019,566,417,149,477,89,405,77,84
39,18,p265_020,325,265,60,258,67,238,40,47
39,19,p265_021,664,593,71,567,97,552,56,56
39,20,p265_022,511,447,64,415,96,412,61,38
39,21,p265_023,920,701,219,659,261,653,213,54
39,22,p265_024,569,434,135,403,166,389,121,59
39,23,p265_025,137,114,23,82,55,74,15,48
39,24,p265_026,284,172,112,168,116,168,112,4
39,25,p265_027,366,313,53,251,115,251,53,62
39,26,p265_028,130,110,20,74,56,73,19,38
39,27,p265_029,183,154,29,122,61,112,19,52
39,28,p265_030,119,96,23,57,62,55,21,43
39,29,p265_031,306,198,108,196,110,192,104,10
39,30,p265_032,123,96,27,60,63,59,26,38
39,31,p265_033,135,109,26,82,53,79,23,33
39,32,p265_034,297,233,64,206,91,204,62,31
39,33,p265_035,159,119,40,85,74,82,37,40
39,34,p265_036,329,218,111,215,114,209,105,15
39,35,p265_037,145,93,52,79,66,79,52,14
39,36,p265_038,330,253,77,235,95,221,63,46
39,37,p265_039,152,104,48,68,84,68,48,36
39,38,p265_040,225,159,66,149,76,145,62,18
39,39,p265_041,130,83,47,57,73,57,47,26
39,40,p265_042,233,155,78,141,92,137,74,22
39,41,p265_043,144,124,20,84,60,79,15,50
39,42,p265_044,180,154,26,109,71,108,25,47
39,43,p265_045,188,135,53,99,89,99,53,36
39,44,p265_046,159,118,41,94,65,82,29,48
39,45,p265_047,127,91,36,52,75,47,31,49
39,46,p265_048,185,149,36,120,65,119,35,31
39,47,p265_049,158,75,83,67,91,67,83,8
39,48,p265_050,314,242,72,227,87,221,66,27
39,49,p265_051,308,225,83,215,93,214,82,12
39,50,p265_052,163,109,54,91,72,89,52,22
39,51,p265_053,121,75,46,49,72,49,46,26
39,52,p265_054,203,168,35,138,65,137,34,32
39,53,p265_055,410,265,145,250,160,249,144,17
39,54,p265_056,335,275,60,211,124,208,57,70
39,55,p265_057,298,181,117,153,145,150,114,34
39,56,p265_058,264,220,44,186,78,184,42,38
39,57,p265_059,212,160,52,142,70,134,44,34
39,58,p265_060,197,151,46,118,79,118,46,33
39,59,p265_061,293,251,42,239,54,235,38,20
39,60,p265_063,265,217,48,164,101,157,41,67
39,61,p265_064,147,111,36,70,77,67,33,47
39,62,p265_065,264,188,76,157,107,155,74,35
39,63,p265_066,170,95,75,89,81,89,75,6
39,64,p265_067,336,226,110,202,134,198,106,32
39,65,p265_068,169,120,49,79,90,74,44,51
39,66,p265_069,372,248,124,242,130,231,113,28
39,67,p265_070,302,229,73,181,121,180,72,50
39,68,p265_071,128,72,56,60,68,58,54,16
39,69,p265_072,257,169,88,162,95,160,86,11
39,70,p265_073,208,176,32,134,74,131,29,48
39,71,p265_074,181,124,57,106,75,103,54,24
39,72,p265_075,230,146,84,140,90,135,79,16
39,73,p265_076,208,140,68,116,92,115,67,26
39,74,p265_077,314,246,68,226,88,222,64,28
39,75,p265_078,164,106,58,86,78,86,58,20
39,76,p265_079,143,119,24,55,88,55,24,64
39,77,p265_080,293,220,73,220,73,204,57,32
39,78,p265_081,277,227,50,181,96,178,47,52
39,79,p265_082,142,112,30,78,64,74,26,42
39,80,p265_083,207,133,74,123,84,120,71,16
39,81,p265_084,329,250,79,245,84,239,73,17
39,82,p265_085,122,91,31,55,67,53,29,40
39,83,p265_086,153,70,83,72,81,68,79,6
39,84,p265_087,219,167,52,135,84,135,52,32
39,85,p265_088,158,92,66,75,83,75,66,17
39,86,p265_089,146,82,64,64,82,60,60,26
39,87,p265_090,163,112,51,86,77,86,51,26
39,88,p265_091,147,121,26,68,79,68,26,53
39,89,p265_092,395,333,62,277,118,276,61,58
39,90,p265_093,183,123,60,88,95,88,60,35
39,91,p265_094,152,134,18,80,72,78,16,58
39,92,p265_095,193,127,66,109,84,109,66,18
39,93,p265_096,196,118,78,117,79,113,74,9
39,94,p265_097,126,65,61,58,68,52,55,19
39,95,p265_098,159,123,36,76,83,75,35,49
39,96,p265_099,380,267,113,234,146,232,111,37
39,97,p265_100,229,186,43,147,82,143,39,47
39,98,p265_101,239,187,52,156,83,151,47,41
39,99,p265_102,317,233,84,204,113,201,81,35
39,100,p265_103,266,224,42,164,102,160,38,68
39,101,p265_104,112,97,15,57,55,57,15,40
39,102,p265_105,147,134,13,81,66,81,13,53
39,103,p265_106,250,181,69,176,74,173,66,11
39,104,p265_107,144,99,45,71,73,69,43,32
39,105,p265_108,121,70,51,54,67,54,51,16
39,106,p265_109,155,98,57,81,74,79,55,21
39,107,p265_110,313,242,71,221,92,219,69,25
39,108,p265_111,291,219,72,158,133,156,70,65
39,109,p265_112,139,106,33,64,75,64,33,42
39,110,p265_113,144,97,47,74,70,70,43,31
39,111,p265_114,205,108,97,107,98,105,95,5
39,112,p265_115,330,280,50,237,93,233,46,51
39,113,p265_116,201,126,75,112,89,112,75,14
39,114,p265_117,245,172,73,149,96,148,72,25
39,115,p265_118,227,180,47,147,80,145,45,37
39,116,p265_119,153,68,85,63,90,53,75,25
39,117,p265_120,158,77,81,76,82,72,77,9
39,118,p265_121,142,98,44,66,76,66,44,32
39,119,p265_122,245,176,69,152,93,151,68,26
39,120,p265_123,319,268,51,226,93,226,51,42
39,121,p265_124,380,311,69,235,145,233,67,80
39,122,p265_125,120,73,47,44,76,44,47,29
39,123,p265_126,165,99,66,77,88,70,59,36
39,124,p265_127,129,53,76,48,81,46,74,9
39,125,p265_128,169,113,56,88,81,88,56,25
39,126,p265_129,238,191,47,173,65,173,47,18
39,127,p265_130,322,284,38,245,77,241,34,47
39,128,p265_131,148,99,49,74,74,74,49,25
39,129,p265_132,185,96,89,95,90,94,88,3
39,130,p265_133,337,281,56,232,105,232,56,49
39,131,p265_134,162,97,65,77,85,76,64,22
39,132,p265_135,276,195,81,157,119,151,75,50
39,133,p265_136,374,300,74,270,104,255,59,60
39,134,p265_137,395,266,129,252,143,247,124,24
39,135,p265_138,132,54,78,49,83,47,76,9
39,136,p265_139,127,96,31,55,72,52,28,47
39,137,p265_140,285,220,65,184,101,182,63,40
39,138,p265_141,362,242,120,224,138,224,120,18
39,139,p265_142,171,116,55,82,89,82,55,34
39,140,p265_143,177,130,47,86,91,86,47,44
39,141,p265_144,268,202,66,187,81,173,52,43
39,142,p265_145,298,225,73,204,94,202,71,25
39,143,p265_146,261,171,90,138,123,133,85,43
39,144,p265_147,180,101,79,65,115,65,79,36
39,145,p265_148,129,83,46,55,74,55,46,28
39,146,p265_149,235,161,74,148,87,145,71,19
39,147,p265_150,339,237,102,232,107,231,101,7
39,148,p265_151,234,142,92,133,101,131,90,13
39,149,p265_152,159,86,73,73,86,73,73,13
39,150,p265_153,322,263,59,235,87,234,58,30
39,151,p265_154,161,130,31,88,73,82,25,54
39,152,p265_155,266,203,63,171,95,169,61,36
39,153,p265_156,339,241,98,207,132,204,95,40
39,154,p265_157,152,83,69,75,77,75,69,8
39,155,p265_158,177,115,62,100,77,89,51,37
39,156,p265_159,341,266,75,238,103,235,72,34
39,157,p265_160,290,183,107,144,146,143,106,41
39,158,p265_161,290,197,93,186,104,186,93,11
39,159,p265_162,183,100,83,86,97,86,83,14
39,160,p265_163,355,249,106,244,111,242,104,9
39,161,p265_164,379,242,137,230,149,229,136,14
39,162,p265_165,327,231,96,216,111,210,90,27
39,163,p265_166,159,86,73,72,87,71,72,16
39,164,p265_167,256,194,62,170,86,158,50,48
39,165,p265_168,341,219,122,211,130,209,120,12
39,166,p265_169,170,98,72,90,80,90,72,8
39,167,p265_170,139,83,56,55,84,54,55,30
39,168,p265_171,130,80,50,54,76,54,50,26
39,169,p265_172,353,246,107,250,103,235,92,26
39,170,p265_173,339,273,66,235,104,233,64,42
39,171,p265_174,281,188,93,166,115,165,92,24
39,172,p265_175,203,152,51,131,72,119,39,45
39,173,p265_176,250,164,86,159,91,156,83,11
39,174,p265_177,137,111,26,57,80,57,26,54
39,175,p265_178,149,92,57,70,79,70,57,22
39,176,p265_179,173,94,79,85,88,79,73,21
39,177,p265_180,323,240,83,224,99,222,81,20
39,178,p265_181,230,159,71,139,91,133,65,32
39,179,p265_182,328,260,68,242,86,240,66,22
39,180,p265_183,132,105,27,76,56,76,27,29
39,181,p265_184,136,109,27,71,65,67,23,46
39,182,p265_185,326,277,49,205,121,194,38,94
39,183,p265_186,233,145,88,141,92,125,72,36
39,184,p265_187,145,111,34,97,48,81,18,46
39,185,p265_188,238,158,80,153,85,141,68,29
39,186,p265_189,306,230,76,195,111,181,62,63
39,187,p265_190,319,258,61,225,94,217,53,49
39,188,p265_191,238,202,36,159,79,157,34,47
39,189,p265_192,274,232,42,188,86,184,38,52
39,190,p265_193,277,205,72,179,98,174,67,36
39,191,p265_194,207,132,75,127,80,127,75,5
39,192,p265_195,188,157,31,96,92,95,30,63
39,193,p265_196,263,200,63,166,97,164,61,38
39,194,p265_197,160,101,59,83,77,81,57,22
39,195,p265_198,269,174,95,171,98,170,94,5
39,196,p265_199,368,287,81,254,114,249,76,43
39,197,p265_200,232,192,40,108,124,107,39,86
39,198,p265_201,175,141,34,114,61,105,25,45
39,199,p265_202,282,223,59,193,89,186,52,44
39,200,p265_203,189,166,23,114,75,114,23,52
40,1,p266_001,124,83,41,89,35,71,23,30
40,2,p266_002,225,139,86,160,65,136,62,27
40,3,p266_003,393,355,38,317,76,306,27,60
40,4,p266_004,281,212,69,205,76,194,58,29
40,5,p266_005,353,315,38,310,43,301,29,23
40,6,p266_006,345,253,92,262,83,248,78,19
40,7,p266_007,282,240,42,205,77,202,39,41
40,8,p266_008,428,401,27,368,60,360,19,49
40,9,p266_009,270,217,53,199,71,191,45,34
40,10,p266_010,184,127,57,121,63,115,51,18
40,11,p266_011,384,303,81,296,88,286,71,27
40,12,p266_012,275,234,41,200,75,198,39,38
40,13,p266_013,275,202,73,191,84,188,70,17
40,14,p266_014,293,256,37,202,91,201,36,56
40,15,p266_015,338,300,38,266,72,264,36,38
40,16,p266_016,393,351,42,333,60,322,31,40
40,17,p266_017,285,213,72,173,112,161,60,64
40,18,p266_018,359,295,64,267,92,255,52,52
40,19,p266_019,443,420,23,366,77,366,23,54
40,20,p266_020,269,221,48,185,84,175,38,56
40,21,p266_021,544,528,16,476,68,471,11,62
40,22,p266_022,380,324,56,320,60,314,50,16
40,23,p266_023,669,609,60,542,127,527,45,97
40,24,p266_024,410,316,94,338,72,307,63,40
40,25,p266_025,139,106,33,96,43,81,18,40
40,26,p266_026,264,225,39,218,46,209,30,25
40,27,p266_027,118,98,20,90,28,78,8,32
40,28,p266_028,193,152,41,120,73,117,38,38
40,29,p266_029,137,117,20,74,63,68,14,55
40,30,p266_030,257,222,35,253,4,220,2,35
40,31,p266_031,150,125,25,106,44,99,18,33
40,32,p266_032,180,159,21,127,53,124,18,38
40,33,p266_033,238,232,6,185,53,185,6,47
40,34,p266_034,193,173,20,138,55,137,19,37
40,35,p266_035,102,101,1,77,25,76,0,26
40,36,p266_036,208,198,10,149,59,149,10,49
40,37,p266_037,110,110,0,88,22,88,0,22
40,38,p266_038,222,198,24,163,59,162,23,37
40,39,p266_039,219,184,35,153,66,151,33,35
40,40,p266_040,129,85,44,65,64,64,43,22
40,41,p266_041,102,97,5,56,46,56,5,41
40,42,p266_042,256,226,30,172,84,172,30,54
40,43,p266_043,238,234,4,208,30,208,4,26
40,44,p266_044,118,115,3,86,32,86,3,29
40,45,p266_045,172,161,11,114,58,113,10,49
40,46,p266_046,122,109,13,81,41,75,7,40
40,47,p266_047,195,140,55,152,43,129,32,34
40,48,p266_048,210,193,17,176,34,172,13,25
40,49,p266_049,228,185,43,146,82,146,43,39
40,50,p266_050,163,158,5,126,37,126,5,32
40,51,p266_051,283,237,46,220,63,217,43,23
40,52,p266_052,225,220,5,172,53,171,4,50
40,53,p266_053,156,142,14,114,42,109,9,38
40,54,p266_054,134,128,6,95,39,93,4,37
40,55,p266_055,230,196,34,156,74,155,33,42
40,56,p266_056,121,92,29,72,49,70,27,24
40,57,p266_057,263,233,30,199,64,196,27,40
40,58,p266_058,241,218,23,196,45,193,20,28
40,59,p266_059,110,108,2,80,30,80,2,28
40,60,p266_060,182,164,18,135,47,133,16,33
40,61,p266_061,177,135,42,105,72,103,40,34
40,62,p266_062,114,114,0,79,35,79,0,35
40,63,p266_063,134,120,14,91,43,91,14,29
40,64,p266_064,208,190,18,156,52,152,14,42
40,65,p266_065,163,153,10,115,48,112,7,44
40,66,p266_066,158,147,11,95,63,95,11,52
40,67,p266_067,131,121,10,76,55,75,9,47
40,68,p266_068,142,105,37,87,55,85,35,22
40,69,p266_069,164,142,22,102,62,99,19,46
40,70,p266_070,279,247,32,208,71,208,32,39
40,71,p266_071,124,121,3,77,47,77,3,44
40,72,p266_072,163,138,25,121,42,117,21,25
40,73,p266_073,126,120,6,79,47,78,5,43
40,74,p266_074,129,86,43,74,55,64,33,32
40,75,p266_075,141,127,14,72,69,72,14,55
40,76,p266_076,152,138,14,86,66,86,14,52
40,77,p266_077,177,160,17,130,47,130,17,30
40,78,p266_078,105,99,6,66,39,66,6,33
40,79,p266_079,129,112,17,63,66,60,14,55
40,80,p266_080,158,119,39,92,66,92,39,27
40,81,p266_081,202,181,21,135,67,134,20,48
40,82,p266_082,123,118,5,76,47,73,2,48
40,83,p266_083,155,133,22,136,19,121,7,27
40,84,p266_084,206,159,47,183,23,150,14,42
40,85,p266_085,121,116,5,103,18,102,4,15
40,86,p266_086,255,235,20,198,57,195,17,43
40,87,p266_087,131,118,13,85,46,80,8,43
40,88,p266_088,142,138,4,102,40,102,4,36
40,89,p266_089,118,112,6,73,45,73,6,39
40,90,p266_090,283,274,9,212,71,212,9,62
40,91,p266_091,107,80,27,51,56,51,27,29
40,92,p266_092,222,200,22,159,63,159,22,41
40,93,p266_093,251,225,26,188,63,187,25,39
40,94,p266_094,107,80,27,56,51,56,27,24
40,95,p266_095,262,245,17,254,8,241,4,17
40,96,p266_096,161,149,12,137,24,132,7,22
40,97,p266_097,113,110,3,102,11,99,0,14
40,98,p266_098,211,202,9,172,39,170,7,34
40,99,p266_099,126,125,1,89,37,88,0,38
40,100,p266_100,143,130,13,111,32,101,3,39
40,101,p266_101,206,201,5,167,39,167,5,34
40,102,p266_102,164,152,12,112,52,111,11,42
40,103,p266_103,121,103,18,78,43,74,14,33
40,104,p266_104,161,144,17,99,62,97,15,49
40,105,p266_105,110,110,0,71,39,71,0,39
40,106,p266_106,113,109,4,78,35,78,4,31
40,107,p266_107,254,208,46,191,63,184,39,31
40,108,p266_108,332,317,15,274,58,267,8,57
40,109,p266_109,257,238,19,212,45,207,14,36
40,110,p266_110,195,165,30,148,47,142,24,29
40,111,p266_111,118,106,12,90,28,83,5,30
40,112,p266_112,238,231,7,186,52,185,6,47
40,113,p266_113,102,75,27,45,57,45,27,30
40,114,p266_114,181,164,17,116,65,116,17,48
40,115,p266_115,171,152,19,113,58,112,18,41
40,116,p266_116,91,90,1,86,5,86,1,4
40,117,p266_117,115,109,6,90,25,90,6,19
40,118,p266_118,203,187,16,149,54,143,10,50
40,119,p266_119,195,185,10,137,58,134,7,54
40,120,p266_120,312,290,22,237,75,237,22,53
40,121,p266_121,185,166,19,119,66,118,18,49
40,122,p266_122,99,96,3,61,38,61,3,35
40,123,p266_123,259,236,23,195,64,190,18,51
40,124,p266_124,155,122,33,95,60,91,29,35
40,125,p266_125,102,101,1,75,27,75,1,26
40,126,p266_126,214,199,15,180,34,176,11,27
40,127,p266_127,121,114,7,95,26,92,4,25
40,128,p266_128,187,174,13,128,59,125,10,52
40,129,p266_129,201,187,14,142,59,142,14,45
40,130,p266_130,118,114,4,79,39,79,4,35
40,131,p266_131,174,143,31,121,53,121,31,22
40,132,p266_132,223,222,1,172,51,172,1,50
40,133,p266_133,227,189,38,159,68,158,37,32
40,134,p266_134,259,214,45,214,45,200,31,28
40,135,p266_135,285,267,18,229,56,223,12,50
40,136,p266_136,91,81,10,91,0,81,0,10
40,137,p266_137,245,231,14,227,18,217,4,24
40,138,p266_138,89,75,14,73,16,63,4,22
40,139,p266_139,163,144,19,124,39,115,10,38
40,140,p266_140,243,192,51,197,46,174,28,41
40,141,p266_141,115,103,12,56,59,56,12,47
40,142,p266_142,118,112,6,94,24,91,3,24
40,143,p266_143,153,119,34,100,53,90,24,39
40,144,p266_144,282,259,23,233,49,227,17,38
40,145,p266_145,129,127,2,109,20,109,2,18
40,146,p266_146,193,170,23,122,71,121,22,50
40,147,p266_147,291,287,4,242,49,241,3,47
40,148,p266_148,161,153,8,125,36,119,2,40
40,149,p266_149,304,284,20,242,62,242,20,42
40,150,p266_150,158,139,19,113,45,108,14,36
40,151,p266_151,256,237,19,209,47,202,12,42
40,152,p266_152,142,133,9,96,46,96,9,37
40,153,p266_153,275,263,12,206,69,205,11,59
40,154,p266_154,139,127,12,95,44,89,6,44
40,155,p266_155,115,95,20,72,43,70,18,27
40,156,p266_156,219,198,21,161,58,157,17,45
40,157,p266_157,139,125,14,88,51,85,11,43
40,158,p266_158,235,210,25,182,53,180,23,32
40,159,p266_159,218,195,23,161,57,158,20,40
40,160,p266_160,105,100,5,66,39,66,5,34
40,161,p266_161,159,143,16,90,69,90,16,53
40,162,p266_162,182,166,16,116,66,116,16,50
40,163,p266_163,272,270,2,211,61,210,1,61
40,164,p266_164,155,129,26,115,40,111,22,22
40,165,p266_165,176,113,63,111,65,104,56,16
40,166,p266_166,283,267,16,212,71,212,16,55
40,167,p266_167,137,135,2,113,24,113,2,22
40,168,p266_168,187,146,41,138,49,134,37,16
40,169,p266_169,238,222,16,185,53,184,15,39
40,170,p266_170,231,208,23,182,49,179,20,32
40,171,p266_171,209,182,27,187,22,171,11,27
40,172,p266_172,171,147,24,124,47,122,22,27
40,173,p266_173,244,222,22,217,27,208,13,23
40,174,p266_174,180,170,10,142,38,142,10,28
40,175,p266_175,150,145,5,109,41,108,4,38
40,176,p266_176,126,107,19,84,42,84,19,23
40,177,p266_177,102,98,4,84,18,84,4,14
40,178,p266_178,253,237,16,210,43,204,10,39
40,179,p266_179,154,145,9,102,52,102,9,43
40,180,p266_180,246,245,1,195,51,195,1,50
40,181,p266_181,105,103,2,81,24,79,0,26
40,182,p266_182,259,253,6,214,45,213,5,41
40,183,p266_183,187,155,32,140,47,137,29,21
40,184,p266_184,182,172,10,133,49,133,10,39
40,185,p266_186,201,199,2,137,64,137,2,62
40,186,p266_187,145,136,9,110,35,107,6,32
40,187,p266_188,123,120,3,83,40,83,3,37
40,188,p266_189,313,301,12,260,53,259,11,43
40,189,p266_190,254,238,16,201,53,200,15,39
40,190,p266_191,217,215,2,202,15,202,2,13
40,191,p266_192,158,149,9,103,55,103,9,46
40,192,p266_193,254,243,11,211,43,211,11,32
40,193,p266_194,99,91,8,75,24,71,4,24
40,194,p266_195,225,220,5,178,47,175,2,48
40,195,p266_196,123,120,3,123,0,120,0,3
40,196,p266_197,222,213,9,207,15,202,4,16
40,197,p266_198,126,108,18,103,23,90,5,31
40,198,p266_199,230,204,26,190,40,187,23,20
40,199,p266_200,89,88,1,74,15,74,1,14
40,200,p266_201,157,132,25,108,49,103,20,34
41,1,p267_001,137,107,30,81,56,78,27,32
41,2,p267_002,233,228,5,213,20,208,0,25
41,3,p267_003,447,400,47,397,50,375,25,47
41,4,p267_004,336,269,67,295,41,250,22,64
41,5,p267_005,350,338,12,329,21,324,7,19
41,6,p267_006,329,289,40,316,13,282,6,41
41,7,p267_007,243,216,27,231,12,211,7,25
41,8,p267_008,432,361,71,409,23,353,15,64
41,9,p267_009,294,265,29,278,16,252,3,39
41,10,p267_010,223,163,60,165,58,138,33,52
41,11,p267_011,425,372,53,395,30,366,24,35
41,12,p267_012,293,219,74,239,54,214,49,30
41,13,p267_013,277,268,9,268,9,261,2,14
41,14,p267_014,302,295,7,261,41,259,5,38
41,15,p267_015,358,348,10,327,31,324,7,27
41,16,p267_016,401,373,28,378,23,360,10,31
41,17,p267_017,239,211,28,212,27,196,12,31
41,18,p267_018,355,338,17,314,41,305,8,42
41,19,p267_019,417,392,25,403,14,384,6,27
41,20,p267_020,323,274,49,308,15,263,4,56
41,21,p267_021,571,525,46,545,26,507,8,56
41,22,p267_022,410,381,29,360,50,346,15,49
41,23,p267_023,711,668,43,659,52,633,17,61
41,24,p267_024,433,386,47,391,42,365,21,47
41,25,p267_025,212,139,73,143,69,122,52,38
41,26,p267_026,208,172,36,198,10,165,3,40
41,27,p267_027,146,88,58,125,21,85,18,43
41,28,p267_028,234,210,24,187,47,181,18,35
41,29,p267_029,140,127,13,108,32,103,8,29
41,30,p267_030,137,89,48,77,60,76,47,14
41,31,p267_031,131,131,0,125,6,125,0,6
41,32,p267_032,195,180,15,141,54,138,12,45
41,33,p267_033,328,290,38,238,90,224,24,80
41,34,p267_034,203,183,20,165,38,154,9,40
41,35,p267_035,201,158,43,155,46,141,29,31
41,36,p267_036,203,175,28,142,61,131,17,55
41,37,p267_037,209,158,51,141,68,131,41,37
41,38,p267_038,205,197,8,184,21,177,1,27
41,39,p267_039,201,163,38,128,73,122,32,47
41,40,p267_040,153,115,38,117,36,101,22,30
41,41,p267_041,198,171,27,170,28,154,11,33
41,42,p267_042,137,132,5,133,4,130,2,5
41,43,p267_043,150,136,14,123,27,120,11,19
41,44,p267_044,166,153,13,143,23,136,6,24
41,45,p267_045,134,122,12,115,19,107,4,23
41,46,p267_046,169,149,20,142,27,128,6,35
41,47,p267_047,219,198,21,178,41,170,13,36
41,48,p267_048,147,124,23,143,4,123,3,21
41,49,p267_049,195,189,6,178,17,175,3,17
41,50,p267_050,163,155,8,136,27,133,5,25
41,51,p267_051,202,170,32,176,26,159,15,28
41,52,p267_052,147,134,13,119,28,112,6,29
41,53,p267_053,233,210,23,174,59,170,19,44
41,54,p267_054,170,111,59,98,72,86,47,37
41,55,p267_055,142,117,25,91,51,91,25,26
41,56,p267_056,220,193,27,178,42,169,18,33
41,57,p267_057,169,155,14,126,43,124,12,33
41,58,p267_058,166,156,10,140,26,132,2,32
41,59,p267_059,205,179,26,161,44,158,23,24
41,60,p267_060,177,166,11,141,36,139,9,29
41,61,p267_061,155,152,3,127,28,126,2,27
41,62,p267_062,147,123,24,128,19,114,10,23
41,63,p267_063,178,159,19,113,65,108,14,56
41,64,p267_064,125,104,21,63,62,62,20,43
41,65,p267_065,134,96,38,69,65,66,35,33
41,66,p267_066,131,129,2,75,56,75,2,54
41,67,p267_067,147,135,12,124,23,116,4,27
41,68,p267_068,225,218,7,176,49,175,6,44
41,69,p267_069,190,186,4,178,12,174,0,16
41,70,p267_070,207,180,27,204,3,177,0,30
41,71,p267_071,257,252,5,245,12,240,0,17
41,72,p267_072,182,178,4,157,25,155,2,25
41,73,p267_073,234,218,16,211,23,197,2,35
41,74,p267_074,145,142,3,115,30,114,2,29
41,75,p267_075,142,122,20,111,31,100,9,33
41,76,p267_076,174,171,3,173,1,170,0,4
41,77,p267_077,198,190,8,168,30,167,7,24
41,78,p267_078,153,152,1,135,18,134,0,19
41,79,p267_079,174,162,12,131,43,125,6,43
41,80,p267_080,150,149,1,110,40,110,1,39
41,81,p267_081,142,137,5,101,41,101,5,36
41,82,p267_082,195,191,4,164,31,163,3,29
41,83,p267_083,194,180,14,153,41,146,7,41
41,84,p267_084,214,189,25,195,19,174,4,36
41,85,p267_085,238,220,18,199,39,193,12,33
41,86,p267_086,187,183,4,167,20,165,2,20
41,87,p267_087,249,240,9,199,50,199,9,41
41,88,p267_088,166,150,16,139,27,132,9,25
41,89,p267_089,193,183,10,144,49,143,9,41
41,90,p267_090,183,170,13,114,69,112,11,60
41,91,p267_091,169,165,4,118,51,117,3,49
41,92,p267_092,142,117,25,78,64,77,24,41
41,93,p267_093,214,200,14,132,82,132,14,68
41,94,p267_094,153,151,2,114,39,113,1,39
41,95,p267_095,182,179,3,159,23,158,2,22
41,96,p267_096,197,194,3,154,43,153,2,42
41,97,p267_097,209,206,3,150,59,147,0,62
41,98,p267_098,139,129,10,86,53,84,8,47
41,99,p267_099,139,139,0,118,21,118,0,21
41,100,p267_100,145,96,49,130,15,94,13,38
41,101,p267_102,181,157,24,127,54,116,13,52
41,102,p267_103,182,172,10,146,36,143,7,32
41,103,p267_104,147,133,14,112,35,106,8,33
41,104,p267_105,147,136,11,89,58,86,8,53
41,105,p267_106,161,133,28,114,47,105,19,37
41,106,p267_107,163,160,3,142,21,141,2,20
41,107,p267_108,179,177,2,145,34,144,1,34
41,108,p267_109,150,150,0,141,9,141,0,9
41,109,p267_110,158,151,7,115,43,112,4,42
41,110,p267_111,161,157,4,131,30,127,0,34
41,111,p267_112,137,134,3,113,24,112,2,23
41,112,p267_113,123,121,2,102,21,100,0,23
41,113,p267_114,123,123,0,108,15,108,0,15
41,114,p267_115,206,183,23,152,54,143,14,49
41,115,p267_116,193,189,4,150,43,148,2,43
41,116,p267_117,185,182,3,171,14,169,1,15
41,117,p267_118,166,150,16,113,53,105,8,53
41,118,p267_119,146,141,5,103,43,101,3,42
41,119,p267_120,150,147,3,126,24,123,0,27
41,120,p267_121,137,136,1,111,26,110,0,27
41,121,p267_122,166,158,8,136,30,133,5,28
41,122,p267_123,185,177,8,135,50,135,8,42
41,123,p267_124,155,151,4,150,5,146,0,9
41,124,p267_125,142,141,1,129,13,128,0,14
41,125,p267_126,262,242,20,208,54,207,19,36
41,126,p267_127,254,229,25,193,61,185,17,52
41,127,p267_128,203,202,1,184,19,183,0,20
41,128,p267_129,145,144,1,124,21,123,0,22
41,129,p267_130,204,162,42,132,72,127,37,40
41,130,p267_131,254,234,20,187,67,181,14,59
41,131,p267_132,243,215,28,179,64,170,19,54
41,132,p267_133,145,136,9,119,26,119,9,17
41,133,p267_134,173,167,6,113,60,113,6,54
41,134,p267_135,153,118,35,121,32,106,20,27
41,135,p267_136,179,170,9,127,52,125,7,47
41,136,p267_137,171,165,6,150,21,148,4,19
41,137,p267_138,233,220,13,209,24,201,5,27
41,138,p267_139,126,120,6,114,12,111,3,12
41,139,p267_140,163,152,11,136,27,132,7,24
41,140,p267_141,209,183,26,189,20,173,10,26
41,141,p267_142,169,160,9,167,2,159,1,9
41,142,p267_143,179,167,12,142,37,138,8,33
41,143,p267_144,145,125,20,120,25,108,8,29
41,144,p267_145,145,131,14,112,33,105,7,33
41,145,p267_146,236,217,19,213,23,197,3,36
41,146,p267_147,163,140,23,119,44,115,19,29
41,147,p267_148,162,162,0,158,4,158,0,4
41,148,p267_149,204,200,4,195,9,191,0,13
41,149,p267_150,214,203,11,160,54,159,10,45
41,150,p267_151,187,179,8,134,53,133,7,47
41,151,p267_152,150,140,10,112,38,109,7,34
41,152,p267_153,166,166,0,132,34,132,0,34
41,153,p267_154,137,117,20,104,33,96,12,29
41,154,p267_155,187,182,5,181,6,176,0,11
41,155,p267_156,210,201,9,189,21,184,4,22
41,156,p267_157,174,172,2,117,57,117,2,55
41,157,p267_158,200,190,10,147,53,140,3,57
41,158,p267_159,203,188,15,150,53,146,11,46
41,159,p267_160,166,166,0,129,37,129,0,37
41,160,p267_161,163,162,1,122,41,122,1,40
41,161,p267_162,102,82,20,56,46,49,13,40
41,162,p267_163,134,119,15,96,38,88,7,39
41,163,p267_164,123,122,1,100,23,100,1,22
41,164,p267_165,178,163,15,133,45,132,14,32
41,165,p267_166,129,125,4,120,9,117,1,11
41,166,p267_167,137,137,0,108,29,108,0,29
41,167,p267_168,163,141,22,107,56,105,20,38
41,168,p267_169,209,207,2,178,31,176,0,33
41,169,p267_170,178,171,7,159,19,153,1,24
41,170,p267_171,147,118,29,101,46,87,15,45
41,171,p267_172,222,197,25,177,45,163,11,48
41,172,p267_173,190,170,20,141,49,139,18,33
41,173,p267_174,128,121,7,104,24,103,6,19
41,174,p267_175,134,128,6,121,13,115,0,19
41,175,p267_176,139,139,0,119,20,119,0,20
41,176,p267_177,161,153,8,119,42,114,3,44
41,177,p267_178,184,172,12,130,54,124,6,54
41,178,p267_179,200,195,5,147,53,147,5,48
41,179,p267_180,177,167,10,167,10,159,2,16
41,180,p267_181,150,140,10,103,47,101,8,41
41,181,p267_182,136,124,12,102,34,93,3,40
41,182,p267_183,155,147,8,127,28,127,8,20
41,183,p267_184,222,213,9,169,53,167,7,48
41,184,p267_185,147,145,2,128,19,128,2,17
41,185,p267_186,161,157,4,140,21,136,0,25
41,186,p267_187,150,143,7,100,50,99,6,45
41,187,p267_188,161,159,2,123,38,123,2,36
41,188,p267_189,238,235,3,210,28,208,1,29
41,189,p267_190,169,154,15,137,32,128,6,35
41,190,p267_191,217,202,15,192,25,184,7,26
41,191,p267_192,171,161,10,142,29,137,5,29
41,192,p267_193,130,122,8,115,15,107,0,23
41,193,p267_194,159,157,2,144,15,142,0,17
41,194,p267_195,147,136,11,113,34,111,9,27
41,195,p267_196,174,169,5,131,43,129,3,42
41,196,p267_197,150,148,2,122,28,122,2,26
41,197,p267_198,259,224,35,186,73,184,33,42
41,198,p267_199,169,167,2,114,55,114,2,53
41,199,p267_200,182,168,14,114,68,112,12,58
41,200,p267_201,193,182,11,152,41,152,11,30
42,1,p268_001,171,91,80,67,104,65,78,28
42,2,p268_002,251,150,101,127,124,127,101,23
42,3,p268_003,541,393,148,346,195,340,142,59
42,4,p268_004,334,202,132,189,145,188,131,15
42,5,p268_005,474,378,96,320,154,319,95,60
42,6,p268_006,444,274,170,269,175,265,166,13
42,7,p268_007,363,194,169,191,172,187,165,11
42,8,p268_009,499,210,289,213,286,199,275,25
42,9,p268_010,243,106,137,105,138,104,136,3
42,10,p268_011,493,338,155,325,168,324,154,15
42,11,p268_012,327,201,126,204,123,199,121,7
42,12,p268_013,325,205,120,203,122,196,113,16
42,13,p268_014,403,259,144,252,151,251,143,9
42,14,p268_015,377,275,102,268,109,267,101,9
42,15,p268_016,472,333,139,328,144,325,136,11
42,16,p268_017,269,158,111,152,117,150,109,10
42,17,p268_018,385,261,124,256,129,256,124,5
42,18,p268_019,508,368,140,344,164,342,138,28
42,19,p268_020,288,178,110,179,109,174,105,9
42,20,p268_021,625,467,158,461,164,458,155,12
42,21,p268_022,459,314,145,301,158,300,144,15
42,22,p268_024,554,325,229,333,221,319,215,20
42,23,p268_025,221,98,123,90,131,88,121,12
42,24,p268_026,210,78,132,73,137,73,132,5
42,25,p268_027,245,145,100,120,125,118,98,29
42,26,p268_028,346,222,124,210,136,208,122,16
42,27,p268_029,201,104,97,94,107,91,94,16
42,28,p268_030,209,109,100,98,111,98,100,11
42,29,p268_031,227,134,93,122,105,122,93,12
42,30,p268_032,215,138,77,120,95,120,77,18
42,31,p268_033,214,114,100,118,96,109,91,14
42,32,p268_034,238,128,110,125,113,125,110,3
42,33,p268_035,218,104,114,92,126,90,112,16
42,34,p268_036,204,86,118,85,119,84,117,3
42,35,p268_037,188,95,93,86,102,77,84,27
42,36,p268_038,198,97,101,92,106,92,101,5
42,37,p268_039,166,49,117,44,122,44,117,5
42,38,p268_040,176,63,113,59,117,59,113,4
42,39,p268_041,192,59,133,59,133,58,132,2
42,40,p268_042,143,51,92,59,84,48,81,14
42,41,p268_043,175,79,96,77,98,74,93,8
42,42,p268_044,232,150,82,135,97,135,82,15
42,43,p268_045,267,177,90,176,91,176,90,1
42,44,p268_046,174,97,77,93,81,93,77,4
42,45,p268_047,209,116,93,114,95,113,92,4
42,46,p268_048,216,118,98,112,104,112,98,6
42,47,p268_049,184,94,90,85,99,85,90,9
42,48,p268_050,278,170,108,160,118,158,106,14
42,49,p268_051,190,87,103,84,106,82,101,7
42,50,p268_052,301,187,114,174,127,172,112,17
42,51,p268_053,295,192,103,191,104,188,100,7
42,52,p268_054,201,139,62,89,112,89,62,50
42,53,p268_055,216,138,78,112,104,110,76,30
42,54,p268_056,266,102,164,99,167,98,163,5
42,55,p268_057,313,101,212,82,231,81,211,21
42,56,p268_058,237,81,156,76,161,76,156,5
42,57,p268_059,174,87,87,110,64,85,62,27
42,58,p268_060,237,105,132,103,134,101,130,6
42,59,p268_061,222,96,126,97,125,95,124,3
42,60,p268_062,203,73,130,72,131,72,130,1
42,61,p268_063,213,100,113,98,115,98,113,2
42,62,p268_064,218,83,135,75,143,74,134,10
42,63,p268_065,188,80,108,70,118,70,108,10
42,64,p268_066,233,116,117,108,125,107,116,10
42,65,p268_067,159,64,95,69,90,56,82,21
42,66,p268_068,263,144,119,133,130,133,119,11
42,67,p268_069,213,99,114,98,115,97,113,3
42,68,p268_070,356,203,153,190,166,190,153,13
42,69,p268_071,315,157,158,148,167,148,158,9
42,70,p268_072,238,89,149,78,160,78,149,11
42,71,p268_073,236,97,139,98,138,97,138,1
42,72,p268_074,234,91,143,91,143,91,143,0
42,73,p268_075,210,70,140,70,140,64,134,12
42,74,p268_076,250,112,138,114,136,112,136,2
42,75,p268_077,310,81,229,75,235,75,229,6
42,76,p268_078,215,70,145,68,147,68,145,2
42,77,p268_079,250,112,138,109,141,109,138,3
42,78,p268_080,231,108,123,107,124,107,123,1
42,79,p268_081,403,220,183,222,181,207,168,28
42,80,p268_082,193,108,85,121,72,105,69,19
42,81,p268_083,280,149,131,142,138,141,130,9
42,82,p268_084,228,110,118,109,119,109,118,1
42,83,p268_085,247,138,109,129,118,126,106,15
42,84,p268_086,236,113,123,112,124,111,122,3
42,85,p268_087,185,71,114,74,111,69,109,7
42,86,p268_088,265,119,146,121,144,117,142,6
42,87,p268_089,237,104,133,103,134,101,131,5
42,88,p268_090,207,79,128,77,130,77,128,2
42,89,p268_091,243,94,149,84,159,84,149,10
42,90,p268_092,248,118,130,128,120,113,115,20
42,91,p268_093,270,129,141,125,145,120,136,14
42,92,p268_094,234,117,117,110,124,110,117,7
42,93,p268_095,166,82,84,75,91,73,82,11
42,94,p268_096,208,98,110,88,120,86,108,14
42,95,p268_097,141,32,109,40,101,31,100,10
42,96,p268_098,179,56,123,74,105,56,105,18
42,97,p268_099,134,49,85,48,86,48,85,1
42,98,p268_100,169,100,69,87,82,82,64,23
42,99,p268_101,155,61,94,58,97,58,94,3
42,100,p268_102,180,82,98,80,100,80,98,2
42,101,p268_103,215,125,90,123,92,122,89,4
42,102,p268_104,179,90,89,89,90,89,89,1
42,103,p268_105,185,88,97,85,100,85,97,3
42,104,p268_106,250,137,113,137,113,133,109,8
42,105,p268_107,239,130,109,123,116,123,109,7
42,106,p268_108,231,127,104,124,107,124,104,3
42,107,p268_109,296,178,118,175,121,175,118,3
42,108,p268_110,223,116,107,112,111,112,107,4
42,109,p268_111,189,80,109,81,108,79,107,3
42,110,p268_112,201,110,91,98,103,97,90,14
42,111,p268_113,298,187,111,177,121,176,110,12
42,112,p268_114,195,71,124,71,124,69,122,4
42,113,p268_115,216,93,123,80,136,80,123,13
42,114,p268_116,246,109,137,106,140,106,137,3
42,115,p268_117,227,99,128,101,126,96,123,8
42,116,p268_118,216,99,117,91,125,91,117,8
42,117,p268_119,301,132,169,137,164,123,155,23
42,118,p268_120,219,129,90,164,55,128,54,37
42,119,p268_121,166,83,83,107,59,81,57,28
42,120,p268_122,283,148,135,143,140,143,135,5
42,121,p268_123,241,103,138,104,137,101,135,5
42,122,p268_124,215,105,110,102,113,102,110,3
42,123,p268_125,241,111,130,108,133,108,130,3
42,124,p268_126,214,106,108,97,117,97,108,9
42,125,p268_127,237,106,131,100,137,99,130,8
42,126,p268_128,233,126,107,123,110,123,107,3
42,127,p268_129,193,98,95,90,103,90,95,8
42,128,p268_130,228,131,97,129,99,129,97,2
42,129,p268_131,225,90,135,87,138,85,133,7
42,130,p268_132,281,175,106,161,120,161,106,14
42,131,p268_133,239,111,128,113,126,109,124,6
42,132,p268_134,271,135,136,131,140,128,133,10
42,133,p268_135,326,159,167,149,177,149,167,10
42,134,p268_137,233,107,126,114,119,104,116,13
42,135,p268_138,247,116,131,108,139,108,131,8
42,136,p268_139,269,148,121,144,125,144,121,4
42,137,p268_140,269,169,100,143,126,143,100,26
42,138,p268_141,315,205,110,197,118,197,110,8
42,139,p268_142,322,193,129,186,136,184,127,11
42,140,p268_143,199,90,109,89,110,89,109,1
42,141,p268_144,204,58,146,55,149,55,146,3
42,142,p268_145,201,84,117,82,119,82,117,2
42,143,p268_146,180,58,122,58,122,57,121,2
42,144,p268_147,168,60,108,54,114,54,108,6
42,145,p268_148,301,155,146,144,157,144,146,11
42,146,p268_149,341,240,101,228,113,228,101,12
42,147,p268_150,240,126,114,126,114,126,114,0
42,148,p268_151,254,126,128,126,128,124,126,4
42,149,p268_152,220,81,139,86,134,78,131,11
42,150,p268_153,228,99,129,96,132,94,127,7
42,151,p268_154,214,95,119,93,121,90,116,8
42,152,p268_155,280,154,126,148,132,147,125,8
42,153,p268_156,206,117,89,106,100,106,89,11
42,154,p268_157,308,189,119,172,136,171,118,19
42,155,p268_158,223,99,124,96,127,95,123,5
42,156,p268_160,311,197,114,193,118,193,114,4
42,157,p268_161,251,117,134,117,134,116,133,2
42,158,p268_162,213,111,102,108,105,108,102,3
42,159,p268_163,306,176,130,167,139,167,130,9
42,160,p268_164,197,96,101,94,103,94,101,2
42,161,p268_165,210,87,123,85,125,85,123,2
42,162,p268_166,193,95,98,94,99,94,98,1
42,163,p268_167,175,75,100,74,101,74,100,1
42,164,p268_168,224,104,120,98,126,98,120,6
42,165,p268_169,219,126,93,120,99,120,93,6
42,166,p268_170,201,60,141,59,142,59,141,1
42,167,p268_171,281,96,185,261,20,96,20,165
42,168,p268_172,315,75,240,166,149,67,141,107
42,169,p268_173,215,72,143,88,127,71,126,18
42,170,p268_174,295,185,110,172,123,172,110,13
42,171,p268_175,203,82,121,84,119,80,117,6
42,172,p268_176,243,140,103,137,106,134,100,9
42,173,p268_177,297,172,125,160,137,160,125,12
42,174,p268_178,185,77,108,78,107,77,107,1
42,175,p268_179,279,187,92,177,102,177,92,10
42,176,p268_180,405,254,151,234,171,234,151,20
42,177,p268_181,206,109,97,101,105,101,97,8
42,178,p268_182,346,205,141,177,169,177,141,28
42,179,p268_183,207,113,94,111,96,111,94,2
42,180,p268_184,189,80,109,76,113,76,109,4
42,181,p268_185,260,147,113,134,126,134,113,13
42,182,p268_186,198,70,128,65,133,65,128,5
42,183,p268_187,251,95,156,90,161,90,156,5
42,184,p268_188,208,90,118,92,116,89,115,4
42,185,p268_189,266,132,134,129,137,129,134,3
42,186,p268_190,221,106,115,97,124,97,115,9
42,187,p268_191,250,140,110,130,120,129,109,12
42,188,p268_192,221,105,116,95,126,95,116,10
42,189,p268_193,236,125,111,124,112,123,110,3
42,190,p268_194,210,103,107,101,109,100,106,4
42,191,p268_195,218,124,94,122,96,122,94,2
42,192,p268_196,219,113,106,106,113,106,106,7
42,193,p268_197,176,66,110,62,114,62,110,4
42,194,p268_198,254,140,114,125,129,125,114,15
42,195,p268_199,203,107,96,103,100,102,95,6
42,196,p268_200,245,147,98,139,106,139,98,8
42,197,p268_201,187,73,114,75,112,72,111,4
42,198,p268_202,243,87,156,85,158,85,156,2
42,199,p268_203,210,91,119,90,120,90,119,1
42,200,p268_204,214,112,102,112,102,109,99,6
43,1,p269_001,141,128,13,70,71,70,13,58
43,2,p269_002,230,152,78,139,91,139,78,13
43,3,p269_003,391,315,76,317,74,312,71,8
43,4,p269_004,297,212,85,194,103,191,82,24
43,5,p269_005,350,322,28,292,58,290,26,34
43,6,p269_006,323,273,50,275,48,261,36,26
43,7,p269_007,256,209,47,184,72,184,47,25
43,8,p269_008,439,366,73,329,110,328,72,39
43,9,p269_009,295,262,33,196,99,193,30,72
43,10,p269_010,195,176,19,156,39,149,12,34
43,11,p269_011,396,334,62,311,85,311,62,23
43,12,p269_012,285,206,79,195,90,193,77,15
43,13,p269_013,261,227,34,198,63,197,33,31
43,14,p269_014,315,277,38,231,84,231,38,46
43,15,p269_015,357,344,13,265,92,265,13,79
43,16,p269_016,367,338,29,305,62,303,27,37
43,17,p269_017,238,183,55,154,84,154,55,29
43,18,p269_018,330,279,51,247,83,241,45,44
43,19,p269_019,409,342,67,326,83,325,66,18
43,20,p269_020,262,208,54,177,85,174,51,37
43,21,p269_021,505,413,92,410,95,407,89,9
43,22,p269_022,390,330,60,290,100,288,58,44
43,23,p269_023,652,542,110,526,126,516,100,36
43,24,p269_024,455,308,147,297,158,295,145,15
43,25,p269_025,261,191,70,175,86,175,70,16
43,26,p269_026,102,77,25,83,19,69,11,22
43,27,p269_027,205,195,10,153,52,152,9,44
43,28,p269_028,197,142,55,134,63,129,50,18
43,29,p269_029,273,245,28,216,57,213,25,35
43,30,p269_030,115,98,17,58,57,55,14,46
43,31,p269_031,121,77,44,48,73,48,44,29
43,32,p269_032,152,136,16,69,83,69,16,67
43,33,p269_033,171,139,32,94,77,94,32,45
43,34,p269_034,276,253,23,214,62,206,15,55
43,35,p269_035,129,121,8,73,56,71,6,52
43,36,p269_036,182,156,26,103,79,101,24,57
43,37,p269_037,215,174,41,145,70,144,40,31
43,38,p269_038,250,223,27,178,72,177,26,47
43,39,p269_039,118,96,22,72,46,70,20,28
43,40,p269_040,286,217,69,202,84,202,69,15
43,41,p269_041,191,127,64,103,88,103,64,24
43,42,p269_042,123,118,5,53,70,53,5,65
43,43,p269_043,115,57,58,44,71,44,58,13
43,44,p269_044,212,178,34,131,81,130,33,49
43,45,p269_045,198,190,8,128,70,128,8,62
43,46,p269_046,226,185,41,153,73,153,41,32
43,47,p269_047,121,110,11,54,67,53,10,58
43,48,p269_048,132,120,12,62,70,61,11,60
43,49,p269_049,209,184,25,142,67,142,25,42
43,50,p269_050,173,144,29,97,76,96,28,49
43,51,p269_051,259,196,63,187,72,186,62,11
43,52,p269_052,119,95,24,54,65,53,23,43
43,53,p269_053,149,99,50,67,82,63,46,40
43,54,p269_054,271,229,42,196,75,191,37,43
43,55,p269_055,226,176,50,138,88,137,49,40
43,56,p269_056,138,127,11,76,62,76,11,51
43,57,p269_057,158,146,12,89,69,89,12,57
43,58,p269_058,151,139,12,82,69,82,12,57
43,59,p269_059,128,115,13,62,66,62,13,53
43,60,p269_060,142,118,24,79,63,76,21,45
43,61,p269_061,149,111,38,64,85,64,38,47
43,62,p269_062,174,166,8,110,64,110,8,56
43,63,p269_063,150,104,46,77,73,72,41,37
43,64,p269_064,114,77,37,44,70,44,37,33
43,65,p269_065,162,150,12,99,63,99,12,51
43,66,p269_066,329,303,26,236,93,234,24,71
43,67,p269_067,237,198,39,161,76,161,39,37
43,68,p269_068,133,106,27,65,68,65,27,41
43,69,p269_069,176,164,12,117,59,117,12,47
43,70,p269_070,186,125,61,124,62,114,51,21
43,71,p269_071,92,79,13,42,50,42,13,37
43,72,p269_072,137,96,41,63,74,63,41,33
43,73,p269_073,149,109,40,86,63,86,40,23
43,74,p269_074,191,134,57,102,89,102,57,32
43,75,p269_075,182,118,64,101,81,101,64,17
43,76,p269_076,174,116,58,102,72,102,58,14
43,77,p269_077,241,214,27,163,78,163,27,51
43,78,p269_078,163,120,43,91,72,91,43,29
43,79,p269_079,177,114,63,71,106,71,63,43
43,80,p269_080,155,126,29,99,56,97,27,31
43,81,p269_081,170,145,25,100,70,100,25,45
43,82,p269_082,223,195,28,149,74,145,24,54
43,83,p269_083,172,153,19,99,73,97,17,58
43,84,p269_084,142,131,11,83,59,79,7,56
43,85,p269_085,249,230,19,173,76,172,18,59
43,86,p269_086,146,118,28,79,67,76,25,45
43,87,p269_087,144,128,16,70,74,70,16,58
43,88,p269_088,192,132,60,107,85,107,60,25
43,89,p269_089,114,80,34,39,75,39,34,41
43,90,p269_090,200,147,53,128,72,128,53,19
43,91,p269_091,234,200,34,169,65,169,34,31
43,92,p269_092,265,242,23,194,71,190,19,56
43,93,p269_093,149,115,34,80,69,79,33,37
43,94,p269_094,152,108,44,80,72,80,44,28
43,95,p269_096,207,163,44,141,66,139,42,26
43,96,p269_097,307,257,50,214,93,214,50,43
43,97,p269_098,284,226,58,201,83,201,58,25
43,98,p269_099,314,266,48,233,81,233,48,33
43,99,p269_100,160,138,22,83,77,80,19,61
43,100,p269_101,179,139,40,109,70,109,40,30
43,101,p269_102,162,129,33,100,62,98,31,33
43,102,p269_103,211,167,44,135,76,135,44,32
43,103,p269_104,262,246,16,120,142,120,16,126
43,104,p269_105,142,119,23,65,77,63,21,58
43,105,p269_106,243,173,70,139,104,139,70,34
43,106,p269_107,175,171,4,75,100,75,4,96
43,107,p269_108,149,114,35,69,80,69,35,45
43,108,p269_109,195,155,40,104,91,104,40,51
43,109,p269_110,186,161,25,109,77,109,25,52
43,110,p269_111,204,200,4,116,88,116,4,84
43,111,p269_112,141,118,23,66,75,66,23,52
43,112,p269_113,267,238,29,185,82,184,28,55
43,113,p269_114,239,187,52,156,83,156,52,31
43,114,p269_115,161,136,25,81,80,79,23,59
43,115,p269_116,137,125,12,61,76,61,12,64
43,116,p269_117,244,221,23,162,82,161,22,61
43,117,p269_118,280,252,28,178,102,175,25,80
43,118,p269_119,150,144,6,102,48,102,6,42
43,119,p269_121,275,226,49,202,73,199,46,30
43,120,p269_122,121,86,35,57,64,57,35,29
43,121,p269_123,179,145,34,108,71,103,29,47
43,122,p269_124,217,194,23,156,61,155,22,40
43,123,p269_125,226,215,11,149,77,148,10,68
43,124,p269_126,245,191,54,167,78,167,54,24
43,125,p269_127,254,195,59,161,93,161,59,34
43,126,p269_128,230,178,52,152,78,152,52,26
43,127,p269_129,209,158,51,124,85,123,50,36
43,128,p269_130,220,188,32,163,57,158,27,35
43,129,p269_131,195,144,51,120,75,117,48,30
43,130,p269_132,121,68,53,55,66,48,46,27
43,131,p269_133,160,129,31,95,65,95,31,34
43,132,p269_134,172,158,14,98,74,98,14,60
43,133,p269_135,261,216,45,170,91,170,45,46
43,134,p269_136,225,150,75,119,106,118,74,33
43,135,p269_137,126,109,17,104,22,88,1,37
43,136,p269_138,198,160,38,124,74,123,37,38
43,137,p269_139,135,95,40,51,84,51,40,44
43,138,p269_140,274,213,61,186,88,181,56,37
43,139,p269_141,254,247,7,189,65,189,7,58
43,140,p269_142,147,106,41,76,71,76,41,30
43,141,p269_143,221,202,19,143,78,143,19,59
43,142,p269_144,211,171,40,124,87,124,40,47
43,143,p269_145,227,179,48,177,50,176,47,4
43,144,p269_146,163,113,50,83,80,83,50,30
43,145,p269_147,257,199,58,169,88,169,58,30
43,146,p269_148,126,83,43,50,76,50,43,33
43,147,p269_149,139,111,28,98,41,85,15,39
43,148,p269_150,133,107,26,63,70,63,26,44
43,149,p269_151,197,156,41,102,95,100,39,58
43,150,p269_152,265,243,22,213,52,207,16,42
43,151,p269_153,236,219,17,153,83,153,17,66
43,152,p269_154,173,138,35,69,104,68,34,71
43,153,p269_155,192,170,22,78,114,78,22,92
43,154,p269_156,227,213,14,133,94,133,14,80
43,155,p269_157,185,170,15,100,85,100,15,70
43,156,p269_158,225,218,7,127,98,127,7,91
43,157,p269_159,192,176,16,83,109,82,15,95
43,158,p269_160,188,181,7,125,63,125,7,56
43,159,p269_161,237,232,5,161,76,161,5,71
43,160,p269_162,169,134,35,101,68,101,35,33
43,161,p269_163,191,171,20,121,70,121,20,50
43,162,p269_164,131,122,9,65,66,65,9,57
43,163,p269_165,164,156,8,97,67,93,4,67
43,164,p269_166,190,177,13,114,76,113,12,65
43,165,p269_167,251,192,59,175,76,170,54,27
43,166,p269_168,140,129,11,74,66,74,11,55
43,167,p269_169,256,227,29,174,82,174,29,53
43,168,p269_170,143,121,22,66,77,66,22,55
43,169,p269_171,182,144,38,103,79,99,34,49
43,170,p269_172,126,112,14,62,64,62,14,50
43,171,p269_173,264,248,16,184,80,184,16,64
43,172,p269_174,242,204,38,170,72,170,38,34
43,173,p269_175,237,168,69,148,89,137,58,42
43,174,p269_176,170,128,42,80,90,80,42,48
43,175,p269_177,214,189,25,130,84,129,24,61
43,176,p269_179,222,198,24,144,78,143,23,56
43,177,p269_180,190,158,32,114,76,114,32,44
43,178,p269_181,239,191,48,185,54,177,40,22
43,179,p269_182,206,169,37,136,70,136,37,33
43,180,p269_183,135,114,21,73,62,73,21,41
43,181,p269_184,302,257,45,189,113,186,42,74
43,182,p269_185,176,85,91,66,110,64,89,23
43,183,p269_186,110,107,3,54,56,54,3,53
43,184,p269_187,131,111,20,67,64,67,20,44
43,185,p269_188,182,137,45,95,87,95,45,42
43,186,p269_189,171,128,43,101,70,94,36,41
43,187,p269_190,126,126,0,100,26,100,0,26
43,188,p269_191,286,231,55,201,85,187,41,58
43,189,p269_193,198,173,25,111,87,111,25,62
43,190,p269_194,244,236,8,173,71,173,8,63
43,191,p269_195,216,195,21,143,73,143,21,52
43,192,p269_196,155,145,10,94,61,94,10,51
43,193,p269_197,249,225,24,175,74,175,24,50
43,194,p269_198,196,136,60,117,79,117,60,19
43,195,p269_199,182,168,14,105,77,105,14,63
43,196,p269_200,164,146,18,74,90,74,18,72
43,197,p269_201,248,220,28,157,91,155,26,67
43,198,p269_202,229,210,19,145,84,145,19,65
43,199,p269_203,118,62,56,44,74,44,56,18
43,200,p269_204,260,241,19,173,87,173,19,68
44,1,p270_001,153,143,10,126,27,121,5,27
44,2,p270_002,296,244,52,238,58,224,38,34
44,3,p270_003,539,476,63,390,149,387,60,92
44,4,p270_004,370,342,28,339,31,318,7,45
44,5,p270_005,478,437,41,423,55,411,29,38
44,6,p270_006,405,368,37,304,101,299,32,74
44,7,p270_007,313,274,39,253,60,252,38,23
44,8,p270_008,526,504,22,402,124,401,21,104
44,9,p270_009,339,296,43,240,99,237,40,62
44,10,p270_010,203,196,7,152,51,152,7,44
44,11,p270_011,508,462,46,394,114,392,44,72
44,12,p270_012,315,282,33,230,85,227,30,58
44,13,p270_013,319,298,21,278,41,263,6,50
44,14,p270_014,331,283,48,247,84,246,47,38
44,15,p270_015,382,342,40,298,84,298,40,44
44,16,p270_016,470,461,9,370,100,370,9,91
44,17,p270_017,283,267,16,191,92,191,16,76
44,18,p270_018,390,316,74,298,92,298,74,18
44,19,p270_019,474,432,42,381,93,376,37,61
44,20,p270_020,294,280,14,228,66,225,11,58
44,21,p270_021,606,534,72,479,127,476,69,61
44,22,p270_022,446,424,22,360,86,360,22,64
44,23,p270_023,809,717,92,642,167,640,90,79
44,24,p270_024,774,700,74,595,179,585,64,125
44,25,p270_025,254,212,42,168,86,167,41,46
44,26,p270_026,163,146,17,158,5,142,1,20
44,27,p270_027,188,183,5,146,42,145,4,39
44,28,p270_028,179,135,44,117,62,116,43,20
44,29,p270_029,193,152,41,123,70,118,36,39
44,30,p270_030,195,186,9,147,48,144,6,45
44,31,p270_031,173,164,9,137,36,132,4,37
44,32,p270_032,206,191,15,157,49,155,13,38
44,33,p270_033,164,145,19,135,29,122,6,36
44,34,p270_034,306,258,48,209,97,207,46,53
44,35,p270_035,176,166,10,113,63,113,10,53
44,36,p270_036,139,131,8,88,51,88,8,43
44,37,p270_037,238,236,2,168,70,168,2,68
44,38,p270_038,231,220,11,164,67,163,10,58
44,39,p270_039,182,177,5,140,42,140,5,37
44,40,p270_040,166,142,24,108,58,108,24,34
44,41,p270_041,166,153,13,119,47,116,10,40
44,42,p270_042,171,161,10,149,22,149,10,12
44,43,p270_043,199,195,4,132,67,129,1,69
44,44,p270_044,169,165,4,110,59,110,4,55
44,45,p270_045,230,213,17,118,112,117,16,97
44,46,p270_046,195,188,7,110,85,109,6,80
44,47,p270_047,174,174,0,114,60,114,0,60
44,48,p270_048,289,258,31,232,57,219,18,52
44,49,p270_049,201,195,6,103,98,103,6,92
44,50,p270_050,211,206,5,167,44,165,3,43
44,51,p270_051,161,158,3,107,54,107,3,51
44,52,p270_052,137,135,2,74,63,74,2,61
44,53,p270_053,126,120,6,56,70,56,6,64
44,54,p270_054,187,163,24,143,44,136,17,34
44,55,p270_055,254,228,26,136,118,136,26,92
44,56,p270_056,193,193,0,104,89,104,0,89
44,57,p270_057,169,169,0,113,56,113,0,56
44,58,p270_058,249,241,8,181,68,181,8,60
44,59,p270_059,203,198,5,146,57,146,5,52
44,60,p270_060,166,164,2,107,59,107,2,57
44,61,p270_061,260,252,8,186,74,186,8,66
44,62,p270_062,211,208,3,149,62,148,2,61
44,63,p270_063,172,155,17,120,52,119,16,37
44,64,p270_064,233,232,1,182,51,182,1,50
44,65,p270_065,259,254,5,211,48,210,4,45
44,66,p270_066,246,221,25,156,90,156,25,65
44,67,p270_067,179,173,6,111,68,111,6,62
44,68,p270_068,226,220,6,145,81,145,6,75
44,69,p270_069,225,217,8,145,80,145,8,72
44,70,p270_070,326,325,1,251,75,251,1,74
44,71,p270_071,291,274,17,219,72,219,17,55
44,72,p270_072,334,328,6,219,115,219,6,109
44,73,p270_073,241,231,10,191,50,185,4,52
44,74,p270_074,167,164,3,119,48,117,1,49
44,75,p270_075,201,199,2,140,61,140,2,59
44,76,p270_076,185,185,0,147,38,147,0,38
44,77,p270_077,203,202,1,138,65,138,1,64
44,78,p270_078,187,185,2,119,68,119,2,66
44,79,p270_079,190,188,2,129,61,129,2,59
44,80,p270_080,241,239,2,191,50,191,2,48
44,81,p270_081,195,195,0,124,71,124,0,71
44,82,p270_082,264,260,4,179,85,179,4,81
44,83,p270_083,292,292,0,220,72,220,0,72
44,84,p270_084,201,197,4,149,52,149,4,48
44,85,p270_085,238,237,1,188,50,187,0,51
44,86,p270_086,332,331,1,311,21,310,0,22
44,87,p270_087,267,261,6,204,63,204,6,57
44,88,p270_088,171,171,0,106,65,106,0,65
44,89,p270_089,153,153,0,87,66,87,0,66
44,90,p270_090,273,273,0,176,97,176,0,97
44,91,p270_091,308,294,14,217,91,217,14,77
44,92,p270_092,198,190,8,136,62,136,8,54
44,93,p270_093,214,206,8,152,62,152,8,54
44,94,p270_094,343,314,29,269,74,262,22,59
44,95,p270_095,249,240,9,205,44,202,6,41
44,96,p270_096,305,294,11,224,81,224,11,70
44,97,p270_097,195,191,4,123,72,123,4,68
44,98,p270_098,182,181,1,129,53,129,1,52
44,99,p270_099,190,180,10,115,75,115,10,65
44,100,p270_100,203,182,21,141,62,141,21,41
44,101,p270_101,291,283,8,214,77,214,8,69
44,102,p270_102,214,214,0,155,59,155,0,59
44,103,p270_103,254,254,0,195,59,195,0,59
44,104,p270_104,226,222,4,134,92,134,4,88
44,105,p270_105,195,195,0,140,55,140,0,55
44,106,p270_106,244,240,4,178,66,178,4,62
44,107,p270_107,249,249,0,201,48,201,0,48
44,108,p270_108,191,181,10,124,67,124,10,57
44,109,p270_109,182,179,3,127,55,127,3,52
44,110,p270_110,144,143,1,86,58,86,1,57
44,111,p270_111,198,188,10,126,72,125,9,64
44,112,p270_112,145,142,3,98,47,98,3,44
44,113,p270_113,297,296,1,219,78,219,1,77
44,114,p270_114,241,237,4,232,9,229,1,11
44,115,p270_115,262,261,1,220,42,220,1,41
44,116,p270_116,169,161,8,109,60,109,8,52
44,117,p270_117,206,206,0,150,56,150,0,56
44,118,p270_118,182,182,0,139,43,139,0,43
44,119,p270_119,195,187,8,157,38,156,7,32
44,120,p270_120,153,152,1,113,40,113,1,39
44,121,p270_121,137,134,3,95,42,95,3,39
44,122,p270_122,182,182,0,130,52,130,0,52
44,123,p270_123,179,175,4,124,55,123,3,53
44,124,p270_124,179,179,0,134,45,134,0,45
44,125,p270_125,222,221,1,149,73,149,1,72
44,126,p270_126,214,212,2,155,59,155,2,57
44,127,p270_127,249,248,1,194,55,194,1,54
44,128,p270_128,177,177,0,111,66,111,0,66
44,129,p270_129,118,118,0,87,31,87,0,31
44,130,p270_130,102,102,0,61,41,61,0,41
44,131,p270_131,118,105,13,65,53,65,13,40
44,132,p270_132,134,133,1,74,60,74,1,59
44,133,p270_133,172,169,3,113,59,113,3,56
44,134,p270_134,139,137,2,79,60,78,1,60
44,135,p270_135,201,195,6,137,64,136,5,60
44,136,p270_136,246,246,0,192,54,192,0,54
44,137,p270_137,137,128,9,123,14,115,1,21
44,138,p270_138,206,189,17,167,39,158,8,40
44,139,p270_139,190,183,7,137,53,134,4,52
44,140,p270_140,190,189,1,160,30,160,1,29
44,141,p270_141,161,160,1,106,55,106,1,54
44,142,p270_142,145,141,4,100,45,100,4,41
44,143,p270_143,121,81,40,69,52,69,40,12
44,144,p270_144,169,158,11,138,31,132,5,32
44,145,p270_145,201,191,10,157,44,157,10,34
44,146,p270_146,190,187,3,137,53,137,3,50
44,147,p270_147,241,238,3,232,9,230,1,10
44,148,p270_148,305,294,11,248,57,246,9,50
44,149,p270_149,168,137,31,109,59,104,26,38
44,150,p270_150,166,147,19,118,48,118,19,29
44,151,p270_151,235,230,5,163,72,162,4,69
44,152,p270_152,267,253,14,205,62,205,14,48
44,153,p270_153,147,146,1,87,60,87,1,59
44,154,p270_154,153,133,20,100,53,99,19,35
44,155,p270_155,169,150,19,123,46,122,18,29
44,156,p270_156,139,133,6,117,22,112,1,26
44,157,p270_157,137,122,15,76,61,74,13,50
44,158,p270_158,187,159,28,121,66,115,22,50
44,159,p270_159,139,124,15,84,55,84,15,40
44,160,p270_160,137,108,29,94,43,89,24,24
44,161,p270_161,134,116,18,87,47,87,18,29
44,162,p270_162,185,169,16,181,4,167,2,16
44,163,p270_163,254,236,18,241,13,228,5,21
44,164,p270_164,139,139,0,95,44,95,0,44
44,165,p270_165,190,180,10,132,58,132,10,48
44,166,p270_166,206,205,1,161,45,161,1,44
44,167,p270_167,161,160,1,92,69,92,1,68
44,168,p270_168,193,188,5,136,57,136,5,52
44,169,p270_169,185,171,14,132,53,129,11,45
44,170,p270_170,147,147,0,104,43,104,0,43
44,171,p270_171,169,144,25,122,47,115,18,36
44,172,p270_172,222,213,9,173,49,173,9,40
44,173,p270_173,153,144,9,97,56,97,9,47
44,174,p270_174,163,152,11,109,54,109,11,43
44,175,p270_175,214,211,3,152,62,152,3,59
44,176,p270_176,121,120,1,81,40,81,1,39
44,177,p270_177,198,197,1,127,71,127,1,70
44,178,p270_178,134,133,1,77,57,77,1,56
44,179,p270_179,179,172,7,116,63,116,7,56
44,180,p270_180,177,177,0,143,34,143,0,34
44,181,p270_181,230,229,1,167,63,167,1,62
44,182,p270_182,177,166,11,124,53,124,11,42
44,183,p270_183,182,174,8,116,66,116,8,58
44,184,p270_184,275,260,15,205,70,203,13,59
44,185,p270_185,206,194,12,147,59,147,12,47
44,186,p270_186,225,211,14,166,59,166,14,45
44,187,p270_187,219,210,9,138,81,138,9,72
44,188,p270_188,163,156,7,110,53,110,7,46
44,189,p270_189,187,171,16,116,71,116,16,55
44,190,p270_190,161,155,6,102,59,102,6,53
44,191,p270_191,185,163,22,110,75,107,19,59
44,192,p270_192,134,131,3,82,52,82,3,49
44,193,p270_193,180,170,10,125,55,122,7,51
44,194,p270_194,265,260,5,224,41,222,3,40
44,195,p270_195,169,147,22,137,32,134,19,16
44,196,p270_196,190,184,6,142,48,141,5,44
44,197,p270_197,155,127,28,125,30,112,15,28
44,198,p270_198,195,183,12,162,33,162,12,21
44,199,p270_199,139,127,12,89,50,89,12,38
44,200,p270_200,171,170,1,131,40,131,1,39
45,1,p271_001,154,79,75,98,56,75,52,27
45,2,p271_002,243,165,78,166,77,159,71,13
45,3,p271_003,545,377,168,417,128,373,124,48
45,4,p271_004,367,250,117,295,72,250,72,45
45,5,p271_005,459,351,108,407,52,349,50,60
45,6,p271_006,398,296,102,376,22,296,22,80
45,7,p271_007,329,256,73,288,41,256,41,32
45,8,p271_008,587,417,170,429,158,409,150,28
45,9,p271_009,324,230,94,245,79,228,77,19
45,10,p271_010,211,136,75,152,59,132,55,24
45,11,p271_011,545,433,112,463,82,430,79,36
45,12,p271_012,317,239,78,246,71,239,71,7
45,13,p271_013,355,247,108,286,69,246,68,41
45,14,p271_014,339,268,71,286,53,268,53,18
45,15,p271_015,465,383,82,418,47,383,47,35
45,16,p271_016,449,374,75,373,76,366,68,15
45,17,p271_017,267,166,101,177,90,161,85,21
45,18,p271_018,499,347,152,391,108,340,101,58
45,19,p271_019,566,444,122,469,97,439,92,35
45,20,p271_020,273,190,83,200,73,190,73,10
45,21,p271_021,657,558,99,606,51,556,49,52
45,22,p271_022,601,479,122,561,40,470,31,100
45,23,p271_023,1035,753,282,797,238,736,221,78
45,24,p271_024,501,418,83,440,61,415,58,28
45,25,p271_025,143,76,67,87,56,74,54,15
45,26,p271_026,233,170,63,167,66,163,59,11
45,27,p271_027,312,255,57,292,20,253,18,41
45,28,p271_028,241,196,45,235,6,195,5,41
45,29,p271_029,134,73,61,76,58,71,56,7
45,30,p271_030,243,215,28,237,6,212,3,28
45,31,p271_031,238,197,41,209,29,190,22,26
45,32,p271_032,131,91,40,102,29,80,18,33
45,33,p271_033,128,73,55,104,24,73,24,31
45,34,p271_034,198,126,72,139,59,123,56,19
45,35,p271_035,161,105,56,106,55,103,53,5
45,36,p271_036,235,164,71,235,0,164,0,71
45,37,p271_037,147,106,41,124,23,99,16,32
45,38,p271_038,129,87,42,110,19,79,11,39
45,39,p271_039,258,206,52,217,41,200,35,23
45,40,p271_040,275,194,81,206,69,191,66,18
45,41,p271_041,327,235,92,253,74,233,72,22
45,42,p271_042,112,52,60,80,32,52,32,28
45,43,p271_043,133,59,74,64,69,58,68,7
45,44,p271_044,164,94,70,92,72,90,68,6
45,45,p271_045,180,106,74,111,69,104,67,9
45,46,p271_046,167,55,112,95,72,55,72,40
45,47,p271_047,158,88,70,92,66,88,66,4
45,48,p271_048,161,104,57,128,33,95,24,42
45,49,p271_049,198,149,49,145,53,137,41,20
45,50,p271_050,228,150,78,157,71,147,68,13
45,51,p271_051,238,162,76,198,40,159,37,42
45,52,p271_052,118,71,47,105,13,67,9,42
45,53,p271_053,225,152,73,157,68,152,68,5
45,54,p271_054,147,104,43,113,34,103,33,11
45,55,p271_055,161,96,65,94,67,92,63,6
45,56,p271_056,210,126,84,142,68,124,66,20
45,57,p271_057,125,60,65,63,62,60,62,3
45,58,p271_058,115,59,56,71,44,59,44,12
45,59,p271_059,110,62,48,75,35,54,27,29
45,60,p271_060,183,105,78,126,57,105,57,21
45,61,p271_061,123,48,75,57,66,48,66,9
45,62,p271_062,107,53,54,54,53,52,52,3
45,63,p271_063,270,189,81,227,43,189,43,38
45,64,p271_064,161,96,65,115,46,95,45,21
45,65,p271_065,135,70,65,78,57,69,56,10
45,66,p271_066,102,42,60,57,45,42,45,15
45,67,p271_067,183,118,65,155,28,118,28,37
45,68,p271_068,278,207,71,218,60,205,58,15
45,69,p271_069,126,59,67,87,39,54,34,38
45,70,p271_070,209,151,58,162,47,151,47,11
45,71,p271_071,125,58,67,62,63,58,63,4
45,72,p271_072,240,166,74,180,60,164,58,18
45,73,p271_073,163,127,36,117,46,112,31,20
45,74,p271_074,138,59,79,63,75,59,75,4
45,75,p271_075,135,73,62,110,25,73,25,37
45,76,p271_076,181,112,69,125,56,112,56,13
45,77,p271_077,391,291,100,309,82,291,82,18
45,78,p271_078,111,54,57,76,35,52,33,26
45,79,p271_079,186,87,99,91,95,84,92,10
45,80,p271_080,161,73,88,145,16,73,16,72
45,81,p271_081,176,95,81,170,6,95,6,75
45,82,p271_082,136,81,55,119,17,80,16,40
45,83,p271_083,125,43,82,60,65,42,64,19
45,84,p271_084,173,101,72,105,68,100,67,6
45,85,p271_085,254,170,84,179,75,167,72,15
45,86,p271_086,129,72,57,95,34,68,30,31
45,87,p271_087,191,125,66,125,66,121,62,8
45,88,p271_088,282,223,59,269,13,220,10,52
45,89,p271_089,142,82,60,89,53,75,46,21
45,90,p271_090,294,198,96,255,39,198,39,57
45,91,p271_091,301,209,92,219,82,206,79,16
45,92,p271_092,118,57,61,87,31,57,31,30
45,93,p271_093,193,121,72,149,44,121,44,28
45,94,p271_094,130,65,65,71,59,62,56,12
45,95,p271_095,302,225,77,238,64,225,64,13
45,96,p271_096,131,53,78,81,50,48,45,38
45,97,p271_097,159,108,51,154,5,107,4,48
45,98,p271_098,123,61,62,101,22,58,19,46
45,99,p271_099,139,63,76,72,67,62,66,11
45,100,p271_100,161,106,55,103,58,93,45,23
45,101,p271_101,188,127,61,129,59,114,46,28
45,102,p271_102,147,69,78,80,67,68,66,13
45,103,p271_103,257,156,101,162,95,154,93,10
45,104,p271_104,182,101,81,118,64,99,62,21
45,105,p271_105,151,61,90,62,89,61,89,1
45,106,p271_106,250,160,90,175,75,156,71,23
45,107,p271_107,141,69,72,84,57,69,57,15
45,108,p271_108,186,117,69,122,64,116,63,7
45,109,p271_109,145,71,74,93,52,69,50,26
45,110,p271_110,153,66,87,85,68,66,68,19
45,111,p271_111,194,121,73,167,27,121,27,46
45,112,p271_112,349,283,66,298,51,276,44,29
45,113,p271_113,237,176,61,184,53,172,49,16
45,114,p271_114,120,77,43,92,28,64,15,41
45,115,p271_115,211,149,62,160,51,148,50,13
45,116,p271_116,161,84,77,111,50,78,44,39
45,117,p271_117,223,154,69,211,12,154,12,57
45,118,p271_118,126,64,62,92,34,61,31,34
45,119,p271_119,151,77,74,81,70,71,64,16
45,120,p271_120,113,94,19,82,31,73,10,30
45,121,p271_121,311,255,56,233,78,231,54,26
45,122,p271_122,314,219,95,240,74,216,71,27
45,123,p271_123,121,56,65,62,59,48,51,22
45,124,p271_124,302,221,81,221,81,215,75,12
45,125,p271_125,278,227,51,211,67,207,47,24
45,126,p271_126,123,66,57,72,51,60,45,18
45,127,p271_127,312,239,73,260,52,238,51,23
45,128,p271_128,265,202,63,251,14,202,14,49
45,129,p271_129,201,137,64,170,31,133,27,41
45,130,p271_130,136,70,66,114,22,70,22,44
45,131,p271_131,133,56,77,92,41,56,41,36
45,132,p271_132,287,213,74,219,68,213,68,6
45,133,p271_133,257,198,59,222,35,196,33,28
45,134,p271_134,299,209,90,219,80,209,80,10
45,135,p271_135,175,109,66,168,7,107,5,63
45,136,p271_136,111,35,76,75,36,35,36,40
45,137,p271_137,144,72,72,110,34,70,32,42
45,138,p271_138,139,61,78,94,45,57,41,41
45,139,p271_139,102,64,38,61,41,54,31,17
45,140,p271_140,326,249,77,249,77,242,70,14
45,141,p271_141,240,166,74,235,5,166,5,69
45,142,p271_142,239,174,65,194,45,174,45,20
45,143,p271_143,307,219,88,251,56,219,56,32
45,144,p271_144,138,91,47,130,8,87,4,47
45,145,p271_145,167,95,72,134,33,94,32,41
45,146,p271_146,277,206,71,215,62,204,60,13
45,147,p271_147,138,62,76,108,30,61,29,48
45,148,p271_148,330,246,84,259,71,239,64,27
45,149,p271_149,123,58,65,80,43,53,38,32
45,150,p271_150,161,96,65,104,57,93,54,14
45,151,p271_151,326,225,101,231,95,223,93,10
45,152,p271_152,268,194,74,207,61,190,57,21
45,153,p271_153,224,157,67,165,59,156,58,10
45,154,p271_154,193,100,93,112,81,99,80,14
45,155,p271_155,245,186,59,201,44,181,39,25
45,156,p271_156,134,59,75,71,63,59,63,12
45,157,p271_157,123,64,59,64,59,64,59,0
45,158,p271_158,275,203,72,214,61,201,59,15
45,159,p271_159,152,79,73,105,47,79,47,26
45,160,p271_160,192,114,78,186,6,114,6,72
45,161,p271_161,153,75,78,134,19,73,17,63
45,162,p271_162,161,83,78,117,44,83,44,34
45,163,p271_163,157,81,76,122,35,80,34,43
45,164,p271_164,270,211,59,218,52,211,52,7
45,165,p271_165,136,83,53,104,32,71,20,45
45,166,p271_166,190,117,73,150,40,116,39,35
45,167,p271_167,157,84,73,109,48,78,42,37
45,168,p271_168,352,268,84,297,55,266,53,33
45,169,p271_169,154,107,47,102,52,90,35,29
45,170,p271_170,370,254,116,266,104,253,103,14
45,171,p271_171,130,90,40,90,40,78,28,24
45,172,p271_172,285,224,61,232,53,220,49,16
45,173,p271_173,153,84,69,111,42,81,39,33
45,174,p271_174,262,181,81,192,70,180,69,13
45,175,p271_175,172,83,89,105,67,83,67,22
45,176,p271_176,281,217,64,279,2,217,2,62
45,177,p271_177,145,112,33,97,48,91,27,27
45,178,p271_178,150,71,79,84,66,71,66,13
45,179,p271_179,266,167,99,186,80,166,79,21
45,180,p271_180,183,119,64,132,51,112,44,27
45,181,p271_181,133,68,65,77,56,56,44,33
45,182,p271_182,350,221,129,238,112,217,108,25
45,183,p271_183,266,198,68,211,55,198,55,13
45,184,p271_184,177,102,75,116,61,102,61,14
45,185,p271_185,245,167,78,172,73,162,68,15
45,186,p271_186,307,244,63,268,39,237,32,38
45,187,p271_187,129,72,57,92,37,67,32,30
45,188,p271_188,113,68,45,77,36,57,25,31
45,189,p271_189,375,289,86,333,42,283,36,56
45,190,p271_190,238,175,63,209,29,166,20,52
45,191,p271_191,225,145,80,153,72,141,68,16
45,192,p271_192,222,136,86,203,19,136,19,67
45,193,p271_193,134,62,72,92,42,62,42,30
45,194,p271_194,319,253,66,277,42,253,42,24
45,195,p271_195,208,124,84,142,66,124,66,18
45,196,p271_196,286,223,63,231,55,219,51,16
45,197,p271_197,336,267,69,291,45,262,40,34
45,198,p271_198,277,200,77,226,51,199,50,28
45,199,p271_199,159,54,105,72,87,53,86,20
45,200,p271_200,254,172,82,209,45,172,45,37
46,1,p272_002,253,164,89,159,94,158,88,7
46,2,p272_003,459,388,71,361,98,346,56,57
46,3,p272_004,289,237,52,221,68,220,51,18
46,4,p272_005,390,340,50,301,89,301,50,39
46,5,p272_006,355,300,55,258,97,256,53,46
46,6,p272_007,270,233,37,202,68,202,37,31
46,7,p272_008,441,353,88,324,117,320,84,37
46,8,p272_009,297,221,76,203,94,203,76,18
46,9,p272_010,182,132,50,110,72,109,49,24
46,10,p272_011,390,338,52,320,70,316,48,26
46,11,p272_012,310,243,67,212,98,211,66,33
46,12,p272_013,227,212,15,181,46,181,15,31
46,13,p272_014,273,248,25,213,60,213,25,35
46,14,p272_015,363,320,43,281,82,278,40,45
46,15,p272_016,358,294,64,291,67,288,61,9
46,16,p272_017,222,158,64,153,69,148,59,15
46,17,p272_018,323,257,66,238,85,238,66,19
46,18,p272_019,411,341,70,336,75,327,61,23
46,19,p272_020,241,189,52,170,71,162,44,35
46,20,p272_021,526,456,70,430,96,428,68,30
46,21,p272_022,390,314,76,291,99,289,74,27
46,22,p272_023,635,529,106,568,67,521,59,55
46,23,p272_024,385,320,65,298,87,291,58,36
46,24,p272_025,238,168,70,160,78,158,68,12
46,25,p272_026,115,102,13,108,7,95,0,20
46,26,p272_027,118,104,14,88,30,82,8,28
46,27,p272_028,203,170,33,154,49,138,17,48
46,28,p272_029,185,170,15,133,52,129,11,45
46,29,p272_030,131,120,11,65,66,65,11,55
46,30,p272_031,118,108,10,64,54,64,10,44
46,31,p272_032,161,145,16,98,63,97,15,49
46,32,p272_033,286,206,80,211,75,205,74,7
46,33,p272_034,243,175,68,169,74,166,65,12
46,34,p272_035,182,131,51,86,96,86,51,45
46,35,p272_036,107,63,44,46,61,46,44,17
46,36,p272_037,254,198,56,178,76,172,50,32
46,37,p272_038,225,158,67,143,82,143,67,15
46,38,p272_039,211,185,26,137,74,137,26,48
46,39,p272_040,139,109,30,64,75,64,30,45
46,40,p272_041,302,242,60,217,85,203,46,53
46,41,p272_042,229,154,75,150,79,148,73,8
46,42,p272_043,142,104,38,68,74,68,38,36
46,43,p272_044,217,147,70,207,10,147,10,60
46,44,p272_045,176,108,68,129,47,92,31,53
46,45,p272_046,294,227,67,211,83,211,67,16
46,46,p272_047,286,258,28,204,82,202,26,58
46,47,p272_048,153,84,69,50,103,50,69,34
46,48,p272_049,297,238,59,244,53,210,25,62
46,49,p272_050,185,142,43,125,60,116,34,35
46,50,p272_051,113,62,51,63,50,52,40,21
46,51,p272_052,139,115,24,79,60,79,24,36
46,52,p272_053,126,102,24,52,74,51,23,52
46,53,p272_054,224,178,46,153,71,153,46,25
46,54,p272_055,161,158,3,91,70,91,3,67
46,55,p272_056,155,140,15,96,59,96,15,44
46,56,p272_057,139,118,21,87,52,82,16,41
46,57,p272_058,233,210,23,166,67,166,23,44
46,58,p272_059,115,78,37,41,74,41,37,37
46,59,p272_060,218,186,32,136,82,135,31,52
46,60,p272_061,179,158,21,97,82,95,19,65
46,61,p272_062,161,110,51,71,90,69,49,43
46,62,p272_063,113,96,17,54,59,54,17,42
46,63,p272_064,118,100,18,52,66,52,18,48
46,64,p272_065,105,53,52,46,59,41,47,17
46,65,p272_066,225,213,12,164,61,162,10,53
46,66,p272_067,161,148,13,103,58,103,13,45
46,67,p272_068,259,244,15,239,20,226,2,31
46,68,p272_069,286,272,14,233,53,233,14,39
46,69,p272_070,118,112,6,55,63,55,6,57
46,70,p272_071,302,288,14,203,99,203,14,85
46,71,p272_072,171,141,30,103,68,103,30,38
46,72,p272_073,171,152,19,51,120,51,19,101
46,73,p272_074,165,150,15,86,79,86,15,64
46,74,p272_075,131,113,18,61,70,61,18,52
46,75,p272_076,145,142,3,79,66,79,3,63
46,76,p272_077,187,171,16,127,60,127,16,44
46,77,p272_078,190,188,2,106,84,106,2,82
46,78,p272_079,163,150,13,73,90,73,13,77
46,79,p272_080,166,161,5,89,77,89,5,72
46,80,p272_081,115,101,14,86,29,81,9,25
46,81,p272_082,265,252,13,203,62,203,13,49
46,82,p272_083,163,112,51,93,70,93,51,19
46,83,p272_084,259,240,19,175,84,175,19,65
46,84,p272_085,134,124,10,72,62,72,10,52
46,85,p272_086,150,146,4,89,61,89,4,57
46,86,p272_087,121,115,6,52,69,52,6,63
46,87,p272_088,201,155,46,134,67,133,45,23
46,88,p272_089,198,139,59,109,89,109,59,30
46,89,p272_090,195,165,30,118,77,118,30,47
46,90,p272_091,118,111,7,67,51,67,7,44
46,91,p272_092,182,137,45,99,83,99,45,38
46,92,p272_093,243,226,17,175,68,175,17,51
46,93,p272_094,105,95,10,48,57,47,9,49
46,94,p272_095,203,153,50,124,79,124,50,29
46,95,p272_096,155,148,7,80,75,80,7,68
46,96,p272_097,278,199,79,205,73,198,72,8
46,97,p272_098,145,130,15,87,58,87,15,43
46,98,p272_099,230,176,54,142,88,139,51,40
46,99,p272_100,238,207,31,138,100,138,31,69
46,100,p272_101,102,102,0,46,56,46,0,56
46,101,p272_102,121,119,2,58,63,58,2,61
46,102,p272_103,115,100,15,48,67,48,15,52
46,103,p272_104,118,86,32,54,64,54,32,32
46,104,p272_105,286,242,44,186,100,186,44,56
46,105,p272_106,190,165,25,106,84,104,23,63
46,106,p272_107,190,190,0,106,84,106,0,84
46,107,p272_108,257,233,24,186,71,181,19,57
46,108,p272_109,231,208,23,166,65,164,21,46
46,109,p272_110,110,84,26,46,64,45,25,40
46,110,p272_111,257,199,58,167,90,166,57,34
46,111,p272_112,154,117,37,91,63,91,37,26
46,112,p272_113,113,101,12,59,54,59,12,42
46,113,p272_114,126,114,12,66,60,66,12,48
46,114,p272_115,165,136,29,88,77,88,29,48
46,115,p272_116,323,270,53,254,69,251,50,22
46,116,p272_117,233,156,77,134,99,133,76,24
46,117,p272_118,190,168,22,105,85,104,21,65
46,118,p272_119,291,206,85,166,125,164,83,44
46,119,p272_120,105,93,12,53,52,53,12,40
46,120,p272_121,137,106,31,63,74,61,29,47
46,121,p272_122,102,81,21,46,56,46,21,35
46,122,p272_123,246,221,25,158,88,158,25,63
46,123,p272_124,243,182,61,139,104,134,56,53
46,124,p272_125,142,98,44,64,78,47,27,68
46,125,p272_126,190,122,68,112,78,100,56,34
46,126,p272_127,177,156,21,116,61,115,20,42
46,127,p272_128,107,75,32,52,55,50,30,27
46,128,p272_129,155,110,45,87,68,85,43,27
46,129,p272_130,219,187,32,150,69,150,32,37
46,130,p272_131,254,230,24,177,77,177,24,53
46,131,p272_132,145,123,22,81,64,81,22,42
46,132,p272_133,163,129,34,106,57,106,34,23
46,133,p272_134,233,187,46,130,103,130,46,57
46,134,p272_135,258,195,63,141,117,140,62,56
46,135,p272_136,174,135,39,121,53,121,39,14
46,136,p272_137,222,201,21,144,78,144,21,57
46,137,p272_138,230,211,19,158,72,158,19,53
46,138,p272_139,265,224,41,242,23,211,10,44
46,139,p272_140,275,238,37,201,74,194,30,51
46,140,p272_141,158,137,21,92,66,90,19,49
46,141,p272_142,145,116,29,80,65,80,29,36
46,142,p272_143,214,168,46,135,79,134,45,35
46,143,p272_144,270,220,50,161,109,157,46,67
46,144,p272_145,121,115,6,58,63,58,6,57
46,145,p272_146,121,113,8,65,56,65,8,48
46,146,p272_147,153,130,23,82,71,81,22,50
46,147,p272_148,195,173,22,125,70,123,20,52
46,148,p272_149,137,94,43,72,65,72,43,22
46,149,p272_150,347,290,57,236,111,231,52,64
46,150,p272_151,142,128,14,71,71,71,14,57
46,151,p272_152,267,217,50,155,112,151,46,70
46,152,p272_153,248,206,42,158,90,158,42,48
46,153,p272_154,121,107,14,62,59,62,14,45
46,154,p272_155,286,271,15,155,131,154,14,118
46,155,p272_156,298,203,95,191,107,187,91,20
46,156,p272_157,166,132,34,95,71,95,34,37
46,157,p272_158,158,139,19,85,73,85,19,54
46,158,p272_159,131,126,5,60,71,60,5,66
46,159,p272_160,131,121,10,64,67,64,10,57
46,160,p272_161,121,85,36,59,62,59,36,26
46,161,p272_162,147,138,9,77,70,71,3,73
46,162,p272_163,137,116,21,61,76,61,21,55
46,163,p272_164,100,82,18,54,46,50,14,36
46,164,p272_165,232,217,15,112,120,112,15,105
46,165,p272_166,275,258,17,195,80,195,17,63
46,166,p272_167,131,100,31,64,67,64,31,36
46,167,p272_168,129,105,24,67,62,67,24,38
46,168,p272_169,309,216,93,178,131,176,91,42
46,169,p272_170,137,99,38,67,70,67,38,32
46,170,p272_171,249,198,51,152,97,152,51,46
46,171,p272_172,145,107,38,75,70,75,38,32
46,172,p272_173,259,224,35,184,75,184,35,40
46,173,p272_174,217,188,29,115,102,115,29,73
46,174,p272_175,121,100,21,52,69,52,21,48
46,175,p272_176,126,123,3,72,54,72,3,51
46,176,p272_177,275,228,47,260,15,223,10,42
46,177,p272_178,281,238,43,176,105,172,39,70
46,178,p272_179,270,225,45,141,129,136,40,94
46,179,p272_180,183,152,31,95,88,95,31,57
46,180,p272_181,243,190,53,147,96,142,48,53
46,181,p272_182,187,147,40,105,82,105,40,42
46,182,p272_183,155,126,29,91,64,86,24,45
46,183,p272_184,246,225,21,178,68,178,21,47
46,184,p272_185,193,150,43,108,85,108,43,42
46,185,p272_186,337,294,43,221,116,221,43,73
46,186,p272_187,262,232,30,188,74,188,30,44
46,187,p272_188,161,134,27,97,64,91,21,49
46,188,p272_189,105,54,51,76,29,49,24,32
46,189,p272_190,278,247,31,239,39,229,21,28
46,190,p272_191,185,139,46,115,70,113,44,28
46,191,p272_192,246,199,47,142,104,140,45,61
46,192,p272_193,153,136,17,77,76,77,17,59
46,193,p272_194,280,242,38,163,117,163,38,79
46,194,p272_195,150,118,32,48,102,48,32,70
46,195,p272_196,254,163,91,127,127,127,91,36
46,196,p272_197,166,134,32,69,97,69,32,65
46,197,p272_198,203,159,44,121,82,118,41,44
46,198,p272_199,188,142,46,90,98,90,46,52
46,199,p272_200,217,201,16,148,69,147,15,55
46,200,p272_201,185,170,15,124,61,124,15,46
47,1,p273_002,217,142,75,166,51,139,48,30
47,2,p273_003,468,310,158,310,158,305,153,10
47,3,p273_004,333,217,116,221,112,213,108,12
47,4,p273_005,442,325,117,301,141,297,113,32
47,5,p273_006,372,272,100,245,127,240,95,37
47,6,p273_007,294,194,100,196,98,188,92,14
47,7,p273_008,525,369,156,345,180,341,152,32
47,8,p273_009,343,242,101,218,125,214,97,32
47,9,p273_010,194,134,60,98,96,97,59,38
47,10,p273_011,413,356,57,331,82,319,45,49
47,11,p273_012,283,220,63,212,71,209,60,14
47,12,p273_013,264,197,67,187,77,184,64,16
47,13,p273_014,323,251,72,241,82,230,61,32
47,14,p273_015,370,285,85,287,83,279,77,14
47,15,p273_016,446,327,119,341,105,325,103,18
47,16,p273_017,240,160,80,149,91,144,75,21
47,17,p273_018,334,284,50,270,64,270,50,14
47,18,p273_019,467,373,94,364,103,354,84,29
47,19,p273_020,237,186,51,173,64,170,48,19
47,20,p273_021,576,471,105,457,119,434,82,60
47,21,p273_022,432,386,46,327,105,324,43,65
47,22,p273_023,778,668,110,589,189,584,105,89
47,23,p273_024,486,350,136,311,175,306,131,49
47,24,p273_025,234,207,27,149,85,149,27,58
47,25,p273_026,182,135,47,180,2,134,1,47
47,26,p273_027,145,110,35,120,25,97,12,36
47,27,p273_028,194,171,23,145,49,142,20,32
47,28,p273_029,199,138,61,116,83,116,61,22
47,29,p273_030,196,166,30,138,58,128,20,48
47,30,p273_031,219,147,72,156,63,144,60,15
47,31,p273_032,151,104,47,77,74,75,45,31
47,32,p273_033,150,125,25,86,64,84,23,43
47,33,p273_034,206,151,55,146,60,139,48,19
47,34,p273_035,172,121,51,110,62,102,43,27
47,35,p273_036,179,162,17,101,78,101,17,61
47,36,p273_037,240,201,39,149,91,147,37,56
47,37,p273_038,139,126,13,88,51,87,12,40
47,38,p273_039,161,132,29,99,62,94,24,43
47,39,p273_040,182,136,46,106,76,105,45,32
47,40,p273_041,231,161,70,141,90,138,67,26
47,41,p273_042,190,146,44,102,88,102,44,44
47,42,p273_043,230,203,27,159,71,159,27,44
47,43,p273_044,166,136,30,92,74,86,24,56
47,44,p273_045,195,166,29,130,65,127,26,42
47,45,p273_046,210,165,45,129,81,129,45,36
47,46,p273_047,153,143,10,95,58,93,8,52
47,47,p273_048,139,115,24,70,69,69,23,47
47,48,p273_049,181,158,23,132,49,128,19,34
47,49,p273_050,131,110,21,71,60,69,19,43
47,50,p273_051,150,109,41,63,87,59,37,54
47,51,p273_052,143,65,78,67,76,62,73,8
47,52,p273_053,152,70,82,71,81,47,58,47
47,53,p273_054,240,173,67,152,88,144,59,37
47,54,p273_055,144,101,43,79,65,76,40,28
47,55,p273_056,153,130,23,93,60,91,21,41
47,56,p273_057,289,236,53,193,96,190,50,49
47,57,p273_058,150,109,41,86,64,78,33,39
47,58,p273_059,193,155,38,105,88,104,37,52
47,59,p273_060,193,172,21,132,61,132,21,40
47,60,p273_061,179,122,57,110,69,106,53,20
47,61,p273_062,204,170,34,115,89,110,29,65
47,62,p273_063,213,167,46,143,70,135,38,40
47,63,p273_064,166,124,42,89,77,89,42,35
47,64,p273_065,182,156,26,129,53,129,26,27
47,65,p273_066,203,124,79,122,81,117,74,12
47,66,p273_067,179,138,41,99,80,99,41,39
47,67,p273_068,182,121,61,97,85,91,55,36
47,68,p273_069,230,206,24,179,51,177,22,31
47,69,p273_070,160,125,35,71,89,71,35,54
47,70,p273_071,237,208,29,152,85,151,28,58
47,71,p273_072,212,185,27,150,62,150,27,35
47,72,p273_073,184,155,29,120,64,118,27,39
47,73,p273_074,263,196,67,150,113,143,60,60
47,74,p273_075,179,103,76,78,101,76,74,29
47,75,p273_076,175,102,73,90,85,78,61,36
47,76,p273_077,234,145,89,142,92,131,78,25
47,77,p273_078,161,124,37,156,5,121,2,38
47,78,p273_079,212,174,38,208,4,173,3,36
47,79,p273_080,139,84,55,94,45,81,42,16
47,80,p273_081,137,122,15,113,24,106,8,23
47,81,p273_082,156,123,33,130,26,114,17,25
47,82,p273_083,182,124,58,126,56,120,52,10
47,83,p273_084,181,155,26,146,35,131,11,39
47,84,p273_085,231,205,26,159,72,159,26,46
47,85,p273_086,270,252,18,257,13,243,4,23
47,86,p273_087,236,208,28,191,45,185,22,29
47,87,p273_088,177,165,12,125,52,124,11,42
47,88,p273_089,163,151,12,125,38,121,8,34
47,89,p273_090,223,179,44,188,35,154,10,59
47,90,p273_091,206,150,56,157,49,143,42,21
47,91,p273_092,151,99,52,69,82,64,47,40
47,92,p273_093,195,137,58,137,58,125,46,24
47,93,p273_094,193,148,45,126,67,123,42,28
47,94,p273_095,163,136,27,124,39,117,20,26
47,95,p273_096,213,158,55,130,83,129,54,30
47,96,p273_097,183,106,77,106,77,101,72,10
47,97,p273_098,231,164,67,173,58,147,41,43
47,98,p273_099,167,110,57,146,21,105,16,46
47,99,p273_100,177,143,34,121,56,115,28,34
47,100,p273_101,182,143,39,125,57,116,30,36
47,101,p273_102,217,185,32,146,71,143,29,45
47,102,p273_103,158,101,57,104,54,98,51,9
47,103,p273_104,151,126,25,138,13,113,0,38
47,104,p273_105,131,77,54,72,59,65,47,19
47,105,p273_106,139,115,24,120,19,103,7,29
47,106,p273_107,163,148,15,108,55,107,14,42
47,107,p273_108,147,108,39,69,78,69,39,39
47,108,p273_109,150,96,54,111,39,89,32,29
47,109,p273_110,165,102,63,95,70,88,56,21
47,110,p273_111,214,97,117,183,31,93,27,94
47,111,p273_112,272,213,59,206,66,194,47,31
47,112,p273_113,169,119,50,108,61,104,46,19
47,113,p273_114,141,88,53,65,76,61,49,31
47,114,p273_115,171,106,65,86,85,85,64,22
47,115,p273_116,165,100,65,95,70,89,59,17
47,116,p273_117,148,132,16,131,17,123,8,17
47,117,p273_118,143,92,51,70,73,68,49,26
47,118,p273_119,147,130,17,83,64,83,17,47
47,119,p273_120,256,206,50,197,59,189,42,25
47,120,p273_121,168,141,27,100,68,100,27,41
47,121,p273_122,147,131,16,91,56,91,16,40
47,122,p273_123,153,147,6,97,56,97,6,50
47,123,p273_124,163,135,28,92,71,91,27,45
47,124,p273_125,166,157,9,131,35,129,7,30
47,125,p273_126,142,115,27,80,62,76,23,43
47,126,p273_127,185,140,45,102,83,96,39,50
47,127,p273_128,232,221,11,209,23,204,6,22
47,128,p273_129,147,126,21,105,42,103,19,25
47,129,p273_130,219,174,45,165,54,151,31,37
47,130,p273_131,145,118,27,97,48,94,24,27
47,131,p273_132,171,134,37,132,39,111,16,44
47,132,p273_133,159,114,45,99,60,90,36,33
47,133,p273_134,179,150,29,124,55,123,28,28
47,134,p273_135,137,104,33,77,60,75,31,31
47,135,p273_136,131,98,33,104,27,93,22,16
47,136,p273_137,188,160,28,159,29,152,21,15
47,137,p273_138,175,169,6,172,3,166,0,9
47,138,p273_139,185,169,16,150,35,144,10,31
47,139,p273_140,142,86,56,79,63,75,52,15
47,140,p273_141,129,96,33,65,64,65,33,31
47,141,p273_142,181,161,20,109,72,105,16,60
47,142,p273_143,133,109,24,93,40,91,22,20
47,143,p273_144,142,85,57,76,66,76,57,9
47,144,p273_145,99,84,15,53,46,50,12,37
47,145,p273_146,129,109,20,75,54,72,17,40
47,146,p273_147,122,68,54,51,71,50,53,19
47,147,p273_148,203,158,45,134,69,134,45,24
47,148,p273_149,145,132,13,81,64,77,9,59
47,149,p273_150,209,175,34,149,60,148,33,28
47,150,p273_151,165,128,37,90,75,86,33,46
47,151,p273_152,169,134,35,97,72,97,35,37
47,152,p273_153,243,176,67,174,69,169,62,12
47,153,p273_154,190,157,33,142,48,134,25,31
47,154,p273_155,140,123,17,82,58,78,13,49
47,155,p273_156,176,131,45,94,82,92,43,41
47,156,p273_157,193,151,42,133,60,122,31,40
47,157,p273_158,172,147,25,123,49,122,24,26
47,158,p273_159,113,104,9,85,28,83,7,23
47,159,p273_160,145,112,33,87,58,85,31,29
47,160,p273_161,167,147,20,124,43,123,19,25
47,161,p273_162,144,131,13,92,52,91,12,41
47,162,p273_163,273,220,53,203,70,202,52,19
47,163,p273_164,203,154,49,128,75,128,49,26
47,164,p273_165,121,105,16,69,52,69,16,36
47,165,p273_166,174,97,77,95,79,92,74,8
47,166,p273_167,150,121,29,94,56,94,29,27
47,167,p273_168,228,175,53,151,77,146,48,34
47,168,p273_169,129,102,27,74,55,69,22,38
47,169,p273_170,166,128,38,105,61,105,38,23
47,170,p273_171,171,139,32,110,61,107,29,35
47,171,p273_172,203,188,15,148,55,146,13,44
47,172,p273_173,167,117,50,98,69,98,50,19
47,173,p273_174,150,107,43,78,72,78,43,29
47,174,p273_175,148,115,33,98,50,98,33,17
47,175,p273_176,209,170,39,141,68,140,38,31
47,176,p273_177,141,95,46,89,52,85,42,14
47,177,p273_178,142,126,16,107,35,105,14,23
47,178,p273_179,145,121,24,92,53,91,23,31
47,179,p273_180,153,132,21,83,70,79,17,57
47,180,p273_181,143,131,12,143,0,131,0,12
47,181,p273_182,110,99,11,102,8,96,5,9
47,182,p273_183,131,78,53,53,78,45,45,41
47,183,p273_184,152,138,14,99,53,99,14,39
47,184,p273_185,168,155,13,129,39,127,11,30
47,185,p273_186,164,139,25,100,64,100,25,39
47,186,p273_187,126,115,11,116,10,107,2,17
47,187,p273_188,162,155,7,143,19,140,4,18
47,188,p273_189,214,176,38,135,79,132,35,47
47,189,p273_190,178,152,26,125,53,119,20,39
47,190,p273_191,225,208,17,170,55,169,16,40
47,191,p273_192,182,168,14,129,53,128,13,41
47,192,p273_193,150,134,16,96,54,96,16,38
47,193,p273_194,190,168,22,133,57,122,11,57
47,194,p273_195,167,135,32,167,0,135,0,32
47,195,p273_196,241,229,12,225,16,219,6,16
47,196,p273_197,126,119,7,97,29,96,6,24
47,197,p273_198,236,214,22,189,47,187,20,29
47,198,p273_199,161,131,30,110,51,104,24,33
47,199,p273_200,160,128,32,101,59,100,31,29
47,200,p273_201,159,124,35,86,73,81,30,48
48,1,p274_002,259,206,53,187,72,172,38,49
48,2,p274_003,483,424,59,390,93,370,39,74
48,3,p274_004,347,253,94,248,99,237,83,27
48,4,p274_005,451,345,106,329,122,308,85,58
48,5,p274_006,385,296,89,293,92,282,78,25
48,6,p274_007,307,240,67,252,55,239,54,14
48,7,p274_008,531,460,71,509,22,447,9,75
48,8,p274_009,323,283,40,246,77,246,40,37
48,9,p274_010,209,150,59,147,62,130,42,37
48,10,p274_011,498,380,118,357,141,353,114,31
48,11,p274_012,312,252,60,239,73,238,59,15
48,12,p274_013,307,267,40,214,93,214,40,53
48,13,p274_014,327,262,65,239,88,236,62,29
48,14,p274_015,384,318,66,297,87,296,65,23
48,15,p274_016,435,360,75,354,81,338,59,38
48,16,p274_017,255,189,66,170,85,168,64,23
48,17,p274_018,387,287,100,279,108,279,100,8
48,18,p274_019,493,417,76,371,122,370,75,48
48,19,p274_020,267,257,10,234,33,234,10,23
48,20,p274_021,648,551,97,514,134,510,93,45
48,21,p274_022,497,412,85,366,131,358,77,62
48,22,p274_023,737,608,129,570,167,569,128,40
48,23,p274_024,453,380,73,337,116,334,70,49
48,24,p274_025,180,127,53,104,76,103,52,25
48,25,p274_026,224,185,39,148,76,146,37,41
48,26,p274_027,171,123,48,94,77,93,47,31
48,27,p274_028,177,126,51,100,77,96,47,34
48,28,p274_029,179,166,13,125,54,119,7,53
48,29,p274_030,249,204,45,150,99,149,44,56
48,30,p274_031,279,235,44,243,36,232,33,14
48,31,p274_032,199,104,95,143,56,101,53,45
48,32,p274_033,224,128,96,127,97,126,95,3
48,33,p274_034,217,150,67,144,73,144,67,6
48,34,p274_035,301,131,170,132,169,128,166,7
48,35,p274_036,222,103,119,102,120,101,118,3
48,36,p274_037,180,79,101,84,96,78,95,7
48,37,p274_038,174,116,58,112,62,112,58,4
48,38,p274_039,204,127,77,128,76,121,70,13
48,39,p274_040,171,101,70,92,79,87,65,19
48,40,p274_041,165,84,81,77,88,76,80,9
48,41,p274_042,187,110,77,107,80,106,76,5
48,42,p274_043,171,89,82,168,3,89,3,79
48,43,p274_044,196,133,63,194,2,133,2,61
48,44,p274_045,166,96,70,102,64,96,64,6
48,45,p274_046,187,116,71,125,62,116,62,9
48,46,p274_047,177,97,80,102,75,93,71,13
48,47,p274_048,206,140,66,139,67,133,60,13
48,48,p274_049,228,150,78,155,73,149,72,7
48,49,p274_050,241,159,82,173,68,158,67,16
48,50,p274_051,232,160,72,166,66,158,64,10
48,51,p274_052,185,112,73,105,80,104,72,9
48,52,p274_053,179,109,70,90,89,89,69,21
48,53,p274_054,190,139,51,105,85,103,49,38
48,54,p274_055,292,218,74,198,94,198,74,20
48,55,p274_056,302,232,70,225,77,225,70,7
48,56,p274_057,198,119,79,125,73,118,72,8
48,57,p274_058,172,87,85,84,88,84,85,3
48,58,p274_059,219,162,57,142,77,142,57,20
48,59,p274_060,196,109,87,107,89,105,85,6
48,60,p274_061,207,123,84,118,89,116,82,9
48,61,p274_062,199,123,76,121,78,121,76,2
48,62,p274_063,203,116,87,115,88,112,84,7
48,63,p274_064,158,72,86,72,86,71,85,2
48,64,p274_065,177,101,76,99,78,99,76,2
48,65,p274_066,174,107,67,105,69,105,67,2
48,66,p274_067,153,60,93,60,93,60,93,0
48,67,p274_068,182,68,114,61,121,60,113,9
48,68,p274_069,158,68,90,65,93,65,90,3
48,69,p274_070,123,50,73,50,73,50,73,0
48,70,p274_071,131,74,57,74,57,71,54,6
48,71,p274_072,209,130,79,128,81,124,75,10
48,72,p274_073,277,185,92,167,110,167,92,18
48,73,p274_074,242,172,70,164,78,163,69,10
48,74,p274_075,209,120,89,149,60,118,58,33
48,75,p274_076,294,176,118,218,76,165,65,64
48,76,p274_077,188,104,84,129,59,102,57,29
48,77,p274_078,248,113,135,92,156,92,135,21
48,78,p274_079,241,173,68,166,75,165,67,9
48,79,p274_080,241,143,98,144,97,140,94,7
48,80,p274_081,206,112,94,115,91,111,90,5
48,81,p274_082,199,109,90,100,99,100,90,9
48,82,p274_083,166,90,76,86,80,86,76,4
48,83,p274_084,171,91,80,85,86,85,80,6
48,84,p274_085,190,105,85,103,87,102,84,4
48,85,p274_086,233,138,95,138,95,134,91,8
48,86,p274_087,161,99,62,99,62,99,62,0
48,87,p274_088,373,274,99,275,98,270,94,9
48,88,p274_089,212,138,74,141,71,136,69,7
48,89,p274_090,366,244,122,235,131,234,121,11
48,90,p274_091,211,141,70,126,85,126,70,15
48,91,p274_092,163,90,73,89,74,89,73,1
48,92,p274_093,196,92,104,86,110,86,104,6
48,93,p274_094,193,89,104,80,113,76,100,17
48,94,p274_095,288,185,103,174,114,173,102,13
48,95,p274_096,219,132,87,135,84,129,81,9
48,96,p274_097,217,140,77,138,79,137,76,4
48,97,p274_098,207,136,71,134,73,132,69,6
48,98,p274_099,300,191,109,174,126,174,109,17
48,99,p274_100,193,113,80,108,85,108,80,5
48,100,p274_101,177,80,97,75,102,75,97,5
48,101,p274_102,189,118,71,107,82,104,68,17
48,102,p274_103,188,115,73,107,81,107,73,8
48,103,p274_104,255,145,110,145,110,137,102,16
48,104,p274_105,289,193,96,190,99,190,96,3
48,105,p274_106,249,154,95,154,95,152,93,4
48,106,p274_107,195,110,85,109,86,109,85,1
48,107,p274_108,185,96,89,95,90,94,88,3
48,108,p274_109,346,256,90,238,108,235,87,24
48,109,p274_110,193,109,84,101,92,101,84,8
48,110,p274_111,195,112,83,112,83,110,81,4
48,111,p274_112,179,88,91,96,83,84,79,16
48,112,p274_113,219,143,76,146,73,141,71,7
48,113,p274_114,173,86,87,85,88,85,87,1
48,114,p274_115,193,111,82,114,79,110,78,5
48,115,p274_116,166,88,78,83,83,83,78,5
48,116,p274_117,202,95,107,92,110,92,107,3
48,117,p274_118,182,96,86,94,88,91,83,8
48,118,p274_119,142,60,82,60,82,60,82,0
48,119,p274_120,264,158,106,161,103,153,98,13
48,120,p274_121,163,80,83,78,85,76,81,6
48,121,p274_122,199,108,91,110,89,107,88,4
48,122,p274_123,154,71,83,68,86,67,82,5
48,123,p274_124,153,62,91,63,90,62,90,1
48,124,p274_125,150,54,96,53,97,53,96,1
48,125,p274_126,129,50,79,46,83,46,79,4
48,126,p274_127,162,87,75,83,79,83,75,4
48,127,p274_128,155,68,87,72,83,67,82,6
48,128,p274_129,169,54,115,47,122,47,115,7
48,129,p274_130,228,90,138,85,143,85,138,5
48,130,p274_131,233,141,92,219,14,141,14,78
48,131,p274_132,193,108,85,121,72,107,71,15
48,132,p274_133,230,146,84,176,54,145,53,32
48,133,p274_134,177,118,59,146,31,111,24,42
48,134,p274_135,185,108,77,126,59,107,58,20
48,135,p274_136,265,187,78,197,68,185,66,14
48,136,p274_137,180,85,95,96,84,82,81,17
48,137,p274_138,200,122,78,132,68,117,63,20
48,138,p274_139,155,94,61,124,31,91,28,36
48,139,p274_140,211,107,104,128,83,99,75,37
48,140,p274_141,166,81,85,88,78,78,75,13
48,141,p274_142,207,120,87,112,95,111,86,10
48,142,p274_143,302,177,125,171,131,161,115,26
48,143,p274_144,190,128,62,131,59,128,59,3
48,144,p274_145,315,213,102,220,95,204,86,25
48,145,p274_146,193,116,77,111,82,111,77,5
48,146,p274_147,179,100,79,92,87,89,76,14
48,147,p274_148,190,112,78,119,71,112,71,7
48,148,p274_149,206,140,66,140,66,130,56,20
48,149,p274_150,286,196,90,202,84,193,81,12
48,150,p274_151,217,133,84,136,81,126,74,17
48,151,p274_152,176,73,103,74,102,73,102,1
48,152,p274_153,166,95,71,96,70,91,66,9
48,153,p274_154,211,142,69,153,58,140,56,15
48,154,p274_155,171,89,82,96,75,88,74,9
48,155,p274_156,230,151,79,146,84,142,75,13
48,156,p274_157,177,69,108,75,102,68,101,8
48,157,p274_158,222,146,76,144,78,140,72,10
48,158,p274_159,212,121,91,127,85,116,80,16
48,159,p274_160,214,148,66,145,69,139,60,15
48,160,p274_161,155,76,79,81,74,75,73,7
48,161,p274_162,219,126,93,123,96,122,92,5
48,162,p274_163,243,162,81,176,67,156,61,26
48,163,p274_164,192,128,64,128,64,123,59,10
48,164,p274_165,222,138,84,135,87,128,77,17
48,165,p274_166,177,84,93,89,88,83,87,7
48,166,p274_167,246,155,91,152,94,143,82,21
48,167,p274_168,150,75,75,85,65,70,60,20
48,168,p274_169,265,189,76,187,78,183,72,10
48,169,p274_170,232,141,91,149,83,137,79,16
48,170,p274_171,222,101,121,117,105,100,104,18
48,171,p274_173,187,84,103,135,52,82,50,55
48,172,p274_174,255,141,114,150,105,133,97,25
48,173,p274_175,292,172,120,207,85,171,84,37
48,174,p274_176,141,73,68,77,64,73,64,4
48,175,p274_177,171,76,95,116,55,76,55,40
48,176,p274_178,199,104,95,111,88,99,83,17
48,177,p274_179,199,91,108,118,81,89,79,31
48,178,p274_180,182,87,95,92,90,86,89,7
48,179,p274_181,195,77,118,105,90,77,90,28
48,180,p274_182,134,67,67,79,55,64,52,18
48,181,p274_183,208,117,91,165,43,117,43,48
48,182,p274_184,177,99,78,110,67,99,67,11
48,183,p274_185,237,154,83,208,29,153,28,56
48,184,p274_186,243,150,93,167,76,146,72,25
48,185,p274_187,206,133,73,135,71,127,65,14
48,186,p274_188,219,148,71,177,42,146,40,33
48,187,p274_189,174,98,76,134,40,97,39,38
48,188,p274_190,174,98,76,121,53,96,51,27
48,189,p274_191,267,170,97,220,47,169,46,52
48,190,p274_192,193,130,63,167,26,130,26,37
48,191,p274_193,228,139,89,154,74,137,72,19
48,192,p274_194,343,256,87,283,60,256,60,27
48,193,p274_195,183,113,70,165,18,112,17,54
48,194,p274_196,241,163,78,188,53,159,49,33
48,195,p274_197,265,180,85,220,45,180,45,40
48,196,p274_198,212,97,115,135,77,97,77,38
48,197,p274_199,190,93,97,137,53,93,53,44
48,198,p274_200,217,128,89,180,37,128,37,52
48,199,p274_201,189,96,93,132,57,96,57,36
48,200,p274_202,224,121,103,151,73,116,68,40
49,1,p275_001,124,83,41,113,11,79,7,38
49,2,p275_002,216,181,35,201,15,171,5,40
49,3,p275_003,447,328,119,376,71,322,65,60
49,4,p275_004,283,227,56,259,24,216,13,54
49,5,p275_006,366,262,104,329,37,259,34,73
49,6,p275_007,265,179,86,225,40,178,39,48
49,7,p275_008,434,328,106,408,26,328,26,80
49,8,p275_009,317,202,115,258,59,202,59,56
49,9,p275_010,181,126,55,154,27,117,18,46
49,10,p275_011,419,331,88,402,17,328,14,77
49,11,p275_012,307,206,101,281,26,203,23,81
49,12,p275_013,258,174,84,255,3,174,3,81
49,13,p275_014,298,268,30,285,13,257,2,39
49,14,p275_015,338,284,54,330,8,281,5,52
49,15,p275_016,432,350,82,401,31,338,19,75
49,16,p275_017,244,175,69,214,30,168,23,53
49,17,p275_018,322,275,47,306,16,270,11,41
49,18,p275_019,448,332,116,394,54,328,50,70
49,19,p275_020,267,215,52,256,11,210,6,51
49,20,p275_022,414,311,103,345,69,306,64,44
49,21,p275_023,674,484,190,572,102,475,93,106
49,22,p275_024,390,291,99,368,22,288,19,83
49,23,p275_025,118,72,46,105,13,67,8,43
49,24,p275_026,248,214,34,208,40,188,14,46
49,25,p275_027,206,115,91,136,70,113,68,25
49,26,p275_028,278,265,13,236,42,234,11,33
49,27,p275_029,216,174,42,185,31,162,19,35
49,28,p275_030,290,221,69,250,40,206,25,59
49,29,p275_031,146,102,44,144,2,100,0,46
49,30,p275_032,150,131,19,147,3,129,1,20
49,31,p275_033,245,211,34,210,35,194,18,33
49,32,p275_034,179,88,91,99,80,82,74,23
49,33,p275_035,253,213,40,208,45,188,20,45
49,34,p275_036,198,135,63,143,55,128,48,22
49,35,p275_037,142,120,22,124,18,108,6,28
49,36,p275_038,273,233,40,229,44,210,21,42
49,37,p275_039,144,100,44,95,49,70,19,55
49,38,p275_040,152,117,35,104,48,92,23,37
49,39,p275_041,139,97,42,95,44,78,25,36
49,40,p275_042,250,191,59,173,77,172,58,20
49,41,p275_043,140,113,27,100,40,90,17,33
49,42,p275_044,252,189,63,180,72,169,52,31
49,43,p275_045,171,121,50,110,61,104,44,23
49,44,p275_046,254,194,60,250,4,193,3,58
49,45,p275_047,164,142,22,149,15,136,9,19
49,46,p275_048,211,163,48,170,41,147,25,39
49,47,p275_049,146,117,29,97,49,86,18,42
49,48,p275_050,119,92,27,44,75,44,27,48
49,49,p275_051,184,102,82,81,103,77,78,29
49,50,p275_052,250,210,40,225,25,196,11,43
49,51,p275_053,115,89,26,63,52,60,23,32
49,52,p275_054,123,94,29,61,62,54,22,47
49,53,p275_055,115,91,24,60,55,54,18,43
49,54,p275_056,219,193,26,176,43,168,18,33
49,55,p275_057,243,206,37,221,22,202,18,23
49,56,p275_058,287,223,64,270,17,221,15,51
49,57,p275_059,139,129,10,103,36,99,6,34
49,58,p275_060,174,115,59,123,51,105,41,28
49,59,p275_061,154,114,40,89,65,85,36,33
49,60,p275_062,242,214,28,192,50,184,20,38
49,61,p275_063,234,164,70,142,92,130,58,46
49,62,p275_064,190,140,50,141,49,125,34,31
49,63,p275_065,109,95,14,65,44,59,8,42
49,64,p275_066,203,166,37,152,51,149,34,20
49,65,p275_067,155,118,37,109,46,97,25,33
49,66,p275_068,215,170,45,145,70,134,34,47
49,67,p275_069,154,90,64,93,61,85,56,13
49,68,p275_070,131,66,65,65,66,50,50,31
49,69,p275_071,137,101,36,85,52,75,26,36
49,70,p275_072,197,148,49,142,55,122,29,46
49,71,p275_073,114,52,62,54,60,48,56,10
49,72,p275_074,133,68,65,64,69,59,60,14
49,73,p275_075,247,211,36,205,42,192,23,32
49,74,p275_076,258,192,66,200,58,176,42,40
49,75,p275_077,110,74,36,49,61,49,36,25
49,76,p275_078,137,109,28,78,59,69,19,49
49,77,p275_079,156,89,67,84,72,73,56,27
49,78,p275_080,110,87,23,54,56,52,21,37
49,79,p275_081,196,164,32,110,86,107,29,60
49,80,p275_082,185,139,46,179,6,138,5,42
49,81,p275_083,142,94,48,93,49,83,38,21
49,82,p275_084,228,221,7,216,12,209,0,19
49,83,p275_085,195,153,42,150,45,136,28,31
49,84,p275_086,147,90,57,72,75,61,46,40
49,85,p275_087,228,181,47,161,67,151,37,40
49,86,p275_088,216,185,31,198,18,178,11,27
49,87,p275_089,297,224,73,273,24,218,18,61
49,88,p275_090,107,67,40,101,6,65,4,38
49,89,p275_091,131,98,33,89,42,82,26,23
49,90,p275_092,259,191,68,230,29,179,17,63
49,91,p275_093,125,70,55,83,42,61,33,31
49,92,p275_094,142,137,5,109,33,105,1,36
49,93,p275_095,165,122,43,158,7,119,4,42
49,94,p275_096,323,273,50,321,2,273,2,48
49,95,p275_097,266,205,61,210,56,197,48,21
49,96,p275_098,275,218,57,215,60,190,32,53
49,97,p275_099,168,131,37,109,59,98,26,44
49,98,p275_100,174,154,20,125,49,124,19,31
49,99,p275_101,126,77,49,73,53,56,32,38
49,100,p275_102,127,98,29,64,63,52,17,58
49,101,p275_103,272,218,54,219,53,195,30,47
49,102,p275_104,328,256,72,261,67,247,58,23
49,103,p275_105,235,217,18,209,26,207,16,12
49,104,p275_106,198,159,39,180,18,154,13,31
49,105,p275_108,190,130,60,136,54,112,36,42
49,106,p275_109,134,119,15,90,44,80,5,49
49,107,p275_110,150,114,36,120,30,101,17,32
49,108,p275_111,151,137,14,113,38,108,9,34
49,109,p275_112,125,117,8,74,51,74,8,43
49,110,p275_113,245,232,13,217,28,215,11,19
49,111,p275_114,121,98,23,80,41,72,15,34
49,112,p275_115,208,123,85,135,73,115,65,28
49,113,p275_116,132,84,48,73,59,67,42,23
49,114,p275_117,243,192,51,188,55,168,31,44
49,115,p275_118,126,101,25,70,56,68,23,35
49,116,p275_119,139,83,56,73,66,65,48,26
49,117,p275_120,224,186,38,178,46,166,26,32
49,118,p275_121,244,145,99,161,83,128,66,50
49,119,p275_122,113,108,5,80,33,78,3,32
49,120,p275_123,116,86,30,60,56,51,21,44
49,121,p275_124,181,155,26,144,37,135,17,29
49,122,p275_125,321,248,73,244,77,211,40,70
49,123,p275_126,153,131,22,136,17,120,6,27
49,124,p275_127,135,119,16,119,16,106,3,26
49,125,p275_128,187,149,38,184,3,148,2,37
49,126,p275_129,115,90,25,94,21,78,9,28
49,127,p275_130,146,87,59,129,17,87,17,42
49,128,p275_131,164,136,28,119,45,110,19,35
49,129,p275_132,134,126,8,96,38,94,6,34
49,130,p275_133,194,161,33,139,55,134,28,32
49,131,p275_134,164,111,53,108,56,104,49,11
49,132,p275_135,125,61,64,77,48,53,40,32
49,133,p275_136,102,82,20,42,60,42,20,40
49,134,p275_137,196,185,11,143,53,141,9,46
49,135,p275_138,230,217,13,187,43,184,10,36
49,136,p275_139,178,156,22,112,66,112,22,44
49,137,p275_140,264,221,43,196,68,188,35,41
49,138,p275_141,111,60,51,36,75,29,44,38
49,139,p275_142,239,192,47,209,30,184,22,33
49,140,p275_143,195,171,24,158,37,146,12,37
49,141,p275_144,265,222,43,205,60,200,38,27
49,142,p275_145,106,53,53,60,46,48,41,17
49,143,p275_146,234,186,48,169,65,168,47,19
49,144,p275_147,143,122,21,88,55,79,12,52
49,145,p275_148,265,186,79,237,28,178,20,67
49,146,p275_149,125,97,28,65,60,62,25,38
49,147,p275_150,189,153,36,126,63,112,22,55
49,148,p275_151,272,227,45,197,75,194,42,36
49,149,p275_152,284,237,47,245,39,225,27,32
49,150,p275_153,165,133,32,95,70,93,30,42
49,151,p275_154,134,123,11,80,54,79,10,45
49,152,p275_155,247,184,63,237,10,183,9,55
49,153,p275_156,241,182,59,198,43,172,33,36
49,154,p275_157,153,124,29,102,51,100,27,26
49,155,p275_158,234,169,65,171,63,167,61,6
49,156,p275_159,135,72,63,67,68,63,59,13
49,157,p275_160,173,131,42,120,53,113,35,25
49,158,p275_161,135,66,69,77,58,66,58,11
49,159,p275_162,244,214,30,198,46,192,24,28
49,160,p275_163,250,211,39,186,64,178,31,41
49,161,p275_164,225,205,20,181,44,168,7,50
49,162,p275_165,150,130,20,93,57,87,14,49
49,163,p275_166,162,109,53,95,67,91,49,22
49,164,p275_167,178,148,30,102,76,89,17,72
49,165,p275_168,177,155,22,120,57,112,14,51
49,166,p275_169,145,105,40,94,51,82,28,35
49,167,p275_170,120,92,28,80,40,71,19,30
49,168,p275_171,192,165,27,140,52,134,21,37
49,169,p275_172,216,189,27,180,36,165,12,39
49,170,p275_173,141,114,27,76,65,74,25,42
49,171,p275_174,134,95,39,80,54,67,26,41
49,172,p275_175,182,123,59,150,32,102,11,69
49,173,p275_176,145,114,31,66,79,63,28,54
49,174,p275_177,117,101,16,71,46,65,10,42
49,175,p275_178,256,214,42,234,22,207,15,34
49,176,p275_179,250,224,26,196,54,190,20,40
49,177,p275_180,133,96,37,93,40,77,21,35
49,178,p275_181,276,228,48,230,46,211,29,36
49,179,p275_182,128,99,29,81,47,71,19,38
49,180,p275_183,250,174,76,176,74,166,66,18
49,181,p275_184,286,206,80,208,78,197,69,20
49,182,p275_185,129,104,25,90,39,82,17,30
49,183,p275_186,130,93,37,106,24,75,6,49
49,184,p275_187,250,164,86,216,34,160,30,60
49,185,p275_188,150,114,36,127,23,110,19,21
49,186,p275_189,187,144,43,120,67,117,40,30
49,187,p275_190,168,118,50,140,28,106,16,46
49,188,p275_191,208,160,48,156,52,140,32,36
49,189,p275_192,110,66,44,52,58,52,44,14
49,190,p275_193,127,95,32,70,57,64,26,37
49,191,p275_194,241,174,67,179,62,161,49,31
49,192,p275_195,163,88,75,107,56,84,52,27
49,193,p275_196,163,119,44,86,77,86,44,33
49,194,p275_197,257,231,26,200,57,198,24,35
49,195,p275_198,121,77,44,63,58,61,42,18
49,196,p275_199,213,140,73,173,40,137,37,39
49,197,p275_200,139,97,42,75,64,69,36,34
49,198,p275_201,131,83,48,69,62,63,42,26
49,199,p275_203,125,108,17,95,30,83,5,37
49,200,p275_205,264,204,60,209,55,192,43,29
50,1,p276_002,249,211,38,182,67,171,27,51
50,2,p276_003,481,450,31,431,50,420,20,41
50,3,p276_004,331,233,98,241,90,221,78,32
50,4,p276_005,450,354,96,388,62,342,50,58
50,5,p276_006,403,282,121,308,95,272,85,46
50,6,p276_007,341,225,116,226,115,219,109,13
50,7,p276_008,524,471,53,427,97,422,48,54
50,8,p276_009,315,231,84,241,74,226,69,20
50,9,p276_010,240,162,78,171,69,145,52,43
50,10,p276_011,473,366,107,383,90,357,81,35
50,11,p276_012,321,281,40,259,62,254,35,32
50,12,p276_013,330,217,113,240,90,216,89,25
50,13,p276_014,331,271,60,253,78,248,55,28
50,14,p276_015,406,318,88,322,84,304,70,32
50,15,p276_016,485,355,130,381,104,350,99,36
50,16,p276_017,273,195,78,196,77,175,57,41
50,17,p276_018,406,304,102,283,123,277,96,33
50,18,p276_019,492,413,79,396,96,380,63,49
50,19,p276_020,293,213,80,208,85,197,69,27
50,20,p276_021,604,534,70,535,69,510,45,49
50,21,p276_022,436,362,74,348,88,347,73,16
50,22,p276_023,704,602,102,604,100,594,92,18
50,23,p276_024,442,332,110,372,70,330,68,44
50,24,p276_025,192,141,51,119,73,106,38,48
50,25,p276_026,134,69,65,73,61,61,53,20
50,26,p276_027,141,66,75,83,58,65,57,19
50,27,p276_028,166,80,86,100,66,72,58,36
50,28,p276_029,165,85,80,116,49,62,26,77
50,29,p276_030,205,121,84,123,82,107,68,30
50,30,p276_031,183,140,43,138,45,129,34,20
50,31,p276_032,220,172,48,187,33,163,24,33
50,32,p276_033,255,222,33,202,53,184,15,56
50,33,p276_034,335,264,71,272,63,251,50,34
50,34,p276_035,189,131,58,138,51,110,30,49
50,35,p276_036,139,71,68,93,46,68,43,28
50,36,p276_037,203,140,63,175,28,128,16,59
50,37,p276_038,217,137,80,165,52,127,42,48
50,38,p276_039,211,128,83,145,66,121,59,31
50,39,p276_040,223,136,87,141,82,118,64,41
50,40,p276_041,273,150,123,152,121,147,118,8
50,41,p276_042,211,147,64,128,83,113,49,49
50,42,p276_043,196,139,57,125,71,116,48,32
50,43,p276_044,204,142,62,156,48,136,42,26
50,44,p276_045,183,131,52,117,66,98,33,52
50,45,p276_046,215,157,58,162,53,149,45,21
50,46,p276_047,258,186,72,160,98,158,70,30
50,47,p276_048,171,129,42,108,63,105,39,27
50,48,p276_049,287,199,88,202,85,191,77,19
50,49,p276_050,209,155,54,130,79,117,41,51
50,50,p276_051,220,185,35,161,59,149,23,48
50,51,p276_052,253,157,96,146,107,129,79,45
50,52,p276_053,276,211,65,197,79,186,54,36
50,53,p276_054,257,178,79,205,52,173,47,37
50,54,p276_055,217,149,68,135,82,122,55,40
50,55,p276_056,229,158,71,152,77,140,59,30
50,56,p276_057,204,123,81,120,84,112,73,19
50,57,p276_058,184,96,88,102,82,87,73,24
50,58,p276_059,191,119,72,102,89,96,66,29
50,59,p276_060,302,257,45,228,74,220,37,45
50,60,p276_061,246,155,91,144,102,137,84,25
50,61,p276_062,220,197,23,139,81,138,22,60
50,62,p276_063,195,144,51,109,86,95,37,63
50,63,p276_064,183,92,91,91,92,82,82,19
50,64,p276_065,208,150,58,135,73,122,45,41
50,65,p276_066,180,112,68,100,80,83,51,46
50,66,p276_067,193,103,90,117,76,102,75,16
50,67,p276_068,279,181,98,195,84,176,79,24
50,68,p276_069,193,130,63,127,66,117,53,23
50,69,p276_070,314,242,72,213,101,210,69,35
50,70,p276_071,190,118,72,132,58,107,47,36
50,71,p276_072,171,110,61,94,77,85,52,34
50,72,p276_073,208,114,94,123,85,109,80,19
50,73,p276_074,201,115,86,136,65,110,60,31
50,74,p276_075,248,178,70,180,68,170,60,18
50,75,p276_076,220,173,47,150,70,142,39,39
50,76,p276_077,200,128,72,114,86,114,72,14
50,77,p276_078,250,181,69,168,82,156,57,37
50,78,p276_079,207,166,41,125,82,115,31,61
50,79,p276_080,186,103,83,90,96,81,74,31
50,80,p276_081,209,123,86,137,72,117,66,26
50,81,p276_082,177,150,27,129,48,111,9,57
50,82,p276_083,187,145,42,118,69,111,35,41
50,83,p276_084,211,180,31,180,31,166,17,28
50,84,p276_085,228,195,33,157,71,149,25,54
50,85,p276_086,204,132,72,115,89,114,71,19
50,86,p276_087,190,152,38,120,70,117,35,38
50,87,p276_088,327,275,52,267,60,256,41,30
50,88,p276_089,190,114,76,111,79,104,69,17
50,89,p276_090,224,156,68,159,65,143,52,29
50,90,p276_091,257,185,72,182,75,169,59,29
50,91,p276_092,265,188,77,212,53,176,41,48
50,92,p276_093,187,139,48,120,67,107,35,45
50,93,p276_094,177,149,28,115,62,105,18,54
50,94,p276_095,194,121,73,115,79,108,66,20
50,95,p276_096,230,185,45,146,84,143,42,45
50,96,p276_097,216,139,77,146,70,132,63,21
50,97,p276_098,193,167,26,123,70,121,24,48
50,98,p276_099,214,190,24,167,47,167,24,23
50,99,p276_100,196,114,82,114,82,105,73,18
50,100,p276_101,187,153,34,114,73,114,34,39
50,101,p276_102,198,139,59,126,72,120,53,25
50,102,p276_103,182,139,43,123,59,109,29,44
50,103,p276_104,206,142,64,147,59,136,53,17
50,104,p276_105,150,89,61,75,75,66,52,32
50,105,p276_106,237,160,77,165,72,141,53,43
50,106,p276_107,210,133,77,134,76,123,66,21
50,107,p276_108,239,192,47,184,55,164,27,48
50,108,p276_109,180,106,74,99,81,89,64,27
50,109,p276_110,197,156,41,124,73,119,36,42
50,110,p276_111,174,142,32,118,56,111,25,38
50,111,p276_112,256,185,71,182,74,171,60,25
50,112,p276_113,255,200,55,201,54,190,44,21
50,113,p276_114,177,120,57,113,64,99,43,35
50,114,p276_115,211,141,70,131,80,118,57,36
50,115,p276_116,174,141,33,105,69,105,33,36
50,116,p276_117,189,170,19,161,28,147,5,37
50,117,p276_118,201,153,48,127,74,118,39,44
50,118,p276_119,222,121,101,142,80,121,80,21
50,119,p276_120,153,104,49,93,60,71,27,55
50,120,p276_121,169,143,26,126,43,115,15,39
50,121,p276_122,209,148,61,162,47,137,36,36
50,122,p276_123,200,195,5,160,40,159,4,37
50,123,p276_124,238,215,23,169,69,165,19,54
50,124,p276_125,267,247,20,193,74,193,20,54
50,125,p276_126,236,174,62,151,85,146,57,33
50,126,p276_127,248,189,59,184,64,174,49,25
50,127,p276_128,233,187,46,158,75,149,37,47
50,128,p276_129,150,101,49,89,61,81,41,28
50,129,p276_130,183,136,47,98,85,98,47,38
50,130,p276_131,165,111,54,100,65,97,51,17
50,131,p276_132,158,111,47,104,54,94,37,27
50,132,p276_133,248,192,56,192,56,174,38,36
50,133,p276_134,195,163,32,143,52,132,21,42
50,134,p276_135,198,130,68,141,57,122,49,27
50,135,p276_136,272,174,98,178,94,145,65,62
50,136,p276_137,233,188,45,157,76,144,32,57
50,137,p276_138,243,204,39,183,60,180,36,27
50,138,p276_139,243,183,60,164,79,157,53,33
50,139,p276_140,256,226,30,187,69,186,29,41
50,140,p276_141,209,183,26,141,68,137,22,50
50,141,p276_142,299,258,41,259,40,236,18,45
50,142,p276_143,213,177,36,167,46,148,17,48
50,143,p276_144,242,203,39,169,73,156,26,60
50,144,p276_145,281,261,20,206,75,204,18,59
50,145,p276_146,291,267,24,232,59,227,19,45
50,146,p276_147,164,122,42,99,65,97,40,27
50,147,p276_148,155,124,31,103,52,89,17,49
50,148,p276_149,162,112,50,92,70,81,39,42
50,149,p276_150,127,76,51,71,56,61,41,25
50,150,p276_151,132,98,34,78,54,71,27,34
50,151,p276_152,97,84,13,68,29,60,5,32
50,152,p276_153,158,132,26,137,21,119,8,31
50,153,p276_154,188,178,10,162,26,160,8,20
50,154,p276_155,249,209,40,200,49,179,19,51
50,155,p276_156,252,216,36,201,51,190,25,37
50,156,p276_157,185,147,38,127,58,117,28,40
50,157,p276_158,225,188,37,159,66,156,34,35
50,158,p276_159,257,248,9,230,27,221,0,36
50,159,p276_160,211,187,24,181,30,166,9,36
50,160,p276_161,248,226,22,188,60,178,12,58
50,161,p276_162,178,131,47,135,43,113,25,40
50,162,p276_163,177,157,20,120,57,115,15,47
50,163,p276_164,215,183,32,149,66,148,31,36
50,164,p276_165,234,181,53,150,84,148,51,35
50,165,p276_166,163,130,33,83,80,82,32,49
50,166,p276_167,198,155,43,121,77,113,35,50
50,167,p276_168,195,171,24,157,38,139,6,50
50,168,p276_169,195,156,39,112,83,105,32,58
50,169,p276_170,205,193,12,149,56,147,10,48
50,170,p276_171,248,232,16,222,26,212,6,30
50,171,p276_172,201,193,8,138,63,137,7,57
50,172,p276_173,232,197,35,179,53,166,22,44
50,173,p276_174,206,189,17,152,54,147,12,47
50,174,p276_175,265,232,33,219,46,207,21,37
50,175,p276_176,219,193,26,141,78,134,19,66
50,176,p276_177,171,128,43,104,67,94,33,44
50,177,p276_178,206,151,55,118,88,117,54,35
50,178,p276_179,163,132,31,120,43,103,14,46
50,179,p276_180,198,159,39,143,55,128,24,46
50,180,p276_181,161,142,19,98,63,90,11,60
50,181,p276_182,171,147,24,101,70,96,19,56
50,182,p276_183,229,174,55,157,72,149,47,33
50,183,p276_184,163,157,6,144,19,143,5,15
50,184,p276_185,255,216,39,179,76,174,34,47
50,185,p276_186,194,177,17,124,70,124,17,53
50,186,p276_187,338,288,50,263,75,256,43,39
50,187,p276_188,169,141,28,99,70,93,22,54
50,188,p276_189,181,149,32,118,63,115,29,37
50,189,p276_190,180,134,46,101,79,95,40,45
50,190,p276_191,134,93,41,108,26,86,19,29
50,191,p276_192,213,186,27,184,29,167,10,36
50,192,p276_193,288,267,21,246,42,235,10,43
50,193,p276_194,172,148,24,146,26,135,13,24
50,194,p276_195,219,186,33,165,54,155,23,41
50,195,p276_196,213,151,62,157,56,145,50,18
50,196,p276_197,223,192,31,160,63,150,21,52
50,197,p276_198,195,175,20,154,41,148,14,33
50,198,p276_199,281,244,37,226,55,210,21,50
50,199,p276_200,187,176,11,173,14,162,0,25
50,200,p276_201,242,194,48,173,69,162,37,43
51,1,p277_002,219,157,62,158,61,150,54,15
51,2,p277_003,469,349,120,357,112,326,89,54
51,3,p277_004,293,220,73,206,87,203,70,20
51,4,p277_005,406,382,24,380,26,365,9,32
51,5,p277_006,381,288,93,282,99,279,90,12
51,6,p277_007,296,224,72,214,82,208,66,22
51,7,p277_008,518,471,47,420,98,409,36,73
51,8,p277_009,334,219,115,219,115,213,109,12
51,9,p277_010,190,147,43,124,66,118,37,35
51,10,p277_011,452,352,100,409,43,344,35,73
51,11,p277_012,301,220,81,245,56,217,53,31
51,12,p277_013,291,243,48,220,71,212,40,39
51,13,p277_014,348,296,52,297,51,275,30,43
51,14,p277_015,382,325,57,332,50,307,32,43
51,15,p277_016,417,360,57,317,100,317,57,43
51,16,p277_017,237,174,63,162,75,153,54,30
51,17,p277_018,396,310,86,312,84,289,63,44
51,18,p277_019,477,391,86,373,104,360,73,44
51,19,p277_020,275,214,61,213,62,204,52,19
51,20,p277_021,587,518,69,503,84,481,47,59
51,21,p277_022,468,417,51,379,89,372,44,52
51,22,p277_023,764,568,196,593,171,549,152,63
51,23,p277_024,469,344,125,402,67,341,64,64
51,24,p277_025,249,198,51,242,7,195,4,50
51,25,p277_026,129,101,28,113,16,93,8,28
51,26,p277_027,139,128,11,120,19,111,2,26
51,27,p277_028,230,141,89,155,75,136,70,24
51,28,p277_029,198,125,73,160,38,122,35,41
51,29,p277_030,150,99,51,104,46,83,30,37
51,30,p277_031,137,107,30,78,59,78,30,29
51,31,p277_032,155,144,11,102,53,102,11,42
51,32,p277_033,297,273,24,232,65,229,21,47
51,33,p277_034,246,204,42,192,54,190,40,16
51,34,p277_035,179,116,63,107,72,106,62,11
51,35,p277_036,123,108,15,90,33,84,9,30
51,36,p277_037,281,200,81,196,85,190,75,16
51,37,p277_038,225,165,60,207,18,164,17,44
51,38,p277_039,229,158,71,175,54,155,51,23
51,39,p277_040,118,72,46,63,55,56,39,23
51,40,p277_041,308,217,91,207,101,199,83,26
51,41,p277_042,287,177,110,177,110,171,104,12
51,42,p277_043,147,132,15,90,57,90,15,42
51,43,p277_044,219,168,51,142,77,139,48,32
51,44,p277_045,150,124,26,117,33,107,16,27
51,45,p277_046,333,230,103,261,72,224,66,43
51,46,p277_047,307,288,19,236,71,234,17,56
51,47,p277_048,134,133,1,119,15,119,1,14
51,48,p277_049,293,228,65,219,74,213,59,21
51,49,p277_050,179,123,56,114,65,111,53,15
51,50,p277_051,121,105,16,64,57,63,15,43
51,51,p277_052,137,79,58,86,51,74,46,17
51,52,p277_053,138,110,28,80,58,75,23,40
51,53,p277_054,273,187,86,177,96,175,84,14
51,54,p277_055,177,119,58,78,99,78,58,41
51,55,p277_056,193,103,90,105,88,98,83,12
51,56,p277_057,163,99,64,105,58,85,44,34
51,57,p277_058,252,187,65,175,77,160,50,42
51,58,p277_059,128,99,29,55,73,53,27,48
51,59,p277_060,194,131,63,128,66,115,50,29
51,60,p277_061,139,108,31,138,1,108,1,30
51,61,p277_062,155,89,66,84,71,80,62,13
51,62,p277_063,115,104,11,73,42,67,5,43
51,63,p277_064,107,57,50,49,58,42,43,22
51,64,p277_065,97,67,30,44,53,44,30,23
51,65,p277_066,230,197,33,188,42,178,23,29
51,66,p277_067,173,113,60,119,54,111,52,10
51,67,p277_068,249,205,44,186,63,184,42,23
51,68,p277_069,294,232,62,218,76,213,57,24
51,69,p277_070,94,89,5,48,46,47,4,43
51,70,p277_071,353,247,106,226,127,218,98,37
51,71,p277_072,147,103,44,97,50,97,44,6
51,72,p277_073,107,95,12,84,23,75,3,29
51,73,p277_074,142,90,52,82,60,79,49,14
51,74,p277_075,149,65,84,82,67,65,67,17
51,75,p277_076,150,105,45,110,40,96,31,23
51,76,p277_077,217,149,68,147,70,138,59,20
51,77,p277_078,193,147,46,120,73,118,44,31
51,78,p277_079,150,127,23,87,63,84,20,46
51,79,p277_080,161,151,10,113,48,112,9,40
51,80,p277_081,121,99,22,81,40,74,15,32
51,81,p277_082,337,215,122,219,118,208,111,18
51,82,p277_083,177,128,49,176,1,128,1,48
51,83,p277_084,271,181,90,217,54,175,48,48
51,84,p277_085,164,157,7,145,19,141,3,20
51,85,p277_086,147,105,42,92,55,91,41,15
51,86,p277_087,118,65,53,63,55,57,47,14
51,87,p277_088,219,169,50,150,69,144,44,31
51,88,p277_089,192,118,74,111,81,108,71,13
51,89,p277_090,161,112,49,105,56,97,41,23
51,90,p277_091,140,116,24,85,55,81,20,39
51,91,p277_092,174,97,77,99,75,96,74,4
51,92,p277_093,257,217,40,178,79,176,38,43
51,93,p277_094,118,68,50,62,56,55,43,20
51,94,p277_095,206,140,66,141,65,132,57,17
51,95,p277_096,137,99,38,92,45,84,30,23
51,96,p277_097,277,189,88,202,75,188,74,15
51,97,p277_098,163,86,77,88,75,75,64,24
51,98,p277_099,246,186,60,185,61,168,43,35
51,99,p277_100,217,171,46,157,60,150,39,28
51,100,p277_101,97,89,8,60,37,58,6,33
51,101,p277_102,107,96,11,66,41,62,7,38
51,102,p277_103,105,53,52,48,57,46,50,9
51,103,p277_104,105,76,29,87,18,69,11,25
51,104,p277_105,275,202,73,205,70,189,57,29
51,105,p277_106,194,140,54,124,70,117,47,30
51,106,p277_107,195,146,49,98,97,98,49,48
51,107,p277_108,281,238,43,217,64,202,28,51
51,108,p277_109,245,189,56,178,67,165,43,37
51,109,p277_110,105,100,5,62,43,61,4,40
51,110,p277_111,217,154,63,154,63,149,58,10
51,111,p277_112,150,126,24,89,61,88,23,39
51,112,p277_113,134,123,11,77,57,77,11,46
51,113,p277_114,137,111,26,84,53,84,26,27
51,114,p277_115,161,146,15,104,57,102,13,46
51,115,p277_116,346,249,97,272,74,240,65,41
51,116,p277_117,204,129,75,127,77,125,73,6
51,117,p277_118,161,108,53,111,50,103,45,13
51,118,p277_119,270,223,47,225,45,216,38,16
51,119,p277_120,121,107,14,94,27,89,9,23
51,120,p277_121,137,123,14,96,41,94,12,31
51,121,p277_122,105,92,13,68,37,67,12,26
51,122,p277_123,262,181,81,191,71,171,61,30
51,123,p277_124,209,141,68,153,56,139,54,16
51,124,p277_125,102,95,7,54,48,54,7,41
51,125,p277_126,185,109,76,109,76,104,71,10
51,126,p277_127,171,114,57,132,39,112,37,22
51,127,p277_128,115,106,9,71,44,71,9,35
51,128,p277_129,158,147,11,103,55,99,7,52
51,129,p277_130,281,195,86,173,108,165,78,38
51,130,p277_131,288,213,75,216,72,202,61,25
51,131,p277_132,155,123,32,98,57,93,27,35
51,132,p277_133,209,163,46,103,106,103,46,60
51,133,p277_134,215,176,39,126,89,124,37,54
51,134,p277_135,245,212,33,163,82,160,30,55
51,135,p277_136,217,156,61,149,68,149,61,7
51,136,p277_137,230,200,30,184,46,172,18,40
51,137,p277_138,251,190,61,195,56,174,40,37
51,138,p277_139,281,190,91,209,72,187,69,25
51,139,p277_140,310,241,69,236,74,229,62,19
51,140,p277_141,158,122,36,92,66,92,36,30
51,141,p277_142,145,92,53,139,6,91,5,49
51,142,p277_143,235,183,52,169,66,169,52,14
51,143,p277_144,265,174,91,168,97,168,91,6
51,144,p277_145,121,92,29,54,67,53,28,40
51,145,p277_146,137,87,50,76,61,76,50,11
51,146,p277_147,155,121,34,88,67,86,32,37
51,147,p277_148,274,165,109,154,120,146,101,27
51,148,p277_149,155,143,12,154,1,142,0,13
51,149,p277_150,320,242,78,264,56,236,50,34
51,150,p277_151,131,77,54,67,64,67,54,10
51,151,p277_152,251,231,20,210,41,210,20,21
51,152,p277_153,275,197,78,186,89,181,73,21
51,153,p277_154,121,104,17,80,41,76,13,32
51,154,p277_155,225,199,26,153,72,151,24,50
51,155,p277_156,286,242,44,282,4,240,2,44
51,156,p277_157,171,135,36,147,24,131,20,20
51,157,p277_158,161,99,62,89,72,89,62,10
51,158,p277_159,131,108,23,97,34,83,9,39
51,159,p277_160,129,85,44,69,60,69,44,16
51,160,p277_161,123,87,36,67,56,67,36,20
51,161,p277_162,126,73,53,68,58,68,53,5
51,162,p277_163,153,116,37,81,72,74,30,49
51,163,p277_164,123,71,52,62,61,56,46,21
51,164,p277_165,179,132,47,124,55,121,44,14
51,165,p277_166,278,205,73,193,85,187,67,24
51,166,p277_167,115,100,15,71,44,71,15,29
51,167,p277_168,147,102,45,72,75,72,45,30
51,168,p277_169,251,198,53,182,69,178,49,24
51,169,p277_170,113,71,42,64,49,64,42,7
51,170,p277_171,225,198,27,167,58,166,26,33
51,171,p277_172,150,79,71,80,70,74,65,11
51,172,p277_173,273,240,33,273,0,240,0,33
51,173,p277_174,257,149,108,180,77,136,64,57
51,174,p277_175,139,99,40,79,60,72,33,34
51,175,p277_176,150,128,22,95,55,92,19,39
51,176,p277_177,321,283,38,237,84,227,28,66
51,177,p277_178,255,176,79,177,78,172,74,9
51,178,p277_179,222,182,40,210,12,176,6,40
51,179,p277_180,172,127,45,121,51,106,30,36
51,180,p277_181,214,167,47,148,66,144,43,27
51,181,p277_182,194,109,85,107,87,106,84,4
51,182,p277_183,158,100,58,99,59,99,58,1
51,183,p277_184,269,238,31,189,80,188,30,51
51,184,p277_185,201,129,72,132,69,124,64,13
51,185,p277_186,334,266,68,265,69,255,58,21
51,186,p277_187,286,237,49,243,43,221,27,38
51,187,p277_188,150,138,12,79,71,79,12,59
51,188,p277_189,102,102,0,74,28,74,0,28
51,189,p277_190,275,202,73,197,78,192,68,15
51,190,p277_191,214,170,44,137,77,137,44,33
51,191,p277_192,235,161,74,153,82,153,74,8
51,192,p277_193,145,81,64,71,74,70,63,12
51,193,p277_194,262,188,74,172,90,172,74,16
51,194,p277_195,137,113,24,99,38,86,11,40
51,195,p277_196,219,143,76,134,85,134,76,9
51,196,p277_197,171,143,28,85,86,85,28,58
51,197,p277_198,203,171,32,126,77,126,32,45
51,198,p277_199,205,123,82,106,99,106,82,17
51,199,p277_200,211,167,44,140,71,135,39,37
51,200,p277_201,241,217,24,141,100,141,24,76
52,1,p278_002,233,136,97,179,54,134,52,47
52,2,p278_003,474,321,153,315,159,314,152,8
52,3,p278_004,312,205,107,202,110,200,105,7
52,4,p278_005,452,303,149,298,154,298,149,5
52,5,p278_006,375,250,125,251,124,247,121,7
52,6,p278_007,355,187,168,185,170,185,168,2
52,7,p278_008,494,331,163,326,168,326,163,5
52,8,p278_009,304,194,110,191,113,187,106,11
52,9,p278_010,213,93,120,95,118,91,116,6
52,10,p278_011,390,290,100,292,98,281,89,20
52,11,p278_012,338,192,146,194,144,192,144,2
52,12,p278_013,273,188,85,194,79,184,75,14
52,13,p278_014,308,209,99,212,96,207,94,7
52,14,p278_015,373,275,98,268,105,268,98,7
52,15,p278_016,402,283,119,285,117,280,114,8
52,16,p278_017,224,143,81,179,45,142,44,38
52,17,p278_018,333,250,83,278,55,246,51,36
52,18,p278_019,431,343,88,337,94,332,83,16
52,19,p278_020,238,170,68,173,65,168,63,7
52,20,p278_021,563,455,108,444,119,439,103,21
52,21,p278_022,412,304,108,295,117,292,105,15
52,22,p278_023,691,488,203,472,219,472,203,16
52,23,p278_024,427,304,123,294,133,293,122,12
52,24,p278_025,286,108,178,107,179,107,178,1
52,25,p278_026,280,100,180,90,190,90,180,10
52,26,p278_027,184,87,97,95,89,82,84,18
52,27,p278_028,221,135,86,135,86,130,81,10
52,28,p278_029,223,121,102,126,97,121,97,5
52,29,p278_030,170,66,104,65,105,63,102,5
52,30,p278_031,223,144,79,128,95,128,79,16
52,31,p278_032,241,141,100,165,76,139,74,28
52,32,p278_033,152,78,74,84,68,74,64,14
52,33,p278_034,257,186,71,183,74,183,71,3
52,34,p278_035,207,102,105,117,90,102,90,15
52,35,p278_036,222,104,118,121,101,104,101,17
52,36,p278_037,170,80,90,85,85,80,85,5
52,37,p278_038,185,99,86,99,86,96,83,6
52,38,p278_039,230,88,142,88,142,87,141,2
52,39,p278_040,161,71,90,71,90,71,90,0
52,40,p278_041,280,178,102,171,109,171,102,7
52,41,p278_042,189,101,88,108,81,100,80,9
52,42,p278_043,173,83,90,83,90,75,82,16
52,43,p278_044,165,71,94,71,94,68,91,6
52,44,p278_045,170,82,88,80,90,80,88,2
52,45,p278_046,132,47,85,49,83,43,79,10
52,46,p278_047,129,53,76,51,78,51,76,2
52,47,p278_048,160,62,98,59,101,59,98,3
52,48,p278_049,134,70,64,69,65,68,63,3
52,49,p278_050,163,62,101,119,44,62,44,57
52,50,p278_051,205,91,114,95,110,89,108,8
52,51,p278_052,174,102,72,100,74,97,69,8
52,52,p278_053,186,92,94,130,56,92,56,38
52,53,p278_054,265,193,72,232,33,193,33,39
52,54,p278_055,151,59,92,62,89,56,86,9
52,55,p278_056,154,88,66,90,64,88,64,2
52,56,p278_057,158,74,84,76,82,73,81,4
52,57,p278_058,164,65,99,69,95,64,94,6
52,58,p278_059,250,161,89,159,91,159,89,2
52,59,p278_060,187,102,85,86,101,86,85,16
52,60,p278_061,169,112,57,108,61,108,57,4
52,61,p278_062,180,89,91,94,86,89,86,5
52,62,p278_063,150,97,53,90,60,84,47,19
52,63,p278_064,191,111,80,115,76,111,76,4
52,64,p278_065,142,66,76,64,78,64,76,2
52,65,p278_066,326,207,119,203,123,203,119,4
52,66,p278_067,153,48,105,62,91,47,90,16
52,67,p278_068,251,144,107,145,106,143,105,3
52,68,p278_069,166,53,113,51,115,51,113,2
52,69,p278_070,164,84,80,78,86,69,71,24
52,70,p278_071,189,96,93,90,99,89,92,8
52,71,p278_072,193,72,121,71,122,71,121,1
52,72,p278_073,242,135,107,136,106,134,105,3
52,73,p278_074,195,102,93,101,94,101,93,1
52,74,p278_075,200,108,92,103,97,103,92,5
52,75,p278_076,224,102,122,100,124,100,122,2
52,76,p278_077,175,98,77,166,9,98,9,68
52,77,p278_078,166,71,95,70,96,67,92,7
52,78,p278_079,198,100,98,99,99,98,97,3
52,79,p278_080,307,164,143,160,147,160,143,4
52,80,p278_081,192,98,94,94,98,93,93,6
52,81,p278_082,247,155,92,154,93,154,92,1
52,82,p278_083,266,155,111,155,111,155,111,0
52,83,p278_084,170,82,88,80,90,80,88,2
52,84,p278_085,143,69,74,67,76,67,74,2
52,85,p278_086,165,79,86,78,87,78,86,1
52,86,p278_087,190,120,70,119,71,118,69,3
52,87,p278_088,166,98,68,99,67,93,62,11
52,88,p278_089,183,99,84,96,87,96,84,3
52,89,p278_090,295,219,76,215,80,213,74,8
52,90,p278_091,198,124,74,123,75,123,74,1
52,91,p278_092,214,114,100,111,103,111,100,3
52,92,p278_093,253,142,111,144,109,142,109,2
52,93,p278_094,200,102,98,103,97,102,97,1
52,94,p278_095,181,93,88,93,88,93,88,0
52,95,p278_096,200,107,93,111,89,106,88,6
52,96,p278_097,171,81,90,120,51,79,49,43
52,97,p278_098,155,64,91,62,93,62,91,2
52,98,p278_099,191,92,99,94,97,89,94,8
52,99,p278_100,171,75,96,70,101,68,94,9
52,100,p278_101,177,99,78,106,71,97,69,11
52,101,p278_102,119,33,86,33,86,29,82,8
52,102,p278_103,145,59,86,58,87,58,86,1
52,103,p278_104,114,47,67,49,65,45,63,6
52,104,p278_105,256,118,138,116,140,116,138,2
52,105,p278_106,275,143,132,142,133,142,132,1
52,106,p278_107,202,115,87,160,42,115,42,45
52,107,p278_108,153,70,83,99,54,67,51,35
52,108,p278_109,210,114,96,112,98,112,96,2
52,109,p278_110,187,137,50,136,51,133,47,7
52,110,p278_111,159,75,84,73,86,71,82,6
52,111,p278_112,163,87,76,82,81,81,75,7
52,112,p278_113,192,87,105,84,108,84,105,3
52,113,p278_114,157,65,92,69,88,63,86,8
52,114,p278_115,204,117,87,114,90,113,86,5
52,115,p278_116,214,76,138,75,139,75,138,1
52,116,p278_117,168,51,117,49,119,49,117,2
52,117,p278_118,322,218,104,216,106,216,104,2
52,118,p278_119,167,79,88,79,88,79,88,0
52,119,p278_120,154,83,71,84,70,81,68,5
52,120,p278_121,205,121,84,118,87,118,84,3
52,121,p278_122,202,123,79,123,79,118,74,10
52,122,p278_123,155,96,59,104,51,95,50,10
52,123,p278_124,170,83,87,83,87,82,86,2
52,124,p278_125,166,101,65,84,82,83,64,19
52,125,p278_126,218,128,90,129,89,127,88,3
52,126,p278_127,168,87,81,79,89,79,81,8
52,127,p278_128,180,92,88,85,95,85,88,7
52,128,p278_129,178,88,90,88,90,86,88,4
52,129,p278_130,268,150,118,148,120,148,118,2
52,130,p278_131,235,124,111,118,117,118,111,6
52,131,p278_132,328,190,138,185,143,181,134,13
52,132,p278_133,227,83,144,79,148,79,144,4
52,133,p278_134,222,61,161,60,162,60,161,1
52,134,p278_135,314,143,171,142,172,141,170,3
52,135,p278_136,273,147,126,142,131,142,126,5
52,136,p278_137,183,67,116,66,117,66,116,1
52,137,p278_138,168,62,106,58,110,58,106,4
52,138,p278_139,196,86,110,85,111,84,109,3
52,139,p278_140,152,73,79,67,85,62,74,16
52,140,p278_141,172,93,79,91,81,90,78,4
52,141,p278_142,126,68,58,64,62,64,58,4
52,142,p278_143,161,73,88,73,88,73,88,0
52,143,p278_144,153,84,69,83,70,81,67,5
52,144,p278_145,214,116,98,122,92,81,57,76
52,145,p278_146,193,114,79,113,80,113,79,1
52,146,p278_147,186,72,114,73,113,72,113,1
52,147,p278_148,183,88,95,88,95,88,95,0
52,148,p278_149,227,117,110,114,113,114,110,3
52,149,p278_150,224,126,98,123,101,123,98,3
52,150,p278_151,152,55,97,75,77,55,77,20
52,151,p278_152,265,165,100,163,102,163,100,2
52,152,p278_153,276,164,112,162,114,162,112,2
52,153,p278_154,184,70,114,62,122,62,114,8
52,154,p278_155,137,52,85,52,85,51,84,2
52,155,p278_156,149,61,88,60,89,60,88,1
52,156,p278_157,231,153,78,149,82,148,77,6
52,157,p278_158,161,76,85,70,91,70,85,6
52,158,p278_159,263,129,134,127,136,126,133,4
52,159,p278_160,203,128,75,179,24,128,24,51
52,160,p278_161,214,150,64,173,41,149,40,25
52,161,p278_162,138,61,77,82,56,57,52,29
52,162,p278_163,166,84,82,84,82,83,81,2
52,163,p278_164,259,171,88,166,93,166,88,5
52,164,p278_165,155,75,80,71,84,71,80,4
52,165,p278_166,187,106,81,102,85,102,81,4
52,166,p278_167,236,146,90,140,96,140,90,6
52,167,p278_168,258,164,94,163,95,163,94,1
52,168,p278_169,224,129,95,125,99,125,95,4
52,169,p278_170,158,93,65,103,55,92,54,12
52,170,p278_171,158,78,80,76,82,75,79,4
52,171,p278_172,156,72,84,72,84,71,83,2
52,172,p278_173,155,73,82,70,85,70,82,3
52,173,p278_174,123,46,77,46,77,46,77,0
52,174,p278_175,126,48,78,45,81,45,78,3
52,175,p278_176,110,45,65,43,67,43,65,2
52,176,p278_177,167,77,90,75,92,75,90,2
52,177,p278_178,174,81,93,77,97,77,93,4
52,178,p278_179,169,92,77,89,80,88,76,5
52,179,p278_180,246,169,77,172,74,168,73,5
52,180,p278_181,224,137,87,130,94,130,87,7
52,181,p278_182,203,106,97,106,97,106,97,0
52,182,p278_183,191,122,69,159,32,121,31,39
52,183,p278_184,182,109,73,107,75,107,73,2
52,184,p278_185,198,133,65,133,65,133,65,0
52,185,p278_186,233,136,97,135,98,135,97,1
52,186,p278_187,147,92,55,65,82,63,53,31
52,187,p278_188,196,91,105,90,106,90,105,1
52,188,p278_189,174,98,76,96,78,91,71,12
52,189,p278_190,142,53,89,51,91,51,89,2
52,190,p278_191,195,120,75,119,76,119,75,1
52,191,p278_192,161,73,88,76,85,71,83,7
52,192,p278_193,176,83,93,82,94,82,93,1
52,193,p278_194,173,96,77,93,80,93,77,3
52,194,p278_195,230,142,88,141,89,141,88,1
52,195,p278_196,159,67,92,70,89,66,88,5
52,196,p278_197,203,102,101,99,104,99,101,3
52,197,p278_198,152,80,72,79,73,79,72,1
52,198,p278_199,218,88,130,88,130,88,130,0
52,199,p278_200,177,65,112,64,113,64,112,1
52,200,p278_201,202,109,93,107,95,107,93,2
53,1,p279_002,209,132,77,146,63,128,59,22
53,2,p279_003,392,264,128,256,136,253,125,14
53,3,p279_004,249,174,75,188,61,168,55,26
53,4,p279_005,299,240,59,254,45,238,43,18
53,5,p279_006,290,211,79,219,71,211,71,8
53,6,p279_007,241,173,68,183,58,172,57,12
53,7,p279_008,403,291,112,301,102,290,101,12
53,8,p279_009,246,146,100,160,86,145,85,16
53,9,p279_010,179,89,90,112,67,89,67,23
53,10,p279_011,364,247,117,254,110,246,109,9
53,11,p279_012,252,170,82,164,88,161,79,12
53,12,p279_013,256,163,93,171,85,163,85,8
53,13,p279_014,265,196,69,208,57,194,55,16
53,14,p279_015,337,254,83,254,83,250,79,8
53,15,p279_016,332,253,79,270,62,253,62,17
53,16,p279_017,198,111,87,106,92,106,87,5
53,17,p279_018,310,226,84,225,85,224,83,3
53,18,p279_019,407,314,93,327,80,310,76,21
53,19,p279_020,238,160,78,175,63,160,63,15
53,20,p279_021,504,383,121,409,95,378,90,36
53,21,p279_022,357,267,90,264,93,261,87,9
53,22,p279_023,570,421,149,439,131,416,126,28
53,23,p279_024,361,245,116,259,102,244,101,16
53,24,p279_025,215,123,92,126,89,118,84,13
53,25,p279_026,223,108,115,105,118,102,112,9
53,26,p279_027,211,141,70,179,32,141,32,38
53,27,p279_028,147,53,94,102,45,53,45,49
53,28,p279_029,121,42,79,64,57,41,56,24
53,29,p279_030,205,120,85,123,82,120,82,3
53,30,p279_031,143,62,81,69,74,52,64,27
53,31,p279_032,165,62,103,63,102,62,102,1
53,32,p279_033,159,82,77,87,72,82,72,5
53,33,p279_034,161,72,89,78,83,72,83,6
53,34,p279_035,258,143,115,139,119,139,115,4
53,35,p279_036,206,106,100,111,95,106,95,5
53,36,p279_037,134,59,75,77,57,50,48,36
53,37,p279_038,202,116,86,112,90,111,85,6
53,38,p279_039,273,148,125,177,96,144,92,37
53,39,p279_040,163,85,78,88,75,83,73,7
53,40,p279_041,167,94,73,92,75,91,72,4
53,41,p279_042,131,44,87,46,85,39,80,12
53,42,p279_043,157,58,99,64,93,57,92,8
53,43,p279_044,145,51,94,64,81,50,80,15
53,44,p279_045,256,168,88,174,82,168,82,6
53,45,p279_046,107,45,62,51,56,41,52,14
53,46,p279_047,160,68,92,69,91,68,91,1
53,47,p279_048,129,49,80,61,68,48,67,14
53,48,p279_049,214,129,85,146,68,126,65,23
53,49,p279_050,115,42,73,49,66,42,66,7
53,50,p279_051,264,151,113,158,106,149,104,11
53,51,p279_052,209,126,83,138,71,126,71,12
53,52,p279_053,102,41,61,41,61,41,61,0
53,53,p279_054,145,51,94,63,82,51,82,12
53,54,p279_055,212,124,88,136,76,123,75,14
53,55,p279_056,123,57,66,55,68,55,66,2
53,56,p279_057,257,153,104,167,90,151,88,18
53,57,p279_058,212,132,80,135,77,132,77,3
53,58,p279_059,105,51,54,39,66,36,51,18
53,59,p279_060,176,93,83,95,81,91,79,6
53,60,p279_061,109,40,69,33,76,33,69,7
53,61,p279_062,150,71,79,77,73,65,67,18
53,62,p279_063,161,57,104,55,106,55,104,2
53,63,p279_064,175,67,108,90,85,62,80,33
53,64,p279_065,194,90,104,95,99,90,99,5
53,65,p279_066,131,48,83,60,71,41,64,26
53,66,p279_067,129,59,70,90,39,56,36,37
53,67,p279_068,211,93,118,94,117,92,116,3
53,68,p279_069,125,53,72,52,73,52,72,1
53,69,p279_070,150,52,98,73,77,51,76,23
53,70,p279_071,275,202,73,215,60,202,60,13
53,71,p279_072,158,81,77,82,76,80,75,3
53,72,p279_073,120,32,88,36,84,32,84,4
53,73,p279_074,143,82,61,68,75,64,57,22
53,74,p279_075,178,94,84,106,72,92,70,16
53,75,p279_076,183,113,70,109,74,102,63,18
53,76,p279_077,147,82,65,84,63,73,54,20
53,77,p279_078,174,89,85,97,77,87,75,12
53,78,p279_079,131,48,83,64,67,47,66,18
53,79,p279_080,106,42,64,48,58,36,52,18
53,80,p279_081,206,100,106,100,106,99,105,2
53,81,p279_082,166,92,74,163,3,92,3,71
53,82,p279_083,178,92,86,105,73,90,71,17
53,83,p279_084,146,69,77,100,46,66,43,37
53,84,p279_085,139,49,90,51,88,46,85,8
53,85,p279_086,203,60,143,161,42,60,42,101
53,86,p279_087,185,92,93,119,66,91,65,29
53,87,p279_088,299,160,139,173,126,160,126,13
53,88,p279_089,277,154,123,222,55,147,48,82
53,89,p279_090,177,107,70,128,49,102,44,31
53,90,p279_091,236,132,104,150,86,132,86,18
53,91,p279_092,161,73,88,78,83,69,79,13
53,92,p279_093,267,161,106,195,72,161,72,34
53,93,p279_094,129,54,75,83,46,54,46,29
53,94,p279_095,252,153,99,186,66,149,62,41
53,95,p279_096,129,71,58,115,14,71,14,44
53,96,p279_097,138,73,65,90,48,72,47,19
53,97,p279_098,161,96,65,90,71,79,54,28
53,98,p279_099,181,106,75,112,69,101,64,16
53,99,p279_100,242,185,57,180,62,170,47,25
53,100,p279_101,215,158,57,167,48,157,47,11
53,101,p279_102,210,113,97,121,89,113,89,8
53,102,p279_103,246,132,114,162,84,131,83,32
53,103,p279_104,156,84,72,119,37,84,37,35
53,104,p279_105,155,63,92,71,84,62,83,10
53,105,p279_106,150,68,82,92,58,68,58,24
53,106,p279_107,184,85,99,106,78,84,77,23
53,107,p279_108,146,67,79,72,74,64,71,11
53,108,p279_109,200,122,78,150,50,119,47,34
53,109,p279_110,139,68,71,90,49,67,48,24
53,110,p279_111,209,128,81,129,80,126,78,5
53,111,p279_112,238,162,76,179,59,162,59,17
53,112,p279_113,133,80,53,101,32,69,21,43
53,113,p279_114,153,68,85,102,51,61,44,48
53,114,p279_115,233,143,90,168,65,143,65,25
53,115,p279_116,177,90,87,103,74,88,72,17
53,116,p279_117,138,51,87,77,61,51,61,26
53,117,p279_118,126,53,73,44,82,44,73,9
53,118,p279_119,216,132,84,149,67,132,67,17
53,119,p279_120,229,145,84,155,74,143,72,14
53,120,p279_121,110,62,48,73,37,48,23,39
53,121,p279_122,225,143,82,152,73,141,71,13
53,122,p279_123,156,81,75,107,49,81,49,26
53,123,p279_124,151,76,75,82,69,76,69,6
53,124,p279_125,197,117,80,129,68,117,68,12
53,125,p279_126,221,137,84,142,79,136,78,7
53,126,p279_127,123,60,63,58,65,50,55,18
53,127,p279_128,167,88,79,99,68,86,66,15
53,128,p279_129,222,122,100,122,100,120,98,4
53,129,p279_130,201,119,82,135,66,119,66,16
53,130,p279_131,158,66,92,120,38,65,37,56
53,131,p279_132,279,171,108,188,91,166,86,27
53,132,p279_133,196,119,77,135,61,119,61,16
53,133,p279_134,141,53,88,61,80,52,79,10
53,134,p279_135,210,136,74,147,63,135,62,13
53,135,p279_136,140,66,74,95,45,64,43,33
53,136,p279_137,119,53,66,57,62,53,62,4
53,137,p279_138,135,60,75,67,68,57,65,13
53,138,p279_139,222,166,56,220,2,166,2,54
53,139,p279_140,164,84,80,117,47,84,47,33
53,140,p279_141,228,128,100,127,101,124,97,7
53,141,p279_142,222,147,75,175,47,147,47,28
53,142,p279_143,240,152,88,175,65,150,63,27
53,143,p279_144,130,47,83,51,79,47,79,4
53,144,p279_145,230,146,84,161,69,146,69,15
53,145,p279_146,132,61,71,66,66,60,65,7
53,146,p279_147,160,73,87,78,82,73,82,5
53,147,p279_148,126,53,73,59,67,48,62,16
53,148,p279_149,119,39,80,82,37,39,37,43
53,149,p279_150,167,87,80,96,71,86,70,11
53,150,p279_151,173,102,71,117,56,101,55,17
53,151,p279_152,238,148,90,154,84,145,81,12
53,152,p279_153,141,63,78,77,64,63,64,14
53,153,p279_154,163,88,75,99,64,85,61,17
53,154,p279_155,209,120,89,142,67,120,67,22
53,155,p279_156,190,103,87,120,70,103,70,17
53,156,p279_157,150,72,78,87,63,72,63,15
53,157,p279_158,159,74,85,122,37,70,33,56
53,158,p279_159,152,80,72,104,48,80,48,24
53,159,p279_160,188,109,79,127,61,109,61,18
53,160,p279_161,241,172,69,174,67,172,67,2
53,161,p279_162,180,71,109,109,71,71,71,38
53,162,p279_163,140,66,74,67,73,66,73,1
53,163,p279_164,206,127,79,134,72,127,72,7
53,164,p279_165,145,61,84,71,74,60,73,12
53,165,p279_166,180,94,86,146,34,94,34,52
53,166,p279_167,243,154,89,160,83,154,83,6
53,167,p279_168,231,137,94,149,82,134,79,18
53,168,p279_169,175,98,77,105,70,96,68,11
53,169,p279_170,145,69,76,78,67,69,67,9
53,170,p279_171,163,85,78,93,70,84,69,10
53,171,p279_172,179,93,86,126,53,86,46,47
53,172,p279_173,133,49,84,73,60,48,59,26
53,173,p279_174,153,78,75,90,63,78,63,12
53,174,p279_175,188,109,79,128,60,107,58,23
53,175,p279_176,206,151,55,165,41,144,34,28
53,176,p279_177,140,68,72,76,64,67,63,10
53,177,p279_178,171,83,88,113,58,81,56,34
53,178,p279_179,136,75,61,72,64,70,59,7
53,179,p279_180,149,66,83,106,43,65,42,42
53,180,p279_181,203,119,84,135,68,119,68,16
53,181,p279_182,211,128,83,151,60,128,60,23
53,182,p279_183,159,85,74,94,65,75,55,29
53,183,p279_184,151,85,66,100,51,77,43,31
53,184,p279_185,248,146,102,164,84,140,78,30
53,185,p279_186,222,113,109,145,77,113,77,32
53,186,p279_187,107,44,63,74,33,41,30,36
53,187,p279_188,116,45,71,76,40,43,38,35
53,188,p279_189,188,96,92,91,97,85,86,17
53,189,p279_190,217,144,73,204,13,144,13,60
53,190,p279_191,167,92,75,125,42,89,39,39
53,191,p279_192,156,65,91,77,79,61,75,20
53,192,p279_193,203,130,73,137,66,130,66,7
53,193,p279_194,183,115,68,159,24,112,21,50
53,194,p279_195,196,145,51,115,81,115,51,30
53,195,p279_196,238,159,79,168,70,157,68,13
53,196,p279_197,118,54,64,92,26,53,25,40
53,197,p279_198,187,83,104,118,69,82,68,37
53,198,p279_199,200,106,94,110,90,99,83,18
53,199,p279_200,105,40,65,44,61,40,61,4
53,200,p279_201,139,70,69,78,61,70,61,8
54,1,p281_002,222,174,48,205,17,168,11,43
54,2,p281_003,480,450,30,467,13,437,0,43
54,3,p281_004,353,328,25,339,14,317,3,33
54,4,p281_005,483,458,25,460,23,439,4,40
54,5,p281_006,455,428,27,424,31,406,9,40
54,6,p281_007,284,270,14,274,10,261,1,22
54,7,p281_008,494,482,12,457,37,450,5,39
54,8,p281_009,359,341,18,303,56,294,9,56
54,9,p281_010,203,203,0,164,39,164,0,39
54,10,p281_011,449,444,5,397,52,397,5,47
54,11,p281_012,280,273,7,248,32,248,7,25
54,12,p281_013,296,295,1,274,22,274,1,21
54,13,p281_014,262,254,8,254,8,249,3,10
54,14,p281_015,369,359,10,343,26,337,4,28
54,15,p281_016,436,430,6,404,32,400,2,34
54,16,p281_017,260,243,17,236,24,225,6,29
54,17,p281_018,376,358,18,330,46,325,13,38
54,18,p281_019,519,503,16,497,22,482,1,36
54,19,p281_020,267,267,0,259,8,259,0,8
54,20,p281_021,672,636,36,577,95,568,27,77
54,21,p281_022,400,389,11,392,8,383,2,15
54,22,p281_023,709,694,15,652,57,640,3,66
54,23,p281_024,465,455,10,381,84,379,8,78
54,24,p281_025,272,272,0,235,37,235,0,37
54,25,p281_026,209,201,8,209,0,201,0,8
54,26,p281_027,235,214,21,224,11,204,1,30
54,27,p281_028,189,186,3,174,15,172,1,16
54,28,p281_029,187,185,2,166,21,164,0,23
54,29,p281_030,163,153,10,135,28,129,4,30
54,30,p281_031,141,139,2,136,5,134,0,7
54,31,p281_032,154,154,0,152,2,152,0,2
54,32,p281_033,262,261,1,260,2,259,0,3
54,33,p281_034,162,161,1,159,3,158,0,4
54,34,p281_035,166,166,0,164,2,164,0,2
54,35,p281_036,223,193,30,175,48,158,13,52
54,36,p281_037,157,148,9,117,40,115,7,35
54,37,p281_038,172,169,3,149,23,149,3,20
54,38,p281_039,191,177,14,152,39,146,8,37
54,39,p281_040,170,169,1,140,30,140,1,29
54,40,p281_041,212,208,4,194,18,191,1,20
54,41,p281_042,160,159,1,130,30,129,0,31
54,42,p281_043,218,213,5,180,38,177,2,39
54,43,p281_044,301,290,11,229,72,226,8,67
54,44,p281_045,182,181,1,152,30,152,1,29
54,45,p281_046,253,245,8,207,46,205,6,42
54,46,p281_047,154,151,3,150,4,147,0,7
54,47,p281_048,177,167,10,138,39,135,7,35
54,48,p281_049,300,288,12,290,10,281,3,16
54,49,p281_050,174,172,2,170,4,169,1,4
54,50,p281_051,185,181,4,162,23,161,3,21
54,51,p281_052,193,166,27,193,0,166,0,27
54,52,p281_053,149,144,5,132,17,129,2,18
54,53,p281_054,196,142,54,143,53,117,28,51
54,54,p281_055,172,144,28,105,67,101,24,47
54,55,p281_056,162,154,8,121,41,121,8,33
54,56,p281_057,339,271,68,266,73,244,46,49
54,57,p281_058,160,149,11,138,22,127,0,33
54,58,p281_059,182,132,50,136,46,114,28,40
54,59,p281_060,269,245,24,225,44,221,20,28
54,60,p281_061,161,139,22,145,16,129,6,26
54,61,p281_062,347,317,30,287,60,269,12,66
54,62,p281_063,168,150,18,115,53,111,14,43
54,63,p281_064,215,159,56,176,39,150,30,35
54,64,p281_065,177,145,32,153,24,132,11,34
54,65,p281_066,181,151,30,117,64,115,28,38
54,66,p281_067,153,133,20,146,7,128,2,23
54,67,p281_068,169,118,51,142,27,108,17,44
54,68,p281_069,134,128,6,118,16,114,2,18
54,69,p281_070,164,118,46,130,34,111,27,26
54,70,p281_071,170,153,17,126,44,117,8,45
54,71,p281_072,143,107,36,131,12,103,8,32
54,72,p281_073,134,116,18,106,28,95,7,32
54,73,p281_074,149,128,21,112,37,102,11,36
54,74,p281_075,221,195,26,162,59,157,21,43
54,75,p281_076,166,137,29,129,37,117,17,32
54,76,p281_077,195,133,62,138,57,122,46,27
54,77,p281_078,267,244,23,218,49,214,19,34
54,78,p281_079,173,151,22,119,54,115,18,40
54,79,p281_080,133,121,12,110,23,102,4,27
54,80,p281_081,163,125,38,113,50,98,23,42
54,81,p281_082,196,146,50,137,59,118,31,47
54,82,p281_083,212,181,31,181,31,163,13,36
54,83,p281_084,231,177,54,155,76,150,49,32
54,84,p281_085,263,253,10,218,45,214,6,43
54,85,p281_086,181,168,13,145,36,139,7,35
54,86,p281_087,247,217,30,166,81,154,18,75
54,87,p281_088,195,186,9,153,42,149,5,41
54,88,p281_089,183,143,40,118,65,108,30,45
54,89,p281_090,180,164,16,129,51,125,12,43
54,90,p281_091,176,167,9,145,31,139,3,34
54,91,p281_092,223,167,56,153,70,142,45,36
54,92,p281_093,180,166,14,160,20,151,5,24
54,93,p281_094,158,145,13,110,48,104,7,47
54,94,p281_095,178,178,0,134,44,134,0,44
54,95,p281_096,143,127,16,114,29,107,9,27
54,96,p281_097,197,137,60,134,63,112,38,47
54,97,p281_098,173,145,28,149,24,127,6,40
54,98,p281_099,170,145,25,133,37,122,14,34
54,99,p281_100,191,150,41,132,59,115,24,52
54,100,p281_101,233,169,64,162,71,141,43,49
54,101,p281_102,179,150,29,122,57,111,18,50
54,102,p281_103,199,193,6,194,5,189,1,9
54,103,p281_104,336,298,38,297,39,275,16,45
54,104,p281_105,202,187,15,171,31,161,5,36
54,105,p281_106,130,126,4,107,23,103,0,27
54,106,p281_107,144,109,35,99,45,84,20,40
54,107,p281_108,142,119,23,81,61,81,23,38
54,108,p281_109,205,172,33,143,62,138,28,39
54,109,p281_110,181,163,18,117,64,116,17,48
54,110,p281_111,176,148,28,165,11,144,7,25
54,111,p281_112,178,155,23,164,14,144,3,31
54,112,p281_113,136,102,34,88,48,74,20,42
54,113,p281_114,224,181,43,196,28,171,18,35
54,114,p281_115,211,203,8,190,21,182,0,29
54,115,p281_116,200,198,2,153,47,153,2,45
54,116,p281_117,194,148,46,141,53,126,31,37
54,117,p281_118,232,213,19,186,46,175,8,49
54,118,p281_119,165,149,16,110,55,108,14,43
54,119,p281_120,188,166,22,134,54,126,14,48
54,120,p281_121,147,145,2,119,28,119,2,26
54,121,p281_122,238,220,18,189,49,186,15,37
54,122,p281_123,187,167,20,140,47,134,14,39
54,123,p281_124,182,172,10,125,57,125,10,47
54,124,p281_125,147,117,30,102,45,92,20,35
54,125,p281_126,195,179,16,159,36,156,13,26
54,126,p281_127,177,128,49,100,77,94,43,40
54,127,p281_128,153,136,17,99,54,94,12,47
54,128,p281_129,187,165,22,151,36,135,6,46
54,129,p281_130,165,148,17,122,43,114,9,42
54,130,p281_131,173,152,21,148,25,132,5,36
54,131,p281_132,161,158,3,142,19,139,0,22
54,132,p281_133,168,147,21,135,33,123,9,36
54,133,p281_134,183,157,26,108,75,103,21,59
54,134,p281_135,186,176,10,144,42,140,6,40
54,135,p281_136,230,198,32,175,55,160,17,53
54,136,p281_137,168,150,18,140,28,132,10,26
54,137,p281_138,290,277,13,259,31,251,5,34
54,138,p281_139,200,181,19,196,4,178,1,21
54,139,p281_140,231,209,22,201,30,193,14,24
54,140,p281_141,196,182,14,147,49,143,10,43
54,141,p281_142,207,190,17,143,64,140,14,53
54,142,p281_143,279,264,15,229,50,222,8,49
54,143,p281_144,193,174,19,147,46,138,10,45
54,144,p281_145,189,185,4,156,33,153,1,35
54,145,p281_146,152,126,26,118,34,110,18,24
54,146,p281_147,230,221,9,170,60,165,4,61
54,147,p281_148,180,151,29,160,20,142,11,27
54,148,p281_149,163,122,41,158,5,120,3,40
54,149,p281_150,219,156,63,113,106,113,63,43
54,150,p281_151,171,143,28,106,65,96,18,57
54,151,p281_152,212,191,21,202,10,182,1,29
54,152,p281_153,130,114,16,112,18,100,4,26
54,153,p281_154,167,163,4,133,34,131,2,34
54,154,p281_155,97,95,2,94,3,92,0,5
54,155,p281_156,132,111,21,131,1,110,0,22
54,156,p281_157,128,109,19,124,4,105,0,23
54,157,p281_158,264,204,60,249,15,199,10,55
54,158,p281_159,206,172,34,167,39,145,12,49
54,159,p281_160,196,187,9,177,19,170,2,24
54,160,p281_161,179,164,15,148,31,139,6,34
54,161,p281_162,139,117,22,95,44,93,20,26
54,162,p281_163,260,257,3,221,39,221,3,36
54,163,p281_164,145,104,41,88,57,83,36,26
54,164,p281_165,142,77,65,75,67,70,60,12
54,165,p281_166,176,165,11,151,25,148,8,20
54,166,p281_167,157,127,30,98,59,91,23,43
54,167,p281_168,219,202,17,189,30,182,10,27
54,168,p281_169,172,168,4,146,26,142,0,30
54,169,p281_170,135,131,4,84,51,84,4,47
54,170,p281_171,239,221,18,177,62,172,13,54
54,171,p281_172,139,132,7,110,29,104,1,34
54,172,p281_173,246,218,28,173,73,166,21,59
54,173,p281_174,219,201,18,205,14,187,0,32
54,174,p281_175,168,150,18,133,35,131,16,21
54,175,p281_176,135,107,28,97,38,86,17,32
54,176,p281_177,201,167,34,162,39,148,20,33
54,177,p281_178,186,154,32,141,45,129,20,37
54,178,p281_179,179,143,36,124,55,117,29,33
54,179,p281_180,244,221,23,199,45,194,18,32
54,180,p281_181,163,146,17,109,54,107,15,41
54,181,p281_182,168,162,6,124,44,123,5,40
54,182,p281_183,180,160,20,134,46,123,9,48
54,183,p281_184,148,130,18,109,39,98,7,43
54,184,p281_185,153,131,22,107,46,98,13,42
54,185,p281_186,154,153,1,134,20,134,1,19
54,186,p281_187,119,118,1,106,13,106,1,12
54,187,p281_188,245,242,3,186,59,186,3,56
54,188,p281_189,201,197,4,165,36,164,3,34
54,189,p281_190,175,163,12,129,46,125,8,42
54,190,p281_191,183,166,17,138,45,133,12,38
54,191,p281_192,152,96,56,92,60,72,36,44
54,192,p281_193,174,163,11,151,23,143,3,28
54,193,p281_194,242,219,23,174,68,161,10,71
54,194,p281_195,208,192,16,151,57,147,12,49
54,195,p281_196,190,183,7,139,51,137,5,48
54,196,p281_197,158,154,4,114,44,114,4,40
54,197,p281_198,195,178,17,120,75,119,16,60
54,198,p281_199,162,149,13,117,45,115,11,36
54,199,p281_200,242,212,30,191,51,179,18,45
54,200,p281_201,337,324,13,277,60,270,6,61
55,1,p282_002,201,128,73,153,48,127,47,27
55,2,p282_003,430,296,134,343,87,291,82,57
55,3,p282_004,363,174,189,246,117,174,117,72
55,4,p282_005,371,295,76,316,55,289,49,33
55,5,p282_006,307,233,74,256,51,231,49,27
55,6,p282_007,299,234,65,270,29,233,28,38
55,7,p282_009,330,199,131,285,45,199,45,86
55,8,p282_010,153,102,51,149,4,102,4,47
55,9,p282_011,461,317,144,383,78,317,78,66
55,10,p282_012,288,214,74,275,13,213,12,63
55,11,p282_013,254,201,53,239,15,199,13,42
55,12,p282_014,288,226,62,268,20,225,19,44
55,13,p282_015,324,270,54,289,35,262,27,35
55,14,p282_016,385,316,69,362,23,314,21,50
55,15,p282_017,724,137,587,296,428,136,427,161
55,16,p282_018,321,242,79,253,68,242,68,11
55,17,p282_020,250,189,61,192,58,181,50,19
55,18,p282_021,528,432,96,464,64,419,51,58
55,19,p282_022,363,284,79,305,58,279,53,31
55,20,p282_023,659,517,142,573,86,500,69,90
55,21,p282_024,972,475,497,590,382,462,369,141
55,22,p282_025,132,68,64,115,17,64,13,55
55,23,p282_026,287,160,127,165,122,159,121,7
55,24,p282_027,314,207,107,241,73,204,70,40
55,25,p282_028,233,157,76,178,55,151,49,33
55,26,p282_029,233,136,97,139,94,131,89,13
55,27,p282_030,118,73,45,64,54,57,38,23
55,28,p282_031,121,72,49,65,56,65,49,7
55,29,p282_032,120,83,37,79,41,68,26,26
55,30,p282_033,154,89,65,87,67,83,61,10
55,31,p282_034,117,55,62,61,56,55,56,6
55,32,p282_035,235,163,72,172,63,162,62,11
55,33,p282_036,217,152,65,168,49,147,44,26
55,34,p282_037,136,61,75,88,48,59,46,31
55,35,p282_038,131,51,80,85,46,50,45,36
55,36,p282_039,133,91,42,112,21,83,13,37
55,37,p282_040,250,150,100,175,75,144,69,37
55,38,p282_041,273,185,88,212,61,185,61,27
55,39,p282_042,146,102,44,124,22,97,17,32
55,40,p282_043,187,123,64,125,62,122,61,4
55,41,p282_044,227,162,65,162,65,160,63,4
55,42,p282_045,129,81,48,105,24,74,17,38
55,43,p282_046,129,101,28,109,20,87,6,36
55,44,p282_047,167,57,110,75,92,53,88,26
55,45,p282_048,276,206,70,253,23,201,18,57
55,46,p282_049,226,173,53,177,49,154,30,42
55,47,p282_050,102,44,58,58,44,43,43,16
55,48,p282_051,131,66,65,60,71,60,65,6
55,49,p282_052,159,95,64,97,62,95,62,2
55,50,p282_053,271,158,113,216,55,153,50,68
55,51,p282_054,193,115,78,122,71,112,68,13
55,52,p282_055,139,74,65,77,62,73,61,5
55,53,p282_056,119,59,60,47,72,45,58,16
55,54,p282_057,123,86,37,68,55,62,31,30
55,55,p282_058,202,125,77,125,77,124,76,2
55,56,p282_059,203,87,116,105,98,87,98,18
55,57,p282_060,265,192,73,204,61,191,60,14
55,58,p282_061,123,88,35,63,60,58,30,35
55,59,p282_062,145,83,62,83,62,78,57,10
55,60,p282_063,107,48,59,100,7,46,5,56
55,61,p282_064,111,105,6,98,13,96,4,11
55,62,p282_065,120,81,39,89,31,73,23,24
55,63,p282_066,138,72,66,68,70,60,58,20
55,64,p282_067,178,108,70,106,72,103,67,8
55,65,p282_068,239,185,54,182,57,179,51,9
55,66,p282_069,262,169,93,216,46,169,46,47
55,67,p282_070,137,79,58,82,55,72,48,17
55,68,p282_071,198,117,81,138,60,109,52,37
55,69,p282_072,171,96,75,101,70,94,68,9
55,70,p282_073,263,174,89,186,77,168,71,24
55,71,p282_074,142,88,54,97,45,85,42,15
55,72,p282_075,261,166,95,167,94,160,88,13
55,73,p282_076,242,151,91,168,74,145,68,29
55,74,p282_077,168,104,64,102,66,102,64,2
55,75,p282_078,124,60,64,62,62,59,61,4
55,76,p282_079,173,113,60,133,40,111,38,24
55,77,p282_080,253,168,85,191,62,165,59,29
55,78,p282_081,136,98,38,94,42,85,29,22
55,79,p282_082,111,78,33,69,42,56,20,35
55,80,p282_083,109,56,53,49,60,46,50,13
55,81,p282_084,155,107,48,100,55,95,43,17
55,82,p282_085,184,118,66,120,64,114,60,10
55,83,p282_086,217,144,73,149,68,144,68,5
55,84,p282_087,276,155,121,206,70,155,70,51
55,85,p282_088,191,103,88,125,66,98,61,32
55,86,p282_089,245,166,79,178,67,166,67,12
55,87,p282_090,270,185,85,195,75,183,73,14
55,88,p282_091,193,124,69,133,60,121,57,15
55,89,p282_092,142,75,67,101,41,74,40,28
55,90,p282_093,222,145,77,152,70,142,67,13
55,91,p282_094,288,224,64,263,25,221,22,45
55,92,p282_095,140,76,64,77,63,67,54,19
55,93,p282_096,150,114,36,89,61,81,28,41
55,94,p282_097,146,81,65,72,74,68,61,17
55,95,p282_098,160,103,57,130,30,100,27,33
55,96,p282_099,225,142,83,178,47,142,47,36
55,97,p282_100,221,109,112,141,80,82,53,86
55,98,p282_101,250,149,101,232,18,149,18,83
55,99,p282_102,197,134,63,156,41,131,38,28
55,100,p282_103,153,107,46,103,50,94,37,22
55,101,p282_104,119,52,67,52,67,51,66,2
55,102,p282_105,141,73,68,80,61,70,58,13
55,103,p282_106,161,93,68,98,63,90,60,11
55,104,p282_107,153,70,83,81,72,68,70,15
55,105,p282_108,301,226,75,228,73,220,67,14
55,106,p282_109,168,103,65,102,66,100,63,5
55,107,p282_110,240,164,76,177,63,164,63,13
55,108,p282_111,174,103,71,104,70,97,64,13
55,109,p282_112,107,43,64,45,62,42,61,4
55,110,p282_113,178,101,77,100,78,97,74,7
55,111,p282_114,109,84,25,54,55,54,25,30
55,112,p282_115,98,52,46,41,57,39,44,15
55,113,p282_117,248,203,45,194,54,188,39,21
55,114,p282_118,105,43,62,78,27,38,22,45
55,115,p282_119,116,84,32,92,24,70,10,36
55,116,p282_120,144,77,67,73,71,67,61,16
55,117,p282_121,217,151,66,147,70,145,64,8
55,118,p282_122,129,83,46,85,44,74,35,20
55,119,p282_123,241,168,73,197,44,167,43,31
55,120,p282_124,195,127,68,114,81,111,65,19
55,121,p282_125,174,119,55,118,56,109,46,19
55,122,p282_126,150,83,67,83,67,83,67,0
55,123,p282_127,155,95,60,98,57,92,54,9
55,124,p282_128,219,178,41,157,62,157,41,21
55,125,p282_129,129,88,41,105,24,83,19,27
55,126,p282_130,129,80,49,66,63,66,49,14
55,127,p282_131,133,79,54,75,58,69,48,16
55,128,p282_132,198,129,69,135,63,129,63,6
55,129,p282_133,111,60,51,57,54,57,51,3
55,130,p282_134,184,66,118,99,85,64,83,37
55,131,p282_135,242,128,114,146,96,128,96,18
55,132,p282_136,264,181,83,193,71,172,62,30
55,133,p282_137,254,185,69,192,62,182,59,13
55,134,p282_138,124,76,48,75,49,53,26,45
55,135,p282_139,168,75,93,79,89,75,89,4
55,136,p282_140,247,139,108,176,71,138,70,39
55,137,p282_141,154,103,51,96,58,85,40,29
55,138,p282_142,177,83,94,84,93,78,88,11
55,139,p282_143,256,179,77,175,81,167,69,20
55,140,p282_144,279,182,97,232,47,175,40,64
55,141,p282_145,161,108,53,93,68,77,37,47
55,142,p282_146,123,39,84,42,81,39,81,3
55,143,p282_147,310,207,103,202,108,191,92,27
55,144,p282_148,168,93,75,128,40,86,33,49
55,145,p282_149,257,163,94,179,78,160,75,22
55,146,p282_150,184,108,76,103,81,100,73,11
55,147,p282_151,136,59,77,69,67,59,67,10
55,148,p282_152,267,149,118,191,76,148,75,44
55,149,p282_153,193,90,103,126,67,90,67,36
55,150,p282_154,159,82,77,139,20,77,15,67
55,151,p282_155,244,170,74,187,57,161,48,35
55,152,p282_156,161,73,88,74,87,70,84,7
55,153,p282_157,277,174,103,195,82,173,81,23
55,154,p282_158,152,85,67,79,73,75,63,14
55,155,p282_159,228,140,88,162,66,139,65,24
55,156,p282_160,173,81,92,83,90,78,87,8
55,157,p282_161,192,86,106,106,86,72,72,48
55,158,p282_162,175,101,74,116,59,99,57,19
55,159,p282_163,164,87,77,91,73,82,68,14
55,160,p282_164,173,102,71,110,63,94,55,24
55,161,p282_165,177,102,75,105,72,97,67,13
55,162,p282_166,149,73,76,73,76,73,76,0
55,163,p282_167,249,177,72,185,64,173,60,16
55,164,p282_168,206,119,87,135,71,118,70,18
55,165,p282_169,173,76,97,82,91,73,88,12
55,166,p282_170,182,104,78,113,69,99,64,19
55,167,p282_171,150,75,75,75,75,73,73,4
55,168,p282_172,273,178,95,244,29,176,27,70
55,169,p282_173,144,91,53,115,29,85,23,36
55,170,p282_174,220,136,84,153,67,133,64,23
55,171,p282_175,175,79,96,97,78,68,67,40
55,172,p282_176,139,89,50,76,63,62,36,41
55,173,p282_177,192,108,84,87,105,84,81,27
55,174,p282_178,238,156,82,196,42,153,39,46
55,175,p282_179,127,60,67,65,62,56,58,13
55,176,p282_180,241,153,88,155,86,148,81,12
55,177,p282_181,105,74,31,92,13,64,3,38
55,178,p282_182,222,135,87,146,76,134,75,13
55,179,p282_183,173,112,61,120,53,98,39,36
55,180,p282_184,213,140,73,129,84,129,73,11
55,181,p282_185,267,197,70,201,66,193,62,12
55,182,p282_186,131,65,66,61,70,58,63,10
55,183,p282_187,177,137,40,110,67,102,32,43
55,184,p282_188,184,132,52,121,63,117,48,19
55,185,p282_189,261,172,89,190,71,172,71,18
55,186,p282_190,162,99,63,150,12,96,9,57
55,187,p282_191,273,178,95,194,79,176,77,20
55,188,p282_192,164,128,36,148,16,120,8,36
55,189,p282_193,144,51,93,62,82,51,82,11
55,190,p282_194,125,71,54,55,70,54,53,18
55,191,p282_195,108,47,61,57,51,41,45,22
55,192,p282_196,143,93,50,86,57,80,44,19
55,193,p282_197,243,167,76,181,62,164,59,20
55,194,p282_198,139,109,30,116,23,95,9,35
55,195,p282_199,267,146,121,190,77,146,77,44
55,196,p282_200,144,61,83,63,81,56,76,12
55,197,p282_201,175,118,57,109,66,100,48,27
55,198,p282_202,161,113,48,95,66,87,40,34
55,199,p282_203,146,73,73,83,63,70,60,16
55,200,p282_204,256,160,96,184,72,158,70,28
56,1,p283_001,138,90,48,125,13,86,9,43
56,2,p283_002,226,186,40,218,8,185,7,34
56,3,p283_003,441,365,76,426,15,360,10,71
56,4,p283_004,327,277,50,292,35,251,9,67
56,5,p283_005,389,324,65,384,5,324,5,60
56,6,p283_006,361,288,73,357,4,288,4,69
56,7,p283_007,283,204,79,266,17,202,15,66
56,8,p283_008,459,368,91,449,10,367,9,83
56,9,p283_009,281,215,66,277,4,215,4,62
56,10,p283_010,201,153,48,179,22,148,17,36
56,11,p283_011,430,379,51,397,33,371,25,34
56,12,p283_012,294,235,59,284,10,233,8,53
56,13,p283_013,323,251,72,298,25,243,17,63
56,14,p283_014,302,259,43,290,12,251,4,47
56,15,p283_015,450,340,110,406,44,333,37,80
56,16,p283_016,435,351,84,390,45,343,37,55
56,17,p283_017,248,157,91,169,79,153,75,20
56,18,p283_018,361,288,73,305,56,282,50,29
56,19,p283_019,481,419,62,443,38,411,30,40
56,20,p283_020,324,287,37,317,7,282,2,40
56,21,p283_021,546,447,99,495,51,447,51,48
56,22,p283_022,410,326,84,378,32,324,30,56
56,23,p283_023,731,602,129,688,43,602,43,86
56,24,p283_024,424,367,57,406,18,362,13,49
56,25,p283_025,212,157,55,183,29,151,23,38
56,26,p283_026,155,95,60,139,16,94,15,46
56,27,p283_027,159,104,55,149,10,104,10,45
56,28,p283_028,152,88,64,127,25,84,21,47
56,29,p283_029,161,98,63,124,37,87,26,48
56,30,p283_030,152,116,36,125,27,102,13,37
56,31,p283_031,230,158,72,212,18,157,17,56
56,32,p283_032,175,107,68,162,13,104,10,61
56,33,p283_033,278,216,62,247,31,210,25,43
56,34,p283_034,197,136,61,169,28,131,23,43
56,35,p283_035,145,84,61,87,58,81,55,9
56,36,p283_036,199,110,89,147,52,106,48,45
56,37,p283_037,172,108,64,138,34,106,32,34
56,38,p283_038,193,128,65,118,75,112,59,22
56,39,p283_039,169,106,63,115,54,98,46,25
56,40,p283_040,197,152,45,152,45,134,27,36
56,41,p283_041,179,122,57,151,28,121,27,31
56,42,p283_042,145,123,22,106,39,106,22,17
56,43,p283_043,229,163,66,187,42,154,33,42
56,44,p283_044,216,194,22,207,9,191,6,19
56,45,p283_045,176,170,6,159,17,153,0,23
56,46,p283_046,178,114,64,136,42,113,41,24
56,47,p283_047,238,166,72,177,61,164,59,15
56,48,p283_048,216,142,74,154,62,140,60,16
56,49,p283_049,198,154,44,161,37,140,23,35
56,50,p283_050,180,118,62,125,55,112,49,19
56,51,p283_051,198,148,50,148,50,133,35,30
56,52,p283_052,182,111,71,133,49,109,47,26
56,53,p283_053,182,99,83,121,61,95,57,30
56,54,p283_054,193,152,41,173,20,146,14,33
56,55,p283_055,171,105,66,101,70,97,62,12
56,56,p283_056,209,167,42,172,37,156,26,27
56,57,p283_057,146,109,37,104,42,94,27,25
56,58,p283_058,164,126,38,139,25,112,11,41
56,59,p283_059,131,62,69,115,16,62,16,53
56,60,p283_060,145,83,62,91,54,76,47,22
56,61,p283_061,148,87,61,95,53,72,38,38
56,62,p283_062,125,54,71,76,49,53,48,24
56,63,p283_063,171,108,63,130,41,104,37,30
56,64,p283_064,204,121,83,151,53,121,53,30
56,65,p283_065,166,114,52,146,20,109,15,42
56,66,p283_066,179,88,91,106,73,83,68,28
56,67,p283_067,165,137,28,107,58,102,23,40
56,68,p283_068,200,159,41,153,47,141,29,30
56,69,p283_069,193,151,42,159,34,139,22,32
56,70,p283_070,147,92,55,99,48,87,43,17
56,71,p283_071,166,107,59,127,39,100,32,34
56,72,p283_072,164,136,28,122,42,113,19,32
56,73,p283_073,255,201,54,192,63,185,47,23
56,74,p283_074,262,210,52,232,30,202,22,38
56,75,p283_075,163,72,91,124,39,71,38,54
56,76,p283_076,189,137,52,147,42,121,26,42
56,77,p283_077,240,170,70,186,54,161,45,34
56,78,p283_078,209,139,70,156,53,139,53,17
56,79,p283_079,166,136,30,152,14,128,6,32
56,80,p283_080,196,108,88,132,64,107,63,26
56,81,p283_081,245,169,76,186,59,158,48,39
56,82,p283_082,257,187,70,235,22,181,16,60
56,83,p283_083,207,117,90,193,14,117,14,76
56,84,p283_084,294,199,95,240,54,194,49,51
56,85,p283_085,151,99,52,94,57,86,44,21
56,86,p283_086,150,104,46,110,40,92,28,30
56,87,p283_087,172,135,37,144,28,128,21,23
56,88,p283_088,198,149,49,172,26,142,19,37
56,89,p283_089,187,109,78,96,91,92,74,21
56,90,p283_090,160,100,60,145,15,100,15,45
56,91,p283_091,163,87,76,103,60,86,59,18
56,92,p283_092,185,135,50,135,50,111,26,48
56,93,p283_093,161,131,30,104,57,100,26,35
56,94,p283_094,126,102,24,86,40,81,19,26
56,95,p283_095,134,124,10,90,44,89,9,36
56,96,p283_096,142,96,46,89,53,82,39,21
56,97,p283_097,131,101,30,91,40,79,18,34
56,98,p283_098,137,119,18,99,38,96,15,26
56,99,p283_099,161,105,56,103,58,95,48,18
56,100,p283_100,201,165,36,135,66,132,33,36
56,101,p283_101,259,146,113,202,57,145,56,58
56,102,p283_102,236,198,38,189,47,180,29,27
56,103,p283_103,171,103,68,124,47,101,45,25
56,104,p283_104,146,89,57,78,68,71,50,25
56,105,p283_105,123,71,52,60,63,56,48,19
56,106,p283_106,189,157,32,125,64,118,25,46
56,107,p283_107,139,126,13,96,43,92,9,38
56,108,p283_108,165,113,52,96,69,92,48,25
56,109,p283_109,105,91,14,67,38,62,9,34
56,110,p283_110,236,207,29,160,76,160,29,47
56,111,p283_111,147,104,43,78,69,78,43,26
56,112,p283_112,206,191,15,174,32,174,15,17
56,113,p283_113,190,165,25,157,33,146,14,30
56,114,p283_114,145,104,41,88,57,82,35,28
56,115,p283_115,201,138,63,114,87,108,57,36
56,116,p283_116,254,183,71,188,66,182,65,7
56,117,p283_117,182,119,63,129,53,119,53,10
56,118,p283_118,173,131,42,122,51,108,28,37
56,119,p283_119,152,95,57,81,71,77,53,22
56,120,p283_120,190,156,34,143,47,138,29,23
56,121,p283_121,147,106,41,93,54,90,38,19
56,122,p283_122,214,138,76,142,72,131,65,18
56,123,p283_123,265,236,29,198,67,195,26,44
56,124,p283_124,193,155,38,129,64,127,36,30
56,125,p283_125,131,80,51,71,60,70,50,11
56,126,p283_126,195,137,58,118,77,118,58,19
56,127,p283_127,113,96,17,97,16,90,10,13
56,128,p283_128,180,84,96,79,101,72,89,19
56,129,p283_129,139,78,61,69,70,67,59,13
56,130,p283_130,146,82,64,64,82,63,63,20
56,131,p283_131,175,148,27,124,51,120,23,32
56,132,p283_132,141,81,60,71,70,71,60,10
56,133,p283_133,264,194,70,169,95,168,69,27
56,134,p283_134,158,148,10,112,46,112,10,36
56,135,p283_135,176,141,35,97,79,97,35,44
56,136,p283_136,196,163,33,136,60,135,32,29
56,137,p283_137,164,123,41,91,73,91,41,32
56,138,p283_138,222,197,25,158,64,156,23,43
56,139,p283_139,147,87,60,83,64,76,53,18
56,140,p283_140,179,149,30,134,45,133,29,17
56,141,p283_141,174,128,46,114,60,111,43,20
56,142,p283_142,166,137,29,122,44,115,22,29
56,143,p283_143,151,87,64,76,75,76,64,11
56,144,p283_144,161,113,48,108,53,100,40,21
56,145,p283_145,179,130,49,116,63,114,47,18
56,146,p283_146,154,116,38,104,50,93,27,34
56,147,p283_147,215,197,18,159,56,154,13,48
56,148,p283_148,172,135,37,165,7,129,1,42
56,149,p283_149,158,86,72,130,28,86,28,44
56,150,p283_150,232,146,86,173,59,143,56,33
56,151,p283_151,225,195,30,178,47,169,21,35
56,152,p283_152,177,166,11,145,32,139,5,33
56,153,p283_153,174,153,21,121,53,117,17,40
56,154,p283_154,209,151,58,149,60,145,54,10
56,155,p283_155,231,221,10,202,29,197,5,29
56,156,p283_156,169,153,16,150,19,140,6,23
56,157,p283_157,199,154,45,162,37,138,21,40
56,158,p283_158,178,116,62,112,66,90,40,48
56,159,p283_159,176,125,51,164,12,118,5,53
56,160,p283_160,182,144,38,157,25,136,17,29
56,161,p283_161,244,178,66,184,60,166,48,30
56,162,p283_162,217,176,41,189,28,169,21,27
56,163,p283_163,200,166,34,171,29,151,14,35
56,164,p283_164,165,88,77,79,86,66,64,35
56,165,p283_165,134,114,20,109,25,96,7,31
56,166,p283_166,143,132,11,103,40,100,8,35
56,167,p283_167,113,105,8,73,40,71,6,36
56,168,p283_168,163,123,40,128,35,111,23,29
56,169,p283_169,148,108,40,104,44,95,31,22
56,170,p283_170,169,113,56,152,17,109,13,47
56,171,p283_171,158,138,20,145,13,127,2,29
56,172,p283_172,150,91,59,111,39,89,37,24
56,173,p283_173,185,140,45,138,47,124,31,30
56,174,p283_174,150,95,55,119,31,80,16,54
56,175,p283_175,232,210,22,210,22,191,3,38
56,176,p283_176,143,112,31,83,60,82,30,31
56,177,p283_177,165,154,11,132,33,130,9,26
56,178,p283_178,145,125,20,112,33,101,9,35
56,179,p283_179,187,136,51,143,44,124,32,31
56,180,p283_180,139,128,11,79,60,77,9,53
56,181,p283_181,139,139,0,133,6,133,0,6
56,182,p283_182,145,101,44,106,39,86,24,35
56,183,p283_183,227,200,27,195,32,185,17,25
56,184,p283_184,129,102,27,80,49,71,18,40
56,185,p283_185,153,106,47,129,24,96,14,43
56,186,p283_186,159,108,51,150,9,108,9,42
56,187,p283_187,163,95,68,121,42,89,36,38
56,188,p283_188,217,210,7,195,22,195,7,15
56,189,p283_189,155,116,39,126,29,101,14,40
56,190,p283_190,198,186,12,158,40,158,12,28
56,191,p283_191,157,145,12,143,14,134,3,20
56,192,p283_192,223,192,31,197,26,180,14,29
56,193,p283_193,160,107,53,136,24,100,17,43
56,194,p283_194,161,154,7,150,11,145,2,14
56,195,p283_195,187,177,10,168,19,166,8,13
56,196,p283_196,177,161,16,135,42,131,12,34
56,197,p283_197,253,227,26,193,60,190,23,40
56,198,p283_198,205,198,7,132,73,131,6,68
56,199,p283_199,163,146,17,131,32,123,9,31
56,200,p283_200,190,163,27,159,31,142,10,38
57,1,p284_001,142,58,84,80,62,58,62,22
57,2,p284_002,278,120,158,144,134,111,125,42
57,3,p284_003,344,265,79,270,74,259,68,17
57,4,p284_004,244,175,69,240,4,175,4,65
57,5,p284_005,319,233,86,269,50,232,49,38
57,6,p284_006,275,202,73,218,57,197,52,26
57,7,p284_007,233,160,73,170,63,159,62,12
57,8,p284_008,392,281,111,295,97,276,92,24
57,9,p284_009,249,163,86,163,86,163,86,0
57,10,p284_010,153,83,70,83,70,83,70,0
57,11,p284_011,331,243,88,251,80,240,77,14
57,12,p284_012,237,168,69,163,74,162,68,7
57,13,p284_013,230,160,70,152,78,152,70,8
57,14,p284_014,234,175,59,173,61,172,58,4
57,15,p284_015,339,223,116,230,109,222,108,9
57,16,p284_016,373,263,110,260,113,259,109,5
57,17,p284_017,206,140,66,144,62,138,60,8
57,18,p284_018,286,199,87,201,85,197,83,6
57,19,p284_019,422,322,100,323,99,315,92,15
57,20,p284_020,219,140,79,145,74,138,72,9
57,21,p284_021,476,365,111,362,114,356,105,15
57,22,p284_022,362,273,89,265,97,265,89,8
57,23,p284_023,598,468,130,457,141,452,125,21
57,24,p284_024,503,319,184,388,115,319,115,69
57,25,p284_025,236,155,81,154,82,151,78,7
57,26,p284_026,110,51,59,51,59,51,59,0
57,27,p284_027,113,49,64,58,55,48,54,11
57,28,p284_028,193,116,77,120,73,115,72,6
57,29,p284_029,131,57,74,56,75,56,74,1
57,30,p284_030,224,136,88,134,90,134,88,2
57,31,p284_031,116,54,62,53,63,52,61,3
57,32,p284_032,131,59,72,57,74,57,72,2
57,33,p284_033,113,48,65,46,67,46,65,2
57,34,p284_034,270,176,94,170,100,170,94,6
57,35,p284_035,235,157,78,154,81,153,77,5
57,36,p284_036,145,71,74,75,70,65,64,16
57,37,p284_037,129,53,76,55,74,44,65,20
57,38,p284_038,235,145,90,143,92,142,89,4
57,39,p284_039,193,114,79,115,78,111,75,7
57,40,p284_040,249,152,97,152,97,148,93,8
57,41,p284_041,147,85,62,80,67,79,61,7
57,42,p284_042,225,149,76,146,79,144,74,7
57,43,p284_043,132,90,42,75,57,68,35,29
57,44,p284_044,261,160,101,161,100,158,98,5
57,45,p284_045,175,99,76,92,83,92,76,7
57,46,p284_046,97,50,47,50,47,49,46,2
57,47,p284_047,190,124,66,120,70,120,66,4
57,48,p284_048,110,56,54,52,58,52,54,4
57,49,p284_049,97,30,67,28,69,28,67,2
57,50,p284_050,190,112,78,108,82,107,77,6
57,51,p284_051,145,80,65,85,60,79,59,7
57,52,p284_052,177,104,73,103,74,102,72,3
57,53,p284_053,158,116,42,99,59,92,35,31
57,54,p284_054,129,59,70,56,73,54,68,7
57,55,p284_055,218,146,72,152,66,144,64,10
57,56,p284_056,153,81,72,81,72,80,71,2
57,57,p284_057,147,77,70,67,80,67,70,10
57,58,p284_058,113,53,60,45,68,43,58,12
57,59,p284_059,222,146,76,146,76,145,75,2
57,60,p284_060,238,167,71,167,71,162,66,10
57,61,p284_061,289,222,67,258,31,220,29,40
57,62,p284_062,123,68,55,62,61,58,51,14
57,63,p284_063,115,51,64,50,65,48,62,5
57,64,p284_064,178,102,76,111,67,98,63,17
57,65,p284_065,298,188,110,187,111,185,108,5
57,66,p284_066,139,97,42,81,58,77,38,24
57,67,p284_067,153,113,40,95,58,92,37,24
57,68,p284_068,121,98,23,76,45,71,18,32
57,69,p284_069,179,117,62,112,67,110,60,9
57,70,p284_070,163,93,70,94,69,90,66,7
57,71,p284_071,129,70,59,70,59,68,57,4
57,72,p284_072,113,99,14,87,26,82,9,22
57,73,p284_073,259,194,65,184,75,181,62,16
57,74,p284_074,222,170,52,169,53,168,51,3
57,75,p284_075,132,70,62,70,62,69,61,2
57,76,p284_076,121,43,78,47,74,43,74,4
57,77,p284_077,123,64,59,64,59,58,53,12
57,78,p284_078,177,97,80,101,76,96,75,6
57,79,p284_079,142,85,57,91,51,81,47,14
57,80,p284_080,121,53,68,45,76,44,67,10
57,81,p284_081,153,81,72,78,75,78,72,3
57,82,p284_082,177,95,82,100,77,94,76,7
57,83,p284_083,155,86,69,88,67,85,66,4
57,84,p284_084,123,67,56,67,56,66,55,2
57,85,p284_085,243,145,98,145,98,144,97,2
57,86,p284_086,263,189,74,216,47,183,41,39
57,87,p284_087,171,117,54,111,60,111,54,6
57,88,p284_088,107,58,49,53,54,51,47,9
57,89,p284_089,193,124,69,121,72,118,66,9
57,90,p284_090,195,119,76,118,77,115,73,7
57,91,p284_091,158,116,42,104,54,104,42,12
57,92,p284_092,219,159,60,152,67,151,59,9
57,93,p284_093,137,76,61,71,66,69,59,9
57,94,p284_094,105,66,39,56,49,47,30,28
57,95,p284_095,115,55,60,49,66,49,60,6
57,96,p284_096,235,152,83,146,89,146,83,6
57,97,p284_097,134,75,59,76,58,73,56,5
57,98,p284_098,113,54,59,69,44,52,42,19
57,99,p284_099,283,176,107,170,113,169,106,8
57,100,p284_100,161,89,72,89,72,79,62,20
57,101,p284_101,123,44,79,44,79,44,79,0
57,102,p284_102,195,125,70,119,76,114,65,16
57,103,p284_103,302,206,96,207,95,202,91,9
57,104,p284_104,121,36,85,42,79,35,78,8
57,105,p284_105,155,86,69,90,65,86,65,4
57,106,p284_106,155,98,57,94,61,91,54,10
57,107,p284_107,143,92,51,59,84,56,48,39
57,108,p284_108,297,219,78,222,75,218,74,5
57,109,p284_109,210,115,95,110,100,110,95,5
57,110,p284_110,113,52,61,52,61,52,61,0
57,111,p284_111,226,128,98,126,100,124,96,6
57,112,p284_112,169,91,78,90,79,85,73,11
57,113,p284_113,131,75,56,66,65,63,53,15
57,114,p284_114,219,100,119,106,113,100,113,6
57,115,p284_115,144,79,65,80,64,66,51,27
57,116,p284_116,234,163,71,158,76,158,71,5
57,117,p284_117,198,130,68,129,69,127,66,5
57,118,p284_118,304,201,103,197,107,195,101,8
57,119,p284_119,123,64,59,98,25,60,21,42
57,120,p284_120,256,165,91,160,96,160,91,5
57,121,p284_121,121,54,67,58,63,53,62,6
57,122,p284_122,257,172,85,161,96,159,83,15
57,123,p284_123,155,77,78,78,77,77,77,1
57,124,p284_124,161,92,69,92,69,91,68,2
57,125,p284_125,171,88,83,100,71,88,71,12
57,126,p284_126,239,172,67,161,78,158,64,17
57,127,p284_127,126,56,70,54,72,51,67,8
57,128,p284_128,155,76,79,73,82,71,77,7
57,129,p284_129,197,117,80,114,83,114,80,3
57,130,p284_130,184,97,87,90,94,88,85,11
57,131,p284_131,272,180,92,172,100,172,92,8
57,132,p284_132,221,136,85,148,73,135,72,14
57,133,p284_133,265,179,86,180,85,173,79,13
57,134,p284_134,278,193,85,184,94,178,79,21
57,135,p284_135,202,72,130,72,130,72,130,0
57,136,p284_136,208,127,81,127,81,126,80,2
57,137,p284_137,260,170,90,164,96,162,88,10
57,138,p284_138,179,113,66,114,65,110,62,7
57,139,p284_139,107,58,49,56,51,43,36,28
57,140,p284_140,137,67,70,67,70,65,68,4
57,141,p284_141,207,133,74,127,80,127,74,6
57,142,p284_142,295,213,82,208,87,203,77,15
57,143,p284_143,153,79,74,92,61,79,61,13
57,144,p284_144,150,62,88,65,85,54,77,19
57,145,p284_145,133,62,71,53,80,50,68,15
57,146,p284_146,249,172,77,168,81,168,77,4
57,147,p284_147,256,171,85,170,86,168,83,5
57,148,p284_148,137,75,62,75,62,73,60,4
57,149,p284_149,230,130,100,140,90,126,86,18
57,150,p284_150,310,189,121,180,130,178,119,13
57,151,p284_151,120,49,71,103,17,48,16,56
57,152,p284_152,159,86,73,109,50,78,42,39
57,153,p284_153,142,79,63,86,56,78,55,9
57,154,p284_154,113,58,55,62,51,58,51,4
57,155,p284_155,126,72,54,62,64,59,51,16
57,156,p284_156,217,147,70,154,63,142,58,17
57,157,p284_157,113,55,58,63,50,52,47,14
57,158,p284_158,165,83,82,86,79,80,76,9
57,159,p284_159,155,89,66,86,69,86,66,3
57,160,p284_160,203,118,85,123,80,115,77,11
57,161,p284_161,347,199,148,195,152,192,145,10
57,162,p284_162,150,73,77,67,83,65,75,10
57,163,p284_163,201,139,62,133,68,130,59,12
57,164,p284_164,228,154,74,146,82,143,71,14
57,165,p284_165,134,62,72,65,69,61,68,5
57,166,p284_166,146,66,80,67,79,61,74,11
57,167,p284_167,135,80,55,76,59,75,54,6
57,168,p284_168,166,80,86,79,87,79,86,1
57,169,p284_169,122,58,64,49,73,49,64,9
57,170,p284_170,110,84,26,60,50,60,26,24
57,171,p284_171,251,157,94,155,96,152,91,8
57,172,p284_172,262,184,78,174,88,168,72,22
57,173,p284_173,190,107,83,109,81,106,80,4
57,174,p284_174,162,71,91,79,83,71,83,8
57,175,p284_175,161,67,94,79,82,65,80,16
57,176,p284_176,252,171,81,168,84,168,81,3
57,177,p284_177,117,36,81,36,81,36,81,0
57,178,p284_178,169,81,88,80,89,79,87,3
57,179,p284_179,209,123,86,121,88,119,84,6
57,180,p284_180,213,129,84,130,83,128,82,3
57,181,p284_181,188,105,83,105,83,105,83,0
57,182,p284_182,267,173,94,169,98,167,92,8
57,183,p284_183,170,96,74,104,66,92,62,16
57,184,p284_184,248,163,85,164,84,158,79,11
57,185,p284_185,121,58,63,62,59,57,58,6
57,186,p284_186,123,88,35,77,46,66,24,33
57,187,p284_187,245,146,99,155,90,142,86,17
57,188,p284_188,145,75,70,72,73,72,70,3
57,189,p284_189,285,175,110,162,123,162,110,13
57,190,p284_190,146,67,79,64,82,64,79,3
57,191,p284_191,115,49,66,54,61,49,61,5
57,192,p284_192,131,77,54,49,82,49,54,28
57,193,p284_193,184,115,69,114,70,114,69,1
57,194,p284_194,225,134,91,122,103,122,91,12
57,195,p284_195,198,119,79,119,79,119,79,0
57,196,p284_196,159,68,91,61,98,61,91,7
57,197,p284_197,169,66,103,61,108,61,103,5
57,198,p284_198,223,124,99,121,102,116,94,13
57,199,p284_199,267,163,104,141,126,141,104,22
57,200,p284_200,150,61,89,57,93,47,79,24
58,1,p285_001,123,80,43,69,54,69,43,11
58,2,p285_002,206,137,69,141,65,130,58,18
58,3,p285_003,406,328,78,386,20,319,11,76
58,4,p285_004,283,210,73,228,55,207,52,24
58,5,p285_005,338,276,62,292,46,275,45,18
58,6,p285_006,321,231,90,260,61,227,57,37
58,7,p285_007,240,166,74,178,62,166,62,12
58,8,p285_008,433,321,112,357,76,316,71,46
58,9,p285_009,290,201,89,272,18,201,18,71
58,10,p285_010,176,96,80,116,60,93,57,26
58,11,p285_011,375,269,106,334,41,268,40,67
58,12,p285_012,269,192,77,210,59,192,59,18
58,13,p285_013,257,186,71,218,39,183,36,38
58,14,p285_014,300,228,72,261,39,227,38,35
58,15,p285_015,368,293,75,350,18,293,18,57
58,16,p285_016,377,290,87,321,56,288,54,35
58,17,p285_017,223,142,81,175,48,141,47,35
58,18,p285_018,326,271,55,295,31,266,26,34
58,19,p285_019,401,332,69,389,12,332,12,57
58,20,p285_020,227,154,73,188,39,154,39,34
58,21,p285_021,498,414,84,438,60,414,60,24
58,22,p285_022,387,313,74,315,72,295,54,38
58,23,p285_023,618,529,89,559,59,522,52,44
58,24,p285_024,396,290,106,361,35,287,32,77
58,25,p285_025,233,184,49,201,32,176,24,33
58,26,p285_026,195,132,63,151,44,130,42,23
58,27,p285_027,294,219,75,225,69,216,66,12
58,28,p285_028,207,124,83,134,73,124,73,10
58,29,p285_029,229,140,89,145,84,136,80,13
58,30,p285_030,302,197,105,217,85,195,83,24
58,31,p285_031,137,72,65,123,14,72,14,51
58,32,p285_032,129,74,55,90,39,69,34,26
58,33,p285_033,142,81,61,82,60,78,57,7
58,34,p285_034,273,199,74,210,63,197,61,15
58,35,p285_035,251,184,67,186,65,180,61,10
58,36,p285_036,247,140,107,189,58,139,57,51
58,37,p285_037,125,57,68,58,67,53,63,9
58,38,p285_038,113,45,68,62,51,44,50,19
58,39,p285_039,123,66,57,67,56,62,52,9
58,40,p285_040,201,145,56,182,19,145,19,37
58,41,p285_041,250,182,68,196,54,182,54,14
58,42,p285_042,145,76,69,80,65,68,57,20
58,43,p285_043,153,103,50,122,31,103,31,19
58,44,p285_044,144,66,78,83,61,66,61,17
58,45,p285_045,217,149,68,180,37,149,37,31
58,46,p285_046,137,74,63,80,57,67,50,20
58,47,p285_047,203,126,77,131,72,126,72,5
58,48,p285_048,113,59,54,60,53,49,43,21
58,49,p285_049,97,54,43,58,39,51,36,10
58,50,p285_050,102,56,46,70,32,51,27,24
58,51,p285_051,110,50,60,61,49,50,49,11
58,52,p285_052,129,67,62,82,47,65,45,19
58,53,p285_053,254,186,68,188,66,181,61,12
58,54,p285_054,118,47,71,67,51,45,49,24
58,55,p285_055,177,110,67,117,60,104,54,19
58,56,p285_056,227,163,64,173,54,163,54,10
58,57,p285_057,147,89,58,134,13,89,13,45
58,58,p285_058,135,65,70,94,41,64,40,31
58,59,p285_059,113,49,64,54,59,45,55,13
58,60,p285_060,235,167,68,182,53,167,53,15
58,61,p285_061,107,64,43,66,41,56,33,18
58,62,p285_062,155,85,70,83,72,82,69,4
58,63,p285_063,161,95,66,111,50,95,50,16
58,64,p285_064,158,96,62,108,50,94,48,16
58,65,p285_065,137,62,75,83,54,61,53,23
58,66,p285_066,179,104,75,104,75,86,57,36
58,67,p285_067,131,86,45,74,57,73,44,14
58,68,p285_068,195,177,18,152,43,147,13,35
58,69,p285_069,275,168,107,176,99,162,93,20
58,70,p285_070,153,71,82,79,74,68,71,14
58,71,p285_071,166,87,79,158,8,87,8,71
58,72,p285_072,214,165,49,159,55,159,49,6
58,73,p285_073,126,54,72,55,71,47,64,15
58,74,p285_074,195,134,61,162,33,133,32,30
58,75,p285_075,116,61,55,66,50,57,46,13
58,76,p285_076,105,60,45,63,42,52,34,19
58,77,p285_077,139,79,60,85,54,79,54,6
58,78,p285_078,99,58,41,62,37,55,34,10
58,79,p285_079,113,59,54,71,42,59,42,12
58,80,p285_080,262,164,98,157,105,146,87,29
58,81,p285_081,107,60,47,106,1,60,1,46
58,82,p285_082,118,58,60,76,42,58,42,18
58,83,p285_083,107,59,48,59,48,47,36,24
58,84,p285_084,139,101,38,92,47,82,28,29
58,85,p285_085,195,159,36,141,54,136,31,28
58,86,p285_086,198,139,59,137,61,136,58,4
58,87,p285_087,127,56,71,71,56,48,48,31
58,88,p285_088,102,87,15,54,48,54,15,33
58,89,p285_089,195,125,70,126,69,125,69,1
58,90,p285_090,171,108,63,103,68,101,61,9
58,91,p285_091,123,98,25,72,51,67,20,36
58,92,p285_092,246,177,69,169,77,168,68,10
58,93,p285_093,107,55,52,48,59,45,49,13
58,94,p285_094,144,79,65,73,71,71,63,10
58,95,p285_095,121,73,48,58,63,58,48,15
58,96,p285_096,270,198,72,204,66,198,66,6
58,97,p285_097,129,65,64,61,68,55,58,16
58,98,p285_098,217,147,70,151,66,147,66,4
58,99,p285_099,150,96,54,90,60,87,51,12
58,100,p285_100,155,102,53,95,60,94,52,9
58,101,p285_101,169,92,77,88,81,88,77,4
58,102,p285_102,177,118,59,131,46,115,43,19
58,103,p285_103,121,58,63,66,55,50,47,24
58,104,p285_104,147,101,46,97,50,91,40,16
58,105,p285_105,166,117,49,114,52,113,48,5
58,106,p285_106,174,123,51,127,47,115,39,20
58,107,p285_107,161,86,75,143,18,85,17,59
58,108,p285_108,123,32,91,82,41,32,41,50
58,109,p285_109,177,113,64,124,53,112,52,13
58,110,p285_110,121,56,65,56,65,56,65,0
58,111,p285_111,190,128,62,126,64,119,55,16
58,112,p285_112,113,47,66,66,47,47,47,19
58,113,p285_113,230,169,61,183,47,169,47,14
58,114,p285_114,174,118,56,125,49,115,46,13
58,115,p285_115,102,67,35,69,33,55,21,26
58,116,p285_116,134,78,56,82,52,66,40,28
58,117,p285_117,126,79,47,89,37,74,32,20
58,118,p285_118,118,71,47,90,28,68,25,25
58,119,p285_119,174,116,58,111,63,109,56,9
58,120,p285_120,142,85,57,95,47,83,45,14
58,121,p285_121,145,75,70,99,46,75,46,24
58,122,p285_122,139,99,40,132,7,95,3,41
58,123,p285_123,118,67,51,89,29,64,26,28
58,124,p285_124,158,95,63,103,55,92,52,14
58,125,p285_125,142,73,69,113,29,71,27,44
58,126,p285_126,182,112,70,115,67,112,67,3
58,127,p285_127,126,67,59,72,54,66,53,7
58,128,p285_128,134,80,54,74,60,67,47,20
58,129,p285_129,97,52,45,54,43,48,39,10
58,130,p285_130,204,138,66,134,70,129,61,14
58,131,p285_131,217,154,63,153,64,151,61,5
58,132,p285_132,249,184,65,190,59,179,54,16
58,133,p285_133,201,131,70,130,71,130,70,1
58,134,p285_134,249,163,86,175,74,163,74,12
58,135,p285_135,190,112,78,113,77,112,77,1
58,136,p285_136,219,119,100,123,96,118,95,6
58,137,p285_137,233,172,61,187,46,168,42,23
58,138,p285_138,110,56,54,63,47,49,40,21
58,139,p285_139,238,173,65,191,47,169,43,26
58,140,p285_140,107,49,58,52,55,49,55,3
58,141,p285_141,175,110,65,116,59,105,54,16
58,142,p285_142,257,182,75,179,78,173,69,15
58,143,p285_143,155,79,76,139,16,79,16,60
58,144,p285_144,201,144,57,170,31,137,24,40
58,145,p285_145,217,151,66,147,70,139,58,20
58,146,p285_146,134,86,48,94,40,86,40,8
58,147,p285_147,185,140,45,130,55,122,37,26
58,148,p285_148,113,84,29,66,47,64,27,22
58,149,p285_149,157,106,51,100,57,99,50,8
58,150,p285_150,147,82,65,101,46,82,46,19
58,151,p285_151,171,111,60,118,53,108,50,13
58,152,p285_152,206,161,45,149,57,144,40,22
58,153,p285_153,115,62,53,72,43,62,43,10
58,154,p285_154,211,158,53,167,44,158,44,9
58,155,p285_155,169,93,76,105,64,90,61,18
58,156,p285_156,131,85,46,97,34,83,32,16
58,157,p285_157,131,62,69,69,62,62,62,7
58,158,p285_158,110,49,61,60,50,46,47,17
58,159,p285_159,253,196,57,248,5,195,4,54
58,160,p285_160,222,180,42,180,42,167,29,26
58,161,p285_161,147,76,71,78,69,71,64,12
58,162,p285_162,244,174,70,187,57,173,56,15
58,163,p285_163,249,186,63,197,52,183,49,17
58,164,p285_164,121,59,62,71,50,59,50,12
58,165,p285_165,124,58,66,62,62,57,61,6
58,166,p285_166,166,124,42,124,42,124,42,0
58,167,p285_167,238,185,53,225,13,185,13,40
58,168,p285_168,235,161,74,181,54,161,54,20
58,169,p285_169,123,66,57,80,43,66,43,14
58,170,p285_170,113,65,48,69,44,61,40,12
58,171,p285_171,171,115,56,116,55,109,49,13
58,172,p285_172,137,91,46,98,39,91,39,7
58,173,p285_173,94,47,47,51,43,41,37,16
58,174,p285_174,230,175,55,182,48,174,47,9
58,175,p285_175,211,163,48,165,46,160,43,8
58,176,p285_176,118,74,44,70,48,67,41,10
58,177,p285_177,139,76,63,74,65,70,59,10
58,178,p285_178,241,169,72,182,59,165,55,21
58,179,p285_179,105,48,57,53,52,46,50,9
58,180,p285_180,134,91,43,90,44,73,26,35
58,181,p285_181,102,46,56,53,49,42,45,15
58,182,p285_182,246,195,51,186,60,185,50,11
58,183,p285_183,126,93,33,84,42,81,30,15
58,184,p285_184,187,135,52,147,40,134,39,14
58,185,p285_185,169,120,49,120,49,120,49,0
58,186,p285_186,166,122,44,126,40,120,38,8
58,187,p285_187,202,101,101,117,85,100,84,18
58,188,p285_188,233,171,62,169,64,165,58,10
58,189,p285_189,126,68,58,76,50,66,48,12
58,190,p285_190,171,120,51,121,50,108,38,25
58,191,p285_191,275,221,54,227,48,218,45,12
58,192,p285_192,145,68,77,83,62,66,60,19
58,193,p285_193,214,158,56,164,50,156,48,10
58,194,p285_194,83,64,19,42,41,40,17,26
58,195,p285_195,177,101,76,97,80,87,66,24
58,196,p285_196,243,175,68,182,61,170,56,17
58,197,p285_197,163,77,86,87,76,76,75,12
58,198,p285_198,171,116,55,114,57,114,55,2
58,199,p285_199,246,165,81,168,78,156,69,21
58,200,p285_200,169,88,81,89,80,87,79,3
59,1,p286_001,133,59,74,57,76,57,74,2
59,2,p286_002,234,156,78,147,87,147,78,9
59,3,p286_003,441,302,139,280,161,277,136,28
59,4,p286_004,289,214,75,209,80,208,74,7
59,5,p286_005,418,281,137,273,145,267,131,20
59,6,p286_006,361,261,100,255,106,255,100,6
59,7,p286_007,299,204,95,192,107,192,95,12
59,8,p286_008,486,344,142,339,147,337,140,9
59,9,p286_009,313,201,112,197,116,195,110,8
59,10,p286_010,219,108,111,115,104,106,102,11
59,11,p286_011,470,316,154,318,152,316,152,2
59,12,p286_012,300,199,101,190,110,190,101,9
59,13,p286_013,288,197,91,197,91,192,86,10
59,14,p286_014,337,251,86,234,103,234,86,17
59,15,p286_015,377,308,69,293,84,292,68,17
59,16,p286_016,449,360,89,348,101,341,82,26
59,17,p286_017,245,159,86,151,94,151,86,8
59,18,p286_018,364,292,72,264,100,260,68,36
59,19,p286_019,505,394,111,392,113,386,105,14
59,20,p286_020,265,196,69,184,81,183,68,14
59,21,p286_021,584,468,116,450,134,447,113,24
59,22,p286_022,457,325,132,312,145,312,132,13
59,23,p286_023,771,608,163,574,197,572,161,38
59,24,p286_024,448,328,120,328,120,326,118,4
59,25,p286_025,197,136,61,133,64,133,61,3
59,26,p286_026,174,112,62,99,75,99,62,13
59,27,p286_027,179,98,81,98,81,98,81,0
59,28,p286_028,161,123,38,80,81,79,37,45
59,29,p286_030,222,134,88,132,90,132,88,2
59,30,p286_031,205,134,71,126,79,124,69,12
59,31,p286_032,243,151,92,149,94,147,90,6
59,32,p286_033,246,155,91,148,98,148,91,7
59,33,p286_034,246,144,102,144,102,139,97,10
59,34,p286_035,222,149,73,144,78,144,73,5
59,35,p286_036,285,190,95,185,100,184,94,7
59,36,p286_037,177,97,80,93,84,90,77,10
59,37,p286_038,195,120,75,118,77,117,74,4
59,38,p286_039,203,131,72,127,76,126,71,6
59,39,p286_040,177,109,68,111,66,108,65,4
59,40,p286_041,202,115,87,101,101,101,87,14
59,41,p286_042,162,80,82,76,86,75,81,6
59,42,p286_043,142,101,41,74,68,73,40,29
59,43,p286_044,222,174,48,147,75,147,48,27
59,44,p286_045,166,80,86,77,89,77,86,3
59,45,p286_046,185,114,71,110,75,110,71,4
59,46,p286_047,158,103,55,105,53,101,51,6
59,47,p286_048,249,167,82,165,84,164,81,4
59,48,p286_049,233,140,93,138,95,137,92,4
59,49,p286_050,166,71,95,71,95,71,95,0
59,50,p286_051,174,110,64,104,70,102,62,10
59,51,p286_052,211,94,117,87,124,87,117,7
59,52,p286_053,169,48,121,48,121,48,121,0
59,53,p286_054,144,64,80,61,83,60,79,5
59,54,p286_055,131,58,73,55,76,55,73,3
59,55,p286_056,163,95,68,91,72,89,66,8
59,56,p286_057,236,124,112,128,108,123,107,6
59,57,p286_058,171,82,89,83,88,78,84,9
59,58,p286_059,214,144,70,133,81,133,70,11
59,59,p286_060,227,137,90,122,105,120,88,19
59,60,p286_061,243,154,89,148,95,148,89,6
59,61,p286_062,155,89,66,80,75,80,66,9
59,62,p286_063,145,70,75,71,74,69,73,3
59,63,p286_064,169,102,67,101,68,100,66,3
59,64,p286_065,286,210,76,203,83,200,73,13
59,65,p286_066,169,99,70,92,77,92,70,7
59,66,p286_067,177,106,71,97,80,96,70,11
59,67,p286_068,174,95,79,95,79,94,78,2
59,68,p286_069,158,87,71,81,77,78,68,12
59,69,p286_070,161,83,78,77,84,77,78,6
59,70,p286_071,166,79,87,79,87,79,87,0
59,71,p286_072,182,104,78,104,78,104,78,0
59,72,p286_073,150,64,86,65,85,64,85,1
59,73,p286_074,209,129,80,120,89,120,80,9
59,74,p286_075,158,94,64,90,68,90,64,4
59,75,p286_076,260,163,97,153,107,150,94,16
59,76,p286_077,158,75,83,69,89,69,83,6
59,77,p286_078,189,109,80,106,83,106,80,3
59,78,p286_079,193,119,74,113,80,110,71,12
59,79,p286_080,235,163,72,162,73,162,72,1
59,80,p286_081,171,87,84,82,89,82,84,5
59,81,p286_082,265,170,95,177,88,166,84,15
59,82,p286_083,233,110,123,111,122,107,119,7
59,83,p286_084,164,95,69,96,68,92,65,7
59,84,p286_085,166,84,82,79,87,79,82,5
59,85,p286_086,163,101,62,109,54,101,54,8
59,86,p286_087,195,141,54,134,61,134,54,7
59,87,p286_088,142,79,63,73,69,72,62,8
59,88,p286_089,158,92,66,92,66,91,65,2
59,89,p286_090,155,93,62,89,66,89,62,4
59,90,p286_091,139,74,65,70,69,70,65,4
59,91,p286_092,193,111,82,111,82,110,81,2
59,92,p286_093,145,71,74,74,71,69,69,7
59,93,p286_094,169,93,76,86,83,86,76,7
59,94,p286_095,113,41,72,42,71,36,66,11
59,95,p286_096,137,59,78,55,82,55,78,4
59,96,p286_097,110,39,71,36,74,36,71,3
59,97,p286_098,198,115,83,115,83,109,77,12
59,98,p286_099,217,148,69,145,72,145,69,3
59,99,p286_100,317,250,67,245,72,244,66,7
59,100,p286_101,174,99,75,100,74,99,74,1
59,101,p286_102,147,85,62,81,66,80,61,6
59,102,p286_103,227,164,63,161,66,161,63,3
59,103,p286_104,145,87,58,89,56,84,53,8
59,104,p286_105,219,153,66,146,73,144,64,11
59,105,p286_106,163,97,66,85,78,85,66,12
59,106,p286_107,214,122,92,119,95,118,91,5
59,107,p286_108,163,98,65,96,67,94,63,6
59,108,p286_109,142,67,75,68,74,67,74,1
59,109,p286_110,235,146,89,144,91,141,86,8
59,110,p286_111,206,126,80,113,93,113,80,13
59,111,p286_112,147,67,80,65,82,64,79,4
59,112,p286_113,147,67,80,66,81,66,80,1
59,113,p286_114,233,138,95,129,104,129,95,9
59,114,p286_115,222,142,80,139,83,139,80,3
59,115,p286_116,188,110,78,113,75,107,72,9
59,116,p286_117,241,170,71,167,74,165,69,7
59,117,p286_118,217,151,66,145,72,145,66,6
59,118,p286_119,261,168,93,159,102,158,92,11
59,119,p286_120,238,163,75,155,83,155,75,8
59,120,p286_121,161,91,70,92,69,91,69,1
59,121,p286_122,211,129,82,127,84,125,80,6
59,122,p286_123,153,70,83,69,84,66,80,7
59,123,p286_124,235,166,69,167,68,165,67,3
59,124,p286_125,219,161,58,160,59,160,58,1
59,125,p286_126,158,83,75,80,78,80,75,3
59,126,p286_127,209,131,78,135,74,129,72,8
59,127,p286_128,155,85,70,83,72,83,70,2
59,128,p286_129,206,135,71,134,72,133,70,3
59,129,p286_130,177,99,78,97,80,95,76,6
59,130,p286_131,163,79,84,83,80,79,80,4
59,131,p286_132,198,124,74,121,77,121,74,3
59,132,p286_133,203,133,70,134,69,131,67,5
59,133,p286_134,158,84,74,83,75,82,73,3
59,134,p286_135,161,90,71,86,75,85,70,6
59,135,p286_136,204,107,97,105,99,105,97,2
59,136,p286_137,195,89,106,84,111,84,106,5
59,137,p286_138,185,91,94,90,95,89,93,3
59,138,p286_139,206,122,84,144,62,120,60,26
59,139,p286_140,195,110,85,111,84,110,84,1
59,140,p286_141,187,81,106,79,108,78,105,4
59,141,p286_142,195,108,87,108,87,106,85,4
59,142,p286_143,254,183,71,182,72,181,70,3
59,143,p286_144,167,80,87,76,91,75,86,6
59,144,p286_145,158,83,75,82,76,82,75,1
59,145,p286_146,137,78,59,68,69,68,59,10
59,146,p286_147,129,70,59,64,65,59,54,16
59,147,p286_148,129,67,62,66,63,66,62,1
59,148,p286_149,110,53,57,59,51,53,51,6
59,149,p286_150,123,50,73,46,77,46,73,4
59,150,p286_151,118,43,75,44,74,43,74,1
59,151,p286_152,163,91,72,86,77,86,72,5
59,152,p286_153,259,146,113,141,118,140,112,7
59,153,p286_154,158,78,80,78,80,76,78,4
59,154,p286_155,212,144,68,141,71,141,68,3
59,155,p286_156,134,72,62,74,60,71,59,4
59,156,p286_157,195,116,79,107,88,106,78,11
59,157,p286_158,283,207,76,202,81,202,76,5
59,158,p286_159,161,90,71,90,71,90,71,0
59,159,p286_160,275,195,80,204,71,191,67,17
59,160,p286_161,155,80,75,101,54,80,54,21
59,161,p286_162,161,98,63,108,53,98,53,10
59,162,p286_163,156,85,71,79,77,79,71,6
59,163,p286_164,265,191,74,192,73,188,70,7
59,164,p286_165,139,66,73,65,74,65,73,1
59,165,p286_166,132,67,65,67,65,67,65,0
59,166,p286_167,155,88,67,87,68,85,65,5
59,167,p286_168,155,81,74,78,77,78,74,3
59,168,p286_169,139,73,66,73,66,72,65,2
59,169,p286_170,178,106,72,98,80,98,72,8
59,170,p286_171,163,102,61,103,60,99,57,7
59,171,p286_172,166,112,54,109,57,108,53,5
59,172,p286_173,167,90,77,88,79,87,76,4
59,173,p286_174,233,158,75,157,76,156,74,3
59,174,p286_175,215,145,70,126,89,126,70,19
59,175,p286_176,227,148,79,146,81,144,77,6
59,176,p286_177,129,59,70,68,61,59,61,9
59,177,p286_178,185,118,67,99,86,99,67,19
59,178,p286_179,203,120,83,114,89,111,80,12
59,179,p286_180,227,148,79,136,91,136,79,12
59,180,p286_181,195,118,77,115,80,114,76,5
59,181,p286_182,215,147,68,199,16,143,12,60
59,182,p286_183,206,130,76,148,58,129,57,20
59,183,p286_184,166,93,73,94,72,92,71,3
59,184,p286_185,217,133,84,125,92,125,84,8
59,185,p286_186,182,90,92,93,89,88,87,7
59,186,p286_187,179,109,70,103,76,102,69,8
59,187,p286_188,166,93,73,159,7,93,7,66
59,188,p286_189,243,167,76,154,89,154,76,13
59,189,p286_190,155,95,60,93,62,92,59,4
59,190,p286_191,179,111,68,108,71,108,68,3
59,191,p286_192,217,145,72,142,75,142,72,3
59,192,p286_193,174,101,73,95,79,93,71,10
59,193,p286_194,195,107,88,115,80,107,80,8
59,194,p286_195,203,139,64,130,73,125,59,19
59,195,p286_196,174,118,56,105,69,101,52,21
59,196,p286_197,299,188,111,194,105,187,104,8
59,197,p286_198,321,162,159,243,78,154,70,97
59,198,p286_199,232,170,62,192,40,162,32,38
59,199,p286_200,201,142,59,153,48,127,33,41
59,200,p286_201,198,146,52,139,59,138,51,9
60,1,p287_001,145,78,67,88,57,66,45,34
60,2,p287_002,228,155,73,143,85,143,73,12
60,3,p287_003,471,317,154,320,151,306,140,25
60,4,p287_004,329,234,95,252,77,228,71,30
60,5,p287_005,428,327,101,389,39,326,38,64
60,6,p287_006,342,259,83,304,38,257,36,49
60,7,p287_007,285,203,82,203,82,199,78,8
60,8,p287_008,500,411,89,373,127,365,81,54
60,9,p287_009,335,234,101,228,107,212,85,38
60,10,p287_010,204,109,95,109,95,105,91,8
60,11,p287_011,423,327,96,330,93,320,86,17
60,12,p287_012,264,190,74,186,78,185,73,6
60,13,p287_013,273,178,95,184,89,169,80,24
60,14,p287_014,302,215,87,251,51,212,48,42
60,15,p287_015,378,277,101,291,87,266,76,36
60,16,p287_016,473,357,116,364,109,346,98,29
60,17,p287_017,216,135,81,132,84,132,81,3
60,18,p287_018,374,248,126,250,124,247,123,4
60,19,p287_019,461,328,133,339,122,322,116,23
60,20,p287_020,276,183,93,188,88,174,79,23
60,21,p287_021,568,432,136,440,128,422,118,28
60,22,p287_022,405,319,86,323,82,305,68,32
60,23,p287_023,702,535,167,523,179,511,155,36
60,24,p287_024,430,304,126,311,119,303,118,9
60,25,p287_025,242,127,115,126,116,121,110,11
60,26,p287_026,187,125,62,171,16,124,15,48
60,27,p287_027,182,126,56,137,45,111,30,41
60,28,p287_028,342,248,94,309,33,245,30,67
60,29,p287_029,206,122,84,149,57,119,54,33
60,30,p287_030,156,84,72,83,73,83,72,1
60,31,p287_031,144,106,38,77,67,76,37,31
60,32,p287_032,158,97,61,116,42,94,39,25
60,33,p287_033,148,78,70,111,37,70,29,49
60,34,p287_034,162,81,81,85,77,81,77,4
60,35,p287_035,161,88,73,90,71,84,67,10
60,36,p287_036,142,100,42,103,39,100,39,3
60,37,p287_037,260,160,100,176,84,157,81,22
60,38,p287_038,183,100,83,109,74,98,72,13
60,39,p287_039,145,71,74,84,61,63,53,29
60,40,p287_040,163,94,69,90,73,87,66,10
60,41,p287_041,154,85,69,89,65,77,57,20
60,42,p287_042,162,83,79,101,61,81,59,22
60,43,p287_043,146,75,71,79,67,71,63,12
60,44,p287_044,147,79,68,83,64,77,62,8
60,45,p287_045,128,63,65,72,56,63,56,9
60,46,p287_046,193,120,73,133,60,114,54,25
60,47,p287_047,140,98,42,84,56,74,32,34
60,48,p287_048,158,87,71,114,44,81,38,39
60,49,p287_049,146,78,68,70,76,55,53,38
60,50,p287_050,179,119,60,117,62,112,55,12
60,51,p287_051,133,65,68,67,66,62,63,8
60,52,p287_052,165,87,78,89,76,84,73,8
60,53,p287_053,181,107,74,110,71,107,71,3
60,54,p287_054,225,139,86,156,69,138,68,19
60,55,p287_055,149,84,65,89,60,78,54,17
60,56,p287_056,148,71,77,86,62,68,59,21
60,57,p287_057,155,110,45,89,66,81,37,37
60,58,p287_058,115,58,57,71,44,45,31,39
60,59,p287_059,147,53,94,72,75,52,74,21
60,60,p287_060,146,60,86,78,68,57,65,24
60,61,p287_061,120,87,33,102,18,78,9,33
60,62,p287_062,161,107,54,96,65,80,38,43
60,63,p287_063,261,183,78,216,45,177,39,45
60,64,p287_064,269,167,102,169,100,161,94,14
60,65,p287_065,148,73,75,62,86,59,72,17
60,66,p287_066,202,113,89,113,89,102,78,22
60,67,p287_067,204,109,95,115,89,107,87,10
60,68,p287_068,158,119,39,97,61,91,33,34
60,69,p287_069,143,121,22,112,31,100,10,33
60,70,p287_070,234,149,85,168,66,137,54,43
60,71,p287_071,142,83,59,68,74,57,48,37
60,72,p287_072,212,141,71,140,72,131,62,19
60,73,p287_073,171,114,57,120,51,102,39,30
60,74,p287_074,130,77,53,72,58,68,49,13
60,75,p287_075,218,133,85,136,82,125,74,19
60,76,p287_076,191,93,98,116,75,93,75,23
60,77,p287_077,227,132,95,164,63,128,59,40
60,78,p287_078,193,113,80,117,76,112,75,6
60,79,p287_079,155,103,52,147,8,103,8,44
60,80,p287_080,146,116,30,90,56,86,26,34
60,81,p287_081,166,111,55,93,73,89,51,26
60,82,p287_082,195,115,80,120,75,108,68,19
60,83,p287_083,126,92,34,65,61,63,32,31
60,84,p287_084,205,130,75,121,84,118,72,15
60,85,p287_085,143,107,36,76,67,76,36,31
60,86,p287_086,187,135,52,143,44,124,33,30
60,87,p287_087,232,114,118,124,108,112,106,14
60,88,p287_088,130,71,59,70,60,64,53,13
60,89,p287_089,156,110,46,89,67,86,43,27
60,90,p287_090,154,90,64,76,78,76,64,14
60,91,p287_091,179,109,70,116,63,96,50,33
60,92,p287_092,168,97,71,88,80,88,71,9
60,93,p287_093,167,104,63,89,78,86,60,21
60,94,p287_094,204,121,83,115,89,109,77,18
60,95,p287_095,163,106,57,121,42,99,35,29
60,96,p287_096,253,188,65,182,71,173,56,24
60,97,p287_097,171,111,60,84,87,83,59,29
60,98,p287_098,155,77,78,89,66,65,54,36
60,99,p287_099,143,67,76,61,82,55,70,18
60,100,p287_100,132,78,54,82,50,69,41,22
60,101,p287_101,148,95,53,84,64,78,47,23
60,102,p287_102,160,106,54,99,61,83,38,39
60,103,p287_103,148,106,42,92,56,74,24,50
60,104,p287_104,148,75,73,63,85,57,67,24
60,105,p287_105,180,112,68,106,74,100,62,18
60,106,p287_106,169,92,77,111,58,82,48,39
60,107,p287_107,131,116,15,109,22,101,7,23
60,108,p287_108,196,126,70,122,74,114,62,20
60,109,p287_109,162,78,84,83,79,70,71,21
60,110,p287_110,160,87,73,103,57,85,55,20
60,111,p287_111,120,39,81,50,70,34,65,21
60,112,p287_112,129,79,50,102,27,68,16,45
60,113,p287_113,172,84,88,103,69,81,66,25
60,114,p287_114,139,87,52,78,61,71,45,23
60,115,p287_115,221,136,85,127,94,123,81,17
60,116,p287_116,169,80,89,74,95,69,84,16
60,117,p287_117,176,120,56,103,73,95,48,33
60,118,p287_118,155,85,70,104,51,80,46,29
60,119,p287_119,225,134,91,145,80,131,77,17
60,120,p287_120,147,70,77,86,61,67,58,22
60,121,p287_121,171,96,75,104,67,78,49,44
60,122,p287_122,167,95,72,92,75,89,69,9
60,123,p287_123,143,105,38,86,57,79,31,33
60,124,p287_124,140,71,69,79,61,68,58,14
60,125,p287_125,200,134,66,131,69,119,54,27
60,126,p287_126,213,143,70,145,68,132,57,24
60,127,p287_127,157,103,54,107,50,86,33,38
60,128,p287_128,204,154,50,135,69,131,46,27
60,129,p287_129,137,99,38,90,47,78,26,33
60,130,p287_130,220,154,66,149,71,144,61,15
60,131,p287_131,247,176,71,157,90,153,67,27
60,132,p287_132,139,85,54,75,64,67,46,26
60,133,p287_133,170,71,99,68,102,61,92,17
60,134,p287_134,137,98,39,113,24,91,17,29
60,135,p287_135,182,128,54,108,74,102,48,32
60,136,p287_136,195,143,52,128,67,116,40,39
60,137,p287_137,201,130,71,124,77,108,55,38
60,138,p287_138,164,89,75,88,76,81,68,15
60,139,p287_139,219,139,80,139,80,123,64,32
60,140,p287_140,294,190,104,197,97,187,94,13
60,141,p287_141,185,110,75,91,94,87,71,27
60,142,p287_142,158,117,41,156,2,116,1,41
60,143,p287_143,135,60,75,62,73,55,68,12
60,144,p287_144,244,169,75,167,77,157,65,22
60,145,p287_145,214,169,45,164,50,148,29,37
60,146,p287_146,180,112,68,117,63,108,59,13
60,147,p287_147,180,82,98,125,55,82,55,43
60,148,p287_148,133,85,48,68,65,63,43,27
60,149,p287_149,225,149,76,125,100,113,64,48
60,150,p287_150,146,72,74,78,68,69,65,12
60,151,p287_151,181,129,52,121,60,107,38,36
60,152,p287_152,160,111,49,84,76,75,40,45
60,153,p287_153,138,109,29,84,54,78,23,37
60,154,p287_154,162,81,81,74,88,71,78,13
60,155,p287_155,267,197,70,191,76,171,50,46
60,156,p287_156,266,169,97,180,86,164,81,21
60,157,p287_157,230,167,63,162,68,144,45,41
60,158,p287_158,135,80,55,94,41,66,27,42
60,159,p287_159,169,105,64,104,65,95,55,19
60,160,p287_160,198,114,84,136,62,111,59,28
60,161,p287_161,174,122,52,109,65,95,38,41
60,162,p287_162,240,144,96,157,83,140,79,21
60,163,p287_163,150,92,58,87,63,81,52,17
60,164,p287_164,145,120,25,84,61,77,18,50
60,165,p287_165,122,84,38,66,56,51,23,48
60,166,p287_166,114,59,55,55,59,45,45,24
60,167,p287_167,120,75,45,86,34,64,23,33
60,168,p287_168,142,83,59,85,57,65,39,38
60,169,p287_169,154,87,67,80,74,78,65,11
60,170,p287_170,166,121,45,94,72,85,36,45
60,171,p287_171,145,119,26,89,56,86,23,36
60,172,p287_172,227,124,103,137,90,118,84,25
60,173,p287_173,182,115,67,114,68,108,61,13
60,174,p287_174,187,101,86,116,71,100,70,17
60,175,p287_175,174,137,37,104,70,100,33,41
60,176,p287_176,170,126,44,112,58,102,34,34
60,177,p287_177,183,122,61,104,79,101,58,24
60,178,p287_178,197,130,67,129,68,116,54,27
60,179,p287_179,217,131,86,153,64,129,62,26
60,180,p287_180,172,87,85,88,84,85,82,5
60,181,p287_181,186,113,73,118,68,109,64,13
60,182,p287_182,259,187,72,182,77,155,45,59
60,183,p287_183,153,98,55,90,63,74,39,40
60,184,p287_184,156,107,49,83,73,78,44,34
60,185,p287_185,245,153,92,163,82,143,72,30
60,186,p287_186,157,94,63,77,80,72,58,27
60,187,p287_187,146,77,69,76,70,68,61,17
60,188,p287_188,257,209,48,197,60,183,34,40
60,189,p287_189,163,102,61,95,68,88,54,21
60,190,p287_190,226,133,93,153,73,132,72,22
60,191,p287_191,135,70,65,71,64,55,49,31
60,192,p287_192,158,120,38,93,65,84,29,45
60,193,p287_193,183,96,87,98,85,90,79,14
60,194,p287_194,192,105,87,106,86,94,75,23
60,195,p287_195,186,130,56,137,49,118,37,31
60,196,p287_196,187,136,51,125,62,112,38,37
60,197,p287_197,213,122,91,131,82,120,80,13
60,198,p287_198,202,125,77,124,78,109,62,31
60,199,p287_199,222,141,81,131,91,126,76,20
60,200,p287_200,310,179,131,192,118,173,112,25
61,1,p288_001,143,117,26,105,38,92,13,38
61,2,p288_002,222,144,78,175,47,140,43,39
61,3,p288_003,451,314,137,418,33,314,33,104
61,4,p288_004,334,202,132,234,100,200,98,36
61,5,p288_005,425,309,116,346,79,309,79,37
61,6,p288_006,343,238,105,267,76,237,75,31
61,7,p288_007,310,215,95,228,82,212,79,19
61,8,p288_008,518,410,108,442,76,393,59,66
61,9,p288_009,333,218,115,252,81,217,80,36
61,10,p288_010,193,100,93,125,68,99,67,27
61,11,p288_011,408,289,119,322,86,289,86,33
61,12,p288_012,291,202,89,217,74,198,70,23
61,13,p288_013,295,204,91,229,66,201,63,31
61,14,p288_014,303,226,77,273,30,226,30,47
61,15,p288_015,369,262,107,315,54,262,54,53
61,16,p288_016,432,312,120,373,59,312,59,61
61,17,p288_017,226,123,103,158,68,123,68,35
61,18,p288_018,355,245,110,273,82,241,78,36
61,19,p288_019,491,348,143,426,65,348,65,78
61,20,p288_020,251,174,77,231,20,174,20,57
61,21,p288_021,555,425,130,515,40,425,40,90
61,22,p288_022,452,314,138,369,83,312,81,59
61,23,p288_023,692,516,176,579,113,512,109,71
61,24,p288_024,450,308,142,384,66,308,66,76
61,25,p288_025,270,200,70,239,31,197,28,45
61,26,p288_026,180,91,89,142,38,88,35,57
61,27,p288_027,153,52,101,70,83,49,80,24
61,28,p288_028,240,147,93,156,84,145,82,13
61,29,p288_029,166,102,64,109,57,81,36,49
61,30,p288_030,140,52,88,68,72,52,72,16
61,31,p288_031,184,98,86,117,67,98,67,19
61,32,p288_032,268,190,78,195,73,185,68,15
61,33,p288_033,223,139,84,160,63,134,58,31
61,34,p288_034,164,97,67,104,60,85,48,31
61,35,p288_035,231,131,100,165,66,126,61,44
61,36,p288_036,165,88,77,94,71,88,71,6
61,37,p288_037,249,149,100,154,95,147,93,9
61,38,p288_038,121,75,46,71,50,61,36,24
61,39,p288_039,268,188,80,188,80,184,76,8
61,40,p288_040,172,87,85,104,68,82,63,27
61,41,p288_041,190,111,79,137,53,111,53,26
61,42,p288_042,122,74,48,86,36,66,28,28
61,43,p288_043,152,63,89,91,61,60,58,34
61,44,p288_044,219,116,103,140,79,113,76,30
61,45,p288_045,174,88,86,129,45,86,43,45
61,46,p288_046,270,186,84,204,66,186,66,18
61,47,p288_047,238,157,81,177,61,157,61,20
61,48,p288_048,129,62,67,82,47,62,47,20
61,49,p288_049,113,54,59,60,53,47,46,20
61,50,p288_050,145,71,74,75,70,71,70,4
61,51,p288_051,177,98,79,117,60,97,59,21
61,52,p288_052,156,62,94,86,70,62,70,24
61,53,p288_053,110,54,56,71,39,53,38,19
61,54,p288_054,107,59,48,79,28,49,18,40
61,55,p288_055,123,58,65,104,19,56,17,50
61,56,p288_056,129,47,82,88,41,46,40,43
61,57,p288_057,259,174,85,208,51,173,50,36
61,58,p288_058,219,125,94,146,73,122,70,27
61,59,p288_059,170,83,87,111,59,83,59,28
61,60,p288_060,267,189,78,220,47,187,45,35
61,61,p288_061,150,59,91,83,67,59,67,24
61,62,p288_062,179,98,81,137,42,97,41,41
61,63,p288_063,211,114,97,138,73,106,65,40
61,64,p288_064,170,75,95,86,84,57,66,47
61,65,p288_065,310,131,179,189,121,131,121,58
61,66,p288_066,185,92,93,119,66,92,66,27
61,67,p288_067,229,137,92,151,78,135,76,18
61,68,p288_068,174,76,98,86,88,76,88,10
61,69,p288_069,225,134,91,171,54,134,54,37
61,70,p288_070,139,54,85,74,65,54,65,20
61,71,p288_071,171,98,73,113,58,97,57,17
61,72,p288_072,148,57,91,103,45,57,45,46
61,73,p288_073,153,60,93,89,64,60,64,29
61,74,p288_074,166,87,79,99,67,83,63,20
61,75,p288_075,283,188,95,198,85,187,84,12
61,76,p288_076,136,57,79,79,57,56,56,24
61,77,p288_077,184,99,85,116,68,98,67,19
61,78,p288_078,182,93,89,103,79,91,77,14
61,79,p288_079,273,186,87,193,80,168,62,43
61,80,p288_080,209,87,122,103,106,86,105,18
61,81,p288_081,209,124,85,122,87,108,71,30
61,82,p288_082,210,87,123,131,79,85,77,48
61,83,p288_083,252,123,129,157,95,118,90,44
61,84,p288_084,169,65,104,71,98,62,95,12
61,85,p288_085,248,159,89,180,68,154,63,31
61,86,p288_086,191,101,90,111,80,100,79,12
61,87,p288_087,260,178,82,191,69,176,67,17
61,88,p288_088,247,167,80,172,75,159,67,21
61,89,p288_089,235,136,99,154,81,136,81,18
61,90,p288_090,129,52,77,49,80,49,77,3
61,91,p288_091,242,157,85,166,76,153,72,17
61,92,p288_092,262,176,86,181,81,169,74,19
61,93,p288_093,225,129,96,147,78,125,74,26
61,94,p288_094,263,156,107,181,82,153,79,31
61,95,p288_095,157,73,84,85,72,72,71,14
61,96,p288_096,151,69,82,91,60,68,59,24
61,97,p288_097,238,126,112,169,69,126,69,43
61,98,p288_098,176,94,82,112,64,90,60,26
61,99,p288_099,147,66,81,89,58,62,54,31
61,100,p288_100,198,89,109,124,74,88,73,37
61,101,p288_101,126,54,72,63,63,54,63,9
61,102,p288_102,244,150,94,152,92,148,90,6
61,103,p288_103,124,76,48,77,47,65,36,23
61,104,p288_104,169,83,86,99,70,83,70,16
61,105,p288_105,193,100,93,122,71,100,71,22
61,106,p288_106,134,60,74,83,51,58,49,27
61,107,p288_107,141,63,78,75,66,63,66,12
61,108,p288_108,157,81,76,95,62,81,62,14
61,109,p288_109,279,192,87,214,65,192,65,22
61,110,p288_110,213,118,95,163,50,118,50,45
61,111,p288_111,231,153,78,156,75,149,71,11
61,112,p288_112,259,134,125,178,81,133,80,46
61,113,p288_113,110,57,53,72,38,54,35,21
61,114,p288_114,269,184,85,192,77,179,72,18
61,115,p288_115,289,185,104,203,86,182,83,24
61,116,p288_116,129,46,83,73,56,46,56,27
61,117,p288_117,179,92,87,114,65,91,64,24
61,118,p288_118,286,193,93,214,72,193,72,21
61,119,p288_119,271,197,74,207,64,196,63,12
61,120,p288_120,121,65,56,73,48,59,42,20
61,121,p288_121,175,90,85,113,62,88,60,27
61,122,p288_122,228,148,80,164,64,147,63,18
61,123,p288_123,312,190,122,235,77,189,76,47
61,124,p288_124,161,64,97,105,56,64,56,41
61,125,p288_125,142,61,81,70,72,61,72,9
61,126,p288_126,169,62,107,102,67,60,65,44
61,127,p288_127,179,57,122,102,77,57,77,45
61,128,p288_128,240,137,103,155,85,135,83,22
61,129,p288_129,298,200,98,214,84,199,83,16
61,130,p288_130,339,193,146,232,107,189,103,47
61,131,p288_131,293,166,127,195,98,164,96,33
61,132,p288_132,290,167,123,218,72,167,72,51
61,133,p288_133,150,47,103,80,70,47,70,33
61,134,p288_134,281,196,85,245,36,193,33,55
61,135,p288_135,308,197,111,215,93,191,87,30
61,136,p288_136,339,206,133,206,133,200,127,12
61,137,p288_137,210,138,72,131,79,130,71,9
61,138,p288_138,110,52,58,57,53,49,50,11
61,139,p288_139,197,112,85,114,83,111,82,4
61,140,p288_140,240,161,79,164,76,159,74,7
61,141,p288_141,169,87,82,99,70,82,65,22
61,142,p288_142,283,198,85,197,86,192,80,11
61,143,p288_143,288,189,99,196,92,184,87,17
61,144,p288_144,278,156,122,176,102,153,99,26
61,145,p288_145,255,173,82,178,77,172,76,7
61,146,p288_146,239,141,98,154,85,141,85,13
61,147,p288_147,191,100,91,120,71,100,71,20
61,148,p288_148,222,98,124,102,120,96,118,8
61,149,p288_149,204,103,101,117,87,103,87,14
61,150,p288_150,186,102,84,113,73,102,73,11
61,151,p288_151,165,82,83,99,66,81,65,19
61,152,p288_152,280,202,78,202,78,194,70,16
61,153,p288_153,140,61,79,66,74,59,72,9
61,154,p288_154,190,101,89,114,76,100,75,15
61,155,p288_155,313,213,100,208,105,201,93,19
61,156,p288_156,171,96,75,93,78,93,75,3
61,157,p288_157,153,73,80,81,72,73,72,8
61,158,p288_158,180,100,80,117,63,97,60,23
61,159,p288_159,145,70,75,91,54,67,51,27
61,160,p288_160,159,76,83,89,70,76,70,13
61,161,p288_161,238,120,118,125,113,119,112,7
61,162,p288_162,158,122,36,101,57,85,20,53
61,163,p288_163,152,89,63,86,66,79,56,17
61,164,p288_164,206,116,90,139,67,116,67,23
61,165,p288_165,158,77,81,83,75,77,75,6
61,166,p288_166,282,196,86,209,73,195,72,15
61,167,p288_167,146,68,78,91,55,67,54,25
61,168,p288_168,162,78,84,83,79,78,79,5
61,169,p288_169,158,77,81,95,63,76,62,20
61,170,p288_170,142,59,83,57,85,57,83,2
61,171,p288_171,138,51,87,70,68,51,68,19
61,172,p288_172,300,171,129,172,128,167,124,9
61,173,p288_173,135,61,74,65,70,61,70,4
61,174,p288_174,244,131,113,149,95,128,92,24
61,175,p288_175,212,125,87,133,79,123,77,12
61,176,p288_176,268,154,114,174,94,151,91,26
61,177,p288_177,239,118,121,136,103,117,102,20
61,178,p288_178,252,173,79,182,70,171,68,13
61,179,p288_179,126,43,83,83,43,43,43,40
61,180,p288_180,192,90,102,112,80,90,80,22
61,181,p288_181,206,85,121,115,91,82,88,36
61,182,p288_182,194,68,126,116,78,68,78,48
61,183,p288_183,239,146,93,165,74,144,72,23
61,184,p288_184,161,83,78,87,74,82,73,6
61,185,p288_185,164,73,91,77,87,73,87,4
61,186,p288_186,186,100,86,105,81,99,80,7
61,187,p288_187,257,142,115,154,103,140,101,16
61,188,p288_188,247,159,88,178,69,159,69,19
61,189,p288_189,131,101,30,81,50,79,28,24
61,190,p288_190,265,132,133,188,77,132,77,56
61,191,p288_191,174,97,77,104,70,95,68,11
61,192,p288_192,264,163,101,171,93,162,92,10
61,193,p288_193,253,155,98,168,85,152,82,19
61,194,p288_194,179,96,83,104,75,96,75,8
61,195,p288_195,129,52,77,52,77,52,77,0
61,196,p288_196,183,106,77,108,75,106,75,2
61,197,p288_197,132,55,77,64,68,55,68,9
61,198,p288_198,253,152,101,166,87,150,85,18
61,199,p288_199,128,47,81,54,74,46,73,9
61,200,p288_200,200,111,89,130,70,109,68,23
62,1,p292_001,126,123,3,64,62,64,3,59
62,2,p292_013,306,290,16,208,98,208,16,82
62,3,p292_014,341,337,4,246,95,246,4,91
62,4,p292_015,376,321,55,289,87,289,55,32
62,5,p292_016,481,452,29,349,132,347,27,107
62,6,p292_017,206,167,39,145,61,145,39,22
62,7,p292_020,235,222,13,172,63,172,13,50
62,8,p292_021,579,533,46,444,135,444,46,89
62,9,p292_022,435,409,26,326,109,326,26,83
62,10,p292_023,702,634,68,564,138,564,68,70
62,11,p292_024,446,421,25,322,124,322,25,99
62,12,p292_025,193,183,10,108,85,107,9,77
62,13,p292_026,163,150,13,76,87,76,13,74
62,14,p292_027,238,205,33,133,105,133,33,72
62,15,p292_028,219,207,12,108,111,108,12,99
62,16,p292_029,218,186,32,122,96,122,32,64
62,17,p292_030,203,184,19,97,106,94,16,93
62,18,p292_031,195,171,24,97,98,97,24,74
62,19,p292_032,182,170,12,105,77,105,12,65
62,20,p292_033,211,159,52,115,96,115,52,44
62,21,p292_034,145,139,6,54,91,54,6,85
62,22,p292_035,142,120,22,53,89,53,22,67
62,23,p292_036,175,149,26,101,74,101,26,48
62,24,p292_037,310,286,24,159,151,159,24,127
62,25,p292_038,186,171,15,93,93,93,15,78
62,26,p292_039,182,128,54,98,84,93,49,40
62,27,p292_040,193,158,35,102,91,102,35,56
62,28,p292_041,219,199,20,139,80,137,18,64
62,29,p292_042,185,151,34,99,86,99,34,52
62,30,p292_043,169,157,12,93,76,93,12,64
62,31,p292_044,195,181,14,106,89,106,14,75
62,32,p292_045,211,153,58,119,92,119,58,34
62,33,p292_046,158,133,25,66,92,66,25,67
62,34,p292_047,205,179,26,119,86,119,26,60
62,35,p292_048,182,119,63,98,84,98,63,21
62,36,p292_049,171,156,15,92,79,92,15,64
62,37,p292_050,158,126,32,79,79,79,32,47
62,38,p292_051,193,187,6,97,96,97,6,90
62,39,p292_052,181,105,76,91,90,91,76,14
62,40,p292_053,219,178,41,131,88,131,41,47
62,41,p292_054,198,123,75,92,106,92,75,31
62,42,p292_055,191,140,51,93,98,93,51,47
62,43,p292_056,179,165,14,105,74,105,14,60
62,44,p292_057,193,161,32,96,97,96,32,65
62,45,p292_058,214,181,33,117,97,117,33,64
62,46,p292_059,155,152,3,87,68,87,3,65
62,47,p292_060,204,202,2,119,85,119,2,83
62,48,p292_061,171,153,18,97,74,97,18,56
62,49,p292_062,195,175,20,104,91,104,20,71
62,50,p292_063,177,155,22,82,95,82,22,73
62,51,p292_064,193,175,18,113,80,113,18,62
62,52,p292_065,201,179,22,112,89,112,22,67
62,53,p292_066,209,196,13,125,84,125,13,71
62,54,p292_067,175,121,54,81,94,81,54,40
62,55,p292_068,193,135,58,102,91,102,58,33
62,56,p292_069,204,195,9,107,97,106,8,90
62,57,p292_070,171,164,7,83,88,83,7,81
62,58,p292_071,202,189,13,111,91,111,13,78
62,59,p292_072,201,186,15,103,98,103,15,83
62,60,p292_073,172,94,78,68,104,68,78,26
62,61,p292_074,206,185,21,95,111,95,21,90
62,62,p292_075,254,224,30,133,121,133,30,91
62,63,p292_076,203,181,22,105,98,105,22,76
62,64,p292_077,254,208,46,126,128,126,46,82
62,65,p292_078,213,165,48,94,119,94,48,71
62,66,p292_079,193,149,44,79,114,79,44,70
62,67,p292_080,174,155,19,83,91,83,19,72
62,68,p292_081,187,104,83,78,109,78,83,26
62,69,p292_082,166,141,25,85,81,85,25,56
62,70,p292_083,206,182,24,114,92,114,24,68
62,71,p292_084,203,173,30,117,86,117,30,56
62,72,p292_085,206,191,15,118,88,118,15,73
62,73,p292_086,197,166,31,106,91,106,31,60
62,74,p292_087,190,172,18,101,89,101,18,71
62,75,p292_088,251,221,30,131,120,131,30,90
62,76,p292_089,163,137,26,92,71,92,26,45
62,77,p292_090,196,183,13,108,88,108,13,75
62,78,p292_091,163,138,25,84,79,84,25,54
62,79,p292_092,214,179,35,102,112,102,35,77
62,80,p292_093,251,223,28,147,104,147,28,76
62,81,p292_094,225,191,34,115,110,115,34,76
62,82,p292_095,198,150,48,61,137,61,48,89
62,83,p292_096,221,209,12,121,100,121,12,88
62,84,p292_097,190,102,88,84,106,84,88,18
62,85,p292_098,182,167,15,90,92,90,15,77
62,86,p292_099,163,114,49,71,92,71,49,43
62,87,p292_100,219,155,64,123,96,123,64,32
62,88,p292_101,201,129,72,85,116,85,72,44
62,89,p292_102,201,156,45,122,79,122,45,34
62,90,p292_103,166,138,28,59,107,59,28,79
62,91,p292_104,227,188,39,135,92,135,39,53
62,92,p292_105,134,83,51,46,88,46,51,37
62,93,p292_106,209,156,53,115,94,115,53,41
62,94,p292_107,211,126,85,110,101,109,84,18
62,95,p292_108,206,177,29,136,70,136,29,41
62,96,p292_109,158,112,46,77,81,76,45,37
62,97,p292_110,231,142,89,116,115,116,89,26
62,98,p292_111,118,77,41,45,73,45,41,32
62,99,p292_112,206,134,72,110,96,110,72,24
62,100,p292_113,147,119,28,69,78,69,28,50
62,101,p292_114,249,158,91,144,105,143,90,16
62,102,p292_115,171,110,61,94,77,89,56,26
62,103,p292_116,230,195,35,134,96,134,35,61
62,104,p292_117,198,146,52,117,81,117,52,29
62,105,p292_118,190,130,60,68,122,68,60,62
62,106,p292_119,211,184,27,130,81,130,27,54
62,107,p292_120,185,113,72,72,113,72,72,41
62,108,p292_121,207,153,54,106,101,106,54,47
62,109,p292_122,254,177,77,135,119,135,77,42
62,110,p292_123,163,101,62,59,104,59,62,42
62,111,p292_124,185,173,12,79,106,79,12,94
62,112,p292_125,192,182,10,104,88,104,10,78
62,113,p292_126,210,179,31,105,105,105,31,74
62,114,p292_127,185,170,15,103,82,103,15,67
62,115,p292_128,243,215,28,197,46,183,14,46
62,116,p292_129,209,186,23,101,108,101,23,85
62,117,p292_130,145,136,9,69,76,69,9,67
62,118,p292_131,193,164,29,74,119,74,29,90
62,119,p292_132,169,101,68,64,105,64,68,37
62,120,p292_133,185,129,56,85,100,85,56,44
62,121,p292_134,203,169,34,131,72,131,34,38
62,122,p292_135,177,160,17,83,94,83,17,77
62,123,p292_136,137,117,20,53,84,53,20,64
62,124,p292_137,162,118,44,76,86,76,44,42
62,125,p292_138,193,165,28,127,66,127,28,38
62,126,p292_139,246,198,48,121,125,120,47,79
62,127,p292_140,179,127,52,84,95,84,52,43
62,128,p292_141,139,126,13,65,74,65,13,61
62,129,p292_142,161,130,31,76,85,76,31,54
62,130,p292_143,230,194,36,140,90,139,35,56
62,131,p292_144,155,148,7,107,48,105,5,45
62,132,p292_145,171,158,13,86,85,86,13,72
62,133,p292_146,137,122,15,79,58,79,15,43
62,134,p292_147,167,149,18,75,92,75,18,74
62,135,p292_148,296,163,133,105,191,105,133,58
62,136,p292_149,206,116,90,100,106,100,90,16
62,137,p292_150,201,142,59,110,91,110,59,32
62,138,p292_151,188,145,43,109,79,108,42,38
62,139,p292_152,174,160,14,103,71,103,14,57
62,140,p292_153,206,186,20,123,83,123,20,63
62,141,p292_154,224,177,47,132,92,131,46,47
62,142,p292_155,230,190,40,128,102,128,40,62
62,143,p292_156,222,178,44,136,86,136,44,42
62,144,p292_157,192,133,59,102,90,102,59,31
62,145,p292_158,171,168,3,80,91,80,3,88
62,146,p292_159,151,122,29,76,75,75,28,48
62,147,p292_160,161,144,17,85,76,85,17,59
62,148,p292_161,170,122,48,87,83,87,48,35
62,149,p292_162,161,122,39,93,68,93,39,29
62,150,p292_163,223,200,23,126,97,126,23,74
62,151,p292_164,131,122,9,92,39,92,9,30
62,152,p292_165,139,96,43,67,72,67,43,29
62,153,p292_166,182,146,36,93,89,93,36,53
62,154,p292_167,179,159,20,81,98,81,20,78
62,155,p292_168,121,120,1,56,65,56,1,64
62,156,p292_169,179,168,11,90,89,90,11,78
62,157,p292_170,147,96,51,56,91,56,51,40
62,158,p292_171,145,127,18,74,71,73,17,55
62,159,p292_172,158,136,22,73,85,73,22,63
62,160,p292_173,201,170,31,117,84,116,30,55
62,161,p292_174,177,156,21,82,95,82,21,74
62,162,p292_175,177,156,21,102,75,102,21,54
62,163,p292_176,147,123,24,75,72,75,24,48
62,164,p292_177,224,215,9,117,107,117,9,98
62,165,p292_178,193,150,43,116,77,116,43,34
62,166,p292_179,270,225,45,177,93,177,45,48
62,167,p292_180,161,115,46,67,94,67,46,48
62,168,p292_181,181,154,27,77,104,76,26,79
62,169,p292_182,187,149,38,106,81,106,38,43
62,170,p292_183,222,186,36,121,101,121,36,65
62,171,p292_184,172,142,30,88,84,88,30,54
62,172,p292_185,137,129,8,57,80,57,8,72
62,173,p292_186,166,164,2,79,87,79,2,85
62,174,p292_187,165,156,9,82,83,80,7,78
62,175,p292_188,211,195,16,119,92,119,16,76
62,176,p292_189,169,165,4,91,78,90,3,76
62,177,p292_190,183,171,12,86,97,86,12,85
62,178,p292_191,150,140,10,72,78,72,10,68
62,179,p292_192,195,144,51,106,89,104,49,42
62,180,p292_193,147,110,37,55,92,55,37,55
62,181,p292_194,163,146,17,89,74,88,16,59
62,182,p292_195,173,149,24,75,98,75,24,74
62,183,p292_196,214,203,11,128,86,128,11,75
62,184,p292_197,142,134,8,71,71,71,8,63
62,185,p292_198,166,156,10,78,88,77,9,80
62,186,p292_199,262,239,23,162,100,162,23,77
62,187,p292_200,169,132,37,91,78,91,37,41
62,188,p292_201,225,183,42,145,80,143,40,42
62,189,p292_202,190,175,15,103,87,103,15,72
62,190,p292_203,150,130,20,58,92,58,20,72
62,191,p292_204,184,140,44,82,102,82,44,58
62,192,p292_205,166,118,48,74,92,74,48,44
62,193,p292_206,161,131,30,71,90,71,30,60
62,194,p292_207,193,181,12,128,65,128,12,53
62,195,p292_208,182,168,14,78,104,78,14,90
62,196,p292_209,225,203,22,134,91,134,22,69
62,197,p292_210,221,158,63,133,88,133,63,25
62,198,p292_211,177,155,22,99,78,99,22,56
62,199,p292_212,169,132,37,90,79,90,37,42
62,200,p292_213,174,168,6,88,86,87,5,82
63,1,p293_001,142,132,10,61,81,61,10,71
63,2,p293_002,306,285,21,147,159,147,21,138
63,3,p293_003,552,539,13,346,206,345,12,195
63,4,p293_004,387,378,9,202,185,202,9,176
63,5,p293_005,466,405,61,290,176,289,60,117
63,6,p293_006,420,378,42,289,131,286,39,95
63,7,p293_007,318,289,29,219,99,217,27,74
63,8,p293_008,537,495,42,358,179,357,41,139
63,9,p293_009,347,330,17,198,149,198,17,132
63,10,p293_010,263,177,86,101,162,101,86,76
63,11,p293_011,498,412,86,322,176,320,84,94
63,12,p293_012,343,287,56,184,159,183,55,105
63,13,p293_013,308,276,32,179,129,177,30,101
63,14,p293_014,452,358,94,198,254,198,94,160
63,15,p293_015,506,444,62,274,232,274,62,170
63,16,p293_016,711,590,121,324,387,323,120,268
63,17,p293_018,557,461,96,289,268,287,94,176
63,18,p293_019,627,522,105,344,283,337,98,192
63,19,p293_020,420,346,74,193,227,191,72,157
63,20,p293_021,635,544,91,446,189,436,81,118
63,21,p293_022,525,485,40,293,232,292,39,194
63,22,p293_023,780,695,85,472,308,472,85,223
63,23,p293_024,533,490,43,335,198,334,42,157
63,24,p293_025,279,207,72,114,165,114,72,93
63,25,p293_026,226,153,73,78,148,78,73,75
63,26,p293_027,281,229,52,147,134,146,51,84
63,27,p293_028,233,222,11,96,137,96,11,126
63,28,p293_029,234,204,30,92,142,91,29,114
63,29,p293_030,261,237,24,129,132,129,24,108
63,30,p293_032,243,217,26,110,133,110,26,107
63,31,p293_033,240,204,36,87,153,87,36,117
63,32,p293_034,278,201,77,157,121,151,71,56
63,33,p293_035,217,185,32,92,125,91,31,95
63,34,p293_036,275,230,45,111,164,111,45,119
63,35,p293_037,264,179,85,91,173,90,84,90
63,36,p293_038,280,227,53,129,151,129,53,98
63,37,p293_039,230,176,54,118,112,116,52,62
63,38,p293_040,234,165,69,99,135,98,68,68
63,39,p293_041,465,391,74,105,360,105,74,286
63,40,p293_042,220,199,21,95,125,95,21,104
63,41,p293_043,206,141,65,96,110,96,65,45
63,42,p293_044,186,96,90,80,106,79,89,18
63,43,p293_045,255,236,19,140,115,140,19,96
63,44,p293_046,250,211,39,130,120,130,39,81
63,45,p293_047,179,95,84,86,93,85,83,11
63,46,p293_048,198,124,74,81,117,81,74,43
63,47,p293_049,224,191,33,126,98,126,33,65
63,48,p293_050,286,221,65,179,107,176,62,48
63,49,p293_051,350,257,93,129,221,129,93,128
63,50,p293_052,297,237,60,73,224,72,59,166
63,51,p293_053,374,249,125,109,265,108,124,142
63,52,p293_054,266,196,70,101,165,101,70,95
63,53,p293_055,396,229,167,104,292,104,167,125
63,54,p293_056,287,234,53,80,207,80,53,154
63,55,p293_057,275,190,85,75,200,75,85,115
63,56,p293_058,353,178,175,104,249,104,175,74
63,57,p293_059,402,172,230,142,260,137,225,40
63,58,p293_060,211,183,28,88,123,88,28,95
63,59,p293_061,373,347,26,130,243,130,26,217
63,60,p293_062,283,156,127,83,200,83,127,73
63,61,p293_063,499,421,78,90,409,90,78,331
63,62,p293_064,270,220,50,127,143,127,50,93
63,63,p293_065,171,167,4,86,85,86,4,81
63,64,p293_066,291,275,16,141,150,141,16,134
63,65,p293_067,302,181,121,129,173,125,117,60
63,66,p293_068,263,192,71,123,140,121,69,73
63,67,p293_069,338,252,86,142,196,142,86,110
63,68,p293_070,260,216,44,73,187,73,44,143
63,69,p293_071,286,197,89,108,178,108,89,89
63,70,p293_072,186,128,58,93,93,90,55,41
63,71,p293_073,251,226,25,103,148,103,25,123
63,72,p293_074,224,215,9,104,120,104,9,111
63,73,p293_075,250,234,16,125,125,125,16,109
63,74,p293_076,215,207,8,94,121,94,8,113
63,75,p293_077,221,131,90,109,112,103,84,34
63,76,p293_078,202,182,20,69,133,69,20,113
63,77,p293_079,226,175,51,101,125,101,51,74
63,78,p293_080,295,241,54,91,204,91,54,150
63,79,p293_081,358,333,25,137,221,137,25,196
63,80,p293_082,353,307,46,118,235,118,46,189
63,81,p293_083,371,278,93,125,246,124,92,155
63,82,p293_084,214,197,17,102,112,102,17,95
63,83,p293_085,380,334,46,90,290,90,46,244
63,84,p293_086,348,249,99,112,236,112,99,137
63,85,p293_087,250,202,48,77,173,77,48,125
63,86,p293_088,241,212,29,113,128,113,29,99
63,87,p293_089,258,165,93,128,130,127,92,39
63,88,p293_090,193,168,25,74,119,74,25,94
63,89,p293_091,421,253,168,105,316,104,167,150
63,90,p293_092,405,267,138,83,322,83,138,184
63,91,p293_093,351,305,46,122,229,122,46,183
63,92,p293_094,314,267,47,142,172,133,38,143
63,93,p293_095,326,247,79,101,225,100,78,148
63,94,p293_096,323,224,99,98,225,97,98,128
63,95,p293_097,160,151,9,63,97,63,9,88
63,96,p293_098,236,214,22,110,126,110,22,104
63,97,p293_099,276,228,48,61,215,61,48,167
63,98,p293_100,339,206,133,64,275,64,133,142
63,99,p293_101,299,288,11,126,173,126,11,162
63,100,p293_102,231,217,14,104,127,104,14,113
63,101,p293_103,288,182,106,83,205,83,106,99
63,102,p293_104,284,242,42,148,136,148,42,94
63,103,p293_105,241,161,80,105,136,105,80,56
63,104,p293_106,236,228,8,114,122,114,8,114
63,105,p293_107,225,171,54,116,109,116,54,55
63,106,p293_108,258,217,41,120,138,120,41,97
63,107,p293_109,303,210,93,69,234,69,93,141
63,108,p293_110,285,272,13,130,155,130,13,142
63,109,p293_111,299,214,85,82,217,82,85,132
63,110,p293_112,552,444,108,154,398,145,99,308
63,111,p293_113,282,246,36,91,191,91,36,155
63,112,p293_114,325,257,68,95,230,95,68,162
63,113,p293_115,433,381,52,50,383,50,52,331
63,114,p293_116,315,246,69,132,183,132,69,114
63,115,p293_117,244,230,14,124,120,124,14,106
63,116,p293_118,347,307,40,90,257,90,40,217
63,117,p293_119,419,355,64,162,257,161,63,195
63,118,p293_120,296,280,16,155,141,155,16,125
63,119,p293_121,613,476,137,107,506,107,137,369
63,120,p293_122,301,181,120,129,172,126,117,58
63,121,p293_123,209,177,32,72,137,72,32,105
63,122,p293_124,385,341,44,71,314,71,44,270
63,123,p293_125,440,408,32,153,287,153,32,255
63,124,p293_126,371,286,85,102,269,102,85,184
63,125,p293_127,304,265,39,97,207,97,39,168
63,126,p293_128,495,313,182,145,350,144,181,170
63,127,p293_129,479,338,141,127,352,123,137,219
63,128,p293_130,308,254,54,108,200,106,52,150
63,129,p293_131,298,263,35,120,178,120,35,143
63,130,p293_132,262,218,44,95,167,95,44,123
63,131,p293_133,427,256,171,116,311,116,171,140
63,132,p293_134,235,189,46,103,132,103,46,86
63,133,p293_135,433,320,113,134,299,134,113,186
63,134,p293_136,603,407,196,109,494,101,188,314
63,135,p293_137,403,333,70,90,313,90,70,243
63,136,p293_138,289,227,62,61,228,61,62,166
63,137,p293_139,379,362,17,97,282,97,17,265
63,138,p293_140,267,224,43,67,200,67,43,157
63,139,p293_141,251,171,80,144,107,143,79,29
63,140,p293_142,476,376,100,128,348,128,100,248
63,141,p293_143,326,309,17,120,206,120,17,189
63,142,p293_144,185,178,7,91,94,91,7,87
63,143,p293_145,195,176,19,74,121,74,19,102
63,144,p293_146,395,328,67,84,311,84,67,244
63,145,p293_147,299,272,27,93,206,93,27,179
63,146,p293_148,321,273,48,112,209,112,48,161
63,147,p293_149,365,289,76,106,259,105,75,185
63,148,p293_150,234,153,81,122,112,120,79,35
63,149,p293_151,153,104,49,130,23,98,17,38
63,150,p293_152,215,177,38,106,109,106,38,71
63,151,p293_153,336,168,168,75,261,75,168,93
63,152,p293_154,347,286,61,131,216,131,61,155
63,153,p293_155,222,177,45,121,101,121,45,56
63,154,p293_156,310,182,128,111,199,111,128,71
63,155,p293_157,293,167,126,68,225,68,126,99
63,156,p293_158,321,254,67,152,169,150,65,106
63,157,p293_159,218,179,39,94,124,94,39,85
63,158,p293_160,241,186,55,109,132,109,55,77
63,159,p293_161,246,238,8,118,128,118,8,120
63,160,p293_162,278,267,11,129,149,129,11,138
63,161,p293_163,219,206,13,76,143,76,13,130
63,162,p293_164,269,211,58,103,166,103,58,108
63,163,p293_165,209,149,60,91,118,91,60,58
63,164,p293_166,220,200,20,106,114,106,20,94
63,165,p293_167,174,167,7,62,112,62,7,105
63,166,p293_168,163,142,21,66,97,66,21,76
63,167,p293_169,230,215,15,78,152,78,15,137
63,168,p293_170,242,172,70,96,146,96,70,76
63,169,p293_171,227,201,26,104,123,104,26,97
63,170,p293_172,226,191,35,106,120,106,35,85
63,171,p293_173,203,192,11,57,146,57,11,135
63,172,p293_174,214,181,33,90,124,90,33,91
63,173,p293_175,158,129,29,56,102,56,29,73
63,174,p293_176,155,134,21,71,84,71,21,63
63,175,p293_177,208,188,20,85,123,85,20,103
63,176,p293_178,193,188,5,96,97,96,5,92
63,177,p293_179,284,206,78,136,148,136,78,70
63,178,p293_180,266,187,79,135,131,134,78,54
63,179,p293_181,291,281,10,137,154,137,10,144
63,180,p293_182,246,213,33,94,152,94,33,119
63,181,p293_183,273,240,33,108,165,108,33,132
63,182,p293_184,227,194,33,74,153,74,33,120
63,183,p293_185,241,186,55,98,143,98,55,88
63,184,p293_186,257,245,12,124,133,124,12,121
63,185,p293_187,294,285,9,135,159,135,9,150
63,186,p293_188,243,157,86,85,158,85,86,72
63,187,p293_189,209,202,7,60,149,60,7,142
63,188,p293_190,251,185,66,93,158,93,66,92
63,189,p293_191,253,198,55,111,142,108,52,93
63,190,p293_192,233,200,33,97,136,97,33,103
63,191,p293_193,227,212,15,62,165,62,15,150
63,192,p293_194,323,224,99,116,207,116,99,108
63,193,p293_195,193,189,4,69,124,69,4,120
63,194,p293_196,202,179,23,76,126,76,23,103
63,195,p293_197,195,190,5,56,139,56,5,134
63,196,p293_198,219,213,6,66,153,66,6,147
63,197,p293_199,203,193,10,101,102,101,10,92
63,198,p293_200,246,230,16,113,133,113,16,117
63,199,p293_201,142,124,18,53,89,53,18,71
63,200,p293_202,194,183,11,112,82,105,4,85
64,1,p294_001,158,105,53,70,88,69,52,37
64,2,p294_002,252,174,78,147,105,147,78,27
64,3,p294_003,468,360,108,294,174,293,107,68
64,4,p294_004,348,226,122,195,153,193,120,35
64,5,p294_005,436,367,69,315,121,315,69,52
64,6,p294_006,454,272,182,252,202,252,182,20
64,7,p294_007,341,245,96,194,147,194,96,51
64,8,p294_008,543,396,147,363,180,356,140,47
64,9,p294_009,333,206,127,195,138,195,127,11
64,10,p294_010,226,160,66,111,115,111,66,49
64,11,p294_011,472,371,101,332,140,332,101,39
64,12,p294_012,311,216,95,200,111,199,94,18
64,13,p294_013,336,215,121,210,126,204,115,17
64,14,p294_014,372,265,107,240,132,240,107,25
64,15,p294_015,409,323,86,272,137,272,86,51
64,16,p294_016,475,374,101,330,145,325,96,54
64,17,p294_017,290,175,115,149,141,149,115,26
64,18,p294_018,414,260,154,237,177,235,152,27
64,19,p294_019,489,371,118,323,166,323,118,48
64,20,p294_020,259,175,84,164,95,163,83,13
64,21,p294_021,643,514,129,432,211,432,129,82
64,22,p294_022,501,359,142,342,159,341,141,19
64,23,p294_023,845,611,234,572,273,567,229,49
64,24,p294_024,497,315,182,321,176,313,174,10
64,25,p294_025,212,109,103,101,111,101,103,8
64,26,p294_026,240,130,110,129,111,129,110,1
64,27,p294_027,212,129,83,115,97,115,83,14
64,28,p294_028,245,156,89,121,124,120,88,37
64,29,p294_029,182,141,41,87,95,87,41,54
64,30,p294_030,166,89,77,74,92,74,77,15
64,31,p294_031,212,106,106,87,125,87,106,19
64,32,p294_032,215,163,52,106,109,106,52,57
64,33,p294_033,198,116,82,87,111,83,78,37
64,34,p294_034,191,125,66,67,124,67,66,58
64,35,p294_035,204,124,80,104,100,104,80,20
64,36,p294_036,165,77,88,65,100,64,87,14
64,37,p294_037,234,132,102,117,117,117,102,15
64,38,p294_038,209,110,99,82,127,82,99,28
64,39,p294_039,216,86,130,74,142,74,130,12
64,40,p294_040,237,114,123,112,125,111,122,4
64,41,p294_041,220,108,112,81,139,81,112,27
64,42,p294_042,179,126,53,77,102,77,53,49
64,43,p294_043,236,142,94,110,126,109,93,34
64,44,p294_044,229,149,80,128,101,123,75,31
64,45,p294_045,193,103,90,96,97,96,90,7
64,46,p294_046,186,90,96,83,103,83,96,7
64,47,p294_047,194,149,45,80,114,79,44,71
64,48,p294_048,241,193,48,120,121,120,48,73
64,49,p294_049,168,40,128,38,130,37,127,4
64,50,p294_050,202,102,100,91,111,91,100,11
64,51,p294_051,235,153,82,137,98,137,82,16
64,52,p294_052,193,125,68,98,95,96,66,31
64,53,p294_053,153,127,26,71,82,71,26,56
64,54,p294_054,187,87,100,84,103,84,100,3
64,55,p294_055,236,145,91,131,105,127,87,22
64,56,p294_056,214,147,67,95,119,95,67,52
64,57,p294_057,208,81,127,71,137,71,127,10
64,58,p294_058,248,162,86,133,115,129,82,37
64,59,p294_059,203,100,103,57,146,56,102,45
64,60,p294_060,153,89,64,52,101,52,64,37
64,61,p294_061,179,68,111,62,117,62,111,6
64,62,p294_062,205,96,109,77,128,77,109,19
64,63,p294_063,217,142,75,98,119,98,75,44
64,64,p294_064,226,137,89,107,119,106,88,32
64,65,p294_065,232,152,80,118,114,115,77,40
64,66,p294_066,227,103,124,89,138,89,124,14
64,67,p294_067,202,86,116,82,120,80,114,8
64,68,p294_068,254,156,98,151,103,149,96,9
64,69,p294_069,242,172,70,117,125,117,70,55
64,70,p294_070,206,114,92,95,111,95,92,19
64,71,p294_071,212,115,97,113,99,107,91,14
64,72,p294_072,198,131,67,84,114,83,66,49
64,73,p294_073,204,133,71,108,96,108,71,25
64,74,p294_074,164,119,45,70,94,70,45,49
64,75,p294_075,195,146,49,105,90,98,42,55
64,76,p294_076,168,141,27,90,78,87,24,57
64,77,p294_077,200,114,86,88,112,88,86,26
64,78,p294_078,229,102,127,76,153,76,127,26
64,79,p294_079,196,128,68,80,116,80,68,48
64,80,p294_080,180,149,31,70,110,70,31,79
64,81,p294_081,207,130,77,85,122,85,77,45
64,82,p294_082,164,124,40,69,95,68,39,57
64,83,p294_083,194,104,90,68,126,67,89,38
64,84,p294_084,249,126,123,86,163,86,123,40
64,85,p294_085,193,96,97,66,127,63,94,36
64,86,p294_086,213,106,107,98,115,96,105,12
64,87,p294_087,189,98,91,84,105,80,87,22
64,88,p294_088,188,150,38,99,89,97,36,55
64,89,p294_089,255,150,105,118,137,118,105,32
64,90,p294_090,200,108,92,82,118,82,92,26
64,91,p294_091,183,100,83,81,102,81,83,19
64,92,p294_092,196,98,98,91,105,91,98,7
64,93,p294_093,162,124,38,78,84,75,35,52
64,94,p294_094,189,130,59,97,92,97,59,33
64,95,p294_095,182,60,122,50,132,49,121,12
64,96,p294_096,188,151,37,93,95,91,35,62
64,97,p294_097,197,86,111,84,113,84,111,2
64,98,p294_098,215,147,68,98,117,98,68,49
64,99,p294_099,164,120,44,58,106,58,44,62
64,100,p294_100,198,93,105,87,111,87,105,6
64,101,p294_101,182,129,53,60,122,60,53,69
64,102,p294_102,173,136,37,69,104,67,35,71
64,103,p294_103,182,101,81,67,115,67,81,34
64,104,p294_104,191,123,68,106,85,102,64,25
64,105,p294_105,222,145,77,117,105,117,77,28
64,106,p294_106,194,156,38,102,92,102,38,54
64,107,p294_107,185,106,79,93,92,93,79,13
64,108,p294_108,210,85,125,61,149,61,125,24
64,109,p294_109,205,101,104,79,126,77,102,26
64,110,p294_110,195,144,51,82,113,82,51,62
64,111,p294_111,218,108,110,87,131,87,110,21
64,112,p294_112,210,161,49,103,107,103,49,58
64,113,p294_113,208,162,46,88,120,88,46,74
64,114,p294_114,209,182,27,107,102,107,27,75
64,115,p294_115,205,177,28,100,105,100,28,77
64,116,p294_116,208,172,36,95,113,94,35,79
64,117,p294_117,157,124,33,50,107,49,32,76
64,118,p294_118,195,90,105,58,137,58,105,32
64,119,p294_119,203,107,96,81,122,80,95,28
64,120,p294_120,188,108,80,76,112,76,80,32
64,121,p294_121,185,98,87,81,104,78,84,23
64,122,p294_122,202,156,46,92,110,92,46,64
64,123,p294_123,184,123,61,100,84,97,58,29
64,124,p294_124,207,115,92,91,116,91,92,24
64,125,p294_125,213,158,55,97,116,95,53,65
64,126,p294_126,180,104,76,85,95,85,76,19
64,127,p294_127,191,130,61,90,101,90,61,40
64,128,p294_128,147,109,38,64,83,63,37,47
64,129,p294_129,202,133,69,127,75,109,51,42
64,130,p294_130,237,143,94,125,112,123,92,22
64,131,p294_131,214,190,24,101,113,100,23,91
64,132,p294_132,155,140,15,77,78,77,15,63
64,133,p294_133,192,145,47,71,121,70,46,76
64,134,p294_134,215,119,96,88,127,87,95,33
64,135,p294_135,176,126,50,79,97,79,50,47
64,136,p294_136,175,153,22,74,101,74,22,79
64,137,p294_137,218,153,65,115,103,113,63,42
64,138,p294_138,224,91,133,80,144,80,133,11
64,139,p294_139,179,111,68,74,105,73,67,39
64,140,p294_140,225,160,65,95,130,95,65,65
64,141,p294_141,206,129,77,74,132,72,75,59
64,142,p294_142,158,110,48,39,119,39,48,71
64,143,p294_143,157,144,13,94,63,94,13,50
64,144,p294_144,229,145,84,89,140,89,84,56
64,145,p294_145,246,186,60,134,112,131,57,58
64,146,p294_146,172,103,69,56,116,56,69,47
64,147,p294_147,219,133,86,81,138,81,86,52
64,148,p294_148,203,95,108,69,134,69,108,26
64,149,p294_149,146,80,66,59,87,59,66,21
64,150,p294_150,200,110,90,53,147,53,90,57
64,151,p294_151,192,107,85,84,108,84,85,23
64,152,p294_152,185,149,36,78,107,78,36,71
64,153,p294_153,182,107,75,65,117,65,75,42
64,154,p294_154,189,111,78,71,118,70,77,42
64,155,p294_155,164,85,79,50,114,50,79,35
64,156,p294_156,164,66,98,56,108,56,98,10
64,157,p294_157,211,173,38,123,88,123,38,50
64,158,p294_158,198,117,81,87,111,87,81,30
64,159,p294_159,198,129,69,108,90,94,55,49
64,160,p294_160,167,120,47,126,41,99,20,48
64,161,p294_161,218,100,118,110,108,87,95,36
64,162,p294_162,205,70,135,65,140,58,128,19
64,163,p294_163,198,125,73,76,122,75,72,51
64,164,p294_164,158,61,97,56,102,56,97,5
64,165,p294_165,196,129,67,101,95,101,67,28
64,166,p294_166,227,88,139,50,177,50,139,38
64,167,p294_167,179,95,84,97,82,95,82,2
64,168,p294_168,204,129,75,111,93,100,64,40
64,169,p294_169,151,124,27,57,94,57,27,67
64,170,p294_170,200,112,88,103,97,103,88,9
64,171,p294_171,214,113,101,101,113,100,100,14
64,172,p294_172,204,122,82,99,105,98,81,25
64,173,p294_173,171,148,23,58,113,58,23,90
64,174,p294_174,184,157,27,68,116,68,27,89
64,175,p294_175,214,116,98,104,110,104,98,12
64,176,p294_176,199,100,99,96,103,96,99,4
64,177,p294_177,215,119,96,106,109,106,96,13
64,178,p294_178,164,66,98,60,104,60,98,6
64,179,p294_179,148,101,47,41,107,41,47,60
64,180,p294_180,189,91,98,70,119,69,97,23
64,181,p294_181,251,161,90,115,136,115,90,46
64,182,p294_182,244,194,50,121,123,121,50,73
64,183,p294_183,198,153,45,73,125,73,45,80
64,184,p294_184,177,146,31,87,90,84,28,65
64,185,p294_185,161,122,39,57,104,56,38,67
64,186,p294_186,187,93,94,89,98,88,93,6
64,187,p294_187,139,97,42,46,93,46,42,51
64,188,p294_188,173,134,39,75,98,75,39,59
64,189,p294_189,193,122,71,82,111,82,71,40
64,190,p294_190,181,97,84,116,65,85,53,43
64,191,p294_191,124,92,32,95,29,81,18,25
64,192,p294_192,169,123,46,79,90,73,40,56
64,193,p294_193,197,160,37,104,93,100,33,64
64,194,p294_194,157,106,51,69,88,69,51,37
64,195,p294_195,187,142,45,93,94,93,45,49
64,196,p294_196,153,86,67,66,87,60,61,32
64,197,p294_197,178,118,60,109,69,98,49,31
64,198,p294_198,211,137,74,99,112,99,74,38
64,199,p294_199,191,157,34,99,92,99,34,58
64,200,p294_200,193,139,54,104,89,104,54,35
65,1,p295_002,253,228,25,147,106,147,25,81
65,2,p295_003,526,439,87,363,163,345,69,112
65,3,p295_004,336,309,27,215,121,213,25,98
65,4,p295_005,429,389,40,308,121,307,39,83
65,5,p295_006,412,358,54,265,147,263,52,97
65,6,p295_007,315,303,12,197,118,197,12,106
65,7,p295_008,530,491,39,366,164,366,39,125
65,8,p295_009,377,323,54,215,162,213,52,112
65,9,p295_010,227,188,39,91,136,91,39,97
65,10,p295_011,439,329,110,319,120,304,95,40
65,11,p295_012,307,220,87,168,139,167,86,54
65,12,p295_013,292,270,22,205,87,201,18,73
65,13,p295_014,343,304,39,213,130,213,39,91
65,14,p295_015,383,297,86,258,125,250,78,55
65,15,p295_016,440,340,100,352,88,286,34,120
65,16,p295_017,287,273,14,153,134,153,14,120
65,17,p295_018,379,349,30,258,121,256,28,95
65,18,p295_019,473,332,141,294,179,289,136,48
65,19,p295_020,323,247,76,178,145,172,70,81
65,20,p295_021,618,439,179,410,208,401,170,47
65,21,p295_022,442,375,67,297,145,293,63,86
65,22,p295_025,179,145,34,89,90,87,32,60
65,23,p295_026,219,215,4,102,117,102,4,113
65,24,p295_027,233,174,59,125,108,125,59,49
65,25,p295_028,150,128,22,133,17,119,8,23
65,26,p295_029,237,227,10,143,94,142,9,86
65,27,p295_030,220,114,106,100,120,99,105,16
65,28,p295_031,217,148,69,87,130,87,69,61
65,29,p295_032,203,115,88,96,107,96,88,19
65,30,p295_033,243,113,130,109,134,108,129,6
65,31,p295_034,211,157,54,124,87,124,54,33
65,32,p295_035,251,118,133,104,147,103,132,16
65,33,p295_036,204,83,121,76,128,75,120,9
65,34,p295_037,342,194,148,105,237,103,146,93
65,35,p295_038,202,125,77,94,108,84,67,51
65,36,p295_039,327,220,107,94,233,92,105,130
65,37,p295_040,282,175,107,143,139,131,95,56
65,38,p295_041,158,143,15,61,97,61,15,82
65,39,p295_042,238,127,111,127,111,122,106,10
65,40,p295_043,251,174,77,123,128,114,68,69
65,41,p295_044,240,226,14,93,147,92,13,135
65,42,p295_045,234,124,110,78,156,78,110,46
65,43,p295_046,227,219,8,56,171,56,8,163
65,44,p295_048,212,176,36,95,117,95,36,81
65,45,p295_049,222,135,87,98,124,98,87,37
65,46,p295_050,249,163,86,92,157,92,86,71
65,47,p295_051,253,173,80,117,136,117,80,56
65,48,p295_052,323,300,23,112,211,112,23,188
65,49,p295_053,264,103,161,65,199,65,161,38
65,50,p295_054,270,205,65,132,138,132,65,73
65,51,p295_055,227,188,39,80,147,79,38,110
65,52,p295_056,238,166,72,105,133,105,72,61
65,53,p295_057,212,175,37,92,120,92,37,83
65,54,p295_058,251,208,43,118,133,118,43,90
65,55,p295_059,191,145,46,77,114,77,46,68
65,56,p295_060,244,214,30,123,121,123,30,91
65,57,p295_061,208,204,4,108,100,108,4,96
65,58,p295_062,196,144,52,83,113,83,52,61
65,59,p295_063,225,138,87,113,112,113,87,25
65,60,p295_064,251,132,119,113,138,113,119,19
65,61,p295_065,221,108,113,111,110,105,107,9
65,62,p295_066,262,147,115,129,133,129,115,18
65,63,p295_067,332,195,137,117,215,117,137,78
65,64,p295_068,237,128,109,116,121,116,109,12
65,65,p295_069,226,93,133,77,149,77,133,16
65,66,p295_070,203,77,126,72,131,72,126,5
65,67,p295_071,196,75,121,68,128,68,121,7
65,68,p295_072,211,135,76,71,140,71,76,64
65,69,p295_073,217,127,90,73,144,73,90,54
65,70,p295_074,294,169,125,140,154,140,125,29
65,71,p295_075,275,156,119,110,165,107,116,52
65,72,p295_076,234,93,141,70,164,70,141,23
65,73,p295_077,246,139,107,119,127,119,107,20
65,74,p295_078,179,84,95,79,100,79,95,5
65,75,p295_079,245,151,94,139,106,129,84,32
65,76,p295_080,222,98,124,137,85,84,71,67
65,77,p295_081,230,102,128,97,133,94,125,11
65,78,p295_082,244,86,158,70,174,70,158,16
65,79,p295_083,201,103,98,74,127,74,98,29
65,80,p295_084,246,150,96,107,139,107,96,43
65,81,p295_085,289,118,171,108,181,108,171,10
65,82,p295_086,281,205,76,117,164,117,76,88
65,83,p295_087,238,112,126,92,146,92,126,20
65,84,p295_088,208,89,119,82,126,82,119,7
65,85,p295_089,182,139,43,79,103,79,43,60
65,86,p295_090,217,164,53,90,127,90,53,74
65,87,p295_091,284,253,31,116,168,111,26,147
65,88,p295_092,230,128,102,100,130,99,101,30
65,89,p295_093,230,195,35,107,123,107,35,88
65,90,p295_094,206,173,33,111,95,111,33,62
65,91,p295_095,222,114,108,98,124,98,108,16
65,92,p295_096,181,92,89,91,90,91,89,1
65,93,p295_097,163,98,65,59,104,59,65,39
65,94,p295_098,210,103,107,86,124,86,107,17
65,95,p295_099,297,158,139,107,190,107,139,51
65,96,p295_100,198,185,13,104,94,104,13,81
65,97,p295_101,212,89,123,88,124,88,123,1
65,98,p295_102,257,129,128,113,144,112,127,18
65,99,p295_103,230,128,102,104,126,104,102,24
65,100,p295_104,246,129,117,126,120,126,117,3
65,101,p295_105,181,88,93,81,100,81,93,7
65,102,p295_106,222,138,84,89,133,89,84,49
65,103,p295_107,212,100,112,96,116,96,112,4
65,104,p295_108,270,103,167,100,170,100,167,3
65,105,p295_109,257,113,144,103,154,103,144,10
65,106,p295_110,279,123,156,100,179,100,156,23
65,107,p295_111,247,159,88,103,144,103,88,56
65,108,p295_112,256,151,105,104,152,104,105,47
65,109,p295_113,225,71,154,72,153,70,152,3
65,110,p295_114,292,122,170,105,187,105,170,17
65,111,p295_115,227,148,79,108,119,108,79,40
65,112,p295_116,246,185,61,90,156,90,61,95
65,113,p295_117,210,115,95,104,106,104,95,11
65,114,p295_118,262,142,120,131,131,131,120,11
65,115,p295_119,239,116,123,107,132,106,122,11
65,116,p295_120,230,128,102,137,93,121,86,23
65,117,p295_121,239,96,143,88,151,86,141,12
65,118,p295_122,276,159,117,158,118,146,105,25
65,119,p295_123,286,150,136,134,152,134,136,16
65,120,p295_124,247,102,145,102,145,102,145,0
65,121,p295_125,213,109,104,90,123,89,103,21
65,122,p295_126,217,111,106,110,107,105,101,11
65,123,p295_127,166,107,59,63,103,63,59,44
65,124,p295_128,209,95,114,81,128,81,114,14
65,125,p295_129,276,160,116,129,147,129,116,31
65,126,p295_130,249,119,130,111,138,111,130,8
65,127,p295_131,254,154,100,150,104,150,100,4
65,128,p295_132,204,110,94,105,99,103,92,9
65,129,p295_133,259,143,116,131,128,131,116,12
65,130,p295_134,257,104,153,98,159,98,153,6
65,131,p295_135,252,104,148,100,152,100,148,4
65,132,p295_137,254,105,149,104,150,103,148,3
65,133,p295_138,233,110,123,100,133,100,123,10
65,134,p295_139,217,107,110,106,111,106,110,1
65,135,p295_140,249,117,132,103,146,103,132,14
65,136,p295_141,226,110,116,90,136,90,116,20
65,137,p295_142,187,79,108,76,111,75,107,5
65,138,p295_143,221,116,105,105,116,104,104,13
65,139,p295_144,270,106,164,103,167,98,159,13
65,140,p295_145,204,120,84,89,115,89,84,31
65,141,p295_146,198,101,97,61,137,61,97,40
65,142,p295_147,259,108,151,97,162,97,151,11
65,143,p295_148,265,177,88,123,142,123,88,54
65,144,p295_149,270,110,160,108,162,105,157,8
65,145,p295_150,262,122,140,95,167,95,140,27
65,146,p295_151,252,143,109,124,128,124,109,19
65,147,p295_152,235,88,147,80,155,80,147,8
65,148,p295_153,238,167,71,107,131,107,71,60
65,149,p295_154,209,82,127,61,148,61,127,21
65,150,p295_155,219,93,126,107,112,77,96,46
65,151,p295_156,229,80,149,79,150,76,146,7
65,152,p295_157,240,114,126,75,165,75,126,39
65,153,p295_158,254,118,136,91,163,91,136,27
65,154,p295_159,174,98,76,85,89,85,76,13
65,155,p295_160,201,146,55,81,120,81,55,65
65,156,p295_161,153,87,66,85,68,85,66,2
65,157,p295_162,190,156,34,80,110,80,34,76
65,158,p295_163,246,170,76,105,141,105,76,65
65,159,p295_164,190,91,99,76,114,76,99,15
65,160,p295_165,248,149,99,128,120,128,99,21
65,161,p295_166,233,199,34,106,127,106,34,93
65,162,p295_167,265,174,91,138,127,138,91,36
65,163,p295_168,174,126,48,69,105,69,48,57
65,164,p295_169,211,122,89,108,103,108,89,14
65,165,p295_170,235,113,122,87,148,87,122,26
65,166,p295_171,233,148,85,104,129,104,85,44
65,167,p295_172,238,90,148,88,150,88,148,2
65,168,p295_173,174,49,125,49,125,49,125,0
65,169,p295_174,174,73,101,83,91,70,88,16
65,170,p295_175,240,162,78,146,94,138,70,32
65,171,p295_176,193,136,57,113,80,111,55,27
65,172,p295_177,227,117,110,97,130,96,109,22
65,173,p295_178,814,91,723,86,728,86,723,5
65,174,p295_179,190,143,47,95,95,94,46,50
65,175,p295_180,283,208,75,129,154,129,75,79
65,176,p295_181,275,130,145,111,164,111,145,19
65,177,p295_182,316,166,150,95,221,95,150,71
65,178,p295_183,198,129,69,87,111,87,69,42
65,179,p295_184,221,185,36,98,123,98,36,87
65,180,p295_185,288,180,108,96,192,96,108,84
65,181,p295_186,211,182,29,83,128,72,18,121
65,182,p295_187,339,242,97,132,207,123,88,128
65,183,p295_188,261,87,174,66,195,66,174,21
65,184,p295_189,193,125,68,61,132,61,68,64
65,185,p295_190,257,137,120,130,127,130,120,7
65,186,p295_191,237,203,34,135,102,131,30,76
65,187,p295_192,234,139,95,69,165,69,95,70
65,188,p295_193,431,262,169,147,284,146,168,117
65,189,p295_194,219,208,11,148,71,143,6,70
65,190,p295_195,277,206,71,86,191,86,71,120
65,191,p295_196,318,257,61,123,195,122,60,136
65,192,p295_197,242,141,101,112,130,106,95,41
65,193,p295_198,266,128,138,114,152,114,138,14
65,194,p295_199,270,218,52,124,146,124,52,94
65,195,p295_200,399,164,235,124,275,124,235,40
65,196,p295_201,409,218,191,90,319,90,191,128
65,197,p295_202,316,143,173,105,211,105,173,38
65,198,p295_203,339,140,199,94,245,94,199,46
65,199,p295_204,315,153,162,106,209,106,162,47
65,200,p295_205,233,192,41,77,156,77,41,115
66,1,p297_001,171,137,34,88,83,85,31,55
66,2,p297_002,285,191,94,162,123,158,90,37
66,3,p297_003,559,481,78,379,180,374,73,112
66,4,p297_004,383,317,66,237,146,235,64,84
66,5,p297_005,478,361,117,324,154,323,116,39
66,6,p297_006,523,407,116,297,226,295,114,114
66,7,p297_007,387,271,116,239,148,237,114,36
66,8,p297_008,581,414,167,392,189,384,159,38
66,9,p297_009,387,263,124,256,131,253,121,13
66,10,p297_010,293,137,156,126,167,123,153,17
66,11,p297_011,493,442,51,377,116,376,50,67
66,12,p297_012,389,241,148,246,143,239,141,9
66,13,p297_013,366,267,99,233,133,231,97,38
66,14,p297_014,374,273,101,252,122,251,100,23
66,15,p297_015,393,360,33,313,80,313,33,47
66,16,p297_016,487,394,93,371,116,367,89,31
66,17,p297_017,270,187,83,167,103,167,83,20
66,18,p297_018,412,341,71,309,103,307,69,36
66,19,p297_019,526,497,29,423,103,421,27,78
66,20,p297_020,334,258,76,202,132,202,76,56
66,21,p297_021,659,539,120,523,136,515,112,32
66,22,p297_023,801,635,166,617,184,612,161,28
66,23,p297_024,502,388,114,354,148,347,107,48
66,24,p297_025,265,105,160,105,160,98,153,14
66,25,p297_026,300,149,151,152,148,148,147,5
66,26,p297_027,304,204,100,157,147,157,100,47
66,27,p297_028,299,198,101,114,185,114,101,84
66,28,p297_029,225,139,86,93,132,92,85,48
66,29,p297_030,235,161,74,94,141,94,74,67
66,30,p297_031,305,189,116,149,156,149,116,40
66,31,p297_032,318,156,162,150,168,148,160,10
66,32,p297_033,254,165,89,143,111,142,88,24
66,33,p297_034,376,180,196,158,218,158,196,22
66,34,p297_035,294,252,42,147,147,147,42,105
66,35,p297_036,354,233,121,185,169,185,121,48
66,36,p297_037,241,182,59,107,134,105,57,79
66,37,p297_038,217,163,54,96,121,96,54,67
66,38,p297_039,278,201,77,160,118,158,75,45
66,39,p297_040,203,186,17,71,132,71,17,115
66,40,p297_041,281,203,78,158,123,157,77,47
66,41,p297_042,274,243,31,152,122,152,31,91
66,42,p297_043,285,185,100,141,144,141,100,44
66,43,p297_044,241,183,58,111,130,111,58,72
66,44,p297_045,302,237,65,159,143,159,65,78
66,45,p297_046,248,120,128,123,125,118,123,7
66,46,p297_047,334,279,55,194,140,194,55,85
66,47,p297_048,221,143,78,97,124,97,78,46
66,48,p297_049,307,207,100,102,205,102,100,105
66,49,p297_050,289,181,108,137,152,133,104,52
66,50,p297_051,359,155,204,119,240,117,202,40
66,51,p297_052,261,149,112,141,120,141,112,8
66,52,p297_053,203,146,57,129,74,128,56,19
66,53,p297_054,243,182,61,146,97,132,47,64
66,54,p297_055,251,194,57,135,116,135,57,59
66,55,p297_056,290,128,162,125,165,121,158,11
66,56,p297_057,262,189,73,139,123,137,71,54
66,57,p297_058,231,213,18,80,151,80,18,133
66,58,p297_059,225,147,78,111,114,111,78,36
66,59,p297_060,254,157,97,122,132,122,97,35
66,60,p297_061,300,203,97,151,149,149,95,56
66,61,p297_062,326,207,119,174,152,173,118,35
66,62,p297_063,234,97,137,95,139,94,136,4
66,63,p297_065,276,143,133,115,161,113,131,32
66,64,p297_066,251,141,110,140,111,136,106,9
66,65,p297_067,241,112,129,111,130,111,129,1
66,66,p297_068,301,138,163,120,181,118,161,22
66,67,p297_069,281,252,29,111,170,111,29,141
66,68,p297_070,282,154,128,144,138,144,128,10
66,69,p297_071,235,120,115,94,141,94,115,26
66,70,p297_072,292,232,60,172,120,172,60,60
66,71,p297_074,210,75,135,76,134,75,134,1
66,72,p297_075,418,150,268,146,272,142,264,12
66,73,p297_076,224,125,99,85,139,85,99,40
66,74,p297_077,219,168,51,82,137,82,51,86
66,75,p297_078,326,236,90,178,148,177,89,60
66,76,p297_079,200,89,111,100,100,78,89,33
66,77,p297_080,209,149,60,92,117,92,60,57
66,78,p297_081,238,99,139,93,145,93,139,6
66,79,p297_082,341,155,186,143,198,135,178,28
66,80,p297_083,289,127,162,126,163,123,159,7
66,81,p297_084,347,143,204,130,217,129,203,15
66,82,p297_085,201,116,85,64,137,64,85,52
66,83,p297_086,209,130,79,100,109,100,79,30
66,84,p297_087,258,152,106,109,149,109,106,43
66,85,p297_088,321,237,84,120,201,120,84,117
66,86,p297_090,366,171,195,134,232,134,195,37
66,87,p297_091,300,148,152,145,155,144,151,5
66,88,p297_092,281,150,131,102,179,102,131,48
66,89,p297_093,235,123,112,83,152,83,112,40
66,90,p297_094,235,185,50,122,113,122,50,63
66,91,p297_095,206,164,42,73,133,73,42,91
66,92,p297_096,323,173,150,155,168,154,149,20
66,93,p297_097,289,126,163,117,172,117,163,9
66,94,p297_098,241,136,105,144,97,136,97,8
66,95,p297_099,230,198,32,121,109,121,32,77
66,96,p297_100,217,126,91,104,113,104,91,22
66,97,p297_101,169,98,71,86,83,72,57,40
66,98,p297_102,260,195,65,150,110,146,61,53
66,99,p297_103,222,115,107,114,108,114,107,1
66,100,p297_104,294,232,62,133,161,133,62,99
66,101,p297_105,220,123,97,112,108,112,97,11
66,102,p297_106,238,169,69,117,121,117,69,52
66,103,p297_107,259,177,82,136,123,136,82,41
66,104,p297_108,171,128,43,97,74,97,43,31
66,105,p297_109,225,178,47,126,99,126,47,52
66,106,p297_110,246,106,140,104,142,102,138,6
66,107,p297_111,203,146,57,113,90,111,55,37
66,108,p297_112,219,91,128,93,126,89,124,6
66,109,p297_113,235,118,117,105,130,105,117,13
66,110,p297_114,249,212,37,149,100,149,37,63
66,111,p297_115,297,202,95,156,141,156,95,46
66,112,p297_116,235,164,71,130,105,130,71,34
66,113,p297_117,254,212,42,133,121,133,42,79
66,114,p297_118,235,151,84,104,131,104,84,47
66,115,p297_119,214,157,57,111,103,111,57,46
66,116,p297_120,233,132,101,123,110,122,100,11
66,117,p297_121,219,169,50,121,98,121,50,48
66,118,p297_122,267,186,81,141,126,141,81,45
66,119,p297_123,259,196,63,161,98,161,63,35
66,120,p297_124,334,228,106,179,155,179,106,49
66,121,p297_125,283,168,115,167,116,154,102,27
66,122,p297_126,324,230,94,200,124,172,66,86
66,123,p297_127,324,219,105,169,155,165,101,58
66,124,p297_128,258,184,74,104,154,104,74,80
66,125,p297_129,254,192,62,151,103,151,62,41
66,126,p297_130,209,171,38,106,103,106,38,65
66,127,p297_131,203,174,29,92,111,92,29,82
66,128,p297_132,275,187,88,135,140,134,87,54
66,129,p297_133,286,160,126,154,132,154,126,6
66,130,p297_134,249,98,151,97,152,97,151,1
66,131,p297_135,284,155,129,155,129,154,128,2
66,132,p297_136,263,82,181,82,181,82,181,0
66,133,p297_137,265,138,127,131,134,130,126,9
66,134,p297_138,257,93,164,95,162,93,162,2
66,135,p297_139,161,78,83,63,98,63,83,15
66,136,p297_140,257,156,101,79,178,79,101,77
66,137,p297_141,233,184,49,85,148,85,49,99
66,138,p297_142,248,92,156,93,155,91,154,3
66,139,p297_143,203,121,82,110,93,108,80,15
66,140,p297_144,134,93,41,63,71,63,41,30
66,141,p297_145,193,109,84,82,111,81,83,29
66,142,p297_146,297,229,68,198,99,198,68,31
66,143,p297_147,273,122,151,121,152,115,145,13
66,144,p297_148,286,173,113,184,102,169,98,19
66,145,p297_149,201,126,75,118,83,118,75,8
66,146,p297_150,193,106,87,86,107,84,85,24
66,147,p297_151,233,184,49,157,76,157,49,27
66,148,p297_152,254,118,136,103,151,103,136,15
66,149,p297_153,246,155,91,85,161,85,91,70
66,150,p297_154,283,150,133,138,145,138,133,12
66,151,p297_155,323,105,218,99,224,92,211,20
66,152,p297_156,251,110,141,106,145,106,141,4
66,153,p297_157,257,192,65,129,128,127,63,67
66,154,p297_158,294,140,154,136,158,135,153,6
66,155,p297_159,252,103,149,110,142,100,139,13
66,156,p297_160,299,179,120,140,159,139,119,41
66,157,p297_161,254,189,65,159,95,159,65,30
66,158,p297_162,281,138,143,120,161,120,143,18
66,159,p297_163,211,119,92,86,125,86,92,33
66,160,p297_164,207,85,122,85,122,85,122,0
66,161,p297_165,204,73,131,66,138,66,131,7
66,162,p297_166,214,109,105,110,104,107,102,5
66,163,p297_167,174,116,58,76,98,76,58,40
66,164,p297_168,239,168,71,132,107,123,62,54
66,165,p297_169,155,87,68,76,79,76,68,11
66,166,p297_170,182,77,105,56,126,56,105,21
66,167,p297_171,288,185,103,163,125,163,103,22
66,168,p297_172,187,142,45,92,95,92,45,50
66,169,p297_173,254,175,79,154,100,151,76,27
66,170,p297_174,186,67,119,70,116,67,116,3
66,171,p297_175,243,122,121,123,120,118,116,9
66,172,p297_176,206,82,124,76,130,76,124,6
66,173,p297_177,193,90,103,91,102,89,101,3
66,174,p297_178,262,120,142,135,127,120,127,15
66,175,p297_179,227,89,138,90,137,86,134,7
66,176,p297_180,260,102,158,103,157,102,157,1
66,177,p297_181,201,71,130,51,150,51,130,20
66,178,p297_182,219,92,127,83,136,83,127,9
66,179,p297_183,201,100,101,61,140,61,101,39
66,180,p297_184,230,114,116,99,131,99,116,15
66,181,p297_185,179,156,23,64,115,64,23,92
66,182,p297_186,227,93,134,93,134,91,132,4
66,183,p297_187,179,110,69,61,118,61,69,49
66,184,p297_188,263,107,156,108,155,106,154,3
66,185,p297_189,321,145,176,137,184,136,175,10
66,186,p297_190,310,103,207,98,212,97,206,7
66,187,p297_191,193,116,77,83,110,79,73,41
66,188,p297_192,174,111,63,77,97,77,63,34
66,189,p297_193,267,160,107,157,110,152,102,13
66,190,p297_194,214,112,102,110,104,110,102,2
66,191,p297_195,217,171,46,119,98,119,46,52
66,192,p297_196,193,109,84,70,123,70,84,39
66,193,p297_197,177,90,87,76,101,76,87,14
66,194,p297_198,222,170,52,117,105,117,52,53
66,195,p297_199,246,173,73,122,124,122,73,51
66,196,p297_200,291,159,132,117,174,117,132,42
66,197,p297_201,206,179,27,117,89,117,27,62
66,198,p297_202,222,108,114,108,114,105,111,6
66,199,p297_203,235,189,46,111,124,111,46,78
66,200,p297_204,232,107,125,110,122,106,121,5
67,1,p298_001,179,115,64,65,114,62,61,56
67,2,p298_002,268,233,35,148,120,146,33,89
67,3,p298_003,459,414,45,337,122,332,40,87
67,4,p298_004,307,301,6,207,100,207,6,94
67,5,p298_005,374,328,46,265,109,265,46,63
67,6,p298_006,426,397,29,231,195,231,29,166
67,7,p298_007,297,261,36,172,125,172,36,89
67,8,p298_008,449,425,24,319,130,319,24,106
67,9,p298_009,300,263,37,177,123,177,37,86
67,10,p298_010,225,203,22,102,123,102,22,101
67,11,p298_011,441,401,40,296,145,296,40,105
67,12,p298_012,299,256,43,178,121,177,42,80
67,13,p298_013,299,296,3,167,132,167,3,129
67,14,p298_014,313,292,21,202,111,202,21,90
67,15,p298_015,417,398,19,267,150,267,19,131
67,16,p298_016,427,378,49,306,121,304,47,76
67,17,p298_017,246,160,86,133,113,132,85,29
67,18,p298_018,488,343,145,230,258,230,145,113
67,19,p298_019,454,411,43,337,117,337,43,74
67,20,p298_020,297,270,27,158,139,158,27,112
67,21,p298_021,609,532,77,439,170,438,76,95
67,22,p298_022,451,399,52,308,143,307,51,93
67,23,p298_023,613,549,64,470,143,469,63,81
67,24,p298_024,498,454,44,283,215,283,44,171
67,25,p298_025,217,153,64,107,110,107,64,46
67,26,p298_026,273,176,97,124,149,122,95,56
67,27,p298_027,271,212,59,112,159,112,59,100
67,28,p298_028,217,177,40,96,121,96,40,81
67,29,p298_029,219,148,71,108,111,105,68,46
67,30,p298_030,235,159,76,103,132,103,76,56
67,31,p298_031,311,179,132,156,155,153,129,29
67,32,p298_032,190,111,79,66,124,66,79,45
67,33,p298_033,219,207,12,86,133,86,12,121
67,34,p298_034,283,229,54,118,165,118,54,111
67,35,p298_035,257,220,37,130,127,130,37,90
67,36,p298_036,240,173,67,101,139,101,67,72
67,37,p298_037,203,162,41,84,119,83,40,80
67,38,p298_038,214,150,64,71,143,69,62,83
67,39,p298_039,217,123,94,74,143,74,94,49
67,40,p298_040,247,153,94,91,156,91,94,62
67,41,p298_041,246,228,18,128,118,128,18,100
67,42,p298_042,235,215,20,103,132,103,20,112
67,43,p298_043,209,193,16,101,108,101,16,92
67,44,p298_044,230,133,97,86,144,86,97,47
67,45,p298_045,286,251,35,163,123,163,35,88
67,46,p298_046,210,135,75,101,109,101,75,34
67,47,p298_047,313,156,157,92,221,92,157,64
67,48,p298_048,339,235,104,149,190,149,104,86
67,49,p298_049,225,146,79,113,112,113,79,33
67,50,p298_050,218,114,104,96,122,96,104,18
67,51,p298_051,217,132,85,76,141,76,85,56
67,52,p298_052,253,90,163,89,164,89,163,1
67,53,p298_053,347,225,122,178,169,178,122,47
67,54,p298_054,254,138,116,96,158,96,116,42
67,55,p298_055,294,189,105,152,142,152,105,37
67,56,p298_056,241,139,102,107,134,106,101,34
67,57,p298_057,246,164,82,94,152,94,82,70
67,58,p298_058,289,226,63,135,154,135,63,91
67,59,p298_059,259,154,105,100,159,100,105,54
67,60,p298_060,239,174,65,93,146,93,65,81
67,61,p298_061,350,205,145,99,251,99,145,106
67,62,p298_062,217,112,105,83,134,83,105,29
67,63,p298_063,262,183,79,76,186,76,79,107
67,64,p298_064,237,181,56,105,132,105,56,76
67,65,p298_065,244,142,102,82,162,82,102,60
67,66,p298_066,237,137,100,114,123,114,100,23
67,67,p298_067,210,141,69,74,136,64,59,87
67,68,p298_068,246,224,22,119,127,119,22,105
67,69,p298_069,233,181,52,117,116,117,52,64
67,70,p298_070,241,191,50,99,142,99,50,92
67,71,p298_071,283,200,83,98,185,98,83,102
67,72,p298_072,196,110,86,86,110,85,85,26
67,73,p298_073,241,120,121,101,140,100,120,21
67,74,p298_074,203,145,58,77,126,77,58,68
67,75,p298_075,219,168,51,106,113,104,49,66
67,76,p298_076,246,166,80,85,161,85,80,81
67,77,p298_077,222,120,102,87,135,87,102,33
67,78,p298_078,245,168,77,89,156,89,77,79
67,79,p298_079,254,190,64,112,142,112,64,78
67,80,p298_080,206,170,36,115,91,115,36,55
67,81,p298_081,251,210,41,146,105,146,41,64
67,82,p298_082,206,101,105,90,116,90,105,11
67,83,p298_083,230,100,130,97,133,97,130,3
67,84,p298_084,261,180,81,121,140,121,81,59
67,85,p298_085,273,129,144,101,172,101,144,28
67,86,p298_086,350,286,64,164,186,164,64,122
67,87,p298_087,251,230,21,84,167,84,21,146
67,88,p298_088,345,254,91,154,191,154,91,100
67,89,p298_089,317,196,121,105,212,105,121,91
67,90,p298_090,307,198,109,127,180,127,109,71
67,91,p298_091,341,238,103,137,204,137,103,101
67,92,p298_092,313,224,89,140,173,140,89,84
67,93,p298_093,254,229,25,97,157,96,24,134
67,94,p298_094,254,175,79,70,184,70,79,105
67,95,p298_095,297,184,113,112,185,112,113,72
67,96,p298_096,289,198,91,110,179,110,91,88
67,97,p298_097,207,146,61,105,102,105,61,41
67,98,p298_098,222,185,37,83,139,83,37,102
67,99,p298_099,235,168,67,83,152,83,67,85
67,100,p298_100,329,261,68,157,172,157,68,104
67,101,p298_101,282,190,92,126,156,126,92,64
67,102,p298_102,299,248,51,141,158,141,51,107
67,103,p298_103,232,186,46,87,145,85,44,103
67,104,p298_104,339,196,143,133,206,133,143,63
67,105,p298_105,273,145,128,89,184,89,128,56
67,106,p298_106,334,189,145,86,248,86,145,103
67,107,p298_107,291,148,143,132,159,132,143,16
67,108,p298_108,334,211,123,142,192,142,123,69
67,109,p298_109,281,209,72,132,149,132,72,77
67,110,p298_110,198,131,67,67,131,67,67,64
67,111,p298_111,219,123,96,90,129,90,96,33
67,112,p298_112,194,116,78,65,129,65,78,51
67,113,p298_113,269,194,75,129,140,129,75,65
67,114,p298_114,233,79,154,60,173,60,154,19
67,115,p298_115,250,122,128,69,181,69,128,53
67,116,p298_116,273,133,140,107,166,107,140,26
67,117,p298_117,214,104,110,68,146,68,110,36
67,118,p298_118,190,126,64,71,119,71,64,55
67,119,p298_119,307,276,31,177,130,177,31,99
67,120,p298_120,270,137,133,132,138,131,132,7
67,121,p298_121,209,166,43,100,109,100,43,66
67,122,p298_122,190,74,116,58,132,58,116,16
67,123,p298_123,254,179,75,134,120,134,75,45
67,124,p298_124,299,229,70,162,137,162,70,67
67,125,p298_125,265,76,189,69,196,69,189,7
67,126,p298_126,270,120,150,64,206,64,150,56
67,127,p298_127,297,215,82,146,151,146,82,69
67,128,p298_128,190,109,81,80,110,80,81,29
67,129,p298_129,254,133,121,65,189,65,121,68
67,130,p298_130,230,121,109,111,119,107,105,18
67,131,p298_131,339,141,198,92,247,82,188,69
67,132,p298_132,259,129,130,90,169,90,130,39
67,133,p298_133,206,162,44,125,81,124,43,39
67,134,p298_134,166,86,80,60,106,60,80,26
67,135,p298_135,222,174,48,91,131,90,47,85
67,136,p298_136,254,99,155,79,175,76,152,26
67,137,p298_137,281,141,140,131,150,131,140,10
67,138,p298_138,254,94,160,80,174,80,160,14
67,139,p298_139,361,97,264,86,275,86,264,11
67,140,p298_140,219,153,66,99,120,99,66,54
67,141,p298_141,178,87,91,79,99,79,91,8
67,142,p298_142,239,144,95,109,130,109,95,35
67,143,p298_143,281,198,83,148,133,148,83,50
67,144,p298_144,286,171,115,145,141,145,115,26
67,145,p298_145,374,183,191,140,234,140,191,43
67,146,p298_146,247,125,122,116,131,115,121,11
67,147,p298_147,212,92,120,65,147,65,120,27
67,148,p298_148,363,162,201,84,279,83,200,80
67,149,p298_149,217,143,74,100,117,99,73,45
67,150,p298_150,218,138,80,73,145,73,80,65
67,151,p298_151,196,84,112,75,121,75,112,9
67,152,p298_152,223,115,108,94,129,94,108,21
67,153,p298_153,216,123,93,97,119,97,93,26
67,154,p298_154,298,146,152,89,209,89,152,57
67,155,p298_155,366,194,172,161,205,161,172,33
67,156,p298_156,265,209,56,81,184,79,54,132
67,157,p298_157,250,166,84,92,158,92,84,74
67,158,p298_158,308,129,179,107,201,107,179,22
67,159,p298_159,251,139,112,105,146,105,112,34
67,160,p298_160,225,110,115,83,142,83,115,27
67,161,p298_161,211,113,98,93,118,93,98,20
67,162,p298_162,275,166,109,125,150,125,109,41
67,163,p298_163,232,143,89,81,151,80,88,64
67,164,p298_164,203,149,54,83,120,83,54,66
67,165,p298_165,206,124,82,64,142,64,82,60
67,166,p298_166,247,127,120,101,146,101,120,26
67,167,p298_167,315,158,157,112,203,112,157,46
67,168,p298_168,243,161,82,55,188,55,82,106
67,169,p298_169,330,223,107,179,151,177,105,48
67,170,p298_170,283,164,119,120,163,120,119,44
67,171,p298_171,251,211,40,104,147,104,40,107
67,172,p298_172,256,152,104,119,137,119,104,33
67,173,p298_173,246,107,139,98,148,98,139,9
67,174,p298_174,254,151,103,104,150,104,103,47
67,175,p298_175,302,163,139,144,158,144,139,19
67,176,p298_176,265,168,97,120,145,120,97,48
67,177,p298_177,227,96,131,85,142,85,131,11
67,178,p298_178,223,94,129,71,152,71,129,23
67,179,p298_179,225,161,64,99,126,99,64,62
67,180,p298_180,364,208,156,141,223,141,156,67
67,181,p298_181,169,73,96,69,100,68,95,6
67,182,p298_182,192,86,106,76,116,76,106,10
67,183,p298_183,226,159,67,102,124,101,66,59
67,184,p298_184,342,209,133,138,204,138,133,71
67,185,p298_185,243,92,151,74,169,74,151,18
67,186,p298_186,197,86,111,82,115,82,111,4
67,187,p298_187,226,94,132,77,149,77,132,17
67,188,p298_188,235,133,102,75,160,75,102,58
67,189,p298_189,235,117,118,97,138,97,118,20
67,190,p298_190,321,231,90,168,153,168,90,63
67,191,p298_191,345,87,258,86,259,86,258,1
67,192,p298_192,259,137,122,71,188,68,119,72
67,193,p298_193,222,127,95,57,165,57,95,70
67,194,p298_194,246,118,128,98,148,98,128,20
67,195,p298_195,310,177,133,121,189,120,132,58
67,196,p298_196,235,98,137,84,151,83,136,16
67,197,p298_197,323,213,110,193,130,191,108,24
67,198,p298_198,235,104,131,99,136,99,131,5
67,199,p298_199,232,190,42,115,117,115,42,75
67,200,p298_200,299,141,158,131,168,131,158,10
68,1,p299_001,161,125,36,72,89,70,34,57
68,2,p299_002,251,153,98,167,84,148,79,24
68,3,p299_003,473,352,121,312,161,309,118,46
68,4,p299_004,331,226,105,193,138,190,102,39
68,5,p299_005,400,323,77,280,120,279,76,45
68,6,p299_006,355,292,63,244,111,243,62,50
68,7,p299_007,297,261,36,217,80,211,30,56
68,8,p299_008,504,409,95,349,155,346,92,66
68,9,p299_009,318,231,87,215,103,215,87,16
68,10,p299_010,201,102,99,100,101,100,99,2
68,11,p299_011,459,332,127,323,136,322,126,11
68,12,p299_012,345,204,141,189,156,188,140,17
68,13,p299_013,307,205,102,188,119,183,97,27
68,14,p299_014,320,250,70,215,105,213,68,39
68,15,p299_015,398,307,91,296,102,291,86,21
68,16,p299_016,428,338,90,312,116,308,86,34
68,17,p299_017,247,141,106,126,121,126,106,15
68,18,p299_018,366,260,106,227,139,227,106,33
68,19,p299_019,465,334,131,297,168,297,131,37
68,20,p299_020,265,153,112,153,112,150,109,6
68,21,p299_021,547,439,108,377,170,376,107,64
68,22,p299_022,458,317,141,302,156,300,139,19
68,23,p299_023,662,499,163,455,207,452,160,50
68,24,p299_024,460,292,168,288,172,288,168,4
68,25,p299_025,206,97,109,92,114,92,109,5
68,26,p299_026,235,152,83,124,111,121,80,34
68,27,p299_027,214,101,113,89,125,89,113,12
68,28,p299_028,193,80,113,72,121,72,113,8
68,29,p299_029,233,134,99,117,116,116,98,19
68,30,p299_030,259,153,106,114,145,114,106,39
68,31,p299_031,187,99,88,79,108,79,88,20
68,32,p299_032,158,83,75,63,95,63,75,20
68,33,p299_033,182,75,107,75,107,74,106,2
68,34,p299_034,227,143,84,130,97,130,84,13
68,35,p299_035,210,110,100,105,105,105,100,5
68,36,p299_036,241,133,108,118,123,118,108,15
68,37,p299_037,241,174,67,140,101,140,67,34
68,38,p299_038,161,127,34,71,90,71,34,56
68,39,p299_039,193,109,84,97,96,97,84,12
68,40,p299_040,171,69,102,68,103,68,102,1
68,41,p299_041,249,123,126,130,119,123,119,7
68,42,p299_042,179,92,87,90,89,90,87,2
68,43,p299_043,193,77,116,61,132,61,116,16
68,44,p299_044,190,91,99,85,105,81,95,14
68,45,p299_045,203,124,79,85,118,85,79,39
68,46,p299_046,227,103,124,103,124,99,120,8
68,47,p299_047,227,154,73,129,98,129,73,25
68,48,p299_048,179,127,52,57,122,57,52,70
68,49,p299_049,214,134,80,121,93,119,78,17
68,50,p299_050,185,70,115,64,121,61,112,12
68,51,p299_051,230,129,101,126,104,123,98,9
68,52,p299_052,155,56,99,53,102,52,98,5
68,53,p299_053,235,136,99,123,112,123,99,13
68,54,p299_054,182,95,87,90,92,89,86,7
68,55,p299_055,145,90,55,88,57,76,43,26
68,56,p299_056,174,104,70,95,79,90,65,19
68,57,p299_057,148,56,92,39,109,39,92,17
68,58,p299_058,209,116,93,116,93,114,91,4
68,59,p299_059,220,112,108,106,114,106,108,6
68,60,p299_060,209,121,88,114,95,114,88,7
68,61,p299_061,196,88,108,97,99,81,92,23
68,62,p299_062,179,86,93,82,97,81,92,6
68,63,p299_063,209,124,85,118,91,117,84,8
68,64,p299_064,182,110,72,95,87,95,72,15
68,65,p299_065,179,85,94,80,99,80,94,5
68,66,p299_066,219,120,99,111,108,110,98,11
68,67,p299_067,233,151,82,144,89,144,82,7
68,68,p299_068,198,131,67,117,81,115,65,18
68,69,p299_069,201,67,134,70,131,67,131,3
68,70,p299_070,190,113,77,101,89,100,76,14
68,71,p299_071,222,128,94,120,102,119,93,10
68,72,p299_072,201,126,75,109,92,109,75,17
68,73,p299_073,228,114,114,106,122,105,113,10
68,74,p299_074,179,113,66,94,85,94,66,19
68,75,p299_075,161,81,80,82,79,80,78,3
68,76,p299_076,246,143,103,139,107,137,101,8
68,77,p299_077,153,57,96,55,98,55,96,2
68,78,p299_078,174,88,86,86,88,85,85,4
68,79,p299_079,321,223,98,211,110,210,97,14
68,80,p299_080,209,117,92,116,93,116,92,1
68,81,p299_081,166,78,88,73,93,69,84,13
68,82,p299_082,166,95,71,88,78,87,70,9
68,83,p299_083,233,140,93,130,103,129,92,12
68,84,p299_084,148,50,98,46,102,45,97,6
68,85,p299_085,214,129,85,119,95,119,85,10
68,86,p299_086,195,109,86,95,100,95,86,14
68,87,p299_087,150,69,81,67,83,67,81,2
68,88,p299_088,169,87,82,83,86,82,81,6
68,89,p299_089,174,86,88,74,100,74,88,12
68,90,p299_090,203,123,80,119,84,118,79,6
68,91,p299_091,201,110,91,115,86,104,80,17
68,92,p299_092,193,133,60,106,87,104,58,31
68,93,p299_093,185,72,113,71,114,70,112,3
68,94,p299_094,219,131,88,111,108,111,88,20
68,95,p299_095,201,93,108,95,106,92,105,4
68,96,p299_096,169,92,77,85,84,85,77,7
68,97,p299_097,169,82,87,73,96,73,87,9
68,98,p299_098,206,99,107,92,114,92,107,7
68,99,p299_099,166,85,81,78,88,78,81,7
68,100,p299_100,228,131,97,120,108,120,97,11
68,101,p299_101,219,103,116,102,117,101,115,3
68,102,p299_102,211,119,92,102,109,100,90,21
68,103,p299_103,163,69,94,63,100,63,94,6
68,104,p299_104,225,106,119,104,121,104,119,2
68,105,p299_105,222,128,94,121,101,121,94,7
68,106,p299_106,185,61,124,61,124,60,123,2
68,107,p299_107,174,74,100,71,103,69,98,7
68,108,p299_108,185,92,93,88,97,88,93,4
68,109,p299_109,195,104,91,91,104,91,91,13
68,110,p299_110,182,82,100,83,99,78,95,9
68,111,p299_111,198,108,90,97,101,95,88,15
68,112,p299_112,243,149,94,120,123,120,94,29
68,113,p299_113,172,101,71,86,86,86,71,15
68,114,p299_114,187,101,86,96,91,96,86,5
68,115,p299_115,209,106,103,109,100,104,98,7
68,116,p299_116,195,96,99,82,113,82,99,14
68,117,p299_117,210,119,91,104,106,101,88,21
68,118,p299_118,169,99,70,81,88,81,70,18
68,119,p299_119,169,80,89,79,90,79,89,1
68,120,p299_120,166,93,73,62,104,62,73,31
68,121,p299_121,300,189,111,175,125,175,111,14
68,122,p299_122,195,99,96,81,114,81,96,18
68,123,p299_123,233,140,93,108,125,107,92,34
68,124,p299_124,217,127,90,105,112,105,90,22
68,125,p299_125,283,163,120,145,138,145,120,18
68,126,p299_126,177,80,97,67,110,67,97,13
68,127,p299_127,204,92,112,85,119,83,110,11
68,128,p299_128,182,95,87,82,100,82,87,13
68,129,p299_129,187,94,93,100,87,90,83,14
68,130,p299_130,203,89,114,89,114,86,111,6
68,131,p299_131,217,140,77,134,83,133,76,8
68,132,p299_132,186,79,107,49,137,49,107,30
68,133,p299_133,172,81,91,78,94,78,91,3
68,134,p299_134,222,86,136,80,142,80,136,6
68,135,p299_135,222,135,87,114,108,113,86,23
68,136,p299_136,222,133,89,104,118,104,89,29
68,137,p299_137,190,90,100,78,112,78,100,12
68,138,p299_138,283,184,99,160,123,159,98,26
68,139,p299_139,203,87,116,83,120,83,116,4
68,140,p299_140,225,109,116,99,126,98,115,12
68,141,p299_141,212,97,115,92,120,91,114,7
68,142,p299_142,199,116,83,76,123,76,83,40
68,143,p299_143,201,114,87,87,114,87,87,27
68,144,p299_144,246,151,95,128,118,128,95,23
68,145,p299_145,198,87,111,77,121,77,111,10
68,146,p299_146,201,119,82,81,120,81,82,38
68,147,p299_147,201,107,94,95,106,95,94,12
68,148,p299_148,179,108,71,87,92,87,71,21
68,149,p299_149,240,137,103,119,121,119,103,18
68,150,p299_150,249,142,107,127,122,127,107,15
68,151,p299_151,185,95,90,87,98,87,90,8
68,152,p299_152,179,93,86,84,95,84,86,9
68,153,p299_153,179,93,86,86,93,86,86,7
68,154,p299_154,265,144,121,131,134,130,120,15
68,155,p299_155,219,118,101,92,127,92,101,26
68,156,p299_156,190,100,90,93,97,93,90,7
68,157,p299_157,251,133,118,130,121,129,117,5
68,158,p299_158,225,115,110,109,116,107,108,10
68,159,p299_159,227,134,93,125,102,124,92,11
68,160,p299_160,259,146,113,133,126,132,112,15
68,161,p299_161,195,105,90,85,110,84,89,22
68,162,p299_162,195,107,88,95,100,95,88,12
68,163,p299_163,142,55,87,36,106,36,87,19
68,164,p299_164,203,161,42,105,98,105,42,56
68,165,p299_165,225,141,84,134,91,134,84,7
68,166,p299_166,139,50,89,30,109,30,89,20
68,167,p299_167,171,85,86,79,92,79,86,6
68,168,p299_168,209,120,89,115,94,115,89,5
68,169,p299_169,215,124,91,119,96,119,91,5
68,170,p299_170,209,93,116,87,122,87,116,6
68,171,p299_171,150,50,100,60,90,43,83,24
68,172,p299_172,203,97,106,90,113,89,105,9
68,173,p299_173,190,92,98,78,112,77,97,16
68,174,p299_174,188,83,105,76,112,76,105,7
68,175,p299_175,174,80,94,62,112,62,94,18
68,176,p299_176,177,77,100,65,112,65,100,12
68,177,p299_177,182,100,82,97,85,97,82,3
68,178,p299_178,217,108,109,95,122,94,108,15
68,179,p299_179,227,141,86,134,93,134,86,7
68,180,p299_180,166,74,92,72,94,71,91,4
68,181,p299_181,201,109,92,95,106,95,92,14
68,182,p299_182,121,66,55,29,92,29,55,37
68,183,p299_183,257,162,95,141,116,141,95,21
68,184,p299_184,238,153,85,126,112,125,84,29
68,185,p299_185,185,89,96,87,98,87,96,2
68,186,p299_186,259,151,108,129,130,128,107,24
68,187,p299_187,254,161,93,146,108,146,93,15
68,188,p299_188,182,70,112,54,128,53,111,18
68,189,p299_189,171,75,96,60,111,60,96,15
68,190,p299_190,267,152,115,145,122,144,114,9
68,191,p299_191,203,92,111,77,126,77,111,15
68,192,p299_192,253,141,112,129,124,129,112,12
68,193,p299_193,294,179,115,164,130,162,113,19
68,194,p299_194,148,47,101,46,102,46,101,1
68,195,p299_195,211,93,118,87,124,86,117,8
68,196,p299_196,198,126,72,89,109,89,72,37
68,197,p299_197,219,108,111,97,122,97,111,11
68,198,p299_198,193,82,111,77,116,77,111,5
68,199,p299_199,174,60,114,57,117,57,114,3
68,200,p299_200,238,133,105,126,112,126,105,7
69,1,p300_001,145,121,24,91,54,87,20,38
69,2,p300_002,275,160,115,203,72,158,70,47
69,3,p300_003,579,378,201,423,156,372,150,57
69,4,p300_004,403,249,154,259,144,241,136,26
69,5,p300_005,475,340,135,415,60,334,54,87
69,6,p300_006,410,290,120,299,111,280,101,29
69,7,p300_007,321,232,89,229,92,224,84,13
69,8,p300_008,552,382,170,427,125,379,122,51
69,9,p300_009,390,288,102,297,93,266,71,53
69,10,p300_010,257,122,135,144,113,115,106,36
69,11,p300_011,531,396,135,429,102,385,91,55
69,12,p300_012,335,216,119,241,94,214,92,29
69,13,p300_013,353,239,114,260,93,227,81,45
69,14,p300_014,369,245,124,247,122,238,115,16
69,15,p300_015,427,313,114,346,81,310,78,39
69,16,p300_016,496,372,124,412,84,370,82,44
69,17,p300_017,235,147,88,155,80,142,75,18
69,18,p300_018,393,280,113,300,93,275,88,30
69,19,p300_019,491,406,85,433,58,401,53,37
69,20,p300_020,302,180,122,192,110,179,109,14
69,21,p300_021,611,499,112,505,106,493,100,18
69,22,p300_022,502,376,126,401,101,373,98,31
69,23,p300_023,792,619,173,616,176,591,148,53
69,24,p300_024,530,350,180,390,140,348,138,44
69,25,p300_025,294,210,84,226,68,202,60,32
69,26,p300_026,241,130,111,173,68,124,62,55
69,27,p300_027,230,92,138,139,91,85,84,61
69,28,p300_028,317,191,126,225,92,182,83,52
69,29,p300_029,225,106,119,114,111,101,106,18
69,30,p300_030,286,148,138,164,122,144,118,24
69,31,p300_031,195,109,86,135,60,107,58,30
69,32,p300_032,259,130,129,136,123,127,120,12
69,33,p300_033,287,167,120,186,101,157,91,39
69,34,p300_034,259,121,138,113,146,98,123,38
69,35,p300_035,292,181,111,230,62,173,54,65
69,36,p300_036,237,122,115,121,116,119,113,5
69,37,p300_037,270,154,116,169,101,150,97,23
69,38,p300_038,294,131,163,168,126,129,124,41
69,39,p300_039,302,153,149,208,94,148,89,65
69,40,p300_040,297,150,147,175,122,145,117,35
69,41,p300_041,206,127,79,130,76,126,75,5
69,42,p300_042,250,142,108,167,83,140,81,29
69,43,p300_043,238,127,111,147,91,127,91,20
69,44,p300_044,257,103,154,113,144,100,141,16
69,45,p300_045,251,156,95,162,89,153,86,12
69,46,p300_046,270,177,93,163,107,148,78,44
69,47,p300_047,278,102,176,101,177,90,165,23
69,48,p300_048,307,129,178,130,177,125,173,9
69,49,p300_049,265,158,107,169,96,152,90,23
69,50,p300_050,243,118,125,154,89,117,88,38
69,51,p300_051,321,178,143,222,99,178,99,44
69,52,p300_052,229,111,118,127,102,87,78,64
69,53,p300_053,278,116,162,156,122,96,102,80
69,54,p300_054,268,89,179,110,158,87,156,25
69,55,p300_055,307,246,61,248,59,223,36,48
69,56,p300_056,206,114,92,142,64,108,58,40
69,57,p300_057,243,146,97,155,88,130,72,41
69,58,p300_058,348,210,138,216,132,203,125,20
69,59,p300_059,305,191,114,210,95,169,73,63
69,60,p300_060,259,138,121,154,105,131,98,30
69,61,p300_061,195,139,56,97,98,89,48,58
69,62,p300_062,287,162,125,148,139,144,121,22
69,63,p300_063,291,249,42,204,87,203,41,47
69,64,p300_064,265,132,133,123,142,114,124,27
69,65,p300_065,235,127,108,126,109,107,89,39
69,66,p300_066,230,146,84,124,106,123,83,24
69,67,p300_067,283,249,34,188,95,173,19,91
69,68,p300_068,225,115,110,121,104,101,90,34
69,69,p300_069,321,178,143,155,166,148,136,37
69,70,p300_070,313,123,190,116,197,116,190,7
69,71,p300_071,235,217,18,129,106,128,17,90
69,72,p300_072,283,208,75,151,132,150,74,59
69,73,p300_073,291,221,70,198,93,175,47,69
69,74,p300_074,282,166,116,125,157,118,109,55
69,75,p300_075,288,184,104,164,124,160,100,28
69,76,p300_076,290,159,131,120,170,114,125,51
69,77,p300_077,230,125,105,125,105,103,83,44
69,78,p300_078,175,125,50,103,72,90,37,48
69,79,p300_079,227,141,86,153,74,134,67,26
69,80,p300_080,337,168,169,164,173,160,165,12
69,81,p300_081,294,135,159,121,173,109,147,38
69,82,p300_082,217,187,30,115,102,112,27,78
69,83,p300_083,194,145,49,87,107,78,40,76
69,84,p300_084,261,140,121,89,172,81,113,67
69,85,p300_085,424,221,203,139,285,137,201,86
69,86,p300_086,263,177,86,104,159,98,80,85
69,87,p300_087,319,280,39,102,217,97,34,188
69,88,p300_088,284,157,127,96,188,96,127,61
69,89,p300_089,278,156,122,142,136,139,119,20
69,90,p300_090,265,247,18,155,110,153,16,96
69,91,p300_091,256,115,141,131,125,99,109,48
69,92,p300_092,305,243,62,290,15,235,7,63
69,93,p300_093,217,131,86,155,62,111,42,64
69,94,p300_094,252,66,186,117,135,62,131,59
69,95,p300_095,219,114,105,91,128,77,91,51
69,96,p300_096,268,199,69,180,88,144,33,91
69,97,p300_097,306,129,177,153,153,128,152,26
69,98,p300_098,307,164,143,156,151,123,110,74
69,99,p300_099,358,233,125,225,133,216,116,26
69,100,p300_100,225,90,135,101,124,75,109,41
69,101,p300_101,363,253,110,223,140,199,86,78
69,102,p300_102,292,125,167,114,178,87,140,65
69,103,p300_103,344,179,165,139,205,120,146,78
69,104,p300_104,278,168,110,138,140,135,107,36
69,105,p300_105,185,163,22,131,54,127,18,40
69,106,p300_106,281,200,81,252,29,199,28,54
69,107,p300_107,273,231,42,197,76,183,28,62
69,108,p300_108,286,105,181,157,129,100,124,62
69,109,p300_109,347,178,169,202,145,144,111,92
69,110,p300_110,190,130,60,133,57,111,38,41
69,111,p300_111,179,163,16,113,66,105,8,66
69,112,p300_112,246,153,93,119,127,113,87,46
69,113,p300_113,259,119,140,123,136,112,129,18
69,114,p300_114,257,159,98,176,81,147,69,41
69,115,p300_115,224,132,92,156,68,112,48,64
69,116,p300_116,277,206,71,170,107,150,51,76
69,117,p300_117,273,215,58,181,92,156,33,84
69,118,p300_118,352,281,71,221,131,213,63,76
69,119,p300_119,283,244,39,224,59,201,16,66
69,120,p300_120,283,161,122,143,140,134,113,36
69,121,p300_121,279,124,155,168,111,120,107,52
69,122,p300_122,203,124,79,148,55,113,44,46
69,123,p300_123,254,175,79,172,82,139,46,69
69,124,p300_124,238,147,91,159,79,135,67,36
69,125,p300_125,254,110,144,97,157,97,144,13
69,126,p300_126,289,153,136,110,179,91,117,81
69,127,p300_127,182,79,103,79,103,75,99,8
69,128,p300_128,278,215,63,145,133,130,48,100
69,129,p300_129,254,179,75,142,112,130,63,61
69,130,p300_130,286,180,106,180,106,163,89,34
69,131,p300_131,270,145,125,124,146,123,124,23
69,132,p300_132,275,171,104,174,101,133,63,79
69,133,p300_133,292,131,161,186,106,123,98,71
69,134,p300_134,254,182,72,143,111,126,55,73
69,135,p300_135,259,116,143,152,107,114,105,40
69,136,p300_136,233,108,125,105,128,100,120,13
69,137,p300_137,249,184,65,155,94,153,63,33
69,138,p300_138,278,186,92,118,160,99,73,106
69,139,p300_139,306,168,138,139,167,126,125,55
69,140,p300_140,268,145,123,172,96,143,94,31
69,141,p300_141,185,137,48,113,72,102,37,46
69,142,p300_142,236,171,65,183,53,153,35,48
69,143,p300_143,251,153,98,172,79,135,61,55
69,144,p300_144,307,208,99,171,136,162,90,55
69,145,p300_145,269,180,89,162,107,141,68,60
69,146,p300_146,329,199,130,186,143,166,110,53
69,147,p300_147,188,171,17,151,37,142,8,38
69,148,p300_148,689,308,381,184,505,136,333,220
69,149,p300_149,182,102,80,111,71,94,63,25
69,150,p300_150,299,226,73,210,89,185,48,66
69,151,p300_151,212,115,97,105,107,84,76,52
69,152,p300_152,222,189,33,137,85,129,25,68
69,153,p300_153,201,176,25,136,65,135,24,42
69,154,p300_154,248,120,128,76,172,74,126,48
69,155,p300_156,175,81,94,76,99,76,94,5
69,156,p300_157,233,189,44,151,82,136,29,68
69,157,p300_158,284,207,77,209,75,187,55,42
69,158,p300_159,254,151,103,101,153,88,90,76
69,159,p300_160,286,194,92,168,118,144,68,74
69,160,p300_161,235,193,42,160,75,152,34,49
69,161,p300_162,211,115,96,107,104,100,89,22
69,162,p300_163,249,167,82,139,110,119,62,68
69,163,p300_164,174,127,47,89,85,75,33,66
69,164,p300_165,210,203,7,153,57,152,6,52
69,165,p300_166,297,223,74,193,104,179,60,58
69,166,p300_167,276,160,116,164,112,155,107,14
69,167,p300_168,209,131,78,126,83,96,48,65
69,168,p300_169,199,154,45,118,81,105,32,62
69,169,p300_170,273,166,107,149,124,133,91,49
69,170,p300_171,356,160,196,161,195,103,138,115
69,171,p300_172,211,129,82,152,59,122,52,37
69,172,p300_173,177,162,15,130,47,126,11,40
69,173,p300_174,313,148,165,111,202,104,158,51
69,174,p300_175,206,93,113,99,107,93,107,6
69,175,p300_176,246,128,118,130,116,110,98,38
69,176,p300_177,270,194,76,153,117,142,65,63
69,177,p300_178,298,253,45,225,73,212,32,54
69,178,p300_179,291,191,100,153,138,118,65,108
69,179,p300_180,233,178,55,127,106,114,42,77
69,180,p300_181,305,203,102,196,109,158,64,83
69,181,p300_182,286,174,112,146,140,138,104,44
69,182,p300_183,221,119,102,87,134,84,99,38
69,183,p300_184,275,215,60,167,108,149,42,84
69,184,p300_185,169,83,86,116,53,78,48,43
69,185,p300_186,249,189,60,162,87,146,44,59
69,186,p300_187,233,111,122,96,137,88,114,31
69,187,p300_188,281,164,117,168,113,147,96,38
69,188,p300_189,299,222,77,162,137,147,62,90
69,189,p300_190,305,200,105,190,115,178,93,34
69,190,p300_191,217,97,120,93,124,89,116,12
69,191,p300_192,228,155,73,140,88,119,52,57
69,192,p300_193,208,131,77,131,77,105,51,52
69,193,p300_194,190,156,34,123,67,116,27,47
69,194,p300_195,194,139,55,76,118,70,49,75
69,195,p300_196,179,129,50,125,54,116,41,22
69,196,p300_197,226,101,125,115,111,98,108,20
69,197,p300_198,217,95,122,98,119,85,109,23
69,198,p300_199,291,167,124,139,152,114,99,78
69,199,p300_200,339,174,165,166,173,133,132,74
69,200,p300_201,315,202,113,191,124,182,104,29
70,1,p301_001,158,77,81,69,89,65,77,16
70,2,p301_002,345,140,205,141,204,137,201,7
70,3,p301_003,542,329,213,351,191,329,191,22
70,4,p301_004,364,221,143,211,153,211,143,10
70,5,p301_005,453,328,125,311,142,300,114,39
70,6,p301_006,387,265,122,251,136,251,122,14
70,7,p301_007,331,194,137,193,138,191,135,5
70,8,p301_008,528,336,192,332,196,328,188,12
70,9,p301_009,346,209,137,207,139,207,137,2
70,10,p301_010,245,103,142,101,144,99,140,6
70,11,p301_011,471,330,141,336,135,325,130,16
70,12,p301_012,368,209,159,208,160,208,159,1
70,13,p301_013,321,227,94,205,116,203,92,26
70,14,p301_014,347,221,126,218,129,218,126,3
70,15,p301_015,396,281,115,275,121,275,115,6
70,16,p301_016,472,303,169,302,170,302,169,1
70,17,p301_017,279,142,137,139,140,139,137,3
70,18,p301_018,400,254,146,254,146,253,145,2
70,19,p301_019,525,355,170,353,172,350,167,8
70,20,p301_020,331,186,145,178,153,178,145,8
70,21,p301_021,612,467,145,467,145,462,140,10
70,22,p301_022,472,311,161,309,163,308,160,4
70,23,p301_023,707,524,183,525,182,522,180,5
70,24,p301_024,506,330,176,326,180,324,174,8
70,25,p301_025,233,108,125,102,131,102,125,6
70,26,p301_026,219,89,130,85,134,85,130,4
70,27,p301_027,255,129,126,125,130,125,126,4
70,28,p301_028,237,94,143,96,141,94,141,2
70,29,p301_029,221,105,116,79,142,79,116,26
70,30,p301_030,233,147,86,143,90,143,86,4
70,31,p301_031,204,108,96,109,95,108,95,1
70,32,p301_032,342,77,265,79,263,75,261,6
70,33,p301_033,294,160,134,159,135,159,134,1
70,34,p301_034,299,91,208,93,206,90,205,4
70,35,p301_035,223,111,112,110,113,110,112,1
70,36,p301_036,302,183,119,176,126,176,119,7
70,37,p301_037,265,160,105,126,139,126,105,34
70,38,p301_038,247,119,128,119,128,118,127,2
70,39,p301_039,308,161,147,160,148,160,147,1
70,40,p301_040,244,111,133,110,134,108,131,5
70,41,p301_041,225,74,151,74,151,73,150,2
70,42,p301_042,258,105,153,108,150,105,150,3
70,43,p301_043,274,164,110,143,131,141,108,25
70,44,p301_044,323,170,153,168,155,168,153,2
70,45,p301_045,297,148,149,138,159,137,148,12
70,46,p301_046,313,212,101,172,141,172,101,40
70,47,p301_047,262,121,141,121,141,121,141,0
70,48,p301_048,237,96,141,95,142,95,141,1
70,49,p301_049,288,130,158,128,160,128,158,2
70,50,p301_050,275,120,155,109,166,105,151,19
70,51,p301_051,215,107,108,107,108,107,108,0
70,52,p301_052,204,88,116,85,119,82,113,9
70,53,p301_053,300,171,129,165,135,162,126,12
70,54,p301_054,308,184,124,161,147,161,124,23
70,55,p301_055,292,149,143,125,167,125,143,24
70,56,p301_056,297,160,137,159,138,158,136,3
70,57,p301_057,231,88,143,79,152,78,142,11
70,58,p301_058,269,123,146,113,156,113,146,10
70,59,p301_059,248,97,151,88,160,88,151,9
70,60,p301_060,279,114,165,116,163,112,161,6
70,61,p301_061,278,126,152,120,158,120,152,6
70,62,p301_062,349,167,182,167,182,167,182,0
70,63,p301_063,282,141,141,141,141,139,139,4
70,64,p301_064,316,147,169,147,169,145,167,4
70,65,p301_065,277,137,140,135,142,135,140,2
70,66,p301_066,287,114,173,112,175,111,172,4
70,67,p301_067,350,146,204,147,203,144,201,5
70,68,p301_068,351,148,203,147,204,147,203,1
70,69,p301_069,291,140,151,128,163,124,147,20
70,70,p301_070,342,148,194,115,227,115,194,33
70,71,p301_071,292,113,179,111,181,110,178,4
70,72,p301_072,291,123,168,107,184,106,167,18
70,73,p301_073,291,207,84,122,169,122,84,85
70,74,p301_074,284,123,161,121,163,121,161,2
70,75,p301_075,274,122,152,120,154,119,151,4
70,76,p301_076,227,92,135,90,137,87,132,8
70,77,p301_077,260,141,119,141,119,141,119,0
70,78,p301_078,287,123,164,121,166,121,164,2
70,79,p301_079,368,152,216,159,209,152,209,7
70,80,p301_080,260,83,177,85,175,83,175,2
70,81,p301_081,281,110,171,101,180,99,169,13
70,82,p301_082,417,242,175,240,177,240,175,2
70,83,p301_083,209,130,79,129,80,129,79,1
70,84,p301_084,218,111,107,111,107,111,107,0
70,85,p301_085,264,139,125,106,158,106,125,33
70,86,p301_086,358,250,108,234,124,229,103,26
70,87,p301_087,232,83,149,83,149,82,148,2
70,88,p301_088,272,117,155,116,156,116,155,1
70,89,p301_089,318,128,190,128,190,128,190,0
70,90,p301_090,246,114,132,115,131,114,131,1
70,91,p301_091,235,88,147,80,155,80,147,8
70,92,p301_092,319,177,142,174,145,174,142,3
70,93,p301_093,270,137,133,136,134,136,133,1
70,94,p301_094,330,158,172,141,189,140,171,19
70,95,p301_095,310,127,183,107,203,107,183,20
70,96,p301_096,254,89,165,89,165,89,165,0
70,97,p301_097,264,97,167,97,167,97,167,0
70,98,p301_098,345,189,156,205,140,189,140,16
70,99,p301_099,265,177,88,159,106,146,75,44
70,100,p301_100,250,111,139,110,140,110,139,1
70,101,p301_101,317,127,190,124,193,124,190,3
70,102,p301_102,241,117,124,118,123,116,122,3
70,103,p301_103,226,92,134,93,133,92,133,1
70,104,p301_104,255,123,132,121,134,121,132,2
70,105,p301_105,377,133,244,93,284,90,241,46
70,106,p301_106,252,121,131,120,132,120,131,1
70,107,p301_107,390,155,235,178,212,141,198,51
70,108,p301_108,308,155,153,122,186,122,153,33
70,109,p301_109,246,108,138,107,139,107,138,1
70,110,p301_110,262,119,143,106,156,105,142,15
70,111,p301_111,375,246,129,194,181,192,127,56
70,112,p301_112,303,122,181,123,180,121,179,3
70,113,p301_113,277,112,165,112,165,112,165,0
70,114,p301_114,247,80,167,78,169,78,167,2
70,115,p301_115,287,125,162,126,161,125,161,1
70,116,p301_116,251,137,114,115,136,115,114,22
70,117,p301_117,282,157,125,153,129,153,125,4
70,118,p301_118,353,171,182,167,186,167,182,4
70,119,p301_119,221,93,128,94,127,75,109,37
70,120,p301_120,268,93,175,90,178,90,175,3
70,121,p301_121,270,156,114,142,128,142,114,14
70,122,p301_122,392,237,155,233,159,233,155,4
70,123,p301_123,364,208,156,214,150,208,150,6
70,124,p301_124,271,130,141,126,145,126,141,4
70,125,p301_125,234,97,137,92,142,92,137,5
70,126,p301_126,337,95,242,95,242,95,242,0
70,127,p301_127,316,178,138,165,151,165,138,13
70,128,p301_128,213,62,151,61,152,61,151,1
70,129,p301_129,278,121,157,117,161,117,157,4
70,130,p301_130,228,104,124,97,131,89,116,23
70,131,p301_131,241,119,122,118,123,118,122,1
70,132,p301_132,293,161,132,160,133,159,131,3
70,133,p301_133,253,134,119,112,141,108,115,30
70,134,p301_134,306,185,121,186,120,182,117,7
70,135,p301_135,234,88,146,89,145,88,145,1
70,136,p301_136,220,97,123,97,123,97,123,0
70,137,p301_137,247,130,117,124,123,124,117,6
70,138,p301_138,251,130,121,139,112,130,112,9
70,139,p301_139,217,67,150,67,150,66,149,2
70,140,p301_140,302,134,168,131,171,131,168,3
70,141,p301_141,301,146,155,145,156,143,153,5
70,142,p301_142,328,145,183,144,184,144,183,1
70,143,p301_143,264,103,161,106,158,103,158,3
70,144,p301_144,282,111,171,111,171,111,171,0
70,145,p301_145,203,84,119,70,133,70,119,14
70,146,p301_146,200,107,93,74,126,74,93,33
70,147,p301_147,289,152,137,149,140,149,137,3
70,148,p301_148,294,147,147,144,150,144,147,3
70,149,p301_149,282,128,154,128,154,127,153,2
70,150,p301_150,276,84,192,82,194,82,192,2
70,151,p301_151,313,212,101,201,112,201,101,11
70,152,p301_152,242,134,108,149,93,133,92,17
70,153,p301_153,199,56,143,56,143,54,141,4
70,154,p301_154,220,79,141,79,141,79,141,0
70,155,p301_155,211,85,126,100,111,85,111,15
70,156,p301_156,212,160,52,92,120,92,52,68
70,157,p301_157,231,100,131,101,130,100,130,1
70,158,p301_158,254,123,131,117,137,117,131,6
70,159,p301_159,239,120,119,117,122,116,118,5
70,160,p301_160,292,111,181,152,140,104,133,55
70,161,p301_161,290,118,172,132,158,112,152,26
70,162,p301_162,267,142,125,120,147,117,122,28
70,163,p301_163,227,91,136,91,136,91,136,0
70,164,p301_164,247,98,149,98,149,97,148,2
70,165,p301_165,226,106,120,104,122,103,119,4
70,166,p301_166,259,109,150,105,154,105,150,4
70,167,p301_167,295,147,148,146,149,146,148,1
70,168,p301_168,268,131,137,135,133,130,132,6
70,169,p301_169,234,80,154,69,165,69,154,11
70,170,p301_170,266,154,112,150,116,150,112,4
70,171,p301_171,272,132,140,131,141,130,139,3
70,172,p301_172,234,80,154,78,156,77,153,4
70,173,p301_173,238,87,151,88,150,87,150,1
70,174,p301_174,232,88,144,86,146,85,143,4
70,175,p301_175,258,157,101,122,136,121,100,37
70,176,p301_176,235,79,156,78,157,78,156,1
70,177,p301_177,295,115,180,116,179,114,178,3
70,178,p301_178,251,118,133,116,135,116,133,2
70,179,p301_179,221,92,129,91,130,91,129,1
70,180,p301_180,272,147,125,130,142,130,125,17
70,181,p301_181,225,114,111,111,114,111,111,3
70,182,p301_182,269,144,125,143,126,143,125,1
70,183,p301_183,204,95,109,86,118,86,109,9
70,184,p301_184,267,146,121,147,120,145,119,3
70,185,p301_185,218,118,100,118,100,118,100,0
70,186,p301_186,228,139,89,139,89,136,86,6
70,187,p301_187,245,129,116,129,116,129,116,0
70,188,p301_188,199,70,129,67,132,65,127,7
70,189,p301_189,287,78,209,79,208,77,207,3
70,190,p301_190,409,170,239,162,247,160,237,12
70,191,p301_191,352,146,206,138,214,137,205,10
70,192,p301_192,464,190,274,161,303,161,274,29
70,193,p301_193,338,120,218,117,221,117,218,3
70,194,p301_194,322,130,192,119,203,118,191,13
70,195,p301_195,276,70,206,69,207,69,206,1
70,196,p301_196,299,139,160,117,182,114,157,28
70,197,p301_197,214,124,90,101,113,101,90,23
70,198,p301_198,266,135,131,137,129,135,129,2
70,199,p301_199,222,79,143,77,145,77,143,2
70,200,p301_200,344,152,192,153,191,152,191,1
71,1,p302_001,155,71,84,71,84,67,80,8
71,2,p302_002,223,123,100,121,102,111,90,22
71,3,p302_003,386,279,107,286,100,276,97,13
71,4,p302_004,288,176,112,172,116,171,111,6
71,5,p302_005,356,244,112,258,98,243,97,16
71,6,p302_006,353,215,138,199,154,198,137,18
71,7,p302_007,287,185,102,176,111,171,97,19
71,8,p302_008,464,313,151,301,163,297,147,20
71,9,p302_009,230,153,77,152,78,150,75,5
71,10,p302_010,227,85,142,87,140,83,138,6
71,11,p302_011,375,270,105,261,114,256,100,19
71,12,p302_012,249,154,95,151,98,151,95,3
71,13,p302_014,389,290,99,201,188,199,97,93
71,14,p302_015,340,220,120,212,128,212,120,8
71,15,p302_016,349,259,90,253,96,242,79,28
71,16,p302_017,313,185,128,118,195,115,125,73
71,17,p302_018,327,205,122,204,123,202,120,5
71,18,p302_019,407,304,103,286,121,286,103,18
71,19,p302_020,268,147,121,150,118,142,113,13
71,20,p302_021,530,375,155,365,165,362,152,16
71,21,p302_022,421,277,144,274,147,272,142,7
71,22,p302_023,708,462,246,437,271,436,245,27
71,23,p302_024,398,280,118,279,119,274,113,11
71,24,p302_025,190,68,122,64,126,64,122,4
71,25,p302_026,222,90,132,87,135,86,131,5
71,26,p302_027,220,91,129,90,130,86,125,9
71,27,p302_028,285,115,170,112,173,111,169,5
71,28,p302_029,246,110,136,109,137,106,133,7
71,29,p302_030,197,75,122,72,125,72,122,3
71,30,p302_031,229,110,119,109,120,106,116,7
71,31,p302_032,180,68,112,68,112,68,112,0
71,32,p302_033,171,68,103,66,105,62,99,10
71,33,p302_034,214,86,128,86,128,84,126,4
71,34,p302_035,224,112,112,110,114,104,106,14
71,35,p302_036,206,102,104,100,106,98,102,6
71,36,p302_037,196,102,94,87,109,87,94,15
71,37,p302_038,253,115,138,114,139,113,137,3
71,38,p302_039,178,46,132,41,137,41,132,5
71,39,p302_040,239,125,114,115,124,115,114,10
71,40,p302_041,206,76,130,76,130,73,127,6
71,41,p302_042,186,93,93,80,106,77,90,19
71,42,p302_043,183,77,106,69,114,69,106,8
71,43,p302_044,193,82,111,81,112,80,110,3
71,44,p302_045,236,124,112,113,123,113,112,11
71,45,p302_046,178,134,44,78,100,78,44,56
71,46,p302_047,195,91,104,78,117,78,104,13
71,47,p302_048,226,64,162,67,159,64,159,3
71,48,p302_049,572,122,450,99,473,93,444,35
71,49,p302_050,304,130,174,78,226,73,169,62
71,50,p302_051,202,108,94,58,144,58,94,50
71,51,p302_052,270,157,113,150,120,149,112,9
71,52,p302_053,233,100,133,95,138,95,133,5
71,53,p302_054,246,119,127,119,127,111,119,16
71,54,p302_055,245,107,138,99,146,99,138,8
71,55,p302_056,195,102,93,89,106,89,93,13
71,56,p302_057,196,78,118,79,117,75,114,7
71,57,p302_058,240,141,99,126,114,124,97,19
71,58,p302_059,209,107,102,108,101,107,101,1
71,59,p302_060,250,109,141,98,152,96,139,15
71,60,p302_061,286,159,127,161,125,158,124,4
71,61,p302_062,223,98,125,97,126,97,125,1
71,62,p302_063,255,103,152,97,158,96,151,8
71,63,p302_064,261,107,154,100,161,99,153,9
71,64,p302_065,261,103,158,98,163,97,157,7
71,65,p302_066,226,97,129,102,124,91,118,17
71,66,p302_067,207,96,111,96,111,95,110,2
71,67,p302_068,248,80,168,71,177,71,168,9
71,68,p302_069,190,118,72,76,114,74,70,46
71,69,p302_070,196,62,134,53,143,53,134,9
71,70,p302_071,222,117,105,99,123,99,105,18
71,71,p302_072,226,133,93,78,148,78,93,55
71,72,p302_073,183,77,106,74,109,74,106,3
71,73,p302_074,185,105,80,101,84,101,80,4
71,74,p302_075,212,122,90,114,98,114,90,8
71,75,p302_076,189,121,68,64,125,64,68,57
71,76,p302_077,164,64,100,55,109,55,100,9
71,77,p302_078,258,133,125,103,155,103,125,30
71,78,p302_079,222,100,122,82,140,82,122,18
71,79,p302_080,190,99,91,84,106,84,91,15
71,80,p302_081,230,119,111,120,110,118,109,3
71,81,p302_082,225,114,111,110,115,110,111,4
71,82,p302_083,207,80,127,69,138,69,127,11
71,83,p302_084,220,115,105,105,115,104,104,12
71,84,p302_085,252,149,103,145,107,144,102,6
71,85,p302_086,213,104,109,80,133,80,109,24
71,86,p302_087,257,120,137,122,135,120,135,2
71,87,p302_088,269,144,125,140,129,139,124,6
71,88,p302_089,300,110,190,108,192,108,190,2
71,89,p302_090,218,74,144,69,149,69,144,5
71,90,p302_091,206,89,117,59,147,59,117,30
71,91,p302_092,193,95,98,86,107,86,98,9
71,92,p302_093,236,109,127,100,136,98,125,13
71,93,p302_094,225,106,119,105,120,101,115,9
71,94,p302_095,204,102,102,75,129,75,102,27
71,95,p302_096,226,87,139,84,142,84,139,3
71,96,p302_097,238,123,115,118,120,117,114,7
71,97,p302_098,272,88,184,90,182,88,182,2
71,98,p302_099,293,129,164,127,166,127,164,2
71,99,p302_100,277,119,158,106,171,105,157,15
71,100,p302_101,265,125,140,123,142,123,140,2
71,101,p302_102,206,97,109,95,111,95,109,2
71,102,p302_103,315,138,177,111,204,106,172,37
71,103,p302_104,267,119,148,113,154,112,147,8
71,104,p302_105,228,110,118,94,134,91,115,22
71,105,p302_106,206,98,108,96,110,96,108,2
71,106,p302_107,242,113,129,85,157,85,129,28
71,107,p302_108,225,95,130,86,139,86,130,9
71,108,p302_109,153,99,54,54,99,53,53,47
71,109,p302_110,212,93,119,61,151,61,119,32
71,110,p302_111,263,116,147,112,151,111,146,6
71,111,p302_112,206,118,88,82,124,76,82,48
71,112,p302_114,211,107,104,101,110,93,96,22
71,113,p302_115,211,100,111,100,111,98,109,4
71,114,p302_116,278,172,106,161,117,160,105,13
71,115,p302_117,222,79,143,80,142,79,142,1
71,116,p302_118,187,87,100,80,107,80,100,7
71,117,p302_119,201,85,116,90,111,71,97,33
71,118,p302_120,187,90,97,83,104,83,97,7
71,119,p302_121,225,155,70,80,145,80,70,75
71,120,p302_122,225,152,73,116,109,116,73,36
71,121,p302_123,189,100,89,82,107,81,88,20
71,122,p302_124,161,97,64,70,91,70,64,27
71,123,p302_125,164,119,45,78,86,78,45,41
71,124,p302_126,229,186,43,92,137,91,42,96
71,125,p302_127,220,116,104,109,111,106,101,13
71,126,p302_128,180,71,109,71,109,69,107,4
71,127,p302_129,226,163,63,120,106,120,63,43
71,128,p302_130,229,121,108,116,113,115,107,7
71,129,p302_131,219,81,138,76,143,72,134,13
71,130,p302_132,234,100,134,96,138,96,134,4
71,131,p302_133,201,74,127,63,138,63,127,11
71,132,p302_134,196,119,77,100,96,98,75,23
71,133,p302_135,224,132,92,102,122,102,92,30
71,134,p302_136,180,114,66,67,113,67,66,47
71,135,p302_137,223,111,112,111,112,110,111,2
71,136,p302_138,253,119,134,107,146,107,134,12
71,137,p302_139,259,105,154,100,159,98,152,9
71,138,p302_140,257,78,179,78,179,77,178,2
71,139,p302_141,191,68,123,67,124,67,123,1
71,140,p302_142,197,88,109,65,132,65,109,23
71,141,p302_143,209,118,91,114,95,114,91,4
71,142,p302_144,163,71,92,61,102,61,92,10
71,143,p302_145,249,88,161,80,169,79,160,10
71,144,p302_146,233,98,135,98,135,97,134,2
71,145,p302_147,188,73,115,79,109,72,108,8
71,146,p302_148,267,122,145,113,154,108,140,19
71,147,p302_149,239,82,157,81,158,76,152,11
71,148,p302_150,222,61,161,59,163,59,161,2
71,149,p302_151,276,152,124,128,148,122,118,36
71,150,p302_152,203,74,129,75,128,74,128,1
71,151,p302_153,210,97,113,73,137,73,113,24
71,152,p302_154,191,97,94,69,122,69,94,28
71,153,p302_155,202,105,97,102,100,102,97,3
71,154,p302_156,245,131,114,106,139,106,114,25
71,155,p302_157,226,103,123,108,118,98,113,15
71,156,p302_158,266,142,124,140,126,138,122,6
71,157,p302_159,206,71,135,67,139,66,134,6
71,158,p302_160,246,153,93,119,127,115,89,42
71,159,p302_161,215,100,115,94,121,93,114,8
71,160,p302_162,191,74,117,67,124,67,117,7
71,161,p302_163,309,142,167,138,171,136,165,8
71,162,p302_164,233,82,151,83,150,81,149,3
71,163,p302_165,222,118,104,110,112,110,104,8
71,164,p302_166,227,100,127,77,150,77,127,23
71,165,p302_167,279,125,154,122,157,122,154,3
71,166,p302_168,246,115,131,95,151,92,128,26
71,167,p302_169,195,106,89,64,131,63,88,44
71,168,p302_170,276,121,155,107,169,107,155,14
71,169,p302_171,243,92,151,83,160,83,151,9
71,170,p302_172,213,104,109,56,157,56,109,48
71,171,p302_173,252,140,112,126,126,125,111,16
71,172,p302_174,193,91,102,92,101,91,101,1
71,173,p302_175,213,97,116,77,136,77,116,20
71,174,p302_176,237,105,132,97,140,96,131,10
71,175,p302_177,195,78,117,75,120,61,103,31
71,176,p302_179,163,114,49,98,65,90,41,32
71,177,p302_180,223,107,116,89,134,88,115,20
71,178,p302_181,253,168,85,141,112,134,78,41
71,179,p302_182,275,129,146,128,147,126,144,5
71,180,p302_183,178,112,66,69,109,69,66,43
71,181,p302_184,203,87,116,88,115,84,112,7
71,182,p302_185,217,173,44,108,109,107,43,67
71,183,p302_186,182,91,91,56,126,56,91,35
71,184,p302_187,211,99,112,72,139,72,112,27
71,185,p302_188,215,126,89,79,136,79,89,47
71,186,p302_189,173,102,71,69,104,69,71,33
71,187,p302_190,190,101,89,94,96,93,88,9
71,188,p302_191,183,84,99,80,103,80,99,4
71,189,p302_192,216,84,132,76,140,76,132,8
71,190,p302_193,224,109,115,107,117,107,115,2
71,191,p302_194,204,85,119,82,122,82,119,3
71,192,p302_195,256,179,77,150,106,148,75,33
71,193,p302_196,278,105,173,103,175,103,173,2
71,194,p302_197,218,150,68,99,119,97,66,55
71,195,p302_198,251,151,100,102,149,96,94,61
71,196,p302_199,177,84,93,78,99,78,93,6
71,197,p302_200,187,72,115,63,124,59,111,17
71,198,p302_201,247,121,126,103,144,103,126,18
71,199,p302_202,212,109,103,88,124,88,103,21
71,200,p302_203,232,114,118,115,117,112,115,5
72,1,p303_001,235,197,38,72,163,72,38,125
72,2,p303_002,272,216,56,158,114,158,56,58
72,3,p303_003,490,368,122,354,136,347,115,28
72,4,p303_004,414,320,94,244,170,244,94,76
72,5,p303_005,490,384,106,340,150,338,104,48
72,6,p303_006,413,323,90,254,159,254,90,69
72,7,p303_007,349,270,79,218,131,218,79,52
72,8,p303_008,595,423,172,390,205,388,170,37
72,9,p303_009,407,263,144,235,172,231,140,36
72,10,p303_010,264,133,131,110,154,109,130,25
72,11,p303_011,475,358,117,346,129,343,114,18
72,12,p303_012,382,223,159,214,168,214,159,9
72,13,p303_013,425,264,161,206,219,206,161,58
72,14,p303_014,375,235,140,232,143,231,139,5
72,15,p303_015,466,317,149,310,156,306,145,15
72,16,p303_016,492,338,154,342,150,336,148,8
72,17,p303_017,287,189,98,155,132,155,98,34
72,18,p303_018,425,307,118,255,170,255,118,52
72,19,p303_019,505,413,92,387,118,387,92,26
72,20,p303_020,342,270,72,209,133,204,67,71
72,21,p303_021,661,539,122,484,177,482,120,59
72,22,p303_022,567,438,129,378,189,374,125,68
72,23,p303_023,805,617,188,592,213,589,185,31
72,24,p303_024,580,367,213,348,232,348,213,19
72,25,p303_025,293,191,102,131,162,130,101,62
72,26,p303_026,278,160,118,156,122,154,116,8
72,27,p303_027,298,202,96,128,170,128,96,74
72,28,p303_028,255,143,112,103,152,103,112,40
72,29,p303_029,264,224,40,138,126,138,40,86
72,30,p303_030,243,150,93,130,113,130,93,20
72,31,p303_031,332,255,77,207,125,207,77,48
72,32,p303_032,222,96,126,98,124,95,123,4
72,33,p303_033,241,153,88,112,129,111,87,43
72,34,p303_034,286,133,153,128,158,128,153,5
72,35,p303_035,325,145,180,138,187,137,179,9
72,36,p303_036,240,214,26,128,112,128,26,86
72,37,p303_037,295,149,146,128,167,107,125,63
72,38,p303_038,289,103,186,100,189,100,186,3
72,39,p303_039,267,153,114,92,175,91,113,63
72,40,p303_040,263,136,127,117,146,117,127,19
72,41,p303_041,278,152,126,149,129,148,125,5
72,42,p303_042,252,186,66,123,129,123,66,63
72,43,p303_043,264,121,143,106,158,106,143,15
72,44,p303_044,280,118,162,119,161,117,160,3
72,45,p303_045,363,218,145,195,168,192,142,29
72,46,p303_046,293,219,74,127,166,127,74,92
72,47,p303_047,271,134,137,133,138,132,136,3
72,48,p303_048,311,197,114,184,127,184,114,13
72,49,p303_049,286,167,119,144,142,144,119,23
72,50,p303_050,257,172,85,150,107,150,85,22
72,51,p303_051,267,155,112,101,166,101,112,54
72,52,p303_052,237,160,77,112,125,112,77,48
72,53,p303_053,385,241,144,228,157,228,144,13
72,54,p303_054,280,154,126,146,134,143,123,14
72,55,p303_055,317,219,98,191,126,191,98,28
72,56,p303_056,285,157,128,140,145,140,128,17
72,57,p303_057,274,141,133,140,134,139,132,3
72,58,p303_058,276,177,99,152,124,152,99,25
72,59,p303_059,289,169,120,124,165,124,120,45
72,60,p303_060,238,117,121,109,129,109,121,8
72,61,p303_061,343,189,154,144,199,143,153,47
72,62,p303_062,300,211,89,118,182,117,88,95
72,63,p303_063,256,145,111,110,146,110,111,35
72,64,p303_064,234,155,79,135,99,135,79,20
72,65,p303_065,223,128,95,126,97,123,92,8
72,66,p303_066,284,211,73,152,132,150,71,63
72,67,p303_067,222,85,137,79,143,75,133,14
72,68,p303_068,256,168,88,148,108,146,86,24
72,69,p303_069,323,187,136,172,151,167,131,25
72,70,p303_070,246,158,88,118,128,118,88,40
72,71,p303_071,241,131,110,116,125,116,110,15
72,72,p303_072,406,254,152,108,298,108,152,146
72,73,p303_073,294,188,106,142,152,142,106,46
72,74,p303_074,278,174,104,99,179,99,104,75
72,75,p303_075,281,173,108,143,138,138,103,40
72,76,p303_076,306,145,161,108,198,108,161,37
72,77,p303_077,377,213,164,118,259,118,164,95
72,78,p303_078,254,139,115,107,147,104,112,38
72,79,p303_079,268,244,24,131,137,131,24,113
72,80,p303_080,298,166,132,141,157,140,131,27
72,81,p303_081,313,177,136,165,148,163,134,16
72,82,p303_082,314,162,152,110,204,110,152,52
72,83,p303_083,243,184,59,143,100,142,58,43
72,84,p303_084,247,183,64,141,106,141,64,42
72,85,p303_085,262,133,129,128,134,122,123,17
72,86,p303_086,348,272,76,216,132,215,75,58
72,87,p303_087,235,151,84,120,115,118,82,35
72,88,p303_088,343,242,101,196,147,196,101,46
72,89,p303_089,280,187,93,137,143,137,93,50
72,90,p303_090,251,217,34,164,87,164,34,53
72,91,p303_091,334,224,110,167,167,166,109,59
72,92,p303_092,437,283,154,183,254,181,152,104
72,93,p303_093,344,141,203,133,211,131,201,12
72,94,p303_094,220,120,100,101,119,101,100,19
72,95,p303_095,270,176,94,153,117,151,92,27
72,96,p303_096,291,212,79,140,151,140,79,72
72,97,p303_097,242,177,65,126,116,126,65,51
72,98,p303_098,250,181,69,132,118,132,69,49
72,99,p303_099,224,145,79,102,122,100,77,47
72,100,p303_100,336,197,139,187,149,187,139,10
72,101,p303_101,273,184,89,162,111,160,87,26
72,102,p303_102,294,225,69,192,102,186,63,45
72,103,p303_103,226,141,85,106,120,104,83,39
72,104,p303_104,361,186,175,171,190,171,175,15
72,105,p303_105,280,130,150,112,168,112,150,18
72,106,p303_106,268,127,141,134,134,127,134,7
72,107,p303_107,312,177,135,174,138,174,135,3
72,108,p303_108,352,179,173,167,185,167,173,12
72,109,p303_109,290,183,107,157,133,157,107,26
72,110,p303_110,230,96,134,86,144,86,134,10
72,111,p303_111,266,215,51,140,126,136,47,83
72,112,p303_112,207,151,56,79,128,79,56,72
72,113,p303_113,308,195,113,162,146,159,110,39
72,114,p303_114,190,80,110,78,112,78,110,2
72,115,p303_115,183,92,91,82,101,82,91,10
72,116,p303_116,293,177,116,153,140,153,116,24
72,117,p303_117,217,103,114,91,126,85,108,24
72,118,p303_118,234,166,68,83,151,83,68,83
72,119,p303_119,342,285,57,203,139,203,57,82
72,120,p303_120,345,190,155,165,180,164,154,27
72,121,p303_121,245,121,124,110,135,109,123,13
72,122,p303_122,209,127,82,68,141,68,82,59
72,123,p303_123,329,213,116,182,147,174,108,47
72,124,p303_124,350,199,151,196,154,196,151,3
72,125,p303_125,238,162,76,92,146,92,76,70
72,126,p303_126,270,82,188,75,195,75,188,7
72,127,p303_127,319,173,146,156,163,156,146,17
72,128,p303_128,220,108,112,107,113,106,111,3
72,129,p303_129,249,203,46,96,153,96,46,107
72,130,p303_130,274,159,115,136,138,136,115,23
72,131,p303_131,222,128,94,112,110,111,93,18
72,132,p303_132,283,129,154,119,164,118,153,12
72,133,p303_133,272,205,67,143,129,142,66,64
72,134,p303_134,265,136,129,71,194,71,129,65
72,135,p303_135,264,138,126,105,159,105,126,33
72,136,p303_136,234,108,126,109,125,102,119,13
72,137,p303_137,332,214,118,165,167,165,118,49
72,138,p303_138,268,188,80,134,134,134,80,54
72,139,p303_139,246,145,101,117,129,117,101,28
72,140,p303_140,273,151,122,108,165,108,122,43
72,141,p303_141,230,127,103,90,140,87,100,43
72,142,p303_142,381,233,148,154,227,152,146,83
72,143,p303_143,342,273,69,201,141,201,69,72
72,144,p303_144,404,221,183,196,208,194,181,29
72,145,p303_145,329,205,124,169,160,169,124,36
72,146,p303_146,348,192,156,199,149,191,148,9
72,147,p303_147,232,106,126,88,144,86,124,22
72,148,p303_148,224,101,123,85,139,85,123,16
72,149,p303_149,300,227,73,137,163,136,72,92
72,150,p303_150,257,88,169,82,175,82,169,6
72,151,p303_151,333,141,192,106,227,106,192,35
72,152,p303_152,314,191,123,145,169,145,123,46
72,153,p303_153,252,135,117,107,145,106,116,30
72,154,p303_154,253,161,92,111,142,111,92,50
72,155,p303_155,473,277,196,198,275,195,193,85
72,156,p303_156,254,156,98,94,160,94,98,62
72,157,p303_157,350,194,156,141,209,120,135,95
72,158,p303_158,257,190,67,142,115,142,67,48
72,159,p303_159,228,168,60,135,93,134,59,35
72,160,p303_160,238,132,106,112,126,111,105,22
72,161,p303_161,255,143,112,108,147,108,112,35
72,162,p303_162,266,148,118,139,127,139,118,9
72,163,p303_163,227,129,98,98,129,98,98,31
72,164,p303_164,217,129,88,104,113,104,88,25
72,165,p303_165,344,160,184,80,264,80,184,80
72,166,p303_166,235,173,62,136,99,136,62,37
72,167,p303_167,356,209,147,180,176,179,146,31
72,168,p303_168,270,129,141,70,200,70,141,59
72,169,p303_169,325,246,79,195,130,195,79,51
72,170,p303_170,283,176,107,133,150,133,107,43
72,171,p303_171,206,162,44,106,100,106,44,56
72,172,p303_172,251,174,77,139,112,139,77,35
72,173,p303_173,226,145,81,112,114,112,81,33
72,174,p303_174,307,237,70,122,185,122,70,115
72,175,p303_175,275,200,75,177,98,176,74,25
72,176,p303_176,222,175,47,140,82,140,47,35
72,177,p303_177,224,173,51,107,117,107,51,66
72,178,p303_178,249,150,99,92,157,92,99,58
72,179,p303_179,252,175,77,111,141,111,77,64
72,180,p303_180,280,208,72,167,113,167,72,41
72,181,p303_181,209,94,115,92,117,92,115,2
72,182,p303_182,197,104,93,93,104,93,93,11
72,183,p303_183,242,124,118,123,119,119,114,9
72,184,p303_184,329,231,98,185,144,185,98,46
72,185,p303_185,220,104,116,85,135,85,116,19
72,186,p303_186,225,164,61,93,132,93,61,71
72,187,p303_187,213,106,107,101,112,101,107,5
72,188,p303_188,230,117,113,85,145,85,113,32
72,189,p303_189,210,107,103,92,118,91,102,17
72,190,p303_190,420,293,127,203,217,203,127,90
72,191,p303_191,267,128,139,120,147,120,139,8
72,192,p303_192,263,107,156,73,190,73,156,34
72,193,p303_193,241,105,136,92,149,78,122,41
72,194,p303_194,226,138,88,138,88,122,72,32
72,195,p303_195,291,167,124,155,136,152,121,18
72,196,p303_196,301,159,142,126,175,124,140,37
72,197,p303_197,331,236,95,218,113,218,95,18
72,198,p303_198,246,130,116,128,118,128,116,2
72,199,p303_199,247,153,94,143,104,143,94,10
72,200,p303_200,301,168,133,158,143,155,130,16
73,1,p304_001,166,93,73,76,90,75,72,19
73,2,p304_002,290,170,120,151,139,150,119,21
73,3,p304_003,517,316,201,272,245,271,200,46
73,4,p304_004,366,216,150,204,162,200,146,20
73,5,p304_005,438,297,141,282,156,275,134,29
73,6,p304_006,432,243,189,237,195,235,187,10
73,7,p304_007,467,208,259,203,264,198,254,15
73,8,p304_008,509,340,169,321,188,320,168,21
73,9,p304_009,336,190,146,199,137,188,135,13
73,10,p304_010,245,110,135,104,141,104,135,6
73,11,p304_011,476,324,152,318,158,315,149,12
73,12,p304_012,329,208,121,204,125,203,120,6
73,13,p304_013,306,178,128,161,145,161,128,17
73,14,p304_014,354,230,124,218,136,215,121,18
73,15,p304_015,414,322,92,290,124,289,91,34
73,16,p304_016,439,334,105,305,134,301,101,37
73,17,p304_017,287,137,150,131,156,131,150,6
73,18,p304_018,454,237,217,233,221,230,214,10
73,19,p304_019,473,358,115,329,144,328,114,31
73,20,p304_020,327,181,146,180,147,176,142,9
73,21,p304_021,550,386,164,387,163,374,151,25
73,22,p304_022,468,307,161,296,172,294,159,15
73,23,p304_023,666,438,228,445,221,426,209,31
73,24,p304_024,478,309,169,313,165,309,165,4
73,25,p304_025,172,75,97,69,103,69,97,6
73,26,p304_026,141,44,97,43,98,43,97,1
73,27,p304_027,261,143,118,138,123,138,118,5
73,28,p304_028,214,106,108,99,115,96,105,13
73,29,p304_029,139,50,89,50,89,48,87,4
73,30,p304_030,213,112,101,111,102,108,98,7
73,31,p304_031,247,91,156,79,168,79,156,12
73,32,p304_032,254,114,140,111,143,111,140,3
73,33,p304_033,217,55,162,55,162,54,161,2
73,34,p304_034,248,132,116,122,126,118,112,18
73,35,p304_035,219,93,126,89,130,89,126,4
73,36,p304_036,241,123,118,125,116,123,116,2
73,37,p304_037,219,97,122,94,125,93,121,5
73,38,p304_038,163,65,98,58,105,58,98,7
73,39,p304_039,171,82,89,77,94,77,89,5
73,40,p304_040,166,75,91,72,94,72,91,3
73,41,p304_041,288,122,166,119,169,119,166,3
73,42,p304_042,179,53,126,45,134,45,126,8
73,43,p304_043,288,127,161,128,160,126,159,3
73,44,p304_044,218,96,122,95,123,91,118,9
73,45,p304_045,221,83,138,82,139,81,137,3
73,46,p304_046,203,83,120,72,131,72,120,11
73,47,p304_047,230,102,128,93,137,93,128,9
73,48,p304_048,249,115,134,108,141,108,134,7
73,49,p304_049,211,84,127,83,128,83,127,1
73,50,p304_050,235,104,131,101,134,97,127,11
73,51,p304_051,229,113,116,116,113,112,112,5
73,52,p304_052,209,99,110,87,122,87,110,12
73,53,p304_053,187,81,106,76,111,76,106,5
73,54,p304_054,209,81,128,77,132,76,127,6
73,55,p304_055,187,94,93,89,98,88,92,7
73,56,p304_056,158,68,90,68,90,67,89,2
73,57,p304_057,206,103,103,97,109,94,100,12
73,58,p304_058,193,93,100,90,103,90,100,3
73,59,p304_059,209,101,108,100,109,100,108,1
73,60,p304_060,265,136,129,132,133,131,128,6
73,61,p304_061,210,95,115,92,118,92,115,3
73,62,p304_062,198,83,115,75,123,73,113,12
73,63,p304_063,198,114,84,91,107,91,84,23
73,64,p304_064,230,114,116,109,121,108,115,7
73,65,p304_065,216,86,130,83,133,82,129,5
73,66,p304_066,174,70,104,61,113,61,104,9
73,67,p304_067,219,115,104,113,106,113,104,2
73,68,p304_068,241,104,137,104,137,104,137,0
73,69,p304_069,219,91,128,85,134,84,127,8
73,70,p304_070,187,72,115,67,120,66,114,7
73,71,p304_071,205,76,129,69,136,68,128,9
73,72,p304_072,281,111,170,85,196,84,169,28
73,73,p304_073,222,120,102,90,132,90,102,30
73,74,p304_074,282,145,137,138,144,136,135,11
73,75,p304_075,201,85,116,78,123,78,116,7
73,76,p304_076,206,70,136,61,145,60,135,11
73,77,p304_077,294,118,176,103,191,102,175,17
73,78,p304_078,262,142,120,138,124,137,119,6
73,79,p304_079,137,51,86,28,109,28,86,23
73,80,p304_080,232,100,132,97,135,96,131,5
73,81,p304_081,180,77,103,76,104,74,101,5
73,82,p304_082,214,123,91,117,97,117,91,6
73,83,p304_083,185,83,102,84,101,82,100,3
73,84,p304_084,161,75,86,66,95,66,86,9
73,85,p304_085,206,113,93,110,96,110,93,3
73,86,p304_086,131,46,85,44,87,44,85,2
73,87,p304_087,230,102,128,86,144,85,127,18
73,88,p304_088,185,102,83,80,105,80,83,22
73,89,p304_089,187,85,102,82,105,80,100,7
73,90,p304_090,198,66,132,65,133,64,131,3
73,91,p304_091,198,93,105,90,108,87,102,9
73,92,p304_092,219,102,117,93,126,92,116,11
73,93,p304_093,225,94,131,80,145,80,131,14
73,94,p304_094,191,88,103,72,119,72,103,16
73,95,p304_095,210,99,111,97,113,95,109,6
73,96,p304_096,138,64,74,47,91,47,74,17
73,97,p304_097,174,94,80,76,98,73,77,24
73,98,p304_098,195,110,85,86,109,84,83,28
73,99,p304_099,158,76,82,79,79,74,77,7
73,100,p304_100,142,44,98,44,98,42,96,4
73,101,p304_101,198,175,23,153,45,144,14,40
73,102,p304_102,198,70,128,67,131,65,126,7
73,103,p304_103,243,145,98,108,135,108,98,37
73,104,p304_104,178,112,66,79,99,79,66,33
73,105,p304_105,178,84,94,70,108,69,93,16
73,106,p304_106,233,103,130,102,131,102,130,1
73,107,p304_107,265,124,141,121,144,121,141,3
73,108,p304_108,259,117,142,121,138,117,138,4
73,109,p304_109,222,83,139,77,145,77,139,6
73,110,p304_110,185,83,102,80,105,80,102,3
73,111,p304_111,150,77,73,49,101,49,73,28
73,112,p304_112,219,98,121,97,122,95,119,5
73,113,p304_113,203,85,118,77,126,75,116,12
73,114,p304_114,136,37,99,36,100,34,97,5
73,115,p304_115,209,87,122,85,124,84,121,4
73,116,p304_116,176,90,86,83,93,83,86,7
73,117,p304_117,176,82,94,74,102,74,94,8
73,118,p304_118,158,46,112,43,115,43,112,3
73,119,p304_119,171,105,66,80,91,80,66,25
73,120,p304_120,192,92,100,83,109,83,100,9
73,121,p304_121,230,117,113,114,116,114,113,3
73,122,p304_122,201,91,110,90,111,87,107,7
73,123,p304_123,177,93,84,80,97,79,83,15
73,124,p304_124,185,131,54,87,98,87,54,44
73,125,p304_125,137,63,74,55,82,55,74,8
73,126,p304_126,153,78,75,75,78,73,73,7
73,127,p304_127,187,101,86,88,99,88,86,13
73,128,p304_128,129,63,66,49,80,49,66,14
73,129,p304_129,147,64,83,64,83,60,79,8
73,130,p304_130,178,127,51,79,99,79,51,48
73,131,p304_131,169,77,92,72,97,69,89,11
73,132,p304_132,121,40,81,35,86,35,81,5
73,133,p304_133,190,93,97,86,104,86,97,7
73,134,p304_134,177,66,111,65,112,64,110,3
73,135,p304_135,129,53,76,50,79,50,76,3
73,136,p304_136,192,99,93,95,97,95,93,4
73,137,p304_137,212,110,102,107,105,105,100,7
73,138,p304_138,174,111,63,74,100,74,63,37
73,139,p304_139,197,82,115,71,126,71,115,11
73,140,p304_140,210,85,125,89,121,85,121,4
73,141,p304_141,214,106,108,102,112,100,106,8
73,142,p304_142,197,75,122,71,126,69,120,8
73,143,p304_143,241,116,125,112,129,112,125,4
73,144,p304_144,233,118,115,114,119,114,115,4
73,145,p304_145,178,63,115,48,130,46,113,19
73,146,p304_146,179,97,82,70,109,70,82,27
73,147,p304_147,189,104,85,97,92,97,85,7
73,148,p304_148,168,72,96,60,108,60,96,12
73,149,p304_149,193,79,114,76,117,76,114,3
73,150,p304_150,195,116,79,78,117,78,79,38
73,151,p304_151,158,112,46,48,110,48,46,64
73,152,p304_152,223,113,110,108,115,106,108,9
73,153,p304_153,174,59,115,53,121,52,114,8
73,154,p304_154,166,62,104,51,115,51,104,11
73,155,p304_155,238,156,82,131,107,129,80,29
73,156,p304_156,196,98,98,94,102,94,98,4
73,157,p304_157,224,111,113,104,120,104,113,7
73,158,p304_158,189,70,119,68,121,67,118,4
73,159,p304_159,238,89,149,85,153,85,149,4
73,160,p304_160,222,109,113,109,113,107,111,4
73,161,p304_161,186,122,64,85,101,83,62,41
73,162,p304_162,199,102,97,99,100,97,95,7
73,163,p304_163,210,92,118,85,125,84,117,9
73,164,p304_164,230,84,146,74,156,74,146,10
73,165,p304_165,278,141,137,122,156,120,135,23
73,166,p304_166,305,125,180,39,266,39,180,86
73,167,p304_167,257,175,82,147,110,144,79,34
73,168,p304_168,184,76,108,73,111,72,107,5
73,169,p304_169,190,79,111,69,121,69,111,10
73,170,p304_170,213,86,127,79,134,78,126,9
73,171,p304_171,222,103,119,103,119,102,118,2
73,172,p304_172,235,106,129,99,136,99,129,7
73,173,p304_174,233,110,123,102,131,102,123,8
73,174,p304_175,211,113,98,98,113,96,96,19
73,175,p304_176,240,92,148,83,157,83,148,9
73,176,p304_177,224,75,149,75,149,75,149,0
73,177,p304_178,251,148,103,137,114,136,102,13
73,178,p304_179,241,134,107,125,116,125,107,9
73,179,p304_180,203,104,99,79,124,79,99,25
73,180,p304_181,202,95,107,87,115,86,106,10
73,181,p304_182,182,88,94,78,104,78,94,10
73,182,p304_183,185,105,80,75,110,75,80,30
73,183,p304_184,252,148,104,133,119,132,103,17
73,184,p304_185,233,98,135,98,135,98,135,0
73,185,p304_186,187,89,98,81,106,81,98,8
73,186,p304_187,174,81,93,80,94,80,93,1
73,187,p304_188,113,37,76,40,73,37,73,3
73,188,p304_189,171,93,78,92,79,92,78,1
73,189,p304_190,174,61,113,56,118,56,113,5
73,190,p304_191,210,105,105,100,110,99,104,7
73,191,p304_192,206,119,87,113,93,112,86,8
73,192,p304_193,196,104,92,96,100,95,91,10
73,193,p304_194,178,75,103,68,110,67,102,9
73,194,p304_195,251,95,156,86,165,86,156,9
73,195,p304_196,206,77,129,75,131,75,129,2
73,196,p304_197,145,64,81,43,102,43,81,21
73,197,p304_198,193,72,121,61,132,59,119,15
73,198,p304_199,176,60,116,51,125,51,116,9
73,199,p304_200,193,75,118,59,134,59,118,16
73,200,p304_201,221,73,148,72,149,72,148,1
74,1,p305_001,145,124,21,81,64,77,17,51
74,2,p305_002,251,192,59,152,99,152,59,40
74,3,p305_003,481,416,65,369,112,367,63,51
74,4,p305_004,307,233,74,223,84,220,71,16
74,5,p305_005,427,376,51,318,109,318,51,58
74,6,p305_006,354,294,60,253,101,253,60,41
74,7,p305_007,284,219,65,190,94,190,65,29
74,8,p305_008,578,406,172,401,177,394,165,19
74,9,p305_009,335,280,55,254,81,237,38,60
74,10,p305_010,183,118,65,97,86,97,65,21
74,11,p305_011,445,354,91,321,124,321,91,33
74,12,p305_012,262,200,62,197,65,197,62,3
74,13,p305_013,299,232,67,208,91,208,67,24
74,14,p305_014,267,261,6,213,54,213,6,48
74,15,p305_015,407,344,63,284,123,284,63,60
74,16,p305_016,430,356,74,318,112,317,73,40
74,17,p305_017,256,152,104,146,110,146,104,6
74,18,p305_018,353,277,76,264,89,264,76,13
74,19,p305_019,511,398,113,394,117,393,112,6
74,20,p305_020,294,238,56,184,110,184,56,54
74,21,p305_021,614,527,87,475,139,475,87,52
74,22,p305_022,465,383,82,348,117,346,80,39
74,23,p305_023,737,559,178,549,188,549,178,10
74,24,p305_024,457,380,77,338,119,337,76,44
74,25,p305_025,306,193,113,193,113,192,112,2
74,26,p305_026,260,170,90,164,96,164,90,6
74,27,p305_027,246,164,82,135,111,135,82,29
74,28,p305_028,246,170,76,104,142,104,76,66
74,29,p305_029,251,184,67,120,131,120,67,64
74,30,p305_030,147,107,40,104,43,104,40,3
74,31,p305_031,168,97,71,85,83,85,71,12
74,32,p305_032,225,167,58,139,86,139,58,28
74,33,p305_033,217,108,109,94,123,94,109,14
74,34,p305_034,225,106,119,105,120,103,117,5
74,35,p305_035,308,200,108,115,193,115,108,85
74,36,p305_036,337,169,168,126,211,125,167,45
74,37,p305_037,219,129,90,50,169,50,90,79
74,38,p305_038,153,92,61,67,86,67,61,25
74,39,p305_039,224,185,39,146,78,146,39,39
74,40,p305_040,217,147,70,127,90,127,70,20
74,41,p305_041,203,153,50,138,65,138,50,15
74,42,p305_042,214,161,53,131,83,131,53,30
74,43,p305_043,206,162,44,112,94,112,44,50
74,44,p305_044,239,194,45,146,93,146,45,48
74,45,p305_045,150,116,34,89,61,89,34,27
74,46,p305_046,203,132,71,126,77,126,71,6
74,47,p305_047,203,157,46,119,84,119,46,38
74,48,p305_048,251,180,71,171,80,171,71,9
74,49,p305_049,254,127,127,119,135,119,127,8
74,50,p305_050,182,131,51,89,93,89,51,42
74,51,p305_051,263,161,102,154,109,154,102,7
74,52,p305_052,278,191,87,163,115,163,87,28
74,53,p305_053,252,132,120,124,128,124,120,8
74,54,p305_054,246,213,33,103,143,103,33,110
74,55,p305_055,288,233,55,164,124,164,55,69
74,56,p305_056,275,264,11,185,90,185,11,79
74,57,p305_057,223,173,50,128,95,128,50,45
74,58,p305_058,181,110,71,101,80,101,71,9
74,59,p305_059,264,202,62,173,91,173,62,29
74,60,p305_060,244,180,64,133,111,133,64,47
74,61,p305_061,217,128,89,111,106,111,89,17
74,62,p305_062,185,118,67,88,97,88,67,30
74,63,p305_063,223,139,84,136,87,136,84,3
74,64,p305_064,149,98,51,60,89,60,51,38
74,65,p305_065,163,74,89,62,101,62,89,12
74,66,p305_066,206,111,95,108,98,107,94,5
74,67,p305_067,222,139,83,89,133,89,83,50
74,68,p305_068,209,133,76,121,88,121,76,12
74,69,p305_069,264,172,92,160,104,160,92,12
74,70,p305_070,246,149,97,141,105,141,97,8
74,71,p305_071,238,162,76,112,126,112,76,50
74,72,p305_072,201,141,60,115,86,114,59,28
74,73,p305_073,219,155,64,115,104,115,64,40
74,74,p305_074,181,106,75,87,94,87,75,19
74,75,p305_075,190,155,35,131,59,131,35,24
74,76,p305_076,198,158,40,91,107,91,40,67
74,77,p305_077,309,200,109,94,215,94,109,106
74,78,p305_078,171,115,56,113,58,112,55,4
74,79,p305_079,390,229,161,165,225,165,161,64
74,80,p305_080,283,160,123,152,131,151,122,10
74,81,p305_081,280,191,89,169,111,169,89,22
74,82,p305_082,239,193,46,135,104,135,46,58
74,83,p305_083,179,113,66,97,82,97,66,16
74,84,p305_084,262,207,55,188,74,187,54,21
74,85,p305_085,180,101,79,74,106,74,79,27
74,86,p305_086,177,116,61,102,75,102,61,14
74,87,p305_087,233,139,94,139,94,138,93,2
74,88,p305_088,214,98,116,74,140,74,116,24
74,89,p305_089,302,168,134,159,143,159,134,9
74,90,p305_090,189,144,45,115,74,115,45,29
74,91,p305_091,203,117,86,109,94,108,85,10
74,92,p305_092,246,112,134,86,160,86,134,26
74,93,p305_093,268,103,165,86,182,86,165,17
74,94,p305_094,243,207,36,181,62,181,36,26
74,95,p305_095,215,168,47,113,102,113,47,55
74,96,p305_096,183,117,66,99,84,99,66,18
74,97,p305_097,196,149,47,94,102,94,47,55
74,98,p305_098,163,83,80,70,93,70,80,13
74,99,p305_099,217,131,86,126,91,126,86,5
74,100,p305_100,192,120,72,106,86,106,72,14
74,101,p305_101,229,94,135,77,152,77,135,17
74,102,p305_102,193,135,58,110,83,110,58,25
74,103,p305_103,206,138,68,125,81,125,68,13
74,104,p305_104,205,167,38,115,90,115,38,52
74,105,p305_105,217,183,34,130,87,130,34,53
74,106,p305_106,281,260,21,218,63,218,21,42
74,107,p305_107,233,209,24,135,98,135,24,74
74,108,p305_108,163,95,68,74,89,74,68,21
74,109,p305_109,226,190,36,138,88,138,36,52
74,110,p305_110,278,253,25,195,83,195,25,58
74,111,p305_111,209,159,50,82,127,82,50,77
74,112,p305_112,141,112,29,60,81,60,29,52
74,113,p305_113,243,182,61,150,93,150,61,32
74,114,p305_114,318,244,74,238,80,236,72,10
74,115,p305_115,206,129,77,93,113,92,76,38
74,116,p305_116,158,110,48,77,81,77,48,33
74,117,p305_117,239,199,40,138,101,138,40,61
74,118,p305_118,182,143,39,101,81,101,39,42
74,119,p305_119,183,96,87,90,93,90,87,6
74,120,p305_120,193,148,45,93,100,93,45,55
74,121,p305_121,118,100,18,80,38,80,18,20
74,122,p305_122,197,155,42,123,74,121,40,36
74,123,p305_123,225,179,46,135,90,135,46,44
74,124,p305_124,246,194,52,151,95,151,52,43
74,125,p305_125,235,178,57,163,72,163,57,15
74,126,p305_126,310,183,127,177,133,176,126,8
74,127,p305_127,147,121,26,120,27,120,26,1
74,128,p305_128,137,95,42,72,65,72,42,23
74,129,p305_129,297,122,175,113,184,113,175,9
74,130,p305_130,287,174,113,165,122,165,113,9
74,131,p305_131,246,167,79,138,108,138,79,29
74,132,p305_132,223,159,64,138,85,138,64,21
74,133,p305_133,155,90,65,81,74,81,65,9
74,134,p305_134,209,177,32,144,65,144,32,33
74,135,p305_135,255,206,49,157,98,157,49,49
74,136,p305_136,225,168,57,154,71,154,57,14
74,137,p305_137,216,155,61,124,92,124,61,31
74,138,p305_138,339,234,105,216,123,216,105,18
74,139,p305_139,166,92,74,70,96,70,74,22
74,140,p305_140,201,120,81,116,85,116,81,4
74,141,p305_141,185,100,85,100,85,100,85,0
74,142,p305_142,177,149,28,87,90,87,28,62
74,143,p305_143,202,138,64,126,76,126,64,12
74,144,p305_144,197,154,43,115,82,115,43,39
74,145,p305_145,225,193,32,140,85,140,32,53
74,146,p305_146,179,123,56,99,80,99,56,24
74,147,p305_147,245,221,24,157,88,157,24,64
74,148,p305_148,233,179,54,153,80,153,54,26
74,149,p305_149,172,123,49,96,76,96,49,27
74,150,p305_150,305,205,100,187,118,187,100,18
74,151,p305_151,147,122,25,95,52,95,25,27
74,152,p305_152,209,189,20,138,71,138,20,51
74,153,p305_153,224,153,71,118,106,118,71,35
74,154,p305_154,203,182,21,132,71,132,21,50
74,155,p305_155,239,155,84,145,94,143,82,14
74,156,p305_156,205,135,70,117,88,117,70,18
74,157,p305_157,218,89,129,90,128,89,128,1
74,158,p305_158,230,117,113,118,112,117,112,1
74,159,p305_159,197,148,49,126,71,126,49,22
74,160,p305_160,161,128,33,83,78,83,33,45
74,161,p305_161,224,148,76,133,91,133,76,15
74,162,p305_162,230,152,78,152,78,151,77,2
74,163,p305_163,272,148,124,110,162,110,124,38
74,164,p305_164,291,173,118,171,120,171,118,2
74,165,p305_165,201,124,77,110,91,109,76,16
74,166,p305_166,199,160,39,134,65,133,38,28
74,167,p305_167,219,168,51,143,76,143,51,25
74,168,p305_168,273,184,89,179,94,178,88,7
74,169,p305_169,174,120,54,108,66,108,54,12
74,170,p305_170,177,119,58,92,85,92,58,27
74,171,p305_171,190,128,62,124,66,124,62,4
74,172,p305_172,178,98,80,97,81,94,77,7
74,173,p305_173,158,136,22,101,57,101,22,35
74,174,p305_174,233,184,49,163,70,163,49,21
74,175,p305_175,169,102,67,102,67,102,67,0
74,176,p305_176,192,168,24,106,86,106,24,62
74,177,p305_177,166,141,25,100,66,100,25,41
74,178,p305_178,205,169,36,120,85,120,36,49
74,179,p305_179,158,141,17,80,78,80,17,61
74,180,p305_180,171,158,13,102,69,102,13,56
74,181,p305_181,202,144,58,128,74,128,58,16
74,182,p305_182,233,190,43,140,93,140,43,50
74,183,p305_183,263,208,55,110,153,110,55,98
74,184,p305_184,145,143,2,99,46,99,2,44
74,185,p305_185,185,147,38,102,83,102,38,45
74,186,p305_186,177,107,70,106,71,103,67,7
74,187,p305_187,187,166,21,107,80,107,21,59
74,188,p305_188,265,242,23,180,85,180,23,62
74,189,p305_189,195,139,56,88,107,88,56,51
74,190,p305_190,233,162,71,142,91,142,71,20
74,191,p305_191,163,158,5,90,73,90,5,68
74,192,p305_192,284,251,33,206,78,206,33,45
74,193,p305_193,193,156,37,111,82,111,37,45
74,194,p305_194,369,205,164,132,237,132,164,73
74,195,p305_195,192,126,66,110,82,110,66,16
74,196,p305_196,206,116,90,113,93,113,90,3
74,197,p305_197,302,268,34,214,88,214,34,54
74,198,p305_198,187,141,46,114,73,114,46,27
74,199,p305_199,195,172,23,150,45,150,23,22
74,200,p305_200,172,149,23,82,90,82,23,67
75,1,p306_001,155,103,52,81,74,70,41,44
75,2,p306_002,290,231,59,190,100,182,51,57
75,3,p306_003,552,400,152,370,182,360,142,50
75,4,p306_004,390,301,89,280,110,268,77,45
75,5,p306_005,539,468,71,391,148,385,65,89
75,6,p306_006,417,322,95,326,91,305,74,38
75,7,p306_007,350,289,61,240,110,238,59,53
75,8,p306_008,653,557,96,464,189,462,94,97
75,9,p306_009,386,301,85,269,117,257,73,56
75,10,p306_010,282,155,127,133,149,130,124,28
75,11,p306_011,565,453,112,407,158,397,102,66
75,12,p306_012,381,304,77,268,113,268,77,36
75,13,p306_013,397,289,108,257,140,253,104,40
75,14,p306_014,463,341,122,335,128,321,108,34
75,15,p306_015,498,434,64,361,137,354,57,87
75,16,p306_016,533,446,87,414,119,402,75,56
75,17,p306_017,505,267,238,210,295,202,230,73
75,18,p306_018,435,364,71,323,112,322,70,43
75,19,p306_019,629,544,85,477,152,471,79,79
75,20,p306_020,346,234,112,220,126,214,106,26
75,21,p306_021,800,714,86,596,204,593,83,124
75,22,p306_022,629,462,167,457,172,454,164,11
75,23,p306_023,918,709,209,684,234,679,204,35
75,24,p306_024,582,442,140,416,166,412,136,34
75,25,p306_025,395,262,133,236,159,230,127,38
75,26,p306_026,258,234,24,155,103,151,20,87
75,27,p306_027,196,152,44,113,83,105,36,55
75,28,p306_028,369,309,60,225,144,223,58,88
75,29,p306_029,297,226,71,136,161,133,68,96
75,30,p306_030,338,239,99,196,142,193,96,49
75,31,p306_031,244,191,53,138,106,136,51,57
75,32,p306_032,275,205,70,181,94,175,64,36
75,33,p306_033,358,273,85,211,147,211,85,62
75,34,p306_034,239,148,91,107,132,105,89,45
75,35,p306_035,311,196,115,188,123,181,108,22
75,36,p306_036,360,271,89,165,195,165,89,106
75,37,p306_037,315,290,25,188,127,188,25,102
75,38,p306_038,331,251,80,218,113,202,64,65
75,39,p306_039,354,273,81,225,129,222,78,54
75,40,p306_040,319,233,86,180,139,175,81,63
75,41,p306_041,296,269,27,183,113,183,27,86
75,42,p306_042,289,252,37,171,118,169,35,85
75,43,p306_043,290,262,28,159,131,159,28,103
75,44,p306_044,233,208,25,125,108,124,24,85
75,45,p306_045,284,245,39,174,110,174,39,71
75,46,p306_046,296,173,123,161,135,158,120,18
75,47,p306_047,251,170,81,127,124,126,80,45
75,48,p306_048,306,186,120,151,155,151,120,35
75,49,p306_049,291,211,80,192,99,183,71,37
75,50,p306_050,281,222,59,122,159,119,56,106
75,51,p306_051,369,254,115,242,127,228,101,40
75,52,p306_052,187,148,39,102,85,96,33,58
75,53,p306_053,207,88,119,87,120,82,114,11
75,54,p306_054,248,126,122,102,146,101,121,26
75,55,p306_055,406,290,116,270,136,264,110,32
75,56,p306_056,215,154,61,122,93,122,61,32
75,57,p306_057,323,165,158,140,183,140,158,25
75,58,p306_058,448,346,102,286,162,283,99,66
75,59,p306_059,297,196,101,147,150,147,101,49
75,60,p306_060,271,207,64,175,96,175,64,32
75,61,p306_061,324,158,166,85,239,82,163,79
75,62,p306_062,334,195,139,163,171,162,138,34
75,63,p306_063,401,220,181,219,182,219,181,1
75,64,p306_064,281,174,107,137,144,137,107,37
75,65,p306_065,264,148,116,139,125,132,109,23
75,66,p306_066,369,203,166,138,231,138,166,65
75,67,p306_067,266,154,112,145,121,134,101,31
75,68,p306_068,305,132,173,122,183,114,165,26
75,69,p306_069,438,249,189,197,241,186,178,74
75,70,p306_070,226,170,56,137,89,132,51,43
75,71,p306_071,387,174,213,145,242,141,209,37
75,72,p306_072,384,320,64,186,198,184,62,138
75,73,p306_073,243,178,65,172,71,172,65,6
75,74,p306_074,368,282,86,146,222,144,84,140
75,75,p306_075,337,257,80,196,141,194,78,65
75,76,p306_076,249,186,63,146,103,140,57,52
75,77,p306_077,231,187,44,153,78,150,41,40
75,78,p306_078,209,194,15,73,136,73,15,121
75,79,p306_079,280,191,89,161,119,161,89,30
75,80,p306_080,297,201,96,172,125,172,96,29
75,81,p306_081,244,150,94,127,117,127,94,23
75,82,p306_082,253,202,51,140,113,140,51,62
75,83,p306_083,246,206,40,77,169,77,40,129
75,84,p306_084,203,103,100,88,115,86,98,19
75,85,p306_085,284,225,59,167,117,166,58,60
75,86,p306_086,209,135,74,90,119,89,73,47
75,87,p306_087,192,136,56,85,107,82,53,57
75,88,p306_088,262,176,86,118,144,118,86,58
75,89,p306_089,374,238,136,186,188,176,126,72
75,90,p306_090,312,181,131,141,171,141,131,40
75,91,p306_091,275,229,46,147,128,143,42,90
75,92,p306_092,343,295,48,210,133,209,47,87
75,93,p306_093,241,140,101,117,124,117,101,23
75,94,p306_094,217,128,89,77,140,76,88,53
75,95,p306_095,182,123,59,69,113,68,58,56
75,96,p306_096,210,140,70,112,98,111,69,30
75,97,p306_097,249,159,90,139,110,138,89,22
75,98,p306_098,251,134,117,129,122,113,101,37
75,99,p306_099,359,297,62,264,95,261,59,39
75,100,p306_100,242,120,122,122,120,93,93,56
75,101,p306_101,372,251,121,180,192,178,119,75
75,102,p306_102,379,339,40,86,293,86,40,253
75,103,p306_103,308,200,108,147,161,144,105,59
75,104,p306_104,238,203,35,141,97,141,35,62
75,105,p306_105,397,283,114,110,287,109,113,175
75,106,p306_106,371,325,46,218,153,214,42,115
75,107,p306_107,325,297,28,194,131,194,28,103
75,108,p306_108,294,275,19,118,176,118,19,157
75,109,p306_109,348,256,92,107,241,107,92,149
75,110,p306_110,338,283,55,108,230,101,48,189
75,111,p306_111,382,282,100,81,301,81,100,201
75,112,p306_112,432,317,115,135,297,135,115,182
75,113,p306_113,314,209,105,144,170,141,102,71
75,114,p306_115,229,194,35,103,126,103,35,91
75,115,p306_116,294,220,74,145,149,145,74,75
75,116,p306_117,295,273,22,197,98,195,20,80
75,117,p306_118,365,259,106,235,130,234,105,26
75,118,p306_119,445,295,150,200,245,200,150,95
75,119,p306_120,398,213,185,181,217,181,185,32
75,120,p306_121,281,201,80,192,89,182,70,29
75,121,p306_122,322,147,175,110,212,107,172,43
75,122,p306_123,390,324,66,145,245,145,66,179
75,123,p306_124,336,265,71,196,140,194,69,73
75,124,p306_125,212,118,94,110,102,110,94,8
75,125,p306_126,189,167,22,107,82,107,22,60
75,126,p306_127,190,166,24,106,84,106,24,60
75,127,p306_128,347,307,40,196,151,192,36,119
75,128,p306_129,229,210,19,133,96,131,17,81
75,129,p306_130,328,257,71,219,109,215,67,46
75,130,p306_131,245,194,51,138,107,133,46,66
75,131,p306_132,264,179,85,140,124,138,83,43
75,132,p306_133,235,210,25,180,55,179,24,32
75,133,p306_134,354,255,99,114,240,113,98,143
75,134,p306_135,409,254,155,148,261,146,153,110
75,135,p306_136,354,169,185,135,219,126,176,52
75,136,p306_137,461,224,237,178,283,177,236,48
75,137,p306_138,308,209,99,116,192,113,96,99
75,138,p306_139,275,162,113,139,136,137,111,27
75,139,p306_141,217,182,35,118,99,117,34,66
75,140,p306_142,363,298,65,169,194,169,65,129
75,141,p306_143,422,201,221,98,324,97,220,105
75,142,p306_144,300,259,41,191,109,185,35,80
75,143,p306_145,274,224,50,158,116,158,50,66
75,144,p306_146,337,248,89,157,180,157,89,91
75,145,p306_147,308,282,26,132,176,127,21,160
75,146,p306_153,227,201,26,149,78,149,26,52
75,147,p306_154,256,234,22,136,120,135,21,100
75,148,p306_155,275,237,38,143,132,135,30,110
75,149,p306_156,253,192,61,89,164,88,60,105
75,150,p306_157,206,192,14,138,68,136,12,58
75,151,p306_158,348,308,40,274,74,263,29,56
75,152,p306_159,291,141,150,103,188,103,150,38
75,153,p306_160,333,315,18,140,193,139,17,177
75,154,p306_161,276,236,40,157,119,154,37,85
75,155,p306_162,303,260,43,123,180,123,43,137
75,156,p306_163,225,203,22,148,77,145,19,61
75,157,p306_164,216,210,6,67,149,67,6,143
75,158,p306_165,249,237,12,139,110,139,12,98
75,159,p306_166,324,212,112,214,110,194,92,38
75,160,p306_167,298,241,57,192,106,189,54,55
75,161,p306_168,227,198,29,149,78,139,19,69
75,162,p306_169,251,187,64,138,113,133,59,59
75,163,p306_171,356,256,100,86,270,83,97,176
75,164,p306_172,349,289,60,190,159,187,57,105
75,165,p306_173,250,179,71,107,143,105,69,76
75,166,p306_174,259,193,66,111,148,111,66,82
75,167,p306_175,243,224,19,122,121,122,19,102
75,168,p306_176,269,196,73,132,137,131,72,66
75,169,p306_177,285,259,26,188,97,187,25,73
75,170,p306_178,373,306,67,198,175,196,65,112
75,171,p306_179,278,199,79,130,148,127,76,75
75,172,p306_180,275,226,49,144,131,140,45,90
75,173,p306_181,302,266,36,210,92,202,28,72
75,174,p306_182,307,274,33,166,141,166,33,108
75,175,p306_183,232,179,53,125,107,121,49,62
75,176,p306_184,265,226,39,152,113,147,34,84
75,177,p306_185,215,155,60,116,99,104,48,63
75,178,p306_186,298,200,98,153,145,147,92,59
75,179,p306_187,285,143,142,129,156,118,131,36
75,180,p306_188,300,225,75,181,119,181,75,44
75,181,p306_189,286,150,136,140,146,139,135,12
75,182,p306_190,352,264,88,199,153,194,83,75
75,183,p306_191,206,125,81,99,107,99,81,26
75,184,p306_192,227,191,36,105,122,104,35,88
75,185,p306_193,220,184,36,130,90,129,35,56
75,186,p306_194,221,190,31,123,98,120,28,73
75,187,p306_195,235,192,43,74,161,73,42,120
75,188,p306_196,256,158,98,127,129,123,94,39
75,189,p306_197,214,175,39,118,96,118,39,57
75,190,p306_198,232,189,43,143,89,130,30,72
75,191,p306_199,245,176,69,120,125,116,65,64
75,192,p306_201,389,278,111,211,178,210,110,69
75,193,p306_202,280,160,120,134,146,129,115,36
75,194,p306_203,262,198,64,147,115,146,63,53
75,195,p306_204,266,138,128,135,131,132,125,9
75,196,p306_205,218,166,52,94,124,93,51,74
75,197,p306_206,259,214,45,170,89,163,38,58
75,198,p306_207,407,294,113,235,172,228,106,73
75,199,p306_208,245,153,92,118,127,118,92,35
75,200,p306_209,223,156,67,114,109,114,67,42
76,1,p307_001,173,145,28,56,117,56,28,89
76,2,p307_002,329,234,95,137,192,137,95,97
76,3,p307_003,455,395,60,330,125,325,55,75
76,4,p307_005,451,416,35,314,137,312,33,106
76,5,p307_006,370,309,61,248,122,247,60,63
76,6,p307_007,355,262,93,228,127,202,67,86
76,7,p307_008,573,470,103,427,146,420,96,57
76,8,p307_009,379,305,74,226,153,226,74,79
76,9,p307_010,253,130,123,112,141,107,118,28
76,10,p307_011,472,371,101,346,126,341,96,35
76,11,p307_012,336,210,126,195,141,194,125,17
76,12,p307_013,341,192,149,188,153,186,147,8
76,13,p307_014,361,237,124,225,136,224,123,14
76,14,p307_015,472,372,100,292,180,292,100,80
76,15,p307_016,484,379,105,324,160,322,103,59
76,16,p307_017,283,171,112,142,141,140,110,33
76,17,p307_018,439,294,145,277,162,268,136,35
76,18,p307_019,514,377,137,362,152,359,134,21
76,19,p307_020,325,183,142,166,159,166,142,17
76,20,p307_021,619,484,135,452,167,451,134,34
76,21,p307_022,466,355,111,328,138,328,111,27
76,22,p307_023,737,576,161,550,187,549,160,28
76,23,p307_024,485,374,111,335,150,335,111,39
76,24,p307_025,216,107,109,94,122,94,109,13
76,25,p307_026,224,101,123,80,144,80,123,21
76,26,p307_027,273,175,98,123,150,123,98,52
76,27,p307_028,257,82,175,83,174,82,174,1
76,28,p307_029,245,92,153,79,166,79,153,13
76,29,p307_030,260,222,38,136,124,136,38,86
76,30,p307_031,206,92,114,92,114,91,113,2
76,31,p307_032,251,110,141,70,181,66,137,48
76,32,p307_033,342,182,160,165,177,165,160,17
76,33,p307_034,281,123,158,94,187,94,158,29
76,34,p307_035,288,103,185,100,188,100,185,3
76,35,p307_036,348,208,140,203,145,203,140,5
76,36,p307_037,300,148,152,134,166,134,152,14
76,37,p307_038,259,152,107,124,135,122,105,32
76,38,p307_039,302,192,110,163,139,163,110,29
76,39,p307_040,261,155,106,111,150,109,104,48
76,40,p307_041,214,83,131,69,145,68,130,16
76,41,p307_042,214,98,116,95,119,95,116,3
76,42,p307_043,279,187,92,132,147,132,92,55
76,43,p307_044,310,179,131,176,134,176,131,3
76,44,p307_045,312,134,178,127,185,127,178,7
76,45,p307_046,312,157,155,154,158,153,154,5
76,46,p307_047,268,118,150,115,153,115,150,3
76,47,p307_048,251,99,152,92,159,91,151,9
76,48,p307_049,232,134,98,119,113,119,98,15
76,49,p307_050,245,183,62,109,136,109,62,74
76,50,p307_051,245,161,84,155,90,141,70,34
76,51,p307_052,221,127,94,94,127,83,83,55
76,52,p307_053,317,190,127,165,152,155,117,45
76,53,p307_054,290,201,89,152,138,150,87,53
76,54,p307_055,282,183,99,124,158,124,99,59
76,55,p307_056,304,176,128,155,149,155,128,21
76,56,p307_057,179,118,61,85,94,85,61,33
76,57,p307_058,214,156,58,101,113,101,58,55
76,58,p307_059,159,104,55,85,74,85,55,19
76,59,p307_060,309,109,200,109,200,107,198,4
76,60,p307_061,244,132,112,127,117,127,112,5
76,61,p307_062,326,175,151,169,157,169,151,6
76,62,p307_063,268,150,118,141,127,140,117,11
76,63,p307_064,355,235,120,167,188,167,120,68
76,64,p307_065,423,192,231,146,277,146,231,46
76,65,p307_066,427,169,258,122,305,122,258,47
76,66,p307_067,271,189,82,162,109,162,82,27
76,67,p307_068,304,188,116,172,132,172,116,16
76,68,p307_069,233,159,74,147,86,137,64,32
76,69,p307_070,300,120,180,103,197,103,180,17
76,70,p307_071,241,191,50,117,124,117,50,74
76,71,p307_072,250,130,120,112,138,112,120,18
76,72,p307_073,296,196,100,117,179,117,100,79
76,73,p307_074,265,154,111,129,136,129,111,25
76,74,p307_075,264,129,135,115,149,115,135,14
76,75,p307_076,283,116,167,80,203,80,167,36
76,76,p307_077,241,185,56,141,100,141,56,44
76,77,p307_078,258,201,57,116,142,116,57,85
76,78,p307_079,325,189,136,154,171,154,136,35
76,79,p307_080,221,106,115,84,137,84,115,22
76,80,p307_081,198,129,69,96,102,96,69,33
76,81,p307_082,348,257,91,229,119,229,91,28
76,82,p307_083,240,134,106,121,119,121,106,13
76,83,p307_084,281,171,110,116,165,116,110,55
76,84,p307_085,244,134,110,95,149,95,110,39
76,85,p307_086,363,252,111,242,121,241,110,12
76,86,p307_087,176,94,82,93,83,91,80,5
76,87,p307_088,243,119,124,115,128,115,124,4
76,88,p307_089,287,146,141,140,147,140,141,6
76,89,p307_090,299,140,159,125,174,121,155,23
76,90,p307_091,251,84,167,81,170,81,167,3
76,91,p307_092,308,185,123,182,126,181,122,5
76,92,p307_093,260,210,50,149,111,149,50,61
76,93,p307_094,261,161,100,148,113,148,100,13
76,94,p307_095,222,118,104,107,115,107,104,11
76,95,p307_096,208,98,110,91,117,91,110,7
76,96,p307_097,219,119,100,96,123,96,100,23
76,97,p307_098,355,227,128,189,166,187,126,42
76,98,p307_099,281,146,135,139,142,139,135,7
76,99,p307_100,229,130,99,113,116,113,99,17
76,100,p307_101,222,139,83,120,102,119,82,21
76,101,p307_102,315,155,160,114,201,111,157,47
76,102,p307_103,208,130,78,93,115,92,77,39
76,103,p307_104,244,126,118,121,123,118,115,11
76,104,p307_105,246,94,152,101,145,94,145,7
76,105,p307_106,270,188,82,131,139,131,82,57
76,106,p307_107,248,187,61,131,117,131,61,56
76,107,p307_108,260,236,24,121,139,121,24,115
76,108,p307_109,228,174,54,106,122,106,54,68
76,109,p307_110,226,156,70,104,122,104,70,52
76,110,p307_111,341,279,62,195,146,195,62,84
76,111,p307_112,256,161,95,125,131,125,95,36
76,112,p307_113,252,122,130,117,135,117,130,5
76,113,p307_114,208,97,111,84,124,84,111,13
76,114,p307_115,241,145,96,139,102,139,96,6
76,115,p307_116,235,156,79,121,114,121,79,35
76,116,p307_117,267,168,99,158,109,158,99,10
76,117,p307_118,286,244,42,157,129,157,42,87
76,118,p307_119,199,77,122,64,135,64,122,13
76,119,p307_120,228,118,110,88,140,88,110,30
76,120,p307_121,291,234,57,148,143,148,57,86
76,121,p307_122,388,270,118,246,142,246,118,24
76,122,p307_123,392,281,111,216,176,216,111,65
76,123,p307_124,296,154,142,146,150,146,142,8
76,124,p307_125,243,147,96,119,124,118,95,30
76,125,p307_126,263,125,138,97,166,97,138,28
76,126,p307_127,406,279,127,177,229,177,127,102
76,127,p307_128,204,89,115,65,139,65,115,24
76,128,p307_129,248,117,131,110,138,110,131,7
76,129,p307_130,223,135,88,98,125,98,88,37
76,130,p307_131,227,122,105,117,110,117,105,5
76,131,p307_132,272,213,59,176,96,176,59,37
76,132,p307_133,256,138,118,116,140,115,117,24
76,133,p307_134,333,208,125,190,143,189,124,20
76,134,p307_135,274,92,182,85,189,85,182,7
76,135,p307_136,297,108,189,103,194,103,189,5
76,136,p307_137,265,131,134,120,145,120,134,11
76,137,p307_138,262,140,122,139,123,138,121,3
76,138,p307_139,284,81,203,71,213,71,203,10
76,139,p307_140,238,159,79,134,104,134,79,25
76,140,p307_141,284,143,141,135,149,135,141,8
76,141,p307_142,267,156,111,148,119,147,110,10
76,142,p307_143,221,114,107,98,123,98,107,16
76,143,p307_144,234,137,97,110,124,110,97,27
76,144,p307_145,206,97,109,74,132,74,109,23
76,145,p307_146,218,93,125,69,149,69,125,24
76,146,p307_147,282,157,125,153,129,153,125,4
76,147,p307_148,277,171,106,148,129,148,106,23
76,148,p307_149,267,168,99,127,140,123,95,49
76,149,p307_150,233,121,112,93,140,92,111,30
76,150,p307_151,356,189,167,188,168,186,165,5
76,151,p307_152,290,141,149,134,156,133,148,9
76,152,p307_153,203,118,85,64,139,60,81,62
76,153,p307_154,204,81,123,71,133,71,123,10
76,154,p307_155,229,143,86,105,124,102,83,44
76,155,p307_156,256,112,144,92,164,91,143,22
76,156,p307_157,402,127,275,106,296,105,274,23
76,157,p307_158,261,172,89,118,143,118,89,54
76,158,p307_159,314,109,205,105,209,105,205,4
76,159,p307_160,253,128,125,90,163,90,125,38
76,160,p307_161,329,131,198,128,201,128,198,3
76,161,p307_162,289,155,134,119,170,115,130,44
76,162,p307_163,274,105,169,80,194,80,169,25
76,163,p307_164,268,99,169,96,172,95,168,5
76,164,p307_165,225,119,106,98,127,98,106,21
76,165,p307_166,280,115,165,108,172,106,163,11
76,166,p307_167,351,165,186,160,191,160,186,5
76,167,p307_168,277,142,135,138,139,138,135,4
76,168,p307_169,247,89,158,65,182,65,158,24
76,169,p307_170,276,172,104,148,128,148,104,24
76,170,p307_171,308,135,173,130,178,130,173,5
76,171,p307_172,235,136,99,77,158,77,99,59
76,172,p307_173,236,85,151,85,151,83,149,4
76,173,p307_174,247,130,117,83,164,81,115,51
76,174,p307_175,257,145,112,153,104,107,66,84
76,175,p307_176,263,73,190,71,192,71,190,2
76,176,p307_177,246,133,113,126,120,126,113,7
76,177,p307_178,249,121,128,110,139,110,128,11
76,178,p307_179,230,141,89,90,140,90,89,51
76,179,p307_180,312,119,193,157,155,119,155,38
76,180,p307_181,274,121,153,98,176,98,153,23
76,181,p307_182,274,240,34,150,124,150,34,90
76,182,p307_183,199,88,111,77,122,77,111,11
76,183,p307_184,279,148,131,145,134,145,131,3
76,184,p307_185,229,133,96,114,115,114,96,19
76,185,p307_186,235,127,108,117,118,117,108,10
76,186,p307_187,232,150,82,122,110,118,78,36
76,187,p307_188,179,84,95,59,120,59,95,25
76,188,p307_189,243,93,150,84,159,84,150,9
76,189,p307_190,290,153,137,145,145,145,137,8
76,190,p307_191,297,155,142,141,156,141,142,14
76,191,p307_192,278,175,103,171,107,171,103,4
76,192,p307_193,297,135,162,127,170,127,162,8
76,193,p307_194,280,153,127,120,160,119,126,35
76,194,p307_195,239,83,156,73,166,73,156,10
76,195,p307_196,238,119,119,118,120,117,118,3
76,196,p307_197,247,115,132,99,148,99,132,16
76,197,p307_198,414,169,245,144,270,144,245,25
76,198,p307_199,247,106,141,96,151,96,141,10
76,199,p307_200,252,144,108,140,112,140,108,4
76,200,p307_201,196,60,136,56,140,56,136,4
77,1,p308_001,149,149,0,93,56,93,0,56
77,2,p308_002,251,240,11,149,102,149,11,91
77,3,p308_003,502,502,0,346,156,346,0,156
77,4,p308_004,315,304,11,202,113,202,11,102
77,5,p308_005,375,327,48,265,110,264,47,64
77,6,p308_006,355,313,42,240,115,236,38,81
77,7,p308_007,280,266,14,185,95,184,13,83
77,8,p308_008,472,374,98,314,158,314,98,60
77,9,p308_009,369,304,65,196,173,195,64,110
77,10,p308_010,212,176,36,97,115,97,36,79
77,11,p308_011,417,412,5,332,85,332,5,80
77,12,p308_012,297,285,12,209,88,209,12,76
77,13,p308_013,278,269,9,183,95,183,9,86
77,14,p308_014,342,306,36,211,131,211,36,95
77,15,p308_015,363,352,11,261,102,261,11,91
77,16,p308_016,422,408,14,307,115,306,13,103
77,17,p308_017,243,212,31,143,100,141,29,73
77,18,p308_018,334,316,18,239,95,237,16,81
77,19,p308_019,489,434,55,318,171,318,55,116
77,20,p308_020,270,230,40,166,104,163,37,70
77,21,p308_021,561,542,19,465,96,461,15,85
77,22,p308_022,382,373,9,298,84,297,8,77
77,23,p308_023,641,634,7,530,111,530,7,104
77,24,p308_024,419,400,19,302,117,300,17,102
77,25,p308_025,214,170,44,81,133,80,43,91
77,26,p308_026,199,115,84,96,103,96,84,19
77,27,p308_027,193,188,5,106,87,106,5,82
77,28,p308_028,259,191,68,138,121,136,66,57
77,29,p308_029,225,209,16,130,95,128,14,83
77,30,p308_030,166,154,12,84,82,84,12,70
77,31,p308_031,201,181,20,111,90,111,20,70
77,32,p308_032,171,120,51,79,92,79,51,41
77,33,p308_033,151,118,33,67,84,67,33,51
77,34,p308_034,182,152,30,91,91,90,29,63
77,35,p308_035,209,138,71,112,97,107,66,36
77,36,p308_036,270,254,16,123,147,123,16,131
77,37,p308_037,198,174,24,91,107,91,24,83
77,38,p308_038,230,223,7,131,99,131,7,92
77,39,p308_039,182,101,81,46,136,46,81,55
77,40,p308_040,243,178,65,149,94,147,63,33
77,41,p308_041,201,184,17,75,126,75,17,109
77,42,p308_042,206,200,6,95,111,95,6,105
77,43,p308_043,195,142,53,85,110,85,53,57
77,44,p308_044,198,114,84,102,96,102,84,12
77,45,p308_045,281,224,57,133,148,133,57,91
77,46,p308_046,187,151,36,77,110,77,36,74
77,47,p308_047,185,158,27,94,91,94,27,64
77,48,p308_048,206,177,29,76,130,74,27,105
77,49,p308_049,257,219,38,112,145,109,35,113
77,50,p308_050,214,169,45,89,125,89,45,80
77,51,p308_051,209,189,20,90,119,89,19,101
77,52,p308_052,270,253,17,162,108,162,17,91
77,53,p308_053,235,204,31,120,115,120,31,84
77,54,p308_054,270,204,66,112,158,112,66,92
77,55,p308_055,251,182,69,111,140,111,69,71
77,56,p308_056,257,186,71,95,162,95,71,91
77,57,p308_057,297,245,52,85,212,85,52,160
77,58,p308_058,233,218,15,151,82,144,8,81
77,59,p308_059,267,241,26,130,137,130,26,111
77,60,p308_060,217,210,7,107,110,107,7,103
77,61,p308_061,273,242,31,175,98,173,29,71
77,62,p308_062,220,176,44,102,118,102,44,74
77,63,p308_063,257,191,66,100,157,100,66,91
77,64,p308_064,249,235,14,117,132,117,14,118
77,65,p308_065,225,163,62,102,123,100,60,65
77,66,p308_066,225,151,74,100,125,100,74,51
77,67,p308_067,206,184,22,110,96,110,22,74
77,68,p308_068,179,165,14,95,84,95,14,70
77,69,p308_069,185,170,15,90,95,90,15,80
77,70,p308_070,155,149,6,71,84,71,6,78
77,71,p308_071,206,194,12,109,97,109,12,85
77,72,p308_072,254,234,20,108,146,106,18,130
77,73,p308_073,182,123,59,93,89,87,53,42
77,74,p308_074,217,174,43,119,98,119,43,55
77,75,p308_075,243,219,24,143,100,143,24,76
77,76,p308_076,174,138,36,70,104,70,36,68
77,77,p308_077,185,156,29,72,113,68,25,92
77,78,p308_078,203,160,43,117,86,109,35,59
77,79,p308_079,171,154,17,89,82,89,17,65
77,80,p308_080,219,214,5,126,93,126,5,88
77,81,p308_081,249,228,21,140,109,140,21,88
77,82,p308_082,266,255,11,139,127,139,11,116
77,83,p308_083,286,252,34,84,202,84,34,168
77,84,p308_084,241,211,30,112,129,111,29,101
77,85,p308_085,297,235,62,183,114,178,57,62
77,86,p308_086,238,233,5,86,152,86,5,147
77,87,p308_087,305,258,47,147,158,145,45,115
77,88,p308_088,271,260,11,170,101,169,10,92
77,89,p308_089,225,211,14,136,89,133,11,81
77,90,p308_090,163,157,6,90,73,89,5,69
77,91,p308_091,171,166,5,65,106,65,5,101
77,92,p308_092,206,162,44,93,113,87,38,81
77,93,p308_093,228,178,50,110,118,108,48,72
77,94,p308_094,246,219,27,116,130,116,27,103
77,95,p308_095,174,164,10,82,92,82,10,82
77,96,p308_096,174,171,3,103,71,103,3,68
77,97,p308_097,373,285,88,143,230,141,86,146
77,98,p308_098,371,312,59,109,262,109,59,203
77,99,p308_099,355,324,31,169,186,169,31,155
77,100,p308_100,262,240,22,113,149,113,22,127
77,101,p308_101,302,267,35,143,159,143,35,124
77,102,p308_102,219,204,15,116,103,116,15,88
77,103,p308_103,312,276,36,109,203,109,36,167
77,104,p308_104,235,206,29,119,116,119,29,87
77,105,p308_105,271,205,66,109,162,109,66,96
77,106,p308_106,286,201,85,103,183,98,80,108
77,107,p308_107,235,190,45,92,143,91,44,100
77,108,p308_108,206,201,5,110,96,110,5,91
77,109,p308_109,195,151,44,56,139,56,44,95
77,110,p308_110,209,151,58,79,130,79,58,72
77,111,p308_111,217,202,15,124,93,124,15,78
77,112,p308_112,201,175,26,82,119,82,26,93
77,113,p308_113,270,251,19,138,132,138,19,113
77,114,p308_114,224,205,19,125,99,125,19,80
77,115,p308_115,211,173,38,100,111,100,38,73
77,116,p308_116,267,247,20,185,82,185,20,62
77,117,p308_117,201,165,36,88,113,88,36,77
77,118,p308_118,201,140,61,85,116,85,61,55
77,119,p308_119,171,166,5,73,98,73,5,93
77,120,p308_120,174,142,32,93,81,92,31,51
77,121,p308_121,227,213,14,114,113,113,13,101
77,122,p308_122,353,332,21,186,167,184,19,150
77,123,p308_123,392,223,169,141,251,139,167,86
77,124,p308_124,155,152,3,81,74,81,3,71
77,125,p308_125,202,199,3,100,102,99,2,101
77,126,p308_126,201,194,7,132,69,130,5,66
77,127,p308_127,198,183,15,121,77,120,14,64
77,128,p308_128,262,196,66,111,151,109,64,89
77,129,p308_129,246,206,40,107,139,107,40,99
77,130,p308_130,243,216,27,145,98,145,27,71
77,131,p308_131,193,153,40,73,120,73,40,80
77,132,p308_132,211,200,11,121,90,121,11,79
77,133,p308_133,254,240,14,75,179,75,14,165
77,134,p308_134,196,170,26,116,80,114,24,58
77,135,p308_135,273,241,32,127,146,126,31,116
77,136,p308_136,171,132,39,83,88,82,38,51
77,137,p308_137,302,250,52,137,165,130,45,127
77,138,p308_138,267,257,10,180,87,180,10,77
77,139,p308_139,217,185,32,115,102,114,31,72
77,140,p308_140,163,111,52,102,61,94,44,25
77,141,p308_141,169,118,51,80,89,79,50,40
77,142,p308_142,184,170,14,66,118,66,14,104
77,143,p308_143,249,216,33,155,94,149,27,73
77,144,p308_144,214,205,9,74,140,74,9,131
77,145,p308_145,198,189,9,90,108,90,9,99
77,146,p308_146,345,300,45,129,216,127,43,175
77,147,p308_147,185,165,20,90,95,90,20,75
77,148,p308_148,228,186,42,121,107,120,41,67
77,149,p308_149,198,121,77,80,118,80,77,41
77,150,p308_150,182,126,56,74,108,74,56,52
77,151,p308_151,219,200,19,147,72,147,19,53
77,152,p308_152,227,173,54,109,118,104,49,74
77,153,p308_153,166,149,17,94,72,88,11,67
77,154,p308_154,182,158,24,97,85,97,24,61
77,155,p308_155,254,200,54,144,110,139,49,66
77,156,p308_156,209,184,25,123,86,119,21,69
77,157,p308_157,204,169,35,133,71,131,33,40
77,158,p308_158,254,250,4,179,75,179,4,71
77,159,p308_159,195,185,10,90,105,90,10,95
77,160,p308_160,222,191,31,141,81,140,30,52
77,161,p308_161,243,233,10,121,122,121,10,112
77,162,p308_162,163,102,61,64,99,61,58,44
77,163,p308_163,275,239,36,180,95,174,30,71
77,164,p308_164,228,221,7,136,92,135,6,87
77,165,p308_165,230,179,51,133,97,133,51,46
77,166,p308_166,190,147,43,101,89,97,39,54
77,167,p308_167,233,201,32,156,77,156,32,45
77,168,p308_168,225,194,31,112,113,112,31,82
77,169,p308_169,169,161,8,110,59,108,6,55
77,170,p308_170,209,192,17,121,88,121,17,71
77,171,p308_171,214,198,16,90,124,90,16,108
77,172,p308_172,171,158,13,91,80,88,10,73
77,173,p308_173,267,219,48,156,111,155,47,65
77,174,p308_174,206,158,48,110,96,108,46,52
77,175,p308_175,187,178,9,132,55,129,6,52
77,176,p308_176,235,188,47,122,113,122,47,66
77,177,p308_177,195,186,9,96,99,96,9,90
77,178,p308_178,206,206,0,127,79,127,0,79
77,179,p308_179,207,108,99,86,121,86,99,22
77,180,p308_180,196,184,12,102,94,101,11,84
77,181,p308_181,267,216,51,163,104,162,50,55
77,182,p308_182,241,215,26,149,92,149,26,66
77,183,p308_183,193,174,19,89,104,88,18,87
77,184,p308_184,257,231,26,148,109,144,22,91
77,185,p308_185,230,192,38,141,89,136,33,61
77,186,p308_186,153,144,9,57,96,57,9,87
77,187,p308_187,198,106,92,86,112,86,92,20
77,188,p308_188,179,147,32,108,71,108,32,39
77,189,p308_189,193,149,44,96,97,95,43,55
77,190,p308_190,235,174,61,100,135,100,61,74
77,191,p308_191,251,217,34,107,144,107,34,110
77,192,p308_192,166,96,70,82,84,82,70,14
77,193,p308_193,273,186,87,118,155,118,87,68
77,194,p308_194,470,389,81,80,390,80,81,309
77,195,p308_195,556,397,159,192,364,192,159,205
77,196,p308_196,317,295,22,128,189,128,22,167
77,197,p308_197,299,186,113,94,205,93,112,94
77,198,p308_198,219,208,11,115,104,115,11,93
77,199,p308_199,211,196,15,87,124,87,15,109
77,200,p308_200,190,174,16,58,132,58,16,116
78,1,p310_001,147,142,5,66,81,66,5,76
78,2,p310_002,273,214,59,154,119,152,57,64
78,3,p310_003,557,458,99,365,192,363,97,97
78,4,p310_004,432,301,131,265,167,257,123,52
78,5,p310_005,425,387,38,311,114,311,38,76
78,6,p310_006,449,346,103,264,185,264,103,82
78,7,p310_007,347,299,48,218,129,218,48,81
78,8,p310_008,519,439,80,379,140,379,80,60
78,9,p310_009,300,253,47,257,43,240,30,30
78,10,p310_010,219,129,90,105,114,104,89,26
78,11,p310_011,445,385,60,352,93,352,60,33
78,12,p310_012,293,238,55,221,72,220,54,19
78,13,p310_013,333,310,23,225,108,225,23,85
78,14,p310_014,346,314,32,232,114,232,32,82
78,15,p310_015,409,390,19,330,79,325,14,70
78,16,p310_016,521,431,90,402,119,402,90,29
78,17,p310_017,275,212,63,169,106,168,62,45
78,18,p310_018,392,362,30,265,127,264,29,99
78,19,p310_019,492,414,78,372,120,372,78,42
78,20,p310_020,344,296,48,185,159,185,48,111
78,21,p310_021,682,549,133,511,171,508,130,44
78,22,p310_022,529,384,145,363,166,363,145,21
78,23,p310_023,961,738,223,600,361,600,223,138
78,24,p310_024,487,453,34,325,162,325,34,128
78,25,p310_025,248,206,42,113,135,113,42,93
78,26,p310_026,176,122,54,85,91,85,54,37
78,27,p310_027,325,292,33,179,146,178,32,115
78,28,p310_028,244,222,22,92,152,92,22,130
78,29,p310_029,195,186,9,54,141,54,9,132
78,30,p310_030,241,142,99,125,116,124,98,19
78,31,p310_031,190,129,61,55,135,54,60,76
78,32,p310_032,242,158,84,117,125,116,83,43
78,33,p310_033,337,259,78,218,119,215,75,47
78,34,p310_034,196,152,44,106,90,106,44,46
78,35,p310_035,218,187,31,138,80,138,31,49
78,36,p310_036,293,204,89,204,89,202,87,4
78,37,p310_037,224,125,99,115,109,115,99,10
78,38,p310_038,240,128,112,84,156,84,112,44
78,39,p310_039,180,79,101,75,105,74,100,6
78,40,p310_040,291,167,124,127,164,126,123,42
78,41,p310_041,181,139,42,112,69,112,42,27
78,42,p310_042,147,103,44,64,83,64,44,39
78,43,p310_043,182,95,87,87,95,86,86,10
78,44,p310_044,260,203,57,128,132,125,54,81
78,45,p310_045,296,168,128,140,156,140,128,28
78,46,p310_046,345,177,168,66,279,66,168,111
78,47,p310_047,247,136,111,74,173,74,111,62
78,48,p310_048,306,152,154,142,164,139,151,16
78,49,p310_049,174,159,15,79,95,79,15,80
78,50,p310_050,235,206,29,165,70,165,29,41
78,51,p310_051,263,177,86,161,102,159,84,20
78,52,p310_052,196,100,96,58,138,58,96,42
78,53,p310_053,277,199,78,183,94,182,77,18
78,54,p310_054,197,161,36,63,134,63,36,98
78,55,p310_055,262,199,63,153,109,152,62,48
78,56,p310_056,450,254,196,81,369,81,196,173
78,57,p310_057,196,156,40,93,103,93,40,63
78,58,p310_058,254,227,27,149,105,149,27,78
78,59,p310_059,154,116,38,53,101,53,38,63
78,60,p310_060,204,155,49,81,123,81,49,74
78,61,p310_061,216,181,35,109,107,109,35,72
78,62,p310_062,186,111,75,77,109,76,74,36
78,63,p310_063,223,192,31,86,137,86,31,106
78,64,p310_064,160,121,39,62,98,62,39,59
78,65,p310_065,205,120,85,104,101,104,85,16
78,66,p310_066,212,159,53,105,107,104,52,56
78,67,p310_067,209,155,54,91,118,91,54,64
78,68,p310_068,276,189,87,86,190,86,87,103
78,69,p310_069,230,183,47,103,127,103,47,80
78,70,p310_070,173,88,85,71,102,71,85,17
78,71,p310_071,232,175,57,111,121,111,57,64
78,72,p310_072,285,153,132,138,147,137,131,17
78,73,p310_073,219,166,53,94,125,94,53,72
78,74,p310_074,231,147,84,115,116,115,84,32
78,75,p310_075,227,187,40,105,122,105,40,82
78,76,p310_076,248,212,36,132,116,132,36,80
78,77,p310_077,288,233,55,140,148,140,55,93
78,78,p310_078,195,99,96,71,124,70,95,30
78,79,p310_079,182,147,35,81,101,81,35,66
78,80,p310_080,332,128,204,91,241,91,204,37
78,81,p310_081,153,101,52,74,79,74,52,27
78,82,p310_082,186,92,94,80,106,80,94,12
78,83,p310_083,192,96,96,85,107,78,89,25
78,84,p310_084,137,107,30,67,70,67,30,40
78,85,p310_085,193,126,67,104,89,104,67,22
78,86,p310_086,157,132,25,72,85,72,25,60
78,87,p310_087,180,161,19,87,93,87,19,74
78,88,p310_088,249,197,52,142,107,142,52,55
78,89,p310_089,205,189,16,129,76,129,16,60
78,90,p310_090,187,172,15,102,85,102,15,70
78,91,p310_091,227,188,39,135,92,135,39,53
78,92,p310_092,181,170,11,100,81,100,11,70
78,93,p310_093,237,226,11,161,76,161,11,65
78,94,p310_094,146,136,10,53,93,53,10,83
78,95,p310_095,207,138,69,91,116,91,69,47
78,96,p310_096,188,168,20,101,87,101,20,67
78,97,p310_097,199,160,39,93,106,93,39,67
78,98,p310_098,180,89,91,76,104,73,88,19
78,99,p310_099,169,145,24,75,94,75,24,70
78,100,p310_100,188,147,41,100,88,100,41,47
78,101,p310_101,212,160,52,127,85,127,52,33
78,102,p310_102,196,143,53,115,81,115,53,28
78,103,p310_103,219,186,33,151,68,151,33,35
78,104,p310_104,195,121,74,77,118,77,74,44
78,105,p310_105,214,205,9,135,79,135,9,70
78,106,p310_106,243,209,34,138,105,137,33,73
78,107,p310_107,174,69,105,64,110,64,105,5
78,108,p310_108,217,216,1,142,75,142,1,74
78,109,p310_109,259,222,37,162,97,162,37,60
78,110,p310_110,193,160,33,112,81,111,32,50
78,111,p310_111,218,143,75,121,97,121,75,22
78,112,p310_112,225,167,58,104,121,104,58,63
78,113,p310_113,181,166,15,74,107,74,15,92
78,114,p310_114,202,159,43,94,108,94,43,65
78,115,p310_115,171,106,65,70,101,70,65,36
78,116,p310_116,219,145,74,129,90,129,74,16
78,117,p310_117,247,139,108,110,137,110,108,29
78,118,p310_118,149,132,17,98,51,95,14,40
78,119,p310_119,221,142,79,113,108,103,69,49
78,120,p310_120,194,164,30,87,107,86,29,79
78,121,p310_121,212,188,24,118,94,118,24,70
78,122,p310_122,234,210,24,132,102,132,24,78
78,123,p310_123,202,164,38,139,63,139,38,25
78,124,p310_124,212,116,96,100,112,100,96,16
78,125,p310_125,274,201,73,158,116,158,73,43
78,126,p310_126,204,158,46,78,126,78,46,80
78,127,p310_127,214,124,90,96,118,96,90,28
78,128,p310_128,249,124,125,109,140,108,124,17
78,129,p310_129,187,61,126,60,127,60,126,1
78,130,p310_130,289,218,71,154,135,154,71,64
78,131,p310_131,183,134,49,71,112,71,49,63
78,132,p310_132,241,201,40,127,114,126,39,76
78,133,p310_133,196,167,29,118,78,118,29,49
78,134,p310_134,231,186,45,114,117,114,45,72
78,135,p310_135,208,158,50,89,119,89,50,69
78,136,p310_136,187,176,11,79,108,79,11,97
78,137,p310_137,268,240,28,135,133,133,26,109
78,138,p310_138,161,150,11,54,107,54,11,96
78,139,p310_139,177,139,38,106,71,106,38,33
78,140,p310_140,213,145,68,120,93,120,68,25
78,141,p310_141,221,215,6,132,89,132,6,83
78,142,p310_142,161,100,61,68,93,67,60,34
78,143,p310_143,202,142,60,92,110,92,60,50
78,144,p310_144,277,215,62,155,122,154,61,62
78,145,p310_145,214,149,65,68,146,68,65,81
78,146,p310_146,239,190,49,127,112,126,48,65
78,147,p310_147,183,169,14,89,94,89,14,80
78,148,p310_148,189,150,39,90,99,90,39,60
78,149,p310_149,211,177,34,89,122,89,34,88
78,150,p310_150,215,155,60,119,96,119,60,36
78,151,p310_151,198,104,94,60,138,60,94,44
78,152,p310_152,297,212,85,179,118,179,85,33
78,153,p310_153,181,106,75,79,102,79,75,27
78,154,p310_154,229,174,55,108,121,108,55,66
78,155,p310_155,206,76,130,55,151,54,129,23
78,156,p310_156,164,123,41,98,66,84,27,53
78,157,p310_157,210,164,46,109,101,109,46,55
78,158,p310_158,200,175,25,101,99,97,21,82
78,159,p310_159,193,140,53,81,112,81,53,59
78,160,p310_160,263,243,20,166,97,166,20,77
78,161,p310_161,240,211,29,144,96,144,29,67
78,162,p310_162,215,184,31,104,111,104,31,80
78,163,p310_163,154,123,31,63,91,63,31,60
78,164,p310_164,205,141,64,107,98,107,64,34
78,165,p310_165,174,161,13,103,71,103,13,58
78,166,p310_166,225,161,64,120,105,120,64,41
78,167,p310_167,233,194,39,166,67,166,39,28
78,168,p310_168,174,154,20,91,83,91,20,63
78,169,p310_169,169,104,65,84,85,84,65,20
78,170,p310_170,254,197,57,101,153,101,57,96
78,171,p310_171,237,211,26,123,114,123,26,88
78,172,p310_172,268,120,148,91,177,90,147,31
78,173,p310_173,338,289,49,205,133,205,49,84
78,174,p310_174,190,143,47,90,100,90,47,53
78,175,p310_175,201,145,56,110,91,110,56,35
78,176,p310_176,201,133,68,89,112,89,68,44
78,177,p310_177,194,158,36,98,96,98,36,60
78,178,p310_178,227,120,107,104,123,104,107,16
78,179,p310_179,239,137,102,106,133,106,102,31
78,180,p310_180,264,217,47,141,123,141,47,76
78,181,p310_181,251,233,18,132,119,132,18,101
78,182,p310_182,142,121,21,65,77,65,21,56
78,183,p310_183,176,97,79,80,96,80,79,17
78,184,p310_185,147,123,24,91,56,86,19,42
78,185,p310_186,179,122,57,107,72,106,56,17
78,186,p310_187,195,107,88,82,113,82,88,25
78,187,p310_188,221,179,42,136,85,136,42,43
78,188,p310_189,263,183,80,171,92,169,78,16
78,189,p310_190,227,159,68,105,122,105,68,54
78,190,p310_191,260,160,100,124,136,124,100,36
78,191,p310_192,317,205,112,170,147,169,111,37
78,192,p310_193,224,167,57,86,138,86,57,81
78,193,p310_194,194,138,56,79,115,79,56,59
78,194,p310_195,248,196,52,161,87,161,52,35
78,195,p310_196,172,100,72,73,99,72,71,29
78,196,p310_197,280,236,44,161,119,161,44,75
78,197,p310_198,246,198,48,150,96,150,48,48
78,198,p310_199,182,136,46,93,89,93,46,43
78,199,p310_200,198,155,43,89,109,88,42,68
78,200,p310_201,199,159,40,94,105,94,40,65
79,1,p311_001,174,133,41,88,86,85,38,51
79,2,p311_002,255,234,21,155,100,155,21,79
79,3,p311_003,463,411,52,377,86,372,47,44
79,4,p311_004,372,325,47,238,134,236,45,91
79,5,p311_005,409,308,101,291,118,288,98,23
79,6,p311_006,423,257,166,261,162,239,144,40
79,7,p311_007,383,226,157,218,165,217,156,10
79,8,p311_008,561,360,201,340,221,339,200,22
79,9,p311_009,292,186,106,184,108,182,104,6
79,10,p311_010,230,111,119,104,126,102,117,11
79,11,p311_011,405,308,97,308,97,305,94,6
79,12,p311_012,321,194,127,195,126,193,125,3
79,13,p311_013,294,197,97,200,94,192,89,13
79,14,p311_014,313,238,75,229,84,229,75,9
79,15,p311_015,409,364,45,322,87,322,45,42
79,16,p311_016,425,336,89,325,100,325,89,11
79,17,p311_017,285,153,132,150,135,146,128,11
79,18,p311_018,355,283,72,275,80,273,70,12
79,19,p311_019,466,369,97,360,106,359,96,11
79,20,p311_020,287,178,109,178,109,175,106,6
79,21,p311_021,603,458,145,461,142,455,139,9
79,22,p311_022,420,327,93,318,102,318,93,9
79,23,p311_023,673,554,119,527,146,525,117,31
79,24,p311_024,427,308,119,321,106,308,106,13
79,25,p311_025,238,155,83,150,88,150,83,5
79,26,p311_026,138,57,81,59,79,54,76,8
79,27,p311_027,151,75,76,73,78,72,75,4
79,28,p311_028,142,68,74,70,72,68,72,2
79,29,p311_029,162,84,78,79,83,78,77,7
79,30,p311_030,213,132,81,123,90,121,79,13
79,31,p311_031,177,102,75,107,70,102,70,5
79,32,p311_032,158,76,82,72,86,71,81,6
79,33,p311_033,233,133,100,132,101,132,100,1
79,34,p311_034,201,122,79,117,84,117,79,5
79,35,p311_035,230,109,121,106,124,106,121,3
79,36,p311_036,227,114,113,114,113,112,111,4
79,37,p311_037,163,77,86,78,85,76,84,3
79,38,p311_038,212,121,91,95,117,95,91,26
79,39,p311_039,281,151,130,125,156,125,130,26
79,40,p311_040,247,147,100,142,105,142,100,5
79,41,p311_041,166,73,93,77,89,73,89,4
79,42,p311_042,213,136,77,126,87,123,74,16
79,43,p311_043,202,117,85,117,85,114,82,6
79,44,p311_044,172,83,89,86,86,83,86,3
79,45,p311_045,172,86,86,87,85,84,83,5
79,46,p311_046,177,84,93,81,96,81,93,3
79,47,p311_047,265,148,117,145,120,145,117,3
79,48,p311_048,255,151,104,150,105,149,103,3
79,49,p311_049,190,89,101,89,101,86,98,6
79,50,p311_050,221,106,115,101,120,100,114,7
79,51,p311_051,223,134,89,161,62,134,62,27
79,52,p311_052,178,84,94,74,104,74,94,10
79,53,p311_053,198,85,113,78,120,77,112,9
79,54,p311_054,220,119,101,118,102,115,98,7
79,55,p311_055,185,93,92,99,86,85,78,22
79,56,p311_056,233,183,50,151,82,151,50,32
79,57,p311_057,260,162,98,158,102,126,66,68
79,58,p311_058,193,136,57,108,85,93,42,58
79,59,p311_059,214,80,134,74,140,71,131,12
79,60,p311_060,211,101,110,90,121,86,106,19
79,61,p311_061,195,99,96,100,95,99,95,1
79,62,p311_062,192,97,95,80,112,66,81,45
79,63,p311_063,214,138,76,117,97,116,75,23
79,64,p311_064,189,96,93,101,88,96,88,5
79,65,p311_065,147,84,63,78,69,69,54,24
79,66,p311_066,241,132,109,131,110,131,109,1
79,67,p311_067,161,54,107,54,107,54,107,0
79,68,p311_068,201,93,108,92,109,92,108,1
79,69,p311_069,156,62,94,54,102,54,94,8
79,70,p311_070,188,101,87,85,103,85,87,16
79,71,p311_071,190,164,26,114,76,114,26,50
79,72,p311_072,222,119,103,103,119,102,102,18
79,73,p311_073,163,86,77,81,82,77,73,13
79,74,p311_074,200,94,106,82,118,82,106,12
79,75,p311_075,195,115,80,96,99,96,80,19
79,76,p311_076,201,119,82,113,88,109,78,14
79,77,p311_077,164,67,97,70,94,67,94,3
79,78,p311_078,221,124,97,120,101,120,97,4
79,79,p311_079,178,71,107,79,99,70,98,10
79,80,p311_080,173,64,109,66,107,64,107,2
79,81,p311_081,168,74,94,68,100,68,94,6
79,82,p311_082,177,92,85,87,90,87,85,5
79,83,p311_083,206,109,97,108,98,107,96,3
79,84,p311_084,151,68,83,75,76,65,73,13
79,85,p311_085,211,105,106,107,104,104,103,4
79,86,p311_086,214,119,95,116,98,115,94,5
79,87,p311_087,224,94,130,91,133,90,129,5
79,88,p311_088,191,93,98,93,98,91,96,4
79,89,p311_089,241,122,119,123,118,122,118,1
79,90,p311_090,180,91,89,91,89,89,87,4
79,91,p311_091,204,117,87,107,97,107,87,10
79,92,p311_092,172,82,90,70,102,70,90,12
79,93,p311_093,177,68,109,65,112,65,109,3
79,94,p311_094,182,94,88,92,90,90,86,6
79,95,p311_095,251,149,102,150,101,149,101,1
79,96,p311_096,198,103,95,107,91,102,90,6
79,97,p311_097,198,108,90,131,67,107,66,25
79,98,p311_098,166,73,93,79,87,72,86,8
79,99,p311_099,186,127,59,96,90,95,58,33
79,100,p311_100,201,106,95,87,114,86,94,21
79,101,p311_101,171,99,72,97,74,97,72,2
79,102,p311_102,145,54,91,69,76,53,75,17
79,103,p311_103,174,105,69,100,74,100,69,5
79,104,p311_104,177,113,64,100,77,97,61,19
79,105,p311_105,190,89,101,88,102,88,101,1
79,106,p311_106,198,77,121,80,118,74,115,9
79,107,p311_107,187,95,92,95,92,95,92,0
79,108,p311_108,220,116,104,112,108,109,101,10
79,109,p311_109,203,108,95,101,102,101,95,7
79,110,p311_110,212,105,107,106,106,104,105,3
79,111,p311_111,198,124,74,120,78,118,72,8
79,112,p311_112,196,110,86,117,79,103,72,21
79,113,p311_113,159,57,102,64,95,55,93,11
79,114,p311_114,195,70,125,59,136,59,125,11
79,115,p311_115,212,97,115,92,120,92,115,5
79,116,p311_116,207,86,121,83,124,82,120,5
79,117,p311_117,231,66,165,69,162,66,162,3
79,118,p311_118,169,90,79,84,85,83,78,8
79,119,p311_119,202,95,107,94,108,94,107,1
79,120,p311_120,217,91,126,97,120,91,120,6
79,121,p311_121,217,88,129,100,117,86,115,16
79,122,p311_122,203,111,92,131,72,108,69,26
79,123,p311_123,209,101,108,99,110,99,108,2
79,124,p311_124,191,94,97,109,82,94,82,15
79,125,p311_125,202,109,93,108,94,105,90,7
79,126,p311_126,242,135,107,133,109,133,107,2
79,127,p311_127,228,136,92,134,94,134,92,2
79,128,p311_128,160,103,57,68,92,65,54,41
79,129,p311_129,211,125,86,123,88,123,86,2
79,130,p311_130,201,106,95,105,96,103,93,5
79,131,p311_131,174,72,102,72,102,72,102,0
79,132,p311_132,190,92,98,91,99,90,97,3
79,133,p311_133,185,82,103,81,104,81,103,1
79,134,p311_134,174,62,112,64,110,62,110,2
79,135,p311_135,184,96,88,88,96,86,86,12
79,136,p311_136,188,87,101,85,103,85,101,2
79,137,p311_137,141,46,95,47,94,45,93,3
79,138,p311_138,193,122,71,96,97,93,68,32
79,139,p311_139,160,60,100,57,103,56,99,5
79,140,p311_140,161,78,83,66,95,66,83,12
79,141,p311_141,201,114,87,112,89,111,86,4
79,142,p311_142,217,98,119,102,115,97,114,6
79,143,p311_143,194,70,124,70,124,70,124,0
79,144,p311_144,222,111,111,110,112,110,111,1
79,145,p311_145,254,135,119,158,96,135,96,23
79,146,p311_146,176,66,110,66,110,65,109,2
79,147,p311_147,171,106,65,118,53,97,44,30
79,148,p311_148,180,87,93,91,89,87,89,4
79,149,p311_149,199,83,116,84,115,82,114,3
79,150,p311_150,190,102,88,94,96,94,88,8
79,151,p311_151,134,36,98,44,90,36,90,8
79,152,p311_152,273,127,146,122,151,122,146,5
79,153,p311_153,237,120,117,120,117,120,117,0
79,154,p311_154,166,59,107,63,103,57,101,8
79,155,p311_155,198,147,51,137,61,133,47,18
79,156,p311_156,175,124,51,79,96,79,51,45
79,157,p311_157,169,86,83,70,99,68,81,20
79,158,p311_158,162,69,93,68,94,68,93,1
79,159,p311_159,171,96,75,93,78,93,75,3
79,160,p311_160,198,130,68,123,75,123,68,7
79,161,p311_161,179,102,77,99,80,99,77,3
79,162,p311_162,222,78,144,73,149,73,144,5
79,163,p311_163,321,158,163,156,165,145,152,24
79,164,p311_164,172,63,109,57,115,57,109,6
79,165,p311_165,166,79,87,90,76,77,74,15
79,166,p311_166,203,97,106,102,101,92,96,15
79,167,p311_167,190,99,91,88,102,85,88,17
79,168,p311_168,169,99,70,92,77,88,66,15
79,169,p311_169,180,80,100,84,96,77,93,10
79,170,p311_170,238,119,119,116,122,116,119,3
79,171,p311_171,202,99,103,88,114,88,103,11
79,172,p311_172,230,94,136,81,149,78,133,19
79,173,p311_173,221,107,114,91,130,90,113,18
79,174,p311_174,211,82,129,81,130,80,128,3
79,175,p311_175,155,104,51,90,65,90,51,14
79,176,p311_176,184,86,98,106,78,84,76,24
79,177,p311_177,200,99,101,96,104,95,100,5
79,178,p311_178,203,118,85,98,105,97,84,22
79,179,p311_179,224,130,94,117,107,115,92,17
79,180,p311_180,275,109,166,105,170,103,164,8
79,181,p311_181,197,70,127,72,125,69,124,4
79,182,p311_182,202,93,109,87,115,87,109,6
79,183,p311_183,180,85,95,81,99,81,95,4
79,184,p311_184,182,85,97,83,99,83,97,2
79,185,p311_185,191,120,71,106,85,106,71,14
79,186,p311_186,187,101,86,119,68,86,53,48
79,187,p311_187,171,87,84,109,62,87,62,22
79,188,p311_188,144,58,86,61,83,58,83,3
79,189,p311_189,141,70,71,54,87,52,69,20
79,190,p311_190,193,94,99,88,105,88,99,6
79,191,p311_191,183,87,96,83,100,82,95,6
79,192,p311_192,170,88,82,84,86,84,82,4
79,193,p311_193,185,117,68,105,80,100,63,22
79,194,p311_194,173,77,96,79,94,74,91,8
79,195,p311_195,158,69,89,71,87,68,86,4
79,196,p311_196,158,70,88,78,80,70,80,8
79,197,p311_197,189,96,93,114,75,93,72,24
79,198,p311_198,211,72,139,74,137,67,132,12
79,199,p311_199,299,78,221,85,214,77,213,9
79,200,p311_200,174,40,134,38,136,38,134,2
80,1,p312_002,241,150,91,151,90,146,86,9
80,2,p312_003,422,318,104,308,114,308,104,10
80,3,p312_004,353,203,150,196,157,195,149,9
80,4,p312_005,462,314,148,312,150,309,145,8
80,5,p312_006,402,281,121,272,130,272,121,9
80,6,p312_007,289,212,77,207,82,207,77,5
80,7,p312_008,469,373,96,368,101,368,96,5
80,8,p312_009,319,230,89,228,91,227,88,4
80,9,p312_010,220,107,113,105,115,105,113,2
80,10,p312_011,446,321,125,318,128,317,124,5
80,11,p312_012,292,211,81,198,94,198,81,13
80,12,p312_013,283,200,83,188,95,188,83,12
80,13,p312_014,390,266,124,263,127,263,124,3
80,14,p312_015,372,296,76,287,85,287,76,9
80,15,p312_016,457,335,122,336,121,334,120,3
80,16,p312_017,249,155,94,140,109,140,94,15
80,17,p312_018,374,280,94,258,116,255,91,28
80,18,p312_019,491,362,129,351,140,351,129,11
80,19,p312_020,308,201,107,201,107,200,106,2
80,20,p312_021,663,420,243,390,273,390,243,30
80,21,p312_022,520,313,207,304,216,303,206,11
80,22,p312_023,715,557,158,539,176,538,157,20
80,23,p312_024,419,322,97,317,102,317,97,5
80,24,p312_025,251,111,140,102,149,99,137,15
80,25,p312_026,222,108,114,104,118,104,114,4
80,26,p312_027,257,157,100,146,111,146,100,11
80,27,p312_028,174,92,82,88,86,88,82,4
80,28,p312_029,206,80,126,80,126,80,126,0
80,29,p312_030,174,64,110,61,113,61,110,3
80,30,p312_031,219,118,101,109,110,109,101,9
80,31,p312_032,182,86,96,84,98,84,96,2
80,32,p312_033,182,91,91,86,96,86,91,5
80,33,p312_034,145,64,81,64,81,63,80,2
80,34,p312_035,217,99,118,96,121,96,118,3
80,35,p312_036,208,119,89,117,91,117,89,2
80,36,p312_037,209,105,104,100,109,100,104,5
80,37,p312_038,182,92,90,85,97,84,89,9
80,38,p312_039,225,109,116,104,121,104,116,5
80,39,p312_040,225,105,120,105,120,104,119,2
80,40,p312_041,201,78,123,77,124,77,123,1
80,41,p312_042,257,122,135,122,135,119,132,6
80,42,p312_043,201,109,92,99,102,99,92,10
80,43,p312_044,246,110,136,112,134,110,134,2
80,44,p312_045,155,68,87,67,88,66,86,3
80,45,p312_046,238,140,98,139,99,139,98,1
80,46,p312_047,145,53,92,52,93,52,92,1
80,47,p312_048,195,109,86,105,90,104,85,6
80,48,p312_049,182,95,87,87,95,87,87,8
80,49,p312_050,233,154,79,115,118,115,79,39
80,50,p312_051,158,109,49,109,49,109,49,0
80,51,p312_052,158,73,85,71,87,71,85,2
80,52,p312_053,182,97,85,89,93,89,85,8
80,53,p312_054,187,96,91,92,95,92,91,4
80,54,p312_055,174,119,55,120,54,119,54,1
80,55,p312_056,163,113,50,113,50,111,48,4
80,56,p312_057,150,71,79,66,84,66,79,5
80,57,p312_058,203,127,76,128,75,126,74,3
80,58,p312_059,182,93,89,96,86,93,86,3
80,59,p312_060,211,135,76,130,81,130,76,5
80,60,p312_061,134,53,81,54,80,50,77,7
80,61,p312_062,161,87,74,80,81,80,74,7
80,62,p312_063,148,64,84,62,86,62,84,2
80,63,p312_064,252,128,124,127,125,127,124,1
80,64,p312_065,197,97,100,96,101,96,100,1
80,65,p312_066,150,72,78,70,80,68,76,6
80,66,p312_067,190,109,81,106,84,104,79,7
80,67,p312_068,145,62,83,60,85,60,83,2
80,68,p312_069,224,114,110,99,125,99,110,15
80,69,p312_070,174,94,80,95,79,92,77,5
80,70,p312_071,185,116,69,113,72,113,69,3
80,71,p312_072,155,91,64,89,66,89,64,2
80,72,p312_073,193,99,94,97,96,97,94,2
80,73,p312_074,187,134,53,129,58,129,53,5
80,74,p312_075,155,56,99,56,99,56,99,0
80,75,p312_076,169,80,89,80,89,79,88,2
80,76,p312_077,190,118,72,140,50,117,49,24
80,77,p312_078,174,121,53,118,56,117,52,5
80,78,p312_079,145,71,74,52,93,52,74,19
80,79,p312_080,247,130,117,130,117,129,116,2
80,80,p312_081,180,90,90,78,102,78,90,12
80,81,p312_082,185,110,75,108,77,106,73,6
80,82,p312_083,209,127,82,124,85,123,81,5
80,83,p312_084,142,66,76,65,77,65,76,1
80,84,p312_085,166,76,90,73,93,72,89,5
80,85,p312_086,222,111,111,108,114,108,111,3
80,86,p312_087,208,110,98,110,98,110,98,0
80,87,p312_088,222,135,87,123,99,123,87,12
80,88,p312_089,198,102,96,95,103,95,96,7
80,89,p312_090,187,97,90,92,95,87,85,15
80,90,p312_091,171,92,79,90,81,90,79,2
80,91,p312_092,177,109,68,101,76,101,68,8
80,92,p312_093,142,66,76,66,76,66,76,0
80,93,p312_094,158,101,57,98,60,97,56,5
80,94,p312_095,169,90,79,88,81,88,79,2
80,95,p312_096,230,146,84,139,91,139,84,7
80,96,p312_097,153,55,98,48,105,47,97,9
80,97,p312_098,225,140,85,124,101,124,85,16
80,98,p312_099,174,95,79,87,87,87,79,8
80,99,p312_100,163,61,102,60,103,60,102,1
80,100,p312_101,190,128,62,93,97,93,62,35
80,101,p312_102,156,112,44,66,90,66,44,46
80,102,p312_103,173,125,48,73,100,73,48,52
80,103,p312_104,153,72,81,68,85,68,81,4
80,104,p312_105,251,126,125,123,128,123,125,3
80,105,p312_106,217,103,114,93,124,93,114,10
80,106,p312_107,222,71,151,71,151,70,150,2
80,107,p312_108,209,90,119,88,121,88,119,2
80,108,p312_109,249,117,132,90,159,90,132,27
80,109,p312_110,198,141,57,111,87,111,57,30
80,110,p312_111,137,81,56,70,67,70,56,11
80,111,p312_112,217,106,111,104,113,103,110,4
80,112,p312_113,201,125,76,124,77,115,67,19
80,113,p312_114,163,81,82,80,83,80,82,1
80,114,p312_115,158,115,43,106,52,106,43,9
80,115,p312_116,219,121,98,109,110,109,98,12
80,116,p312_117,243,127,116,104,139,104,116,23
80,117,p312_118,147,93,54,62,85,62,54,31
80,118,p312_119,121,89,32,41,80,41,32,48
80,119,p312_120,185,103,82,90,95,90,82,13
80,120,p312_121,187,128,59,117,70,115,57,15
80,121,p312_122,155,114,41,115,40,114,40,1
80,122,p312_123,233,147,86,138,95,137,85,11
80,123,p312_124,193,118,75,112,81,112,75,6
80,124,p312_125,169,83,86,82,87,82,86,1
80,125,p312_126,193,119,74,110,83,110,74,9
80,126,p312_127,131,46,85,46,85,45,84,2
80,127,p312_128,137,72,65,63,74,63,65,9
80,128,p312_129,164,92,72,84,80,76,64,24
80,129,p312_130,153,83,70,80,73,80,70,3
80,130,p312_131,147,89,58,85,62,85,58,4
80,131,p312_132,193,96,97,90,103,90,97,6
80,132,p312_133,155,85,70,80,75,80,70,5
80,133,p312_134,195,124,71,123,72,122,70,3
80,134,p312_135,147,56,91,53,94,53,91,3
80,135,p312_136,134,61,73,48,86,47,72,15
80,136,p312_137,156,100,56,85,71,85,56,15
80,137,p312_138,201,102,99,86,115,86,99,16
80,138,p312_139,179,75,104,57,122,57,104,18
80,139,p312_140,126,78,48,78,48,76,46,4
80,140,p312_141,182,58,124,52,130,52,124,6
80,141,p312_142,229,144,85,119,110,119,85,25
80,142,p312_143,171,95,76,83,88,83,76,12
80,143,p312_144,230,142,88,126,104,126,88,16
80,144,p312_145,208,97,111,81,127,81,111,16
80,145,p312_146,150,82,68,76,74,75,67,8
80,146,p312_147,198,99,99,95,103,95,99,4
80,147,p312_148,193,132,61,126,67,124,59,10
80,148,p312_149,195,101,94,97,98,97,94,4
80,149,p312_150,297,135,162,131,166,130,161,6
80,150,p312_151,139,84,55,89,50,80,46,13
80,151,p312_152,161,93,68,88,73,88,68,5
80,152,p312_153,131,56,75,54,77,54,75,2
80,153,p312_154,185,118,67,117,68,117,67,1
80,154,p312_155,219,146,73,139,80,139,73,7
80,155,p312_156,182,110,72,105,77,105,72,5
80,156,p312_157,174,100,74,91,83,91,74,9
80,157,p312_158,208,121,87,113,95,113,87,8
80,158,p312_159,203,108,95,107,96,107,95,1
80,159,p312_160,182,114,68,109,73,109,68,5
80,160,p312_161,139,103,36,95,44,95,36,8
80,161,p312_162,160,60,100,38,122,38,100,22
80,162,p312_163,110,53,57,45,65,45,57,8
80,163,p312_164,171,74,97,69,102,69,97,5
80,164,p312_165,185,111,74,105,80,105,74,6
80,165,p312_166,169,66,103,66,103,66,103,0
80,166,p312_167,185,82,103,82,103,82,103,0
80,167,p312_168,212,79,133,68,144,68,133,11
80,168,p312_169,126,80,46,76,50,76,46,4
80,169,p312_170,163,111,52,98,65,97,51,15
80,170,p312_171,142,82,60,76,66,76,60,6
80,171,p312_172,206,130,76,121,85,121,76,9
80,172,p312_173,187,130,57,101,86,101,57,29
80,173,p312_174,185,85,100,73,112,73,100,12
80,174,p312_175,147,105,42,99,48,99,42,6
80,175,p312_176,179,92,87,91,88,90,86,3
80,176,p312_177,182,85,97,81,101,81,97,4
80,177,p312_178,145,106,39,91,54,91,39,15
80,178,p312_179,158,107,51,74,84,74,51,33
80,179,p312_180,206,131,75,117,89,117,75,14
80,180,p312_181,182,56,126,55,127,55,126,1
80,181,p312_182,190,95,95,92,98,92,95,3
80,182,p312_183,121,58,63,54,67,54,63,4
80,183,p312_184,187,118,69,95,92,95,69,23
80,184,p312_185,219,127,92,114,105,114,92,13
80,185,p312_186,345,122,223,76,269,76,223,46
80,186,p312_187,155,69,86,71,84,69,84,2
80,187,p312_188,246,106,140,103,143,103,140,3
80,188,p312_189,169,85,84,81,88,81,84,4
80,189,p312_190,251,125,126,115,136,115,126,10
80,190,p312_191,324,88,236,86,238,86,236,2
80,191,p312_192,183,75,108,66,117,65,107,11
80,192,p312_193,241,156,85,122,119,122,85,34
80,193,p312_194,147,67,80,63,84,63,80,4
80,194,p312_195,163,62,101,62,101,62,101,0
80,195,p312_196,142,64,78,63,79,63,78,1
80,196,p312_197,171,104,67,93,78,93,67,11
80,197,p312_198,178,86,92,67,111,67,92,19
80,198,p312_199,235,124,111,115,120,114,110,11
80,199,p312_200,153,68,85,61,92,61,85,7
80,200,p312_201,140,55,85,49,91,47,83,10
81,1,p313_001,155,105,50,74,81,72,48,35
81,2,p313_002,278,231,47,163,115,153,37,88
81,3,p313_003,634,411,223,347,287,325,201,108
81,4,p313_004,370,292,78,244,126,224,58,88
81,5,p313_005,492,383,109,343,149,327,93,72
81,6,p313_006,481,429,52,289,192,288,51,142
81,7,p313_007,383,242,141,221,162,208,128,47
81,8,p313_008,523,412,111,380,143,361,92,70
81,9,p313_009,343,232,111,189,154,189,111,43
81,10,p313_010,308,139,169,128,180,121,162,25
81,11,p313_011,557,393,164,328,229,324,160,73
81,12,p313_012,444,225,219,204,240,201,216,27
81,13,p313_013,450,308,142,207,243,207,142,101
81,14,p313_014,337,240,97,223,114,218,92,27
81,15,p313_015,408,349,59,284,124,278,53,77
81,16,p313_016,453,379,74,332,121,325,67,61
81,17,p313_017,382,232,150,139,243,133,144,105
81,18,p313_018,479,283,196,263,216,226,159,94
81,19,p313_019,483,416,67,349,134,340,58,85
81,20,p313_020,371,223,148,196,175,181,133,57
81,21,p313_021,602,475,127,421,181,412,118,72
81,22,p313_022,560,386,174,305,255,297,166,97
81,23,p313_023,894,597,297,509,385,472,260,162
81,24,p313_024,734,547,187,341,393,330,176,228
81,25,p313_025,155,120,35,50,105,49,34,72
81,26,p313_026,182,137,45,93,89,88,40,54
81,27,p313_027,219,112,107,101,118,94,100,25
81,28,p313_028,211,139,72,109,102,106,69,36
81,29,p313_029,259,146,113,89,170,88,112,59
81,30,p313_030,206,185,21,102,104,98,17,91
81,31,p313_031,230,122,108,79,151,72,101,57
81,32,p313_032,227,194,33,108,119,107,32,88
81,33,p313_033,251,173,78,133,118,133,78,40
81,34,p313_034,217,152,65,116,101,115,64,38
81,35,p313_035,214,126,88,108,106,98,78,38
81,36,p313_036,281,182,99,127,154,118,90,73
81,37,p313_037,346,248,98,150,196,144,92,110
81,38,p313_038,331,173,158,120,211,103,141,87
81,39,p313_039,213,191,22,119,94,119,22,72
81,40,p313_040,206,112,94,75,131,66,85,55
81,41,p313_041,174,116,58,80,94,80,58,36
81,42,p313_042,208,131,77,110,98,95,62,51
81,43,p313_043,267,159,108,68,199,62,102,103
81,44,p313_044,217,176,41,103,114,103,41,73
81,45,p313_045,195,136,59,71,124,71,59,65
81,46,p313_046,209,164,45,135,74,134,44,31
81,47,p313_047,197,132,65,78,119,78,65,54
81,48,p313_048,241,171,70,112,129,107,65,69
81,49,p313_049,409,309,100,138,271,137,99,173
81,50,p313_050,185,115,70,101,84,84,53,48
81,51,p313_051,278,157,121,157,121,147,111,20
81,52,p313_052,165,84,81,44,121,44,81,40
81,53,p313_053,208,140,68,104,104,100,64,44
81,54,p313_054,227,95,132,94,133,93,131,3
81,55,p313_055,206,125,81,81,125,81,81,44
81,56,p313_056,179,123,56,88,91,88,56,35
81,57,p313_057,209,106,103,87,122,85,101,23
81,58,p313_058,158,71,87,70,88,69,86,3
81,59,p313_059,259,171,88,86,173,86,88,85
81,60,p313_060,211,119,92,96,115,81,77,53
81,61,p313_061,265,191,74,124,141,120,70,75
81,62,p313_062,249,213,36,100,149,100,36,113
81,63,p313_063,235,168,67,97,138,97,67,71
81,64,p313_064,210,154,56,73,137,73,56,81
81,65,p313_065,227,159,68,120,107,118,66,43
81,66,p313_066,241,151,90,66,175,64,88,89
81,67,p313_067,265,176,89,95,170,93,87,85
81,68,p313_068,321,190,131,134,187,133,130,58
81,69,p313_069,251,195,56,129,122,129,56,66
81,70,p313_070,193,156,37,111,82,111,37,45
81,71,p313_071,209,138,71,106,103,104,69,36
81,72,p313_072,254,189,65,117,137,115,63,76
81,73,p313_073,257,209,48,112,145,112,48,97
81,74,p313_074,245,164,81,127,118,121,75,49
81,75,p313_075,265,205,60,118,147,115,57,93
81,76,p313_076,190,90,100,81,109,81,100,9
81,77,p313_077,286,188,98,118,168,117,97,72
81,78,p313_078,257,239,18,110,147,110,18,129
81,79,p313_079,230,153,77,81,149,81,77,72
81,80,p313_080,209,119,90,80,129,80,90,39
81,81,p313_081,171,111,60,71,100,71,60,40
81,82,p313_082,203,175,28,109,94,107,26,70
81,83,p313_083,339,194,145,126,213,124,143,72
81,84,p313_084,267,228,39,137,130,133,35,99
81,85,p313_085,242,180,62,113,129,110,59,73
81,86,p313_086,284,262,22,190,94,182,14,88
81,87,p313_087,299,218,81,139,160,139,81,79
81,88,p313_088,198,155,43,82,116,81,42,75
81,89,p313_089,206,191,15,126,80,122,11,73
81,90,p313_090,283,258,25,152,131,151,24,108
81,91,p313_091,342,248,94,100,242,100,94,148
81,92,p313_092,291,176,115,97,194,96,114,81
81,93,p313_093,353,198,155,70,283,70,155,128
81,94,p313_094,190,123,67,98,92,83,52,55
81,95,p313_095,275,209,66,174,101,148,40,87
81,96,p313_096,257,179,78,78,179,78,78,101
81,97,p313_097,233,114,119,89,144,89,119,25
81,98,p313_098,227,194,33,96,131,96,33,98
81,99,p313_099,241,116,125,89,152,85,121,35
81,100,p313_100,234,187,47,107,127,106,46,82
81,101,p313_101,227,170,57,119,108,116,54,57
81,102,p313_102,198,145,53,122,76,110,41,47
81,103,p313_103,595,142,453,86,509,68,435,92
81,104,p313_104,216,139,77,112,104,103,68,45
81,105,p313_105,283,177,106,113,170,113,106,64
81,106,p313_106,273,180,93,131,142,131,93,49
81,107,p313_107,210,178,32,109,101,109,32,69
81,108,p313_108,274,209,65,128,146,124,61,89
81,109,p313_109,268,169,99,117,151,115,97,56
81,110,p313_110,174,67,107,39,135,38,106,30
81,111,p313_111,368,175,193,85,283,85,193,90
81,112,p313_112,225,127,98,103,122,101,96,28
81,113,p313_113,227,178,49,91,136,91,49,87
81,114,p313_114,257,205,52,76,181,70,46,141
81,115,p313_115,223,162,61,111,112,111,61,51
81,116,p313_116,273,165,108,116,157,93,85,95
81,117,p313_117,490,275,215,92,398,88,211,191
81,118,p313_118,251,140,111,124,127,119,106,26
81,119,p313_119,318,166,152,116,202,114,150,54
81,120,p313_120,155,129,26,93,62,93,26,36
81,121,p313_121,261,166,95,114,147,104,85,72
81,122,p313_122,249,214,35,106,143,106,35,108
81,123,p313_123,226,142,84,94,132,94,84,48
81,124,p313_124,257,174,83,124,133,124,83,50
81,125,p313_125,214,151,63,134,80,133,62,19
81,126,p313_126,238,171,67,62,176,61,66,111
81,127,p313_127,257,204,53,60,197,58,51,148
81,128,p313_128,161,129,32,94,67,93,31,37
81,129,p313_129,260,172,88,111,149,110,87,63
81,130,p313_130,257,150,107,121,136,117,103,37
81,131,p313_131,235,180,55,81,154,81,55,99
81,132,p313_132,334,217,117,123,211,121,115,98
81,133,p313_133,158,135,23,108,50,108,23,27
81,134,p313_134,209,138,71,120,89,114,65,30
81,135,p313_135,193,143,50,77,116,75,48,70
81,136,p313_136,297,269,28,109,188,108,27,162
81,137,p313_137,326,278,48,148,178,148,48,130
81,138,p313_138,249,191,58,103,146,102,57,90
81,139,p313_139,189,133,56,84,105,83,55,51
81,140,p313_140,227,156,71,128,99,111,54,62
81,141,p313_141,201,142,59,92,109,88,55,58
81,142,p313_142,163,124,39,61,102,61,39,63
81,143,p313_143,270,162,108,134,136,129,103,38
81,144,p313_144,182,101,81,83,99,83,81,18
81,145,p313_145,211,177,34,128,83,128,34,49
81,146,p313_146,401,348,53,133,268,133,53,215
81,147,p313_147,212,209,3,115,97,115,3,94
81,148,p313_148,243,151,92,108,135,108,92,43
81,149,p313_149,299,186,113,127,172,126,112,61
81,150,p313_150,246,224,22,112,134,112,22,112
81,151,p313_151,229,94,135,86,143,85,134,10
81,152,p313_152,155,124,31,61,94,61,31,63
81,153,p313_153,219,134,85,117,102,113,81,25
81,154,p313_154,243,189,54,124,119,120,50,73
81,155,p313_155,254,180,74,105,149,98,67,89
81,156,p313_156,227,150,77,119,108,112,70,45
81,157,p313_157,219,166,53,124,95,109,38,72
81,158,p313_158,169,52,117,56,113,52,113,4
81,159,p313_159,246,172,74,110,136,107,71,68
81,160,p313_160,195,145,50,86,109,86,50,59
81,161,p313_161,227,179,48,117,110,110,41,76
81,162,p313_162,214,197,17,126,88,126,17,71
81,163,p313_163,177,125,52,78,99,73,47,57
81,164,p313_164,206,113,93,108,98,104,89,13
81,165,p313_165,230,206,24,125,105,124,23,83
81,166,p313_166,219,203,16,127,92,127,16,76
81,167,p313_167,174,151,23,73,101,73,23,78
81,168,p313_168,194,176,18,113,81,109,14,71
81,169,p313_169,158,88,70,86,72,74,58,26
81,170,p313_170,198,168,30,111,87,105,24,69
81,171,p313_171,227,199,28,167,60,155,16,56
81,172,p313_172,201,194,7,126,75,124,5,72
81,173,p313_173,158,73,85,78,80,62,69,27
81,174,p313_174,163,104,59,73,90,71,57,35
81,175,p313_175,174,158,16,68,106,68,16,90
81,176,p313_176,190,141,49,88,102,88,49,53
81,177,p313_177,188,147,41,72,116,71,40,77
81,178,p313_178,214,129,85,97,117,97,85,32
81,179,p313_179,213,136,77,84,129,84,77,52
81,180,p313_180,169,140,29,81,88,74,22,73
81,181,p313_181,185,134,51,48,137,44,47,94
81,182,p313_182,246,229,17,137,109,134,14,98
81,183,p313_183,193,158,35,122,71,116,29,48
81,184,p313_184,131,128,3,80,51,80,3,48
81,185,p313_185,185,161,24,120,65,118,22,45
81,186,p313_186,177,152,25,116,61,115,24,38
81,187,p313_187,145,115,30,80,65,80,30,35
81,188,p313_188,183,169,14,106,77,106,14,63
81,189,p313_189,134,89,45,54,80,49,40,45
81,190,p313_190,225,191,34,135,90,135,34,56
81,191,p313_191,195,148,47,124,71,121,44,30
81,192,p313_192,240,225,15,115,125,115,15,110
81,193,p313_193,177,115,62,81,96,78,59,40
81,194,p313_194,203,196,7,135,68,135,7,61
81,195,p313_195,139,82,57,48,91,46,55,38
81,196,p313_196,198,177,21,129,69,126,18,54
81,197,p313_197,171,125,46,82,89,79,43,49
81,198,p313_198,163,126,37,106,57,96,27,40
81,199,p313_199,167,134,33,78,89,78,33,56
81,200,p313_200,209,111,98,83,126,82,97,30
82,1,p314_001,135,132,3,84,51,84,3,48
82,2,p314_002,257,227,30,155,102,155,30,72
82,3,p314_003,387,360,27,300,87,300,27,60
82,4,p314_004,294,274,20,197,97,196,19,79
82,5,p314_005,385,331,54,292,93,292,54,39
82,6,p314_006,383,282,101,243,140,243,101,39
82,7,p314_007,309,253,56,207,102,207,56,46
82,8,p314_008,479,440,39,357,122,357,39,83
82,9,p314_009,347,297,50,211,136,209,48,90
82,10,p314_010,195,130,65,97,98,97,65,33
82,11,p314_011,453,341,112,320,133,318,110,25
82,12,p314_012,303,221,82,186,117,186,82,35
82,13,p314_013,305,253,52,218,87,218,52,35
82,14,p314_014,334,272,62,222,112,221,61,52
82,15,p314_015,409,334,75,293,116,293,75,41
82,16,p314_016,426,369,57,313,113,313,57,56
82,17,p314_017,220,167,53,156,64,154,51,15
82,18,p314_018,394,334,60,265,129,265,60,69
82,19,p314_019,479,407,72,356,123,355,71,53
82,20,p314_020,289,237,52,185,104,185,52,52
82,21,p314_021,552,430,122,397,155,395,120,37
82,22,p314_022,446,349,97,317,129,317,97,32
82,23,p314_023,706,553,153,515,191,514,152,40
82,24,p314_024,459,338,121,313,146,313,121,25
82,25,p314_025,247,152,95,145,102,145,95,7
82,26,p314_026,252,142,110,129,123,126,107,19
82,27,p314_027,249,182,67,146,103,146,67,36
82,28,p314_028,243,184,59,142,101,142,59,42
82,29,p314_029,202,157,45,88,114,88,45,69
82,30,p314_030,175,134,41,74,101,74,41,60
82,31,p314_031,196,96,100,74,122,74,100,22
82,32,p314_032,297,174,123,145,152,144,122,31
82,33,p314_033,262,203,59,142,120,142,59,61
82,34,p314_034,269,186,83,148,121,148,83,38
82,35,p314_035,187,112,75,74,113,72,73,42
82,36,p314_036,185,145,40,74,111,74,40,71
82,37,p314_037,274,156,118,130,144,130,118,26
82,38,p314_038,334,194,140,157,177,156,139,39
82,39,p314_039,222,154,68,114,108,114,68,40
82,40,p314_040,199,102,97,95,104,95,97,7
82,41,p314_041,219,146,73,121,98,119,71,29
82,42,p314_042,279,199,80,149,130,149,80,50
82,43,p314_043,227,115,112,113,114,110,109,8
82,44,p314_044,263,165,98,150,113,150,98,15
82,45,p314_045,206,146,60,103,103,103,60,43
82,46,p314_046,187,146,41,78,109,77,40,70
82,47,p314_047,184,82,102,70,114,70,102,12
82,48,p314_048,325,198,127,179,146,179,127,19
82,49,p314_049,240,136,104,118,122,118,104,18
82,50,p314_050,206,138,68,98,108,98,68,40
82,51,p314_051,179,152,27,72,107,72,27,80
82,52,p314_052,191,143,48,90,101,90,48,53
82,53,p314_053,195,112,83,88,107,88,83,24
82,54,p314_054,228,120,108,114,114,114,108,6
82,55,p314_055,174,144,30,102,72,102,30,42
82,56,p314_056,250,199,51,95,155,95,51,104
82,57,p314_057,174,112,62,67,107,67,62,45
82,58,p314_058,251,128,123,94,157,94,123,34
82,59,p314_059,231,118,113,116,115,116,113,2
82,60,p314_060,181,147,34,59,122,59,34,88
82,61,p314_061,188,114,74,98,90,98,74,16
82,62,p314_062,311,237,74,196,115,194,72,45
82,63,p314_063,200,153,47,110,90,110,47,43
82,64,p314_064,185,105,80,93,92,93,80,12
82,65,p314_065,369,200,169,190,179,190,169,10
82,66,p314_066,239,135,104,113,126,113,104,22
82,67,p314_067,269,142,127,116,153,116,127,26
82,68,p314_068,251,168,83,146,105,146,83,22
82,69,p314_069,192,104,88,131,61,99,56,37
82,70,p314_070,206,161,45,133,73,132,44,30
82,71,p314_071,215,136,79,102,113,100,77,38
82,72,p314_072,302,204,98,178,124,178,98,26
82,73,p314_073,205,122,83,86,119,86,83,36
82,74,p314_074,244,123,121,119,125,111,113,20
82,75,p314_075,276,184,92,144,132,144,92,40
82,76,p314_076,178,132,46,50,128,50,46,82
82,77,p314_077,265,188,77,153,112,152,76,37
82,78,p314_078,153,119,34,60,93,60,34,59
82,79,p314_079,219,107,112,83,136,83,112,24
82,80,p314_080,208,172,36,100,108,100,36,72
82,81,p314_081,236,159,77,79,157,79,77,80
82,82,p314_082,235,168,67,134,101,134,67,34
82,83,p314_083,306,270,36,189,117,189,36,81
82,84,p314_084,226,109,117,108,118,108,117,1
82,85,p314_085,298,172,126,127,171,125,124,49
82,86,p314_086,209,168,41,104,105,104,41,64
82,87,p314_087,227,132,95,119,108,119,95,13
82,88,p314_088,226,106,120,102,124,101,119,6
82,89,p314_089,174,123,51,69,105,69,51,54
82,90,p314_090,219,155,64,96,123,96,64,59
82,91,p314_091,220,119,101,101,119,101,101,18
82,92,p314_092,222,155,67,119,103,118,66,38
82,93,p314_093,203,138,65,106,97,103,62,38
82,94,p314_094,209,154,55,108,101,108,55,46
82,95,p314_095,281,209,72,125,156,124,71,86
82,96,p314_096,193,177,16,108,85,108,16,69
82,97,p314_097,246,135,111,107,139,107,111,28
82,98,p314_098,183,143,40,87,96,86,39,58
82,99,p314_099,218,178,40,123,95,123,40,55
82,100,p314_100,232,169,63,111,121,109,61,62
82,101,p314_101,222,149,73,117,105,117,73,32
82,102,p314_102,161,103,58,85,76,83,56,22
82,103,p314_103,259,160,99,149,110,149,99,11
82,104,p314_104,234,145,89,107,127,107,89,38
82,105,p314_105,225,145,80,96,129,96,80,49
82,106,p314_106,174,87,87,85,89,85,87,2
82,107,p314_107,190,127,63,105,85,105,63,22
82,108,p314_108,209,157,52,111,98,111,52,46
82,109,p314_109,219,147,72,122,97,122,72,25
82,110,p314_110,177,113,64,89,88,89,64,24
82,111,p314_111,169,102,67,76,93,76,67,26
82,112,p314_112,239,160,79,129,110,128,78,33
82,113,p314_113,185,111,74,87,98,86,73,26
82,114,p314_114,206,125,81,113,93,113,81,12
82,115,p314_115,296,184,112,172,124,172,112,12
82,116,p314_116,181,103,78,82,99,81,77,23
82,117,p314_117,262,202,60,155,107,152,57,53
82,118,p314_118,189,107,82,87,102,87,82,20
82,119,p314_119,254,161,93,137,117,137,93,24
82,120,p314_120,190,105,85,77,113,77,85,28
82,121,p314_121,248,165,83,127,121,127,83,38
82,122,p314_122,177,137,40,95,82,95,40,42
82,123,p314_123,167,67,100,64,103,64,100,3
82,124,p314_124,180,99,81,79,101,79,81,20
82,125,p314_125,158,79,79,67,91,67,79,12
82,126,p314_126,186,96,90,81,105,80,89,17
82,127,p314_127,210,95,115,90,120,90,115,5
82,128,p314_128,189,120,69,82,107,82,69,38
82,129,p314_129,230,148,82,132,98,132,82,16
82,130,p314_130,204,106,98,98,106,98,98,8
82,131,p314_131,221,196,25,116,105,116,25,80
82,132,p314_132,167,143,24,69,98,69,24,74
82,133,p314_133,188,140,48,97,91,97,48,43
82,134,p314_134,205,144,61,108,97,108,61,36
82,135,p314_135,284,169,115,156,128,156,115,13
82,136,p314_136,178,90,88,76,102,76,88,14
82,137,p314_137,219,158,61,114,105,114,61,44
82,138,p314_138,210,135,75,120,90,120,75,15
82,139,p314_139,238,153,85,138,100,138,85,15
82,140,p314_140,157,80,77,60,97,60,77,20
82,141,p314_141,202,106,96,100,102,100,96,6
82,142,p314_142,169,126,43,86,83,86,43,40
82,143,p314_143,193,157,36,86,107,86,36,71
82,144,p314_144,211,125,86,117,94,117,86,8
82,145,p314_145,203,101,102,102,101,100,100,3
82,146,p314_146,145,68,77,61,84,60,76,9
82,147,p314_147,154,94,60,68,86,67,59,28
82,148,p314_148,195,141,54,110,85,110,54,31
82,149,p314_149,190,95,95,90,100,88,93,9
82,150,p314_150,198,153,45,101,97,101,45,52
82,151,p314_151,177,132,45,87,90,87,45,45
82,152,p314_152,231,139,92,108,123,108,92,31
82,153,p314_153,201,100,101,68,133,68,101,32
82,154,p314_154,209,168,41,118,91,118,41,50
82,155,p314_155,227,161,66,103,124,103,66,58
82,156,p314_156,214,157,57,134,80,134,57,23
82,157,p314_157,193,162,31,82,111,82,31,80
82,158,p314_158,241,181,60,133,108,133,60,48
82,159,p314_159,147,134,13,56,91,56,13,78
82,160,p314_160,242,211,31,135,107,135,31,76
82,161,p314_161,272,204,68,130,142,130,68,74
82,162,p314_162,237,167,70,117,120,117,70,50
82,163,p314_163,180,127,53,74,106,74,53,53
82,164,p314_164,220,175,45,119,101,118,44,58
82,165,p314_165,193,126,67,92,101,92,67,34
82,166,p314_166,250,172,78,145,105,145,78,27
82,167,p314_167,230,150,80,120,110,120,80,30
82,168,p314_168,216,114,102,97,119,97,102,17
82,169,p314_169,201,151,50,103,98,103,50,48
82,170,p314_170,161,68,93,60,101,59,92,10
82,171,p314_171,256,168,88,130,126,130,88,38
82,172,p314_172,218,128,90,118,100,118,90,10
82,173,p314_173,177,88,89,56,121,56,89,32
82,174,p314_174,201,116,85,102,99,102,85,14
82,175,p314_175,176,115,61,72,104,72,61,43
82,176,p314_176,179,137,42,88,91,87,41,51
82,177,p314_177,214,164,50,127,87,127,50,37
82,178,p314_178,187,137,50,86,101,86,50,51
82,179,p314_179,243,170,73,138,105,138,73,32
82,180,p314_180,223,200,23,133,90,133,23,67
82,181,p314_181,225,182,43,132,93,132,43,50
82,182,p314_182,201,152,49,106,95,106,49,46
82,183,p314_183,184,141,43,109,75,109,43,32
82,184,p314_184,225,177,48,101,124,101,48,76
82,185,p314_185,188,159,29,126,62,126,29,33
82,186,p314_186,223,144,79,137,86,137,79,7
82,187,p314_187,222,169,53,101,121,101,53,68
82,188,p314_188,216,123,93,89,127,89,93,34
82,189,p314_189,199,111,88,98,101,98,88,13
82,190,p314_190,198,189,9,103,95,103,9,86
82,191,p314_191,212,153,59,115,97,115,59,38
82,192,p314_192,182,144,38,81,101,81,38,63
82,193,p314_193,193,144,49,110,83,110,49,34
82,194,p314_194,220,152,68,117,103,117,68,35
82,195,p314_195,170,135,35,78,92,78,35,57
82,196,p314_196,198,144,54,108,90,105,51,42
82,197,p314_197,221,131,90,123,98,123,90,8
82,198,p314_198,182,104,78,99,83,99,78,5
82,199,p314_199,262,180,82,162,100,162,82,18
82,200,p314_200,302,218,84,197,105,197,84,21
83,1,p316_001,155,137,18,105,50,96,9,50
83,2,p316_002,355,344,11,232,123,232,11,112
83,3,p316_003,515,486,29,389,126,381,21,113
83,4,p316_004,397,387,10,339,58,332,3,62
83,5,p316_005,477,447,30,390,87,382,22,73
83,6,p316_006,434,391,43,299,135,286,30,118
83,7,p316_007,371,345,26,248,123,243,21,107
83,8,p316_008,572,488,84,409,163,400,75,97
83,9,p316_009,416,357,59,267,149,253,45,118
83,10,p316_010,315,269,46,141,174,133,38,144
83,11,p316_011,506,487,19,452,54,445,12,49
83,12,p316_012,346,323,23,253,93,246,16,84
83,13,p316_013,390,324,66,244,146,235,57,98
83,14,p316_014,350,269,81,259,91,237,59,54
83,15,p316_015,398,341,57,315,83,300,42,56
83,16,p316_016,434,412,22,383,51,371,10,53
83,17,p316_017,236,215,21,202,34,194,13,29
83,18,p316_018,504,493,11,313,191,312,10,182
83,19,p316_019,589,545,44,494,95,480,30,79
83,20,p316_020,263,244,19,200,63,191,10,62
83,21,p316_021,604,597,7,547,57,541,1,62
83,22,p316_022,465,461,4,376,89,373,1,91
83,23,p316_023,800,728,72,623,177,596,45,159
83,24,p316_025,226,158,68,159,67,143,52,31
83,25,p316_026,213,184,29,120,93,119,28,66
83,26,p316_027,115,75,40,67,48,64,37,14
83,27,p316_028,182,132,50,107,75,98,41,43
83,28,p316_029,151,114,37,59,92,59,37,55
83,29,p316_030,211,195,16,139,72,134,11,66
83,30,p316_031,219,200,19,129,90,119,9,91
83,31,p316_032,200,142,58,110,90,98,46,56
83,32,p316_033,201,198,3,133,68,133,3,65
83,33,p316_034,217,177,40,129,88,125,36,56
83,34,p316_035,193,148,45,124,69,107,28,58
83,35,p316_036,171,170,1,114,57,114,1,56
83,36,p316_037,261,202,59,133,128,124,50,87
83,37,p316_038,184,167,17,99,85,95,13,76
83,38,p316_039,197,191,6,141,56,141,6,50
83,39,p316_040,239,163,76,135,104,115,56,68
83,40,p316_041,229,204,25,121,108,116,20,93
83,41,p316_042,254,199,55,141,113,136,50,68
83,42,p316_043,191,158,33,86,105,83,30,78
83,43,p316_044,250,205,45,126,124,117,36,97
83,44,p316_045,237,179,58,115,122,112,55,70
83,45,p316_046,297,261,36,125,172,119,30,148
83,46,p316_047,182,170,12,104,78,104,12,66
83,47,p316_048,182,168,14,109,73,105,10,67
83,48,p316_049,184,162,22,69,115,69,22,93
83,49,p316_050,200,177,23,115,85,111,19,70
83,50,p316_051,222,210,12,152,70,152,12,58
83,51,p316_052,182,169,13,113,69,109,9,64
83,52,p316_053,189,175,14,123,66,115,6,68
83,53,p316_054,368,348,20,182,186,180,18,170
83,54,p316_055,276,270,6,135,141,135,6,135
83,55,p316_056,203,168,35,141,62,133,27,43
83,56,p316_057,215,207,8,188,27,184,4,27
83,57,p316_058,268,222,46,181,87,173,38,57
83,58,p316_059,199,181,18,121,78,117,14,68
83,59,p316_060,211,176,35,123,88,118,30,63
83,60,p316_061,222,191,31,135,87,130,26,66
83,61,p316_062,200,163,37,127,73,122,32,46
83,62,p316_063,158,153,5,123,35,122,4,32
83,63,p316_064,193,154,39,121,72,108,26,59
83,64,p316_065,213,170,43,122,91,121,42,50
83,65,p316_066,206,155,51,114,92,103,40,63
83,66,p316_067,180,161,19,110,70,109,18,53
83,67,p316_068,155,143,12,80,75,79,11,65
83,68,p316_069,210,162,48,123,87,122,47,41
83,69,p316_070,203,160,43,104,99,101,40,62
83,70,p316_071,209,199,10,163,46,159,6,44
83,71,p316_072,219,215,4,100,119,100,4,115
83,72,p316_073,212,188,24,101,111,101,24,87
83,73,p316_074,265,240,25,170,95,170,25,70
83,74,p316_075,211,181,30,116,95,116,30,65
83,75,p316_076,260,209,51,180,80,174,45,41
83,76,p316_077,155,146,9,118,37,117,8,30
83,77,p316_078,211,144,67,109,102,107,65,39
83,78,p316_079,269,175,94,175,94,135,54,80
83,79,p316_080,264,206,58,188,76,168,38,58
83,80,p316_081,263,237,26,181,82,174,19,70
83,81,p316_082,203,144,59,111,92,110,58,35
83,82,p316_083,285,252,33,174,111,169,28,88
83,83,p316_084,174,137,37,129,45,118,26,30
83,84,p316_085,206,151,55,130,76,125,50,31
83,85,p316_086,187,147,40,147,40,134,27,26
83,86,p316_087,190,121,69,72,118,69,66,55
83,87,p316_088,219,148,71,114,105,107,64,48
83,88,p316_089,179,141,38,101,78,95,32,52
83,89,p316_090,201,163,38,144,57,126,20,55
83,90,p316_091,169,162,7,103,66,102,6,61
83,91,p316_092,231,222,9,145,86,145,9,77
83,92,p316_093,178,170,8,133,45,131,6,41
83,93,p316_094,199,178,21,131,68,131,21,47
83,94,p316_095,322,287,35,222,100,215,28,79
83,95,p316_096,137,112,25,116,21,108,17,12
83,96,p316_097,179,154,25,144,35,126,7,46
83,97,p316_098,188,165,23,111,77,107,19,62
83,98,p316_099,199,144,55,126,73,117,46,36
83,99,p316_100,158,136,22,112,46,104,14,40
83,100,p316_101,160,142,18,110,50,105,13,42
83,101,p316_102,180,146,34,132,48,118,20,42
83,102,p316_103,182,166,16,129,53,120,7,55
83,103,p316_104,145,142,3,97,48,96,2,47
83,104,p316_105,236,162,74,121,115,115,68,53
83,105,p316_106,262,211,51,159,103,149,41,72
83,106,p316_107,211,176,35,137,74,127,25,59
83,107,p316_108,445,305,140,228,217,168,80,197
83,108,p316_109,165,150,15,121,44,116,10,39
83,109,p316_110,204,200,4,174,30,171,1,32
83,110,p316_111,145,136,9,109,36,109,9,27
83,111,p316_112,158,139,19,104,54,97,12,49
83,112,p316_113,205,170,35,123,82,117,29,59
83,113,p316_114,153,136,17,99,54,95,13,45
83,114,p316_115,152,138,14,88,64,87,13,52
83,115,p316_116,167,123,44,83,84,79,40,48
83,116,p316_117,231,196,35,178,53,165,22,44
83,117,p316_118,153,112,41,133,20,107,15,31
83,118,p316_119,180,139,41,115,65,94,20,66
83,119,p316_120,152,81,71,80,72,65,56,31
83,120,p316_121,127,88,39,85,42,74,28,25
83,121,p316_122,305,235,70,160,145,146,56,103
83,122,p316_123,237,202,35,120,117,109,24,104
83,123,p316_124,231,192,39,122,109,107,24,100
83,124,p316_125,183,164,19,133,50,118,4,61
83,125,p316_126,219,155,64,157,62,136,43,40
83,126,p316_127,216,175,41,173,43,146,14,56
83,127,p316_128,220,190,30,137,83,134,27,59
83,128,p316_129,247,218,29,165,82,159,23,65
83,129,p316_130,219,189,30,157,62,147,20,52
83,130,p316_131,170,115,55,96,74,88,47,35
83,131,p316_132,215,177,38,145,70,137,30,48
83,132,p316_133,187,123,64,117,70,105,52,30
83,133,p316_134,179,167,12,138,41,132,6,41
83,134,p316_135,154,135,19,115,39,114,18,22
83,135,p316_136,259,221,38,234,25,204,8,47
83,136,p316_137,177,118,59,78,99,64,45,68
83,137,p316_138,256,176,80,124,132,122,78,56
83,138,p316_139,150,112,38,75,75,68,31,51
83,139,p316_140,197,161,36,119,78,114,31,52
83,140,p316_141,194,156,38,92,102,84,30,80
83,141,p316_142,267,206,61,154,113,146,53,68
83,142,p316_143,185,167,18,111,74,106,13,66
83,143,p316_144,155,125,30,97,58,90,23,42
83,144,p316_145,202,177,25,127,75,123,21,58
83,145,p316_146,245,207,38,181,64,174,31,40
83,146,p316_147,185,133,52,104,81,99,47,39
83,147,p316_148,184,132,52,90,94,85,47,52
83,148,p316_149,248,214,34,118,130,118,34,96
83,149,p316_150,267,221,46,180,87,169,35,63
83,150,p316_151,204,165,39,109,95,108,38,58
83,151,p316_152,217,162,55,100,117,98,53,66
83,152,p316_153,229,190,39,181,48,161,19,49
83,153,p316_154,190,162,28,65,125,61,24,105
83,154,p316_155,251,224,27,124,127,124,27,100
83,155,p316_156,207,168,39,133,74,121,27,59
83,156,p316_157,139,116,23,109,30,93,7,39
83,157,p316_158,209,150,59,127,82,117,49,43
83,158,p316_159,193,129,64,138,55,109,35,49
83,159,p316_160,207,160,47,132,75,115,30,62
83,160,p316_161,252,226,26,208,44,200,18,34
83,161,p316_162,189,142,47,124,65,103,26,60
83,162,p316_163,160,160,0,144,16,144,0,16
83,163,p316_164,203,189,14,144,59,139,9,55
83,164,p316_165,155,142,13,123,32,114,4,37
83,165,p316_166,158,151,7,141,17,135,1,22
83,166,p316_167,190,122,68,102,88,86,52,52
83,167,p316_168,182,163,19,106,76,106,19,57
83,168,p316_169,185,178,7,119,66,118,6,61
83,169,p316_170,154,134,20,101,53,96,15,43
83,170,p316_171,237,230,7,146,91,145,6,86
83,171,p316_172,183,180,3,109,74,108,2,73
83,172,p316_173,169,159,10,101,68,101,10,58
83,173,p316_174,195,192,3,125,70,125,3,67
83,174,p316_175,190,184,6,96,94,96,6,88
83,175,p316_176,190,173,17,117,73,111,11,68
83,176,p316_177,279,241,38,197,82,189,30,60
83,177,p316_178,201,156,45,111,90,108,42,51
83,178,p316_179,265,190,75,158,107,142,59,64
83,179,p316_180,187,159,28,99,88,97,26,64
83,180,p316_181,187,176,11,175,12,169,5,13
83,181,p316_182,191,173,18,151,40,134,1,56
83,182,p316_183,212,154,58,118,94,110,50,52
83,183,p316_184,257,249,8,169,88,168,7,82
83,184,p316_185,229,165,64,133,96,112,43,74
83,185,p316_186,212,192,20,183,29,173,10,29
83,186,p316_187,287,248,39,166,121,160,33,94
83,187,p316_188,174,92,82,71,103,71,82,21
83,188,p316_189,247,212,35,166,81,162,31,54
83,189,p316_190,241,214,27,123,118,116,20,105
83,190,p316_191,243,217,26,86,157,84,24,135
83,191,p316_192,262,167,95,97,165,93,91,78
83,192,p316_193,198,167,31,82,116,82,31,85
83,193,p316_194,332,255,77,135,197,119,61,152
83,194,p316_195,172,158,14,107,65,104,11,57
83,195,p316_196,226,201,25,138,88,135,22,69
83,196,p316_197,163,146,17,115,48,113,15,35
83,197,p316_198,147,128,19,79,68,77,17,53
83,198,p316_199,243,181,62,135,108,128,55,60
83,199,p316_200,176,151,25,105,71,100,20,56
83,200,p316_201,147,128,19,93,54,93,19,35
84,1,p317_001,147,143,4,76,71,76,4,67
84,2,p317_002,206,157,49,121,85,120,48,38
84,3,p317_003,445,429,16,324,121,323,15,107
84,4,p317_004,324,321,3,225,99,225,3,96
84,5,p317_005,369,362,7,292,77,292,7,70
84,6,p317_006,418,382,36,257,161,257,36,125
84,7,p317_007,325,323,2,205,120,205,2,118
84,8,p317_008,514,484,30,353,161,353,30,131
84,9,p317_009,383,318,65,212,171,211,64,108
84,10,p317_010,229,197,32,103,126,103,32,94
84,11,p317_011,455,380,75,303,152,302,74,79
84,12,p317_012,292,266,26,192,100,192,26,74
84,13,p317_013,298,254,44,186,112,186,44,68
84,14,p317_014,307,278,29,219,88,218,28,61
84,15,p317_015,395,377,18,294,101,294,18,83
84,16,p317_016,395,360,35,298,97,295,32,68
84,17,p317_017,242,184,58,141,101,141,58,43
84,18,p317_018,357,284,73,243,114,242,72,43
84,19,p317_019,507,480,27,357,150,357,27,123
84,20,p317_020,291,265,26,168,123,168,26,97
84,21,p317_021,608,553,55,423,185,423,55,130
84,22,p317_022,430,367,63,306,124,305,62,63
84,23,p317_023,701,600,101,505,196,505,101,95
84,24,p317_024,441,375,66,322,119,319,63,59
84,25,p317_025,161,152,9,80,81,80,9,72
84,26,p317_026,167,148,19,93,74,92,18,57
84,27,p317_027,198,145,53,104,94,104,53,41
84,28,p317_028,174,158,16,91,83,89,14,71
84,29,p317_029,179,102,77,89,90,88,76,15
84,30,p317_030,217,205,12,129,88,129,12,76
84,31,p317_031,147,119,28,59,88,59,28,60
84,32,p317_032,196,188,8,113,83,113,8,75
84,33,p317_033,177,165,12,91,86,90,11,76
84,34,p317_034,257,231,26,170,87,170,26,61
84,35,p317_035,227,188,39,134,93,134,39,54
84,36,p317_036,174,153,21,88,86,88,21,65
84,37,p317_037,188,137,51,99,89,99,51,38
84,38,p317_038,193,186,7,97,96,97,7,89
84,39,p317_039,295,225,70,166,129,166,70,59
84,40,p317_040,151,63,88,53,98,53,88,10
84,41,p317_041,265,218,47,141,124,141,47,77
84,42,p317_042,310,216,94,171,139,171,94,45
84,43,p317_043,175,169,6,90,85,90,6,79
84,44,p317_044,217,131,86,125,92,124,85,8
84,45,p317_045,217,145,72,110,107,110,72,35
84,46,p317_046,198,167,31,95,103,95,31,72
84,47,p317_047,184,164,20,104,80,104,20,60
84,48,p317_048,287,165,122,153,134,152,121,14
84,49,p317_049,215,195,20,130,85,130,20,65
84,50,p317_050,185,158,27,98,87,98,27,60
84,51,p317_051,206,190,16,103,103,103,16,87
84,52,p317_052,147,115,32,66,81,66,32,49
84,53,p317_053,194,117,77,96,98,96,77,21
84,54,p317_054,189,165,24,104,85,104,24,61
84,55,p317_055,201,182,19,120,81,120,19,62
84,56,p317_056,175,100,75,86,89,86,75,14
84,57,p317_057,249,197,52,137,112,137,52,60
84,58,p317_058,160,92,68,53,107,53,68,39
84,59,p317_059,187,165,22,107,80,107,22,58
84,60,p317_060,224,188,36,61,163,61,36,127
84,61,p317_061,198,179,19,109,89,109,19,70
84,62,p317_062,177,163,14,93,84,93,14,70
84,63,p317_063,210,147,63,119,91,119,63,28
84,64,p317_064,192,166,26,104,88,104,26,62
84,65,p317_065,202,178,24,109,93,109,24,69
84,66,p317_066,241,159,82,135,106,135,82,24
84,67,p317_067,168,136,32,103,65,103,32,33
84,68,p317_068,179,148,31,94,85,94,31,54
84,69,p317_069,210,126,84,111,99,111,84,15
84,70,p317_070,254,221,33,113,141,113,33,108
84,71,p317_071,180,145,35,80,100,80,35,65
84,72,p317_072,171,161,10,100,71,100,10,61
84,73,p317_073,182,157,25,99,83,99,25,58
84,74,p317_074,226,171,55,134,92,134,55,37
84,75,p317_075,154,74,80,56,98,56,80,18
84,76,p317_076,247,205,42,122,125,122,42,83
84,77,p317_077,188,143,45,99,89,99,45,44
84,78,p317_078,201,163,38,119,82,119,38,44
84,79,p317_079,228,135,93,116,112,115,92,21
84,80,p317_080,198,142,56,96,102,96,56,46
84,81,p317_081,165,93,72,73,92,73,72,20
84,82,p317_082,203,124,79,96,107,96,79,28
84,83,p317_083,171,86,85,80,91,80,85,6
84,84,p317_084,214,147,67,111,103,111,67,36
84,85,p317_085,182,108,74,93,89,93,74,15
84,86,p317_086,169,148,21,84,85,84,21,64
84,87,p317_087,248,212,36,158,90,158,36,54
84,88,p317_088,198,140,58,104,94,103,57,38
84,89,p317_089,223,173,50,128,95,128,50,45
84,90,p317_090,192,163,29,105,87,105,29,58
84,91,p317_091,173,121,52,89,84,87,50,36
84,92,p317_092,290,260,30,164,126,164,30,96
84,93,p317_093,223,206,17,130,93,130,17,76
84,94,p317_094,221,206,15,126,95,126,15,80
84,95,p317_095,195,126,69,104,91,104,69,22
84,96,p317_096,195,168,27,100,95,100,27,68
84,97,p317_097,174,113,61,72,102,72,61,41
84,98,p317_098,189,156,33,104,85,104,33,52
84,99,p317_099,238,142,96,105,133,105,96,37
84,100,p317_100,171,108,63,67,104,67,63,41
84,101,p317_101,246,219,27,147,99,147,27,72
84,102,p317_102,260,166,94,126,134,125,93,42
84,103,p317_103,181,124,57,76,105,76,57,48
84,104,p317_104,267,179,88,164,103,164,88,15
84,105,p317_105,228,151,77,126,102,126,77,25
84,106,p317_106,178,102,76,94,84,94,76,8
84,107,p317_107,197,150,47,93,104,93,47,57
84,108,p317_108,302,301,1,202,100,202,1,99
84,109,p317_109,191,166,25,108,83,108,25,58
84,110,p317_110,166,154,12,74,92,74,12,80
84,111,p317_111,147,96,51,54,93,54,51,42
84,112,p317_112,164,75,89,66,98,66,89,9
84,113,p317_113,225,211,14,131,94,131,14,80
84,114,p317_114,240,166,74,137,103,137,74,29
84,115,p317_115,177,105,72,91,86,89,70,18
84,116,p317_116,289,184,105,149,140,149,105,35
84,117,p317_117,182,117,65,66,116,63,62,57
84,118,p317_118,204,131,73,130,74,126,69,9
84,119,p317_119,201,117,84,103,98,103,84,14
84,120,p317_120,178,163,15,71,107,71,15,92
84,121,p317_121,172,128,44,81,91,81,44,47
84,122,p317_122,159,108,51,77,82,77,51,31
84,123,p317_123,182,160,22,105,77,105,22,55
84,124,p317_124,194,161,33,110,84,110,33,51
84,125,p317_125,288,198,90,166,122,166,90,32
84,126,p317_126,192,191,1,110,82,110,1,81
84,127,p317_127,164,69,95,55,109,54,94,16
84,128,p317_128,322,194,128,182,140,180,126,16
84,129,p317_129,135,114,21,51,84,51,21,63
84,130,p317_130,217,134,83,115,102,115,83,19
84,131,p317_131,274,202,72,166,108,166,72,36
84,132,p317_132,174,131,43,72,102,72,43,59
84,133,p317_133,200,158,42,101,99,101,42,57
84,134,p317_134,177,153,24,92,85,92,24,61
84,135,p317_135,230,201,29,151,79,151,29,50
84,136,p317_136,203,178,25,114,89,114,25,64
84,137,p317_137,210,181,29,114,96,113,28,69
84,138,p317_138,221,161,60,91,130,91,60,70
84,139,p317_139,155,82,73,70,85,69,72,14
84,140,p317_140,189,151,38,83,106,83,38,68
84,141,p317_141,208,161,47,120,88,119,46,43
84,142,p317_142,259,214,45,161,98,161,45,53
84,143,p317_143,204,173,31,112,92,112,31,61
84,144,p317_144,203,158,45,103,100,103,45,55
84,145,p317_145,217,200,17,135,82,134,16,67
84,146,p317_146,239,230,9,124,115,123,8,108
84,147,p317_147,289,211,78,134,155,134,78,77
84,148,p317_148,184,166,18,81,103,81,18,85
84,149,p317_149,237,203,34,132,105,132,34,71
84,150,p317_150,180,101,79,70,110,69,78,33
84,151,p317_151,165,137,28,93,72,92,27,46
84,152,p317_152,198,129,69,100,98,100,69,29
84,153,p317_153,191,158,33,92,99,92,33,66
84,154,p317_154,145,115,30,69,76,69,30,46
84,155,p317_155,219,145,74,117,102,117,74,28
84,156,p317_156,174,148,26,89,85,89,26,59
84,157,p317_157,295,221,74,195,100,194,73,28
84,158,p317_158,235,192,43,138,97,137,42,56
84,159,p317_159,148,111,37,67,81,67,37,44
84,160,p317_160,148,61,87,58,90,58,87,3
84,161,p317_161,217,185,32,123,94,122,31,64
84,162,p317_162,210,141,69,119,91,119,69,22
84,163,p317_163,201,192,9,102,99,102,9,90
84,164,p317_164,181,150,31,105,76,105,31,45
84,165,p317_165,147,79,68,56,91,56,68,23
84,166,p317_166,158,119,39,66,92,66,39,53
84,167,p317_167,196,160,36,101,95,101,36,59
84,168,p317_168,230,215,15,140,90,140,15,75
84,169,p317_169,315,256,59,178,137,178,59,78
84,170,p317_170,168,165,3,82,86,82,3,83
84,171,p317_171,185,175,10,99,86,99,10,76
84,172,p317_172,157,130,27,82,75,82,27,48
84,173,p317_173,167,79,88,71,96,71,88,8
84,174,p317_174,245,169,76,146,99,144,74,27
84,175,p317_175,195,171,24,104,91,104,24,67
84,176,p317_176,182,100,82,88,94,87,81,14
84,177,p317_177,162,116,46,81,81,81,46,35
84,178,p317_178,171,131,40,81,90,81,40,50
84,179,p317_179,169,157,12,78,91,78,12,79
84,180,p317_180,173,172,1,103,70,103,1,69
84,181,p317_181,147,113,34,63,84,62,33,52
84,182,p317_182,166,147,19,84,82,84,19,63
84,183,p317_183,182,125,57,91,91,91,57,34
84,184,p317_184,145,130,15,72,73,72,15,58
84,185,p317_185,193,184,9,102,91,102,9,82
84,186,p317_186,203,190,13,91,112,91,13,99
84,187,p317_187,194,178,16,119,75,119,16,59
84,188,p317_188,139,101,38,82,57,80,36,23
84,189,p317_189,150,113,37,60,90,60,37,53
84,190,p317_190,150,134,16,69,81,69,16,65
84,191,p317_191,208,158,50,94,114,94,50,64
84,192,p317_192,183,146,37,79,104,79,37,67
84,193,p317_193,229,179,50,125,104,125,50,54
84,194,p317_194,184,92,92,88,96,87,91,6
84,195,p317_195,215,165,50,115,100,115,50,50
84,196,p317_196,254,181,73,154,100,154,73,27
84,197,p317_197,271,220,51,144,127,142,49,80
84,198,p317_198,190,116,74,102,88,102,74,14
84,199,p317_199,204,143,61,93,111,93,61,50
84,200,p317_200,189,150,39,110,79,110,39,40
85,1,p318_001,147,92,55,75,72,73,53,21
85,2,p318_002,273,160,113,148,125,145,110,18
85,3,p318_005,420,338,82,307,113,300,75,45
85,4,p318_006,384,299,85,265,119,260,80,44
85,5,p318_007,294,233,61,208,86,207,60,27
85,6,p318_008,493,374,119,360,133,355,114,24
85,7,p318_009,316,225,91,202,114,202,91,23
85,8,p318_010,241,138,103,120,121,117,100,24
85,9,p318_011,481,360,121,338,143,336,119,26
85,10,p318_012,334,212,122,204,130,199,117,18
85,11,p318_013,342,214,128,207,135,206,127,9
85,12,p318_014,313,239,74,217,96,211,68,34
85,13,p318_015,396,327,69,271,125,270,68,58
85,14,p318_016,403,328,75,316,87,311,70,22
85,15,p318_017,252,148,104,137,115,136,103,13
85,16,p318_018,350,283,67,246,104,246,67,37
85,17,p318_019,501,415,86,356,145,356,86,59
85,18,p318_020,288,230,58,187,101,182,53,53
85,19,p318_021,577,481,96,414,163,401,83,93
85,20,p318_022,488,331,157,325,163,317,149,22
85,21,p318_023,750,569,181,532,218,521,170,59
85,22,p318_024,470,342,128,341,129,338,125,7
85,23,p318_025,180,108,72,56,124,54,70,56
85,24,p318_026,191,93,98,87,104,84,95,12
85,25,p318_027,206,105,101,93,113,93,101,12
85,26,p318_028,218,156,62,113,105,113,62,43
85,27,p318_029,225,116,109,98,127,97,108,20
85,28,p318_030,230,90,140,75,155,75,140,15
85,29,p318_031,277,68,209,67,210,65,207,5
85,30,p318_032,196,122,74,109,87,109,74,13
85,31,p318_033,255,192,63,127,128,126,62,67
85,32,p318_034,206,143,63,104,102,104,63,39
85,33,p318_035,249,114,135,107,142,107,135,7
85,34,p318_036,240,156,84,114,126,114,84,42
85,35,p318_037,262,144,118,127,135,127,118,17
85,36,p318_038,228,102,126,93,135,93,126,9
85,37,p318_039,224,135,89,85,139,85,89,50
85,38,p318_040,155,100,55,66,89,63,52,40
85,39,p318_041,296,158,138,88,208,84,134,78
85,40,p318_042,247,96,151,87,160,86,150,11
85,41,p318_043,185,73,112,75,110,71,108,6
85,42,p318_044,195,109,86,106,89,95,75,25
85,43,p318_045,174,81,93,89,85,81,85,8
85,44,p318_046,251,132,119,125,126,125,119,7
85,45,p318_047,206,125,81,79,127,78,80,48
85,46,p318_048,252,148,104,111,141,111,104,37
85,47,p318_049,259,137,122,119,140,119,122,18
85,48,p318_050,235,119,116,104,131,104,116,15
85,49,p318_051,301,191,110,174,127,174,110,17
85,50,p318_052,133,45,88,41,92,39,86,8
85,51,p318_053,203,123,80,91,112,88,77,38
85,52,p318_054,193,144,49,94,99,94,49,50
85,53,p318_055,203,95,108,81,122,80,107,16
85,54,p318_056,184,104,80,148,36,103,35,46
85,55,p318_057,158,96,62,70,88,69,61,28
85,56,p318_058,171,80,91,62,109,60,89,22
85,57,p318_059,196,90,106,86,110,85,105,6
85,58,p318_060,187,101,86,88,99,88,86,13
85,59,p318_061,218,122,96,114,104,114,96,8
85,60,p318_062,196,108,88,102,94,102,88,6
85,61,p318_063,172,88,84,75,97,75,84,13
85,62,p318_064,198,87,111,69,129,67,109,22
85,63,p318_065,203,114,89,109,94,109,89,5
85,64,p318_066,153,54,99,56,97,53,96,4
85,65,p318_067,163,79,84,71,92,71,84,8
85,66,p318_068,251,140,111,134,117,133,110,8
85,67,p318_069,280,141,139,135,145,134,138,8
85,68,p318_070,253,139,114,135,118,128,107,18
85,69,p318_071,203,112,91,94,109,93,90,20
85,70,p318_072,251,110,141,102,149,102,141,8
85,71,p318_073,191,110,81,102,89,102,81,8
85,72,p318_074,208,134,74,111,97,111,74,23
85,73,p318_075,206,110,96,93,113,93,96,17
85,74,p318_076,199,74,125,46,153,46,125,28
85,75,p318_077,267,213,54,126,141,126,54,87
85,76,p318_078,227,161,66,99,128,99,66,62
85,77,p318_079,211,120,91,85,126,85,91,35
85,78,p318_080,174,96,78,78,96,78,78,18
85,79,p318_081,180,90,90,78,102,78,90,12
85,80,p318_082,177,55,122,50,127,50,122,5
85,81,p318_083,253,152,101,138,115,138,101,14
85,82,p318_084,221,101,120,98,123,97,119,5
85,83,p318_085,212,128,84,109,103,108,83,21
85,84,p318_086,254,162,92,154,100,151,89,14
85,85,p318_087,235,159,76,157,78,147,66,22
85,86,p318_088,198,123,75,90,108,90,75,33
85,87,p318_089,214,107,107,77,137,77,107,30
85,88,p318_090,243,126,117,113,130,113,117,13
85,89,p318_091,233,145,88,113,120,113,88,32
85,90,p318_092,231,125,106,101,130,98,103,30
85,91,p318_093,171,88,83,70,101,68,81,22
85,92,p318_094,177,88,89,65,112,65,89,23
85,93,p318_095,217,149,68,130,87,130,68,19
85,94,p318_096,190,120,70,79,111,75,66,49
85,95,p318_097,201,107,94,96,105,95,93,13
85,96,p318_098,184,100,84,84,100,83,83,18
85,97,p318_099,206,96,110,92,114,92,110,4
85,98,p318_100,227,158,69,117,110,117,69,41
85,99,p318_101,237,99,138,92,145,91,137,9
85,100,p318_102,164,138,26,106,58,98,18,48
85,101,p318_103,148,95,53,75,73,73,51,24
85,102,p318_104,153,84,69,83,70,76,62,15
85,103,p318_105,213,117,96,116,97,113,93,7
85,104,p318_106,230,152,78,129,101,129,78,23
85,105,p318_107,216,120,96,103,113,103,96,17
85,106,p318_108,226,131,95,123,103,121,93,12
85,107,p318_109,213,114,99,115,98,113,97,3
85,108,p318_110,137,53,84,50,87,47,81,9
85,109,p318_111,190,98,92,82,108,82,92,16
85,110,p318_112,223,127,96,113,110,111,94,18
85,111,p318_113,198,97,101,97,101,90,94,14
85,112,p318_114,174,70,104,63,111,61,102,11
85,113,p318_115,209,119,90,109,100,109,90,10
85,114,p318_116,193,124,69,80,113,80,69,44
85,115,p318_117,153,65,88,64,89,62,86,5
85,116,p318_118,236,148,88,118,118,118,88,30
85,117,p318_119,232,133,99,116,116,115,98,19
85,118,p318_120,187,111,76,85,102,85,76,26
85,119,p318_121,193,146,47,108,85,108,47,38
85,120,p318_122,177,96,81,77,100,77,81,19
85,121,p318_123,198,131,67,112,86,112,67,19
85,122,p318_124,225,147,78,138,87,136,76,13
85,123,p318_125,299,165,134,151,148,148,131,20
85,124,p318_126,163,68,95,46,117,46,95,22
85,125,p318_127,150,52,98,36,114,36,98,16
85,126,p318_128,230,129,101,81,149,81,101,48
85,127,p318_129,249,149,100,110,139,110,100,39
85,128,p318_130,254,161,93,139,115,137,91,26
85,129,p318_131,206,86,120,89,117,86,117,3
85,130,p318_132,257,182,75,135,122,135,75,47
85,131,p318_133,155,97,58,86,69,86,58,11
85,132,p318_134,235,130,105,125,110,125,105,5
85,133,p318_135,158,100,58,74,84,74,58,26
85,134,p318_136,211,103,108,87,124,87,108,16
85,135,p318_137,262,159,103,131,131,131,103,28
85,136,p318_138,222,123,99,114,108,112,97,13
85,137,p318_139,257,101,156,88,169,88,156,13
85,138,p318_140,220,118,102,113,107,111,100,9
85,139,p318_141,203,98,105,93,110,93,105,5
85,140,p318_142,174,87,87,68,106,68,87,19
85,141,p318_143,238,167,71,131,107,131,71,36
85,142,p318_144,194,92,102,79,115,79,102,13
85,143,p318_145,235,136,99,136,99,134,97,4
85,144,p318_146,249,138,111,123,126,123,111,15
85,145,p318_147,217,103,114,105,112,100,109,8
85,146,p318_148,218,125,93,104,114,104,93,21
85,147,p318_149,218,139,79,120,98,120,79,19
85,148,p318_150,236,167,69,117,119,117,69,50
85,149,p318_151,171,99,72,95,76,95,72,4
85,150,p318_152,134,79,55,75,59,73,53,8
85,151,p318_153,219,123,96,122,97,120,94,5
85,152,p318_154,207,126,81,125,82,124,80,3
85,153,p318_155,206,111,95,110,96,106,91,9
85,154,p318_156,225,120,105,119,106,117,103,5
85,155,p318_157,169,123,46,97,72,96,45,28
85,156,p318_158,199,97,102,65,134,61,98,40
85,157,p318_159,174,123,51,102,72,100,49,25
85,158,p318_160,236,128,108,113,123,109,104,23
85,159,p318_161,233,117,116,105,128,104,115,14
85,160,p318_162,267,158,109,142,125,142,109,16
85,161,p318_163,177,91,86,71,106,70,85,22
85,162,p318_164,218,122,96,107,111,107,96,15
85,163,p318_165,234,126,108,110,124,110,108,16
85,164,p318_166,259,159,100,149,110,147,98,14
85,165,p318_167,203,147,56,90,113,87,53,63
85,166,p318_168,198,103,95,79,119,79,95,24
85,167,p318_169,169,82,87,80,89,80,87,2
85,168,p318_170,213,126,87,108,105,108,87,18
85,169,p318_171,257,171,86,145,112,141,82,34
85,170,p318_172,224,108,116,107,117,106,115,3
85,171,p318_173,177,90,87,74,103,69,82,26
85,172,p318_174,174,103,71,77,97,73,67,34
85,173,p318_175,189,80,109,66,123,66,109,14
85,174,p318_176,235,109,126,103,132,103,126,6
85,175,p318_177,211,90,121,81,130,78,118,15
85,176,p318_178,233,138,95,118,115,118,95,20
85,177,p318_179,214,96,118,94,120,92,116,6
85,178,p318_180,145,74,71,52,93,52,71,22
85,179,p318_181,139,80,59,49,90,49,59,31
85,180,p318_182,217,137,80,126,91,123,77,17
85,181,p318_183,216,120,96,109,107,108,95,13
85,182,p318_184,158,65,93,58,100,58,93,7
85,183,p318_185,201,136,65,104,97,101,62,38
85,184,p318_186,235,120,115,116,119,115,114,6
85,185,p318_187,177,81,96,80,97,80,96,1
85,186,p318_188,201,117,84,102,99,102,84,15
85,187,p318_189,139,86,53,57,82,57,53,29
85,188,p318_190,241,171,70,133,108,133,70,38
85,189,p318_191,244,160,84,144,100,142,82,20
85,190,p318_192,220,123,97,113,107,113,97,10
85,191,p318_193,193,96,97,86,107,86,97,10
85,192,p318_194,235,145,90,140,95,136,86,13
85,193,p318_195,171,91,80,56,115,56,80,35
85,194,p318_196,246,136,110,125,121,125,110,11
85,195,p318_197,171,83,88,68,103,68,88,15
85,196,p318_198,179,132,47,105,74,105,47,27
85,197,p318_199,184,84,100,76,108,76,100,8
85,198,p318_200,192,83,109,82,110,81,108,3
85,199,p318_201,187,162,25,124,63,122,23,42
85,200,p318_202,187,117,70,91,96,91,70,26
86,1,p323_001,131,68,63,78,53,67,52,12
86,2,p323_002,227,138,89,129,98,128,88,11
86,3,p323_003,548,347,201,339,209,323,185,40
86,4,p323_004,398,240,158,231,167,219,146,33
86,5,p323_005,469,330,139,329,140,318,128,23
86,6,p323_006,449,291,158,291,158,282,149,18
86,7,p323_007,428,236,192,232,196,226,186,16
86,8,p323_008,598,432,166,438,160,424,152,22
86,9,p323_009,418,245,173,250,168,243,166,9
86,10,p323_010,254,125,129,121,133,115,123,16
86,11,p323_011,528,368,160,350,178,348,158,22
86,12,p323_012,384,240,144,229,155,227,142,15
86,13,p323_013,347,220,127,218,129,208,117,22
86,14,p323_014,350,277,73,250,100,249,72,29
86,15,p323_015,451,319,132,304,147,293,121,37
86,16,p323_016,523,337,186,316,207,312,182,29
86,17,p323_017,273,168,105,151,122,146,100,27
86,18,p323_018,414,290,124,281,133,277,120,17
86,19,p323_019,597,404,193,379,218,367,181,49
86,20,p323_020,295,205,90,213,82,201,78,16
86,21,p323_021,754,556,198,507,247,500,191,63
86,22,p323_022,537,362,175,358,179,341,158,38
86,23,p323_023,865,650,215,566,299,561,210,94
86,24,p323_024,465,352,113,362,103,342,93,30
86,25,p323_025,201,103,98,98,103,90,90,21
86,26,p323_026,233,148,85,136,97,136,85,12
86,27,p323_027,238,181,57,151,87,150,56,32
86,28,p323_028,190,101,89,105,85,100,84,6
86,29,p323_029,315,205,110,206,109,200,104,11
86,30,p323_030,195,89,106,89,106,88,105,2
86,31,p323_031,198,101,97,111,87,100,86,12
86,32,p323_032,214,122,92,112,102,111,91,12
86,33,p323_033,219,108,111,114,105,105,102,12
86,34,p323_034,251,165,86,179,72,159,66,26
86,35,p323_035,326,190,136,174,152,170,132,24
86,36,p323_036,195,123,72,120,75,120,72,3
86,37,p323_037,217,134,83,142,75,133,74,10
86,38,p323_038,347,186,161,204,143,185,142,20
86,39,p323_039,174,82,92,95,79,82,79,13
86,40,p323_040,185,72,113,73,112,71,111,3
86,41,p323_041,275,114,161,113,162,106,154,15
86,42,p323_042,142,48,94,34,108,30,90,22
86,43,p323_043,206,88,118,89,117,85,114,7
86,44,p323_044,182,109,73,92,90,91,72,19
86,45,p323_045,240,149,91,111,129,111,91,38
86,46,p323_046,179,101,78,90,89,90,78,11
86,47,p323_047,211,139,72,134,77,130,68,13
86,48,p323_048,251,128,123,126,125,121,118,12
86,49,p323_049,219,79,140,64,155,64,140,15
86,50,p323_050,214,114,100,117,97,114,97,3
86,51,p323_051,178,50,128,40,138,38,126,14
86,52,p323_052,302,153,149,149,153,146,146,10
86,53,p323_053,153,82,71,86,67,80,65,8
86,54,p323_054,217,122,95,96,121,96,95,26
86,55,p323_055,249,157,92,153,96,143,82,24
86,56,p323_056,166,90,76,103,63,88,61,17
86,57,p323_057,267,153,114,156,111,147,105,15
86,58,p323_058,222,99,123,102,120,99,120,3
86,59,p323_059,241,136,105,108,133,107,104,30
86,60,p323_060,233,125,108,112,121,111,107,15
86,61,p323_061,166,61,105,67,99,60,98,8
86,62,p323_062,227,116,111,105,122,91,97,39
86,63,p323_063,257,125,132,112,145,108,128,21
86,64,p323_064,214,115,99,100,114,100,99,15
86,65,p323_065,270,142,128,142,128,136,122,12
86,66,p323_066,201,94,107,91,110,86,102,13
86,67,p323_067,220,126,94,115,105,114,93,13
86,68,p323_068,214,132,82,120,94,120,82,12
86,69,p323_069,235,151,84,158,77,150,76,9
86,70,p323_070,265,146,119,139,126,128,108,29
86,71,p323_071,243,133,110,131,112,124,103,16
86,72,p323_072,257,144,113,142,115,134,105,18
86,73,p323_073,249,150,99,144,105,144,99,6
86,74,p323_074,174,97,77,78,96,78,77,19
86,75,p323_075,187,88,99,83,104,83,99,5
86,76,p323_076,257,147,110,153,104,146,103,8
86,77,p323_077,214,106,108,90,124,88,106,20
86,78,p323_078,201,122,79,118,83,118,79,4
86,79,p323_079,187,63,124,76,111,57,105,25
86,80,p323_080,198,100,98,98,100,98,98,2
86,81,p323_081,262,127,135,121,141,118,132,12
86,82,p323_082,342,201,141,175,167,172,138,32
86,83,p323_083,187,100,87,99,88,92,80,15
86,84,p323_084,281,145,136,130,151,127,133,21
86,85,p323_085,162,64,98,50,112,50,98,14
86,86,p323_086,251,135,116,123,128,121,114,16
86,87,p323_087,238,127,111,110,128,110,111,17
86,88,p323_088,233,156,77,138,95,137,76,20
86,89,p323_089,243,149,94,140,103,137,91,15
86,90,p323_090,225,126,99,118,107,118,99,8
86,91,p323_091,267,173,94,166,101,162,90,15
86,92,p323_092,150,63,87,51,99,51,87,12
86,93,p323_093,284,181,103,157,127,152,98,34
86,94,p323_094,193,100,93,99,94,91,85,17
86,95,p323_095,339,190,149,183,156,171,137,31
86,96,p323_096,182,107,75,95,87,95,75,12
86,97,p323_097,214,137,77,145,69,108,40,66
86,98,p323_098,155,70,85,67,88,67,85,3
86,99,p323_099,171,99,72,77,94,77,72,22
86,100,p323_100,238,122,116,113,125,110,113,15
86,101,p323_101,217,115,102,106,111,106,102,9
86,102,p323_102,246,150,96,134,112,131,93,22
86,103,p323_103,214,124,90,120,94,111,81,22
86,104,p323_104,246,167,79,157,89,155,77,14
86,105,p323_105,302,188,114,183,119,174,105,23
86,106,p323_106,217,140,77,125,92,124,76,17
86,107,p323_107,210,100,110,99,111,90,101,19
86,108,p323_108,214,111,103,110,104,110,103,1
86,109,p323_109,294,184,110,149,145,148,109,37
86,110,p323_110,241,146,95,132,109,128,91,22
86,111,p323_111,334,182,152,174,160,170,148,16
86,112,p323_112,158,96,62,99,59,95,58,5
86,113,p323_113,241,137,104,139,102,136,101,4
86,114,p323_114,206,96,110,110,96,94,94,18
86,115,p323_115,243,146,97,136,107,131,92,20
86,116,p323_116,210,110,100,113,97,108,95,7
86,117,p323_117,289,147,142,141,148,139,140,10
86,118,p323_118,248,131,117,115,133,112,114,22
86,119,p323_119,309,166,143,166,143,152,129,28
86,120,p323_120,209,95,114,95,114,91,110,8
86,121,p323_121,215,142,73,118,97,115,70,30
86,122,p323_122,286,183,103,176,110,169,96,21
86,123,p323_123,278,182,96,168,110,165,93,20
86,124,p323_124,222,159,63,140,82,140,63,19
86,125,p323_125,150,75,75,73,77,73,75,2
86,126,p323_126,222,126,96,151,71,118,63,41
86,127,p323_127,206,124,82,126,80,116,72,18
86,128,p323_128,297,178,119,177,120,175,117,5
86,129,p323_129,233,131,102,120,113,118,100,15
86,130,p323_130,209,119,90,113,96,112,89,8
86,131,p323_131,205,128,77,128,77,124,73,8
86,132,p323_132,225,127,98,134,91,124,88,13
86,133,p323_133,223,133,90,125,98,117,82,24
86,134,p323_134,262,165,97,125,137,125,97,40
86,135,p323_135,228,155,73,149,79,145,69,14
86,136,p323_136,254,117,137,125,129,114,126,14
86,137,p323_137,214,93,121,93,121,89,117,8
86,138,p323_138,227,131,96,130,97,129,95,3
86,139,p323_139,166,85,81,74,92,74,81,11
86,140,p323_140,265,157,108,158,107,151,101,13
86,141,p323_141,206,98,108,96,110,86,98,22
86,142,p323_142,211,121,90,109,102,109,90,12
86,143,p323_143,166,86,80,90,76,86,76,4
86,144,p323_144,212,128,84,114,98,110,80,22
86,145,p323_145,310,199,111,183,127,179,107,24
86,146,p323_146,190,103,87,88,102,88,87,15
86,147,p323_147,171,61,110,64,107,59,105,7
86,148,p323_148,266,146,120,139,127,138,119,9
86,149,p323_149,238,117,121,93,145,93,121,24
86,150,p323_150,347,182,165,171,176,164,158,25
86,151,p323_151,174,54,120,55,119,48,113,13
86,152,p323_152,248,90,158,76,172,73,155,20
86,153,p323_153,315,155,160,148,167,146,158,11
86,154,p323_154,315,145,170,138,177,131,163,21
86,155,p323_155,238,155,83,129,109,122,76,40
86,156,p323_156,227,131,96,132,95,130,94,3
86,157,p323_157,193,104,89,97,96,96,88,9
86,158,p323_158,214,143,71,142,72,130,59,25
86,159,p323_159,177,104,73,81,96,81,73,23
86,160,p323_160,212,98,114,70,142,69,113,30
86,161,p323_161,196,112,84,97,99,95,82,19
86,162,p323_162,206,109,97,114,92,109,92,5
86,163,p323_163,334,162,172,129,205,128,171,35
86,164,p323_164,208,96,112,90,118,85,107,16
86,165,p323_165,345,195,150,182,163,179,147,19
86,166,p323_166,291,140,151,99,192,99,151,41
86,167,p323_167,236,183,53,211,25,179,21,36
86,168,p323_168,317,195,122,186,131,178,114,25
86,169,p323_169,296,158,138,135,161,135,138,23
86,170,p323_170,178,60,118,56,122,56,118,4
86,171,p323_171,138,73,65,59,79,59,65,14
86,172,p323_172,256,120,136,109,147,109,136,11
86,173,p323_173,225,133,92,127,98,126,91,8
86,174,p323_174,275,124,151,133,142,118,136,21
86,175,p323_175,257,110,147,108,149,106,145,6
86,176,p323_176,259,134,125,117,142,116,124,19
86,177,p323_177,211,92,119,97,114,91,113,7
86,178,p323_178,273,166,107,157,116,153,103,17
86,179,p323_179,315,155,160,156,159,147,151,17
86,180,p323_180,307,197,110,170,137,166,106,35
86,181,p323_181,185,104,81,100,85,95,76,14
86,182,p323_182,233,95,138,92,141,89,135,9
86,183,p323_183,262,155,107,127,135,127,107,28
86,184,p323_184,238,96,142,95,143,92,139,7
86,185,p323_185,233,129,104,125,108,122,101,10
86,186,p323_186,179,81,98,81,98,79,96,4
86,187,p323_187,315,155,160,145,170,136,151,28
86,188,p323_188,358,223,135,203,155,202,134,22
86,189,p323_189,267,163,104,142,125,139,101,27
86,190,p323_190,201,126,75,102,99,102,75,24
86,191,p323_191,390,215,175,182,208,180,173,37
86,192,p323_192,259,171,88,145,114,145,88,26
86,193,p323_193,188,90,98,82,106,77,93,18
86,194,p323_194,193,124,69,98,95,98,69,26
86,195,p323_195,257,157,100,148,109,142,94,21
86,196,p323_196,155,69,86,62,93,62,86,7
86,197,p323_197,157,83,74,82,75,78,70,9
86,198,p323_198,209,136,73,129,80,129,73,7
86,199,p323_199,139,77,62,78,61,77,61,1
86,200,p323_200,367,238,129,211,156,211,129,27
87,1,p326_001,161,112,49,63,98,60,46,55
87,2,p326_002,241,157,84,143,98,143,84,14
87,3,p326_003,438,356,82,297,141,294,79,65
87,4,p326_004,323,260,63,199,124,198,62,63
87,5,p326_005,411,371,40,298,113,298,40,73
87,6,p326_006,393,332,61,267,126,267,61,65
87,7,p326_007,297,238,59,193,104,193,59,45
87,8,p326_008,451,362,89,333,118,330,86,35
87,9,p326_009,298,237,61,194,104,194,61,43
87,10,p326_010,208,147,61,100,108,96,57,55
87,11,p326_011,419,335,84,287,132,286,83,50
87,12,p326_012,304,223,81,185,119,184,80,40
87,13,p326_013,277,247,30,190,87,189,29,59
87,14,p326_014,322,289,33,222,100,222,33,67
87,15,p326_015,379,317,62,268,111,268,62,49
87,16,p326_016,407,351,56,291,116,291,56,60
87,17,p326_017,245,176,69,150,95,150,69,26
87,18,p326_018,393,316,77,261,132,260,76,57
87,19,p326_019,470,432,38,335,135,334,37,99
87,20,p326_020,273,227,46,181,92,179,44,50
87,21,p326_021,558,508,50,429,129,428,49,81
87,22,p326_022,589,472,117,350,239,348,115,126
87,23,p326_023,671,614,57,515,156,513,55,103
87,24,p326_024,379,346,33,294,85,294,33,52
87,25,p326_025,266,235,31,167,99,166,30,70
87,26,p326_026,158,141,17,75,83,75,17,66
87,27,p326_027,134,124,10,56,78,56,10,68
87,28,p326_028,201,191,10,114,87,114,10,77
87,29,p326_029,172,136,36,62,110,62,36,74
87,30,p326_030,214,168,46,131,83,131,46,37
87,31,p326_031,265,204,61,167,98,167,61,37
87,32,p326_032,190,186,4,106,84,106,4,80
87,33,p326_033,206,203,3,97,109,97,3,106
87,34,p326_034,211,180,31,125,86,125,31,55
87,35,p326_035,177,147,30,50,127,50,30,97
87,36,p326_036,204,199,5,96,108,95,4,105
87,37,p326_037,226,174,52,115,111,114,51,61
87,38,p326_038,185,171,14,92,93,92,14,79
87,39,p326_039,238,180,58,96,142,96,58,84
87,40,p326_040,234,209,25,109,125,109,25,100
87,41,p326_041,152,118,34,58,94,58,34,60
87,42,p326_042,156,123,33,65,91,65,33,58
87,43,p326_043,198,159,39,97,101,97,39,62
87,44,p326_044,189,177,12,90,99,90,12,87
87,45,p326_045,179,161,18,70,109,70,18,91
87,46,p326_046,201,167,34,105,96,105,34,62
87,47,p326_047,178,159,19,73,105,73,19,86
87,48,p326_048,197,184,13,102,95,102,13,82
87,49,p326_049,195,126,69,98,97,98,69,28
87,50,p326_050,249,230,19,75,174,75,19,155
87,51,p326_051,187,132,55,94,93,92,53,42
87,52,p326_052,207,186,21,133,74,132,20,55
87,53,p326_053,185,134,51,100,85,98,49,38
87,54,p326_054,152,124,28,62,90,62,28,62
87,55,p326_055,172,145,27,86,86,86,27,59
87,56,p326_056,126,99,27,42,84,42,27,57
87,57,p326_057,180,142,38,88,92,88,38,54
87,58,p326_058,200,156,44,89,111,89,44,67
87,59,p326_059,200,141,59,108,92,108,59,33
87,60,p326_060,212,200,12,114,98,112,10,90
87,61,p326_061,178,140,38,83,95,83,38,57
87,62,p326_062,245,202,43,161,84,159,41,45
87,63,p326_063,173,167,6,75,98,75,6,92
87,64,p326_064,181,149,32,87,94,87,32,62
87,65,p326_065,217,212,5,136,81,136,5,76
87,66,p326_066,237,198,39,147,90,147,39,51
87,67,p326_067,181,168,13,96,85,96,13,72
87,68,p326_068,220,205,15,135,85,135,15,70
87,69,p326_069,213,213,0,129,84,129,0,84
87,70,p326_070,188,185,3,113,75,113,3,72
87,71,p326_071,225,210,15,148,77,148,15,62
87,72,p326_072,250,228,22,167,83,167,22,61
87,73,p326_073,164,116,48,93,71,89,44,31
87,74,p326_074,201,188,13,123,78,123,13,65
87,75,p326_075,213,210,3,127,86,127,3,83
87,76,p326_076,193,175,18,80,113,80,18,95
87,77,p326_077,169,139,30,75,94,75,30,64
87,78,p326_078,236,215,21,135,101,135,21,80
87,79,p326_079,187,185,2,98,89,98,2,87
87,80,p326_080,142,131,11,70,72,70,11,61
87,81,p326_081,235,215,20,146,89,146,20,69
87,82,p326_082,216,197,19,107,109,107,19,90
87,83,p326_083,219,197,22,123,96,123,22,74
87,84,p326_084,175,166,9,73,102,73,9,93
87,85,p326_085,190,166,24,82,108,82,24,84
87,86,p326_086,214,159,55,59,155,59,55,100
87,87,p326_087,262,195,67,116,146,116,67,79
87,88,p326_088,166,133,33,95,71,95,33,38
87,89,p326_089,155,126,29,65,90,65,29,61
87,90,p326_090,192,179,13,112,80,112,13,67
87,91,p326_091,225,201,24,148,77,148,24,53
87,92,p326_092,245,170,75,157,88,156,74,15
87,93,p326_093,201,186,15,115,86,115,15,71
87,94,p326_094,191,167,24,96,95,94,22,75
87,95,p326_095,209,179,30,136,73,131,25,53
87,96,p326_096,158,146,12,96,62,96,12,50
87,97,p326_097,246,228,18,151,95,151,18,77
87,98,p326_098,175,151,24,90,85,90,24,61
87,99,p326_099,217,169,48,122,95,122,48,47
87,100,p326_100,148,110,38,87,61,76,27,45
87,101,p326_101,140,115,25,73,67,71,23,46
87,102,p326_102,189,179,10,125,64,125,10,54
87,103,p326_103,244,215,29,167,77,160,22,62
87,104,p326_104,196,156,40,82,114,81,39,76
87,105,p326_105,179,170,9,118,61,118,9,52
87,106,p326_106,179,161,18,70,109,70,18,91
87,107,p326_107,234,223,11,112,122,112,11,111
87,108,p326_108,242,220,22,96,146,96,22,124
87,109,p326_109,270,240,30,148,122,147,29,94
87,110,p326_110,153,105,48,69,84,69,48,36
87,111,p326_111,191,142,49,92,99,90,47,54
87,112,p326_112,153,143,10,72,81,72,10,71
87,113,p326_113,220,157,63,128,92,125,60,35
87,114,p326_114,208,126,82,112,96,112,82,14
87,115,p326_115,211,178,33,116,95,110,27,74
87,116,p326_116,163,149,14,78,85,78,14,71
87,117,p326_117,182,136,46,86,96,85,45,52
87,118,p326_118,191,168,23,106,85,105,22,64
87,119,p326_119,207,195,12,133,74,133,12,62
87,120,p326_120,176,167,9,122,54,122,9,45
87,121,p326_121,232,185,47,115,117,115,47,70
87,122,p326_122,213,190,23,123,90,122,22,69
87,123,p326_123,220,208,12,111,109,110,11,99
87,124,p326_124,228,209,19,130,98,130,19,79
87,125,p326_125,145,140,5,72,73,70,3,72
87,126,p326_126,212,186,26,134,78,133,25,54
87,127,p326_127,169,138,31,77,92,77,31,61
87,128,p326_128,241,162,79,121,120,121,79,41
87,129,p326_129,252,252,0,111,141,111,0,141
87,130,p326_130,164,150,14,92,72,91,13,60
87,131,p326_131,232,163,69,130,102,128,67,37
87,132,p326_132,153,135,18,95,58,95,18,40
87,133,p326_133,223,203,20,140,83,140,20,63
87,134,p326_134,219,209,10,174,45,166,2,51
87,135,p326_135,241,239,2,150,91,148,0,93
87,136,p326_136,200,196,4,124,76,124,4,72
87,137,p326_137,210,204,6,138,72,137,5,68
87,138,p326_138,184,172,12,116,68,112,8,64
87,139,p326_139,209,200,9,159,50,159,9,41
87,140,p326_140,312,265,47,210,102,205,42,65
87,141,p326_141,168,162,6,90,78,90,6,72
87,142,p326_142,154,138,16,68,86,67,15,72
87,143,p326_143,158,154,4,114,44,112,2,44
87,144,p326_144,146,146,0,67,79,67,0,79
87,145,p326_145,239,235,4,109,130,109,4,126
87,146,p326_146,182,165,17,75,107,75,17,90
87,147,p326_147,203,194,9,128,75,128,9,66
87,148,p326_148,194,169,25,113,81,110,22,62
87,149,p326_149,163,158,5,68,95,68,5,90
87,150,p326_150,155,152,3,114,41,111,0,44
87,151,p326_151,161,127,34,62,99,61,33,67
87,152,p326_152,222,211,11,148,74,148,11,63
87,153,p326_153,179,157,22,115,64,115,22,42
87,154,p326_154,159,151,8,74,85,74,8,77
87,155,p326_155,170,145,25,108,62,101,18,51
87,156,p326_156,281,256,25,138,143,137,24,120
87,157,p326_157,159,129,30,70,89,70,30,59
87,158,p326_158,183,177,6,126,57,126,6,51
87,159,p326_159,182,173,9,156,26,150,3,29
87,160,p326_160,188,184,4,109,79,109,4,75
87,161,p326_161,144,141,3,75,69,75,3,66
87,162,p326_162,167,166,1,84,83,84,1,82
87,163,p326_163,163,151,12,76,87,76,12,75
87,164,p326_164,153,130,23,85,68,85,23,45
87,165,p326_165,151,141,10,75,76,75,10,66
87,166,p326_166,181,167,14,92,89,92,14,75
87,167,p326_167,246,228,18,106,140,106,18,122
87,168,p326_168,195,177,18,114,81,114,18,63
87,169,p326_169,172,167,5,86,86,86,5,81
87,170,p326_170,210,186,24,103,107,103,24,83
87,171,p326_171,178,161,17,100,78,100,17,61
87,172,p326_172,259,244,15,161,98,161,15,83
87,173,p326_173,226,198,28,114,112,114,28,84
87,174,p326_174,214,200,14,94,120,94,14,106
87,175,p326_175,199,197,2,111,88,111,2,86
87,176,p326_176,255,243,12,156,99,156,12,87
87,177,p326_177,213,210,3,129,84,129,3,81
87,178,p326_178,244,225,19,152,92,151,18,75
87,179,p326_179,166,141,25,71,95,71,25,70
87,180,p326_180,176,176,0,101,75,101,0,75
87,181,p326_181,216,205,11,157,59,157,11,48
87,182,p326_182,191,189,2,111,80,111,2,78
87,183,p326_183,158,137,21,96,62,95,20,43
87,184,p326_184,242,206,36,114,128,114,36,92
87,185,p326_185,223,195,28,134,89,134,28,61
87,186,p326_186,152,137,15,63,89,63,15,74
87,187,p326_187,147,146,1,73,74,73,1,73
87,188,p326_188,163,162,1,96,67,96,1,66
87,189,p326_189,158,147,11,97,61,96,10,52
87,190,p326_190,165,159,6,84,81,81,3,81
87,191,p326_191,137,113,24,52,85,52,24,61
87,192,p326_192,205,193,12,117,88,116,11,78
87,193,p326_193,181,171,10,96,85,96,10,75
87,194,p326_194,197,146,51,131,66,119,39,39
87,195,p326_195,226,208,18,123,103,121,16,89
87,196,p326_196,148,121,27,62,86,62,27,59
87,197,p326_197,179,173,6,104,75,104,6,69
87,198,p326_198,182,163,19,98,84,98,19,65
87,199,p326_199,163,154,9,81,82,81,9,73
87,200,p326_200,186,179,7,115,71,115,7,64
88,1,p329_001,174,159,15,127,47,120,8,46
88,2,p329_002,262,248,14,187,75,187,14,61
88,3,p329_003,574,506,68,445,129,428,51,95
88,4,p329_004,405,314,91,247,158,247,91,67
88,5,p329_005,489,436,53,339,150,338,52,99
88,6,p329_006,419,284,135,286,133,280,129,10
88,7,p329_007,332,279,53,222,110,222,53,57
88,8,p329_008,551,460,91,430,121,400,61,90
88,9,p329_009,286,262,24,225,61,224,23,39
88,10,p329_010,221,140,81,124,97,115,72,34
88,11,p329_011,503,422,81,376,127,371,76,56
88,12,p329_012,396,321,75,248,148,238,65,93
88,13,p329_013,281,215,66,202,79,202,66,13
88,14,p329_014,393,367,26,229,164,227,24,142
88,15,p329_015,390,344,46,310,80,310,46,34
88,16,p329_016,435,386,49,345,90,345,49,41
88,17,p329_017,254,205,49,166,88,165,48,41
88,18,p329_018,428,403,25,339,89,333,19,76
88,19,p329_019,518,450,68,419,99,399,48,71
88,20,p329_020,281,272,9,219,62,219,9,53
88,21,p329_021,607,560,47,479,128,477,45,85
88,22,p329_022,477,444,33,376,101,375,32,70
88,23,p329_023,845,689,156,624,221,614,146,85
88,24,p329_024,529,466,63,395,134,389,57,83
88,25,p329_025,255,211,44,156,99,154,42,59
88,26,p329_026,270,226,44,157,113,152,39,79
88,27,p329_027,182,128,54,88,94,78,44,60
88,28,p329_028,308,221,87,159,149,159,87,62
88,29,p329_029,230,126,104,98,132,91,97,42
88,30,p329_030,380,319,61,214,166,202,49,129
88,31,p329_031,172,154,18,99,73,99,18,55
88,32,p329_032,252,231,21,115,137,115,21,116
88,33,p329_033,291,256,35,185,106,184,34,73
88,34,p329_034,238,128,110,116,122,102,96,40
88,35,p329_035,359,261,98,260,99,238,76,45
88,36,p329_036,254,189,65,144,110,132,53,69
88,37,p329_037,329,235,94,192,137,191,93,45
88,38,p329_038,284,232,52,152,132,152,52,80
88,39,p329_039,201,171,30,110,91,109,29,63
88,40,p329_040,192,122,70,103,89,103,70,19
88,41,p329_041,197,132,65,118,79,113,60,24
88,42,p329_042,192,107,85,66,126,66,85,41
88,43,p329_043,183,138,45,106,77,98,37,48
88,44,p329_044,223,172,51,138,85,131,44,48
88,45,p329_045,175,138,37,116,59,107,28,40
88,46,p329_046,254,194,60,158,96,154,56,44
88,47,p329_047,180,114,66,79,101,79,66,35
88,48,p329_048,223,177,46,94,129,91,43,89
88,49,p329_049,292,219,73,188,104,183,68,41
88,50,p329_050,247,187,60,141,106,141,60,46
88,51,p329_051,150,118,32,118,32,93,7,50
88,52,p329_052,179,101,78,108,71,93,63,23
88,53,p329_053,184,152,32,120,64,117,29,38
88,54,p329_054,180,120,60,91,89,91,60,29
88,55,p329_055,215,190,25,132,83,132,25,58
88,56,p329_056,178,123,55,91,87,82,46,50
88,57,p329_057,180,127,53,91,89,86,48,46
88,58,p329_058,199,170,29,115,84,115,29,55
88,59,p329_059,223,176,47,129,94,128,46,49
88,60,p329_060,197,153,44,84,113,83,43,71
88,61,p329_061,202,168,34,114,88,111,31,60
88,62,p329_062,223,210,13,133,90,132,12,79
88,63,p329_063,213,183,30,123,90,123,30,60
88,64,p329_064,173,108,65,81,92,79,63,31
88,65,p329_065,162,150,12,100,62,98,10,54
88,66,p329_066,235,193,42,180,55,168,30,37
88,67,p329_067,231,222,9,119,112,119,9,103
88,68,p329_068,307,266,41,157,150,157,41,109
88,69,p329_069,223,198,25,154,69,149,20,54
88,70,p329_070,262,229,33,146,116,146,33,83
88,71,p329_071,233,174,59,141,92,141,59,33
88,72,p329_072,255,189,66,164,91,158,60,37
88,73,p329_073,204,131,73,75,129,73,71,60
88,74,p329_074,223,131,92,103,120,103,92,28
88,75,p329_075,224,137,87,92,132,92,87,45
88,76,p329_076,234,195,39,144,90,132,27,75
88,77,p329_077,224,171,53,112,112,100,41,83
88,78,p329_078,282,128,154,103,179,103,154,25
88,79,p329_079,233,194,39,137,96,131,33,69
88,80,p329_080,289,185,104,114,175,112,102,75
88,81,p329_081,236,173,63,100,136,100,63,73
88,82,p329_082,239,183,56,145,94,131,42,66
88,83,p329_083,262,224,38,110,152,110,38,114
88,84,p329_084,233,193,40,148,85,148,40,45
88,85,p329_085,178,90,88,89,89,86,85,7
88,86,p329_086,191,121,70,106,85,106,70,15
88,87,p329_087,182,125,57,108,74,108,57,17
88,88,p329_088,153,124,29,68,85,68,29,56
88,89,p329_089,208,140,68,116,92,116,68,24
88,90,p329_090,227,174,53,117,110,117,53,57
88,91,p329_091,247,183,64,161,86,149,52,46
88,92,p329_092,242,167,75,132,110,130,73,39
88,93,p329_093,211,170,41,111,100,106,36,69
88,94,p329_094,231,188,43,144,87,144,43,44
88,95,p329_095,228,174,54,131,97,131,54,43
88,96,p329_096,205,161,44,120,85,120,44,41
88,97,p329_097,212,129,83,96,116,94,81,37
88,98,p329_098,233,223,10,165,68,165,10,58
88,99,p329_099,326,240,86,140,186,138,84,104
88,100,p329_100,300,140,160,125,175,120,155,25
88,101,p329_101,214,111,103,111,103,109,101,4
88,102,p329_102,234,165,69,91,143,88,66,80
88,103,p329_103,225,172,53,83,142,83,53,89
88,104,p329_104,185,174,11,127,58,127,11,47
88,105,p329_105,289,167,122,142,147,140,120,29
88,106,p329_106,263,224,39,177,86,171,33,59
88,107,p329_107,287,179,108,127,160,127,108,52
88,108,p329_108,220,88,132,61,159,61,132,27
88,109,p329_109,228,210,18,129,99,129,18,81
88,110,p329_110,235,99,136,93,142,81,124,30
88,111,p329_111,202,153,49,63,139,62,48,92
88,112,p329_112,176,148,28,77,99,70,21,85
88,113,p329_113,235,185,50,75,160,71,46,118
88,114,p329_114,275,253,22,146,129,145,21,109
88,115,p329_115,363,326,37,250,113,249,36,78
88,116,p329_116,207,172,35,114,93,113,34,60
88,117,p329_117,286,216,70,119,167,119,70,97
88,118,p329_118,252,127,125,158,94,123,90,39
88,119,p329_119,221,146,75,119,102,118,74,29
88,120,p329_120,196,156,40,119,77,119,40,37
88,121,p329_121,360,276,84,182,178,181,83,96
88,122,p329_122,258,176,82,70,188,70,82,106
88,123,p329_123,225,183,42,154,71,147,35,43
88,124,p329_124,217,192,25,141,76,140,24,53
88,125,p329_125,279,233,46,155,124,153,44,82
88,126,p329_126,220,183,37,135,85,131,33,56
88,127,p329_127,176,150,26,82,94,82,26,68
88,128,p329_128,212,151,61,99,113,99,61,52
88,129,p329_129,183,144,39,92,91,92,39,52
88,130,p329_130,131,108,23,70,61,70,23,38
88,131,p329_131,219,209,10,136,83,136,10,73
88,132,p329_132,221,184,37,154,67,152,35,34
88,133,p329_133,321,210,111,174,147,172,109,40
88,134,p329_134,218,133,85,82,136,81,84,53
88,135,p329_135,217,147,70,112,105,105,63,49
88,136,p329_136,221,197,24,137,84,131,18,72
88,137,p329_137,319,195,124,108,211,106,122,91
88,138,p329_138,224,148,76,114,110,114,76,34
88,139,p329_139,213,143,70,75,138,69,64,80
88,140,p329_140,318,300,18,201,117,201,18,99
88,141,p329_141,198,162,36,106,92,103,33,62
88,142,p329_142,245,198,47,91,154,91,47,107
88,143,p329_143,291,169,122,131,160,123,114,54
88,144,p329_144,275,224,51,160,115,158,49,68
88,145,p329_145,215,189,26,141,74,133,18,64
88,146,p329_146,322,233,89,121,201,116,84,122
88,147,p329_147,240,219,21,155,85,155,21,64
88,148,p329_148,265,230,35,159,106,157,33,75
88,149,p329_149,195,172,23,119,76,119,23,53
88,150,p329_150,240,226,14,156,84,151,9,80
88,151,p329_151,295,282,13,211,84,208,10,77
88,152,p329_152,193,161,32,114,79,111,29,53
88,153,p329_153,265,197,68,199,66,182,51,32
88,154,p329_154,213,191,22,122,91,122,22,69
88,155,p329_155,199,131,68,111,88,106,63,30
88,156,p329_156,281,251,30,170,111,165,25,91
88,157,p329_157,224,197,27,166,58,156,17,51
88,158,p329_158,243,152,91,111,132,110,90,43
88,159,p329_159,345,235,110,215,130,204,99,42
88,160,p329_160,219,177,42,129,90,125,38,56
88,161,p329_161,142,87,55,70,72,63,48,31
88,162,p329_162,219,158,61,134,85,134,61,24
88,163,p329_163,199,184,15,116,83,116,15,68
88,164,p329_164,243,205,38,149,94,148,37,58
88,165,p329_165,172,145,27,77,95,68,18,86
88,166,p329_166,250,215,35,144,106,142,33,75
88,167,p329_167,228,223,5,147,81,147,5,76
88,168,p329_168,153,137,16,75,78,74,15,64
88,169,p329_169,182,171,11,76,106,76,11,95
88,170,p329_170,158,139,19,82,76,80,17,61
88,171,p329_171,183,161,22,112,71,108,18,57
88,172,p329_172,190,137,53,119,71,119,53,18
88,173,p329_173,234,215,19,162,72,162,19,53
88,174,p329_174,219,198,21,144,75,143,20,56
88,175,p329_175,175,144,31,83,92,83,31,61
88,176,p329_176,217,190,27,131,86,131,27,59
88,177,p329_177,256,192,64,155,101,147,56,53
88,178,p329_178,347,230,117,197,150,186,106,55
88,179,p329_179,186,164,22,95,91,90,17,79
88,180,p329_180,216,123,93,114,102,113,92,11
88,181,p329_181,251,182,69,156,95,153,66,32
88,182,p329_182,244,165,79,142,102,137,74,33
88,183,p329_183,320,290,30,186,134,185,29,106
88,184,p329_184,176,161,15,98,78,96,13,67
88,185,p329_185,186,165,21,88,98,88,21,77
88,186,p329_186,284,246,38,191,93,187,34,63
88,187,p329_187,196,188,8,97,99,97,8,91
88,188,p329_188,201,145,56,106,95,106,56,39
88,189,p329_189,159,146,13,72,87,72,13,74
88,190,p329_190,169,164,5,96,73,96,5,68
88,191,p329_191,228,195,33,155,73,148,26,54
88,192,p329_192,256,206,50,160,96,156,46,54
88,193,p329_193,217,170,47,127,90,127,47,43
88,194,p329_194,278,230,48,195,83,189,42,47
88,195,p329_195,176,154,22,72,104,72,22,82
88,196,p329_196,164,121,43,83,81,82,42,40
88,197,p329_197,192,123,69,113,79,105,61,26
88,198,p329_198,305,275,30,200,105,199,29,77
88,199,p329_199,143,106,37,55,88,54,36,53
88,200,p329_200,170,162,8,87,83,87,8,75
89,1,p330_001,154,131,23,96,58,90,17,47
89,2,p330_002,246,226,20,195,51,190,15,41
89,3,p330_003,486,457,29,415,71,408,22,56
89,4,p330_004,409,368,41,338,71,316,19,74
89,5,p330_005,443,412,31,400,43,380,11,52
89,6,p330_006,429,411,18,384,45,372,6,51
89,7,p330_007,336,312,24,246,90,241,19,76
89,8,p330_008,538,522,16,431,107,431,16,91
89,9,p330_009,350,311,39,275,75,267,31,52
89,10,p330_010,229,214,15,167,62,160,8,61
89,11,p330_011,490,438,52,458,32,423,17,50
89,12,p330_012,342,313,29,284,58,279,24,39
89,13,p330_013,338,318,20,306,32,296,10,32
89,14,p330_014,347,347,0,338,9,338,0,9
89,15,p330_015,400,398,2,381,19,380,1,19
89,16,p330_016,440,422,18,409,31,398,7,35
89,17,p330_017,251,217,34,219,32,204,19,28
89,18,p330_018,374,322,52,297,77,280,35,59
89,19,p330_019,512,455,57,462,50,431,26,55
89,20,p330_020,303,213,90,257,46,209,42,52
89,21,p330_021,679,604,75,530,149,516,61,102
89,22,p330_022,475,422,53,419,56,392,26,57
89,23,p330_023,766,681,85,630,136,610,65,91
89,24,p330_024,462,416,46,373,89,355,28,79
89,25,p330_025,229,177,52,167,62,155,40,34
89,26,p330_026,184,166,18,138,46,123,3,58
89,27,p330_027,259,246,13,204,55,199,8,52
89,28,p330_028,244,238,6,190,54,184,0,60
89,29,p330_029,191,136,55,122,69,99,32,60
89,30,p330_030,192,149,43,116,76,115,42,35
89,31,p330_031,262,232,30,195,67,187,22,53
89,32,p330_032,255,219,36,231,24,210,15,30
89,33,p330_033,350,303,47,229,121,209,27,114
89,34,p330_034,218,154,64,141,77,120,43,55
89,35,p330_035,240,161,79,123,117,117,73,50
89,36,p330_036,316,259,57,215,101,204,46,66
89,37,p330_037,389,210,179,244,145,185,120,84
89,38,p330_038,220,188,32,144,76,128,16,76
89,39,p330_039,212,187,25,176,36,160,9,43
89,40,p330_040,322,225,97,209,113,176,64,82
89,41,p330_041,244,190,54,196,48,172,30,42
89,42,p330_042,215,194,21,147,68,144,18,53
89,43,p330_043,344,298,46,202,142,188,32,124
89,44,p330_044,226,210,16,141,85,135,10,81
89,45,p330_045,261,197,64,171,90,167,60,34
89,46,p330_046,202,177,25,102,100,102,25,75
89,47,p330_047,266,216,50,197,69,183,36,47
89,48,p330_048,218,144,74,162,56,137,49,32
89,49,p330_049,247,207,40,188,59,165,17,65
89,50,p330_050,280,222,58,204,76,185,39,56
89,51,p330_051,232,189,43,152,80,142,33,57
89,52,p330_052,219,176,43,144,75,132,31,56
89,53,p330_053,230,225,5,164,66,164,5,61
89,54,p330_054,244,145,99,168,76,134,65,45
89,55,p330_055,197,168,29,145,52,137,21,39
89,56,p330_056,180,164,16,128,52,121,9,50
89,57,p330_057,217,207,10,157,60,154,7,56
89,58,p330_058,201,162,39,122,79,117,34,50
89,59,p330_059,237,207,30,162,75,160,28,49
89,60,p330_060,171,162,9,87,84,87,9,75
89,61,p330_061,186,173,13,125,61,123,11,52
89,62,p330_062,242,222,20,176,66,169,13,60
89,63,p330_063,218,216,2,212,6,210,0,8
89,64,p330_064,366,340,26,276,90,275,25,66
89,65,p330_065,164,152,12,142,22,133,3,28
89,66,p330_066,202,159,43,127,75,119,35,48
89,67,p330_067,181,163,18,137,44,130,11,40
89,68,p330_068,221,208,13,167,54,162,8,51
89,69,p330_069,193,187,6,131,62,129,4,60
89,70,p330_070,217,207,10,160,57,159,9,49
89,71,p330_071,185,180,5,132,53,130,3,52
89,72,p330_072,208,202,6,166,42,162,2,44
89,73,p330_073,369,356,13,275,94,271,9,89
89,74,p330_074,181,127,54,88,93,85,51,45
89,75,p330_075,187,185,2,126,61,126,2,59
89,76,p330_076,184,173,11,128,56,126,9,49
89,77,p330_077,190,136,54,122,68,113,45,32
89,78,p330_078,221,197,24,124,97,124,24,73
89,79,p330_079,179,174,5,135,44,131,1,47
89,80,p330_080,215,183,32,156,59,149,25,41
89,81,p330_081,243,231,12,201,42,194,5,44
89,82,p330_082,166,142,24,113,53,105,16,45
89,83,p330_083,294,272,22,236,58,223,9,62
89,84,p330_084,164,131,33,133,31,110,10,44
89,85,p330_085,252,216,36,161,91,151,26,75
89,86,p330_086,215,189,26,178,37,168,16,31
89,87,p330_087,262,253,9,182,80,178,5,79
89,88,p330_088,267,228,39,177,90,176,38,53
89,89,p330_089,270,253,17,232,38,219,4,47
89,90,p330_090,253,229,24,169,84,168,23,62
89,91,p330_091,260,233,27,174,86,170,23,67
89,92,p330_092,297,267,30,204,93,191,17,89
89,93,p330_093,214,212,2,143,71,143,2,69
89,94,p330_094,387,160,227,198,189,154,183,50
89,95,p330_095,266,177,89,197,69,154,46,66
89,96,p330_096,224,221,3,164,60,162,1,61
89,97,p330_097,323,314,9,257,66,257,9,57
89,98,p330_098,265,223,42,229,36,202,15,48
89,99,p330_099,158,132,26,97,61,95,24,39
89,100,p330_100,337,322,15,256,81,245,4,88
89,101,p330_101,288,248,40,216,72,204,28,56
89,102,p330_102,171,128,43,130,41,111,24,36
89,103,p330_103,263,221,42,227,36,200,15,48
89,104,p330_104,203,198,5,178,25,173,0,30
89,105,p330_105,258,226,32,181,77,163,14,81
89,106,p330_106,243,236,7,212,31,210,5,28
89,107,p330_107,207,165,42,143,64,127,26,54
89,108,p330_108,255,227,28,190,65,175,13,67
89,109,p330_109,236,220,16,166,70,162,12,62
89,110,p330_110,200,151,49,140,60,121,30,49
89,111,p330_111,161,150,11,118,43,116,9,36
89,112,p330_112,250,170,80,164,86,137,53,60
89,113,p330_113,213,186,27,146,67,141,22,50
89,114,p330_114,187,148,39,128,59,121,32,34
89,115,p330_115,244,184,60,135,109,135,60,49
89,116,p330_116,270,255,15,185,85,182,12,76
89,117,p330_117,278,263,15,218,60,213,10,55
89,118,p330_118,285,218,67,157,128,154,64,67
89,119,p330_119,351,338,13,272,79,270,11,70
89,120,p330_120,336,312,24,305,31,281,0,55
89,121,p330_121,295,268,27,220,75,207,14,74
89,122,p330_122,294,265,29,266,28,242,5,47
89,123,p330_123,316,303,13,291,25,278,0,38
89,124,p330_124,236,216,20,209,27,194,5,37
89,125,p330_125,248,245,3,146,102,145,2,101
89,126,p330_126,213,178,35,106,107,101,30,82
89,127,p330_127,307,286,21,100,207,100,21,186
89,128,p330_128,362,348,14,133,229,133,14,215
89,129,p330_129,283,250,33,179,104,169,23,91
89,130,p330_130,245,222,23,110,135,109,22,114
89,131,p330_131,251,237,14,186,65,180,8,63
89,132,p330_132,212,185,27,186,26,169,10,33
89,133,p330_133,201,185,16,131,70,131,16,54
89,134,p330_134,234,216,18,179,55,169,8,57
89,135,p330_135,238,234,4,201,37,201,4,33
89,136,p330_136,211,188,23,148,63,142,17,52
89,137,p330_137,208,176,32,147,61,140,25,43
89,138,p330_138,169,159,10,90,79,90,10,69
89,139,p330_139,168,161,7,100,68,99,6,63
89,140,p330_140,204,183,21,125,79,125,21,58
89,141,p330_141,193,182,11,125,68,125,11,57
89,142,p330_142,185,159,26,129,56,125,22,38
89,143,p330_143,200,154,46,163,37,139,22,39
89,144,p330_144,185,148,37,142,43,128,23,34
89,145,p330_145,233,208,25,168,65,164,21,48
89,146,p330_146,198,187,11,138,60,138,11,49
89,147,p330_147,159,158,1,100,59,100,1,58
89,148,p330_148,183,176,7,111,72,110,6,67
89,149,p330_149,243,241,2,171,72,171,2,70
89,150,p330_150,294,281,13,187,107,187,13,94
89,151,p330_151,181,173,8,103,78,102,7,72
89,152,p330_152,206,179,27,91,115,89,25,92
89,153,p330_153,207,181,26,139,68,134,21,52
89,154,p330_154,287,240,47,210,77,204,41,42
89,155,p330_155,246,223,23,168,78,162,17,67
89,156,p330_156,289,233,56,194,95,181,43,65
89,157,p330_157,219,213,6,121,98,121,6,92
89,158,p330_158,206,191,15,142,64,141,14,51
89,159,p330_159,205,165,40,144,61,130,26,49
89,160,p330_160,228,219,9,190,38,186,5,37
89,161,p330_161,316,308,8,239,77,236,5,75
89,162,p330_162,185,179,6,127,58,127,6,52
89,163,p330_163,213,206,7,183,30,179,3,31
89,164,p330_164,282,277,5,237,45,234,2,46
89,165,p330_165,309,292,17,265,44,259,11,39
89,166,p330_166,219,209,10,182,37,176,4,39
89,167,p330_167,197,181,16,106,91,106,16,75
89,168,p330_168,353,350,3,287,66,286,2,65
89,169,p330_169,261,247,14,241,20,231,4,26
89,170,p330_170,225,221,4,199,26,197,2,26
89,171,p330_171,327,297,30,241,86,233,22,72
89,172,p330_172,214,189,25,159,55,150,16,48
89,173,p330_173,249,225,24,228,21,211,7,31
89,174,p330_174,245,213,32,188,57,176,20,49
89,175,p330_175,208,159,49,165,43,138,22,48
89,176,p330_176,227,188,39,177,50,160,22,45
89,177,p330_177,196,165,31,135,61,122,18,56
89,178,p330_178,273,233,40,180,93,171,31,71
89,179,p330_179,251,234,17,181,70,178,14,59
89,180,p330_180,262,242,20,213,49,204,11,47
89,181,p330_181,255,237,18,147,108,142,13,100
89,182,p330_182,259,205,54,133,126,129,50,80
89,183,p330_183,332,287,45,206,126,192,31,109
89,184,p330_184,238,223,15,186,52,183,12,43
89,185,p330_185,268,245,23,215,53,205,13,50
89,186,p330_186,201,178,23,190,11,174,7,20
89,187,p330_187,184,180,4,153,31,152,3,29
89,188,p330_188,275,264,11,192,83,191,10,74
89,189,p330_189,269,251,18,199,70,192,11,66
89,190,p330_190,234,205,29,210,24,184,3,47
89,191,p330_191,191,181,10,126,65,123,7,61
89,192,p330_192,231,204,27,145,86,141,23,67
89,193,p330_193,264,260,4,199,65,197,2,65
89,194,p330_194,210,192,18,119,91,116,15,79
89,195,p330_195,195,169,26,147,48,133,12,50
89,196,p330_196,306,286,20,188,118,186,18,102
89,197,p330_197,175,165,10,130,45,125,5,45
89,198,p330_198,217,199,18,196,21,185,7,25
89,199,p330_199,289,280,9,217,72,214,6,69
89,200,p330_200,203,193,10,193,10,186,3,14
90,1,p333_001,145,82,63,79,66,76,60,9
90,2,p333_002,259,153,106,148,111,148,106,5
90,3,p333_003,414,302,112,293,121,291,110,13
90,4,p333_004,273,213,60,200,73,200,60,13
90,5,p333_005,399,292,107,288,111,281,100,18
90,6,p333_006,419,277,142,268,151,268,142,9
90,7,p333_007,291,239,52,216,75,216,52,23
90,8,p333_008,451,344,107,343,108,338,102,11
90,9,p333_009,265,183,82,183,82,183,82,0
90,10,p333_010,169,94,75,94,75,92,73,4
90,11,p333_011,395,344,51,323,72,322,50,23
90,12,p333_012,277,189,88,182,95,182,88,7
90,13,p333_013,251,200,51,190,61,188,49,14
90,14,p333_014,315,246,69,234,81,234,69,12
90,15,p333_015,345,319,26,281,64,280,25,40
90,16,p333_016,366,279,87,280,86,276,83,7
90,17,p333_017,214,161,53,134,80,134,53,27
90,18,p333_018,326,250,76,240,86,240,76,10
90,19,p333_019,417,370,47,356,61,356,47,14
90,20,p333_020,211,172,39,161,50,161,39,11
90,21,p333_021,526,442,84,430,96,429,83,14
90,22,p333_022,398,318,80,305,93,304,79,15
90,23,p333_023,625,524,101,527,98,516,90,19
90,24,p333_024,411,300,111,294,117,291,108,12
90,25,p333_025,195,139,56,106,89,106,56,33
90,26,p333_026,228,157,71,158,70,157,70,1
90,27,p333_027,179,82,97,71,108,71,97,11
90,28,p333_028,222,161,61,140,82,140,61,21
90,29,p333_030,153,62,91,62,91,62,91,0
90,30,p333_031,203,153,50,138,65,138,50,15
90,31,p333_032,153,117,36,92,61,91,35,27
90,32,p333_033,265,132,133,110,155,110,133,22
90,33,p333_034,182,119,63,105,77,104,62,16
90,34,p333_035,177,103,74,101,76,101,74,2
90,35,p333_036,185,106,79,105,80,104,78,3
90,36,p333_037,211,132,79,115,96,115,79,17
90,37,p333_038,223,134,89,134,89,131,86,6
90,38,p333_039,169,104,65,100,69,96,61,12
90,39,p333_040,137,86,51,82,55,82,51,4
90,40,p333_041,150,94,56,78,72,78,56,16
90,41,p333_042,150,73,77,74,76,73,76,1
90,42,p333_043,225,141,84,139,86,139,84,2
90,43,p333_044,150,76,74,69,81,69,74,7
90,44,p333_045,161,89,72,85,76,85,72,4
90,45,p333_046,166,82,84,75,91,75,84,7
90,46,p333_047,147,81,66,85,62,79,60,8
90,47,p333_048,187,125,62,118,69,118,62,7
90,48,p333_049,150,99,51,97,53,96,50,4
90,49,p333_050,158,134,24,74,84,74,24,60
90,50,p333_051,129,65,64,66,63,64,62,3
90,51,p333_052,139,95,44,80,59,80,44,15
90,52,p333_053,174,101,73,97,77,97,73,4
90,53,p333_054,139,84,55,75,64,74,54,11
90,54,p333_055,211,150,61,147,64,147,61,3
90,55,p333_056,150,76,74,74,76,73,73,4
90,56,p333_057,185,136,49,133,52,133,49,3
90,57,p333_058,209,130,79,128,81,128,79,2
90,58,p333_059,121,59,62,54,67,54,62,5
90,59,p333_060,201,115,86,114,87,113,85,3
90,60,p333_061,187,120,67,113,74,111,65,11
90,61,p333_062,147,94,53,77,70,76,52,19
90,62,p333_063,137,89,48,76,61,76,48,13
90,63,p333_064,187,129,58,106,81,106,58,23
90,64,p333_065,198,114,84,107,91,107,84,7
90,65,p333_066,166,82,84,79,87,78,83,5
90,66,p333_067,158,146,12,77,81,77,12,69
90,67,p333_068,161,82,79,82,79,82,79,0
90,68,p333_069,158,96,62,86,72,83,59,16
90,69,p333_070,145,67,78,66,79,66,78,1
90,70,p333_071,171,109,62,108,63,108,62,1
90,71,p333_072,182,112,70,112,70,112,70,0
90,72,p333_073,169,98,71,92,77,91,70,8
90,73,p333_074,150,76,74,76,74,76,74,0
90,74,p333_075,198,122,76,125,73,122,73,3
90,75,p333_076,177,99,78,97,80,96,77,4
90,76,p333_077,123,62,61,93,30,60,28,35
90,77,p333_078,177,116,61,114,63,114,61,2
90,78,p333_079,155,90,65,87,68,87,65,3
90,79,p333_080,169,118,51,92,77,92,51,26
90,80,p333_081,155,110,45,95,60,95,45,15
90,81,p333_082,158,101,57,98,60,98,57,3
90,82,p333_083,105,43,62,43,62,43,62,0
90,83,p333_084,129,71,58,63,66,63,58,8
90,84,p333_085,139,85,54,82,57,81,53,5
90,85,p333_086,170,90,80,89,81,89,80,1
90,86,p333_087,166,88,78,88,78,87,77,2
90,87,p333_088,187,127,60,126,61,126,60,1
90,88,p333_089,224,150,74,134,90,134,74,16
90,89,p333_090,126,77,49,56,70,56,49,21
90,90,p333_091,147,85,62,82,65,82,62,3
90,91,p333_092,254,178,76,178,76,176,74,4
90,92,p333_093,193,118,75,119,74,118,74,1
90,93,p333_094,158,86,72,84,74,84,72,2
90,94,p333_095,198,134,64,132,66,132,64,2
90,95,p333_096,131,108,23,91,40,91,23,17
90,96,p333_097,155,98,57,95,60,95,57,3
90,97,p333_098,99,54,45,54,45,54,45,0
90,98,p333_099,246,146,100,141,105,140,99,7
90,99,p333_100,139,79,60,80,59,79,59,1
90,100,p333_101,169,108,61,108,61,108,61,0
90,101,p333_102,195,121,74,105,90,103,72,20
90,102,p333_103,126,69,57,68,58,68,57,1
90,103,p333_104,147,79,68,78,69,78,68,1
90,104,p333_105,126,68,58,65,61,65,58,3
90,105,p333_106,147,70,77,70,77,69,76,2
90,106,p333_107,139,97,42,80,59,80,42,17
90,107,p333_108,164,80,84,76,88,76,84,4
90,108,p333_109,227,153,74,152,75,151,73,3
90,109,p333_110,142,88,54,88,54,88,54,0
90,110,p333_111,182,108,74,109,73,108,73,1
90,111,p333_112,195,138,57,132,63,132,57,6
90,112,p333_113,142,98,44,97,45,97,44,1
90,113,p333_114,177,108,69,106,71,106,69,2
90,114,p333_115,126,63,63,62,64,61,62,3
90,115,p333_116,145,98,47,99,46,96,44,5
90,116,p333_117,163,86,77,87,76,85,75,3
90,117,p333_118,171,88,83,83,88,83,83,5
90,118,p333_119,195,121,74,122,73,121,73,1
90,119,p333_120,193,126,67,123,70,123,67,3
90,120,p333_121,193,133,60,123,70,123,60,10
90,121,p333_122,129,88,41,62,67,62,41,26
90,122,p333_123,259,179,80,171,88,171,80,8
90,123,p333_124,182,107,75,99,83,99,75,8
90,124,p333_125,190,139,51,127,63,127,51,12
90,125,p333_126,150,83,67,85,65,83,65,2
90,126,p333_127,126,60,66,61,65,60,65,1
90,127,p333_128,219,178,41,153,66,153,41,25
90,128,p333_129,150,88,62,77,73,76,61,13
90,129,p333_130,182,115,67,108,74,108,67,7
90,130,p333_131,155,106,49,102,53,102,49,4
90,131,p333_132,177,89,88,89,88,89,88,0
90,132,p333_133,166,98,68,99,67,98,67,1
90,133,p333_134,195,138,57,135,60,135,57,3
90,134,p333_135,195,124,71,124,71,124,71,0
90,135,p333_136,155,72,83,69,86,68,82,5
90,136,p333_137,206,95,111,97,109,95,109,2
90,137,p333_138,169,103,66,70,99,70,66,33
90,138,p333_139,166,101,65,84,82,84,65,17
90,139,p333_140,238,130,108,115,123,115,108,15
90,140,p333_141,143,112,31,112,31,111,30,2
90,141,p333_142,161,104,57,103,58,102,56,3
90,142,p333_143,147,87,60,82,65,80,58,9
90,143,p333_144,136,104,32,101,35,101,32,3
90,144,p333_145,174,108,66,97,77,95,64,15
90,145,p333_146,166,120,46,110,56,110,46,10
90,146,p333_147,155,98,57,97,58,97,57,1
90,147,p333_148,137,79,58,78,59,78,58,1
90,148,p333_149,179,134,45,110,69,110,45,24
90,149,p333_150,121,48,73,47,74,47,73,1
90,150,p333_151,236,153,83,140,96,140,83,13
90,151,p333_152,190,126,64,119,71,119,64,7
90,152,p333_153,155,106,49,105,50,104,48,3
90,153,p333_154,174,107,67,107,67,107,67,0
90,154,p333_155,198,149,49,150,48,149,48,1
90,155,p333_156,166,110,56,103,63,102,55,9
90,156,p333_157,124,74,50,71,53,71,50,3
90,157,p333_158,166,110,56,107,59,106,55,5
90,158,p333_159,155,107,48,106,49,105,47,3
90,159,p333_160,115,62,53,62,53,62,53,0
90,160,p333_161,139,74,65,74,65,72,63,4
90,161,p333_162,175,105,70,100,75,97,67,11
90,162,p333_163,142,97,45,86,56,86,45,11
90,163,p333_164,126,64,62,58,68,57,61,8
90,164,p333_165,182,116,66,118,64,115,63,4
90,165,p333_166,171,116,55,106,65,106,55,10
90,166,p333_167,155,92,63,97,58,92,58,5
90,167,p333_168,134,64,70,65,69,62,67,5
90,168,p333_169,145,90,55,85,60,85,55,5
90,169,p333_170,164,105,59,87,77,87,59,18
90,170,p333_171,219,141,78,139,80,139,78,2
90,171,p333_172,129,64,65,64,65,63,64,2
90,172,p333_173,238,159,79,155,83,155,79,4
90,173,p333_174,155,107,48,107,48,95,36,24
90,174,p333_175,139,95,44,84,55,82,42,15
90,175,p333_176,153,107,46,99,54,98,45,10
90,176,p333_177,134,68,66,68,66,68,66,0
90,177,p333_178,121,67,54,62,59,62,54,5
90,178,p333_179,158,89,69,92,66,89,66,3
90,179,p333_180,206,134,72,132,74,132,72,2
90,180,p333_181,131,73,58,72,59,72,58,1
90,181,p333_182,139,109,30,106,33,106,30,3
90,182,p333_183,142,79,63,77,65,77,63,2
90,183,p333_184,121,66,55,66,55,66,55,0
90,184,p333_185,155,88,67,87,68,87,67,1
90,185,p333_186,108,48,60,49,59,48,59,1
90,186,p333_187,193,113,80,110,83,110,80,3
90,187,p333_188,211,125,86,122,89,121,85,5
90,188,p333_189,134,81,53,81,53,81,53,0
90,189,p333_190,179,102,77,98,81,98,77,4
90,190,p333_191,177,98,79,99,78,98,78,1
90,191,p333_192,145,105,40,71,74,71,40,34
90,192,p333_193,190,141,49,105,85,105,49,36
90,193,p333_194,166,115,51,102,64,102,51,13
90,194,p333_195,134,82,52,72,62,71,51,12
90,195,p333_196,195,128,67,125,70,125,67,3
90,196,p333_197,145,87,58,83,62,83,58,4
90,197,p333_198,193,144,49,142,51,142,49,2
90,198,p333_199,185,130,55,125,60,121,51,13
90,199,p333_200,121,58,63,51,70,51,63,7
90,200,p333_201,233,175,58,167,66,166,57,10
91,1,p334_001,142,136,6,56,86,56,6,80
91,2,p334_002,225,220,5,134,91,134,5,86
91,3,p334_003,390,365,25,283,107,282,24,84
91,4,p334_004,294,232,62,191,103,190,61,43
91,5,p334_005,411,388,23,276,135,276,23,112
91,6,p334_006,336,295,41,227,109,225,39,72
91,7,p334_007,270,246,24,182,88,181,23,66
91,8,p334_008,470,448,22,320,150,320,22,128
91,9,p334_009,299,273,26,177,122,177,26,96
91,10,p334_010,182,177,5,102,80,100,3,79
91,11,p334_011,455,444,11,299,156,299,11,145
91,12,p334_012,261,236,25,180,81,180,25,56
91,13,p334_013,642,630,12,264,378,264,12,366
91,14,p334_014,435,382,53,206,229,206,53,176
91,15,p334_015,289,273,16,233,56,231,14,44
91,16,p334_016,360,341,19,264,96,264,19,77
91,17,p334_017,198,171,27,125,73,125,27,46
91,18,p334_018,310,264,46,213,97,213,46,51
91,19,p334_019,371,319,52,305,66,303,50,18
91,20,p334_020,240,215,25,157,83,157,25,58
91,21,p334_021,510,491,19,409,101,408,18,84
91,22,p334_022,413,367,46,303,110,303,46,64
91,23,p334_023,598,544,54,463,135,462,53,83
91,24,p334_024,364,320,44,274,90,273,43,48
91,25,p334_025,194,173,21,126,68,126,21,47
91,26,p334_026,159,135,24,66,93,66,24,69
91,27,p334_027,206,183,23,126,80,125,22,59
91,28,p334_028,139,118,21,57,82,57,21,61
91,29,p334_029,221,193,28,145,76,142,25,54
91,30,p334_030,203,188,15,119,84,119,15,69
91,31,p334_031,150,146,4,56,94,56,4,90
91,32,p334_032,212,207,5,135,77,135,5,72
91,33,p334_033,167,122,45,81,86,79,43,45
91,34,p334_034,198,189,9,124,74,124,9,65
91,35,p334_035,215,124,91,99,116,99,91,25
91,36,p334_036,153,149,4,55,98,55,4,94
91,37,p334_037,198,128,70,90,108,88,68,42
91,38,p334_038,204,170,34,94,110,94,34,76
91,39,p334_039,179,174,5,100,79,100,5,74
91,40,p334_040,182,174,8,77,105,77,8,97
91,41,p334_041,229,226,3,70,159,70,3,156
91,42,p334_042,161,129,32,50,111,50,32,79
91,43,p334_043,174,167,7,90,84,90,7,77
91,44,p334_044,174,156,18,86,88,86,18,70
91,45,p334_045,142,130,12,55,87,55,12,75
91,46,p334_046,177,173,4,105,72,105,4,68
91,47,p334_047,202,149,53,104,98,102,51,49
91,48,p334_048,187,156,31,93,94,93,31,63
91,49,p334_049,191,177,14,105,86,102,11,78
91,50,p334_050,185,164,21,94,91,94,21,70
91,51,p334_051,174,167,7,95,79,95,7,72
91,52,p334_052,201,178,23,108,93,108,23,70
91,53,p334_053,148,138,10,49,99,49,10,89
91,54,p334_054,218,192,26,116,102,116,26,76
91,55,p334_055,174,153,21,80,94,80,21,73
91,56,p334_056,124,107,17,29,95,29,17,78
91,57,p334_057,147,139,8,67,80,67,8,72
91,58,p334_058,185,174,11,94,91,94,11,80
91,59,p334_059,157,138,19,66,91,66,19,72
91,60,p334_060,150,139,11,76,74,76,11,63
91,61,p334_061,235,217,18,144,91,144,18,73
91,62,p334_062,153,103,50,72,81,70,48,35
91,63,p334_063,168,127,41,86,82,86,41,41
91,64,p334_064,179,159,20,97,82,97,20,62
91,65,p334_065,198,171,27,122,76,122,27,49
91,66,p334_066,198,139,59,114,84,113,58,27
91,67,p334_067,182,152,30,119,63,118,29,35
91,68,p334_068,169,136,33,88,81,87,32,50
91,69,p334_069,166,124,42,81,85,79,40,47
91,70,p334_070,193,179,14,65,128,65,14,114
91,71,p334_071,220,170,50,141,79,141,50,29
91,72,p334_072,177,159,18,81,96,81,18,78
91,73,p334_073,158,94,64,76,82,76,64,18
91,74,p334_074,201,148,53,103,98,103,53,45
91,75,p334_075,219,169,50,114,105,111,47,61
91,76,p334_076,166,135,31,90,76,90,31,45
91,77,p334_077,139,108,31,62,77,62,31,46
91,78,p334_078,176,149,27,99,77,99,27,50
91,79,p334_079,150,135,15,69,81,69,15,66
91,80,p334_080,182,173,9,114,68,114,9,59
91,81,p334_081,190,164,26,111,79,111,26,53
91,82,p334_082,206,180,26,116,90,116,26,64
91,83,p334_083,185,184,1,93,92,93,1,91
91,84,p334_084,129,128,1,67,62,67,1,61
91,85,p334_085,142,130,12,66,76,66,12,64
91,86,p334_086,137,116,21,56,81,56,21,60
91,87,p334_087,190,136,54,106,84,106,54,30
91,88,p334_088,244,192,52,146,98,145,51,48
91,89,p334_089,177,157,20,91,86,91,20,66
91,90,p334_090,174,174,0,112,62,112,0,62
91,91,p334_091,230,186,44,131,99,130,43,57
91,92,p334_092,185,178,7,99,86,99,7,79
91,93,p334_093,198,163,35,99,99,98,34,66
91,94,p334_094,188,169,19,71,117,71,19,98
91,95,p334_095,204,127,77,72,132,70,75,59
91,96,p334_096,211,157,54,85,126,85,54,72
91,97,p334_097,187,183,4,101,86,101,4,82
91,98,p334_098,201,178,23,123,78,122,22,57
91,99,p334_099,167,159,8,78,89,78,8,81
91,100,p334_100,169,161,8,83,86,83,8,78
91,101,p334_101,157,154,3,80,77,80,3,74
91,102,p334_102,183,174,9,101,82,101,9,73
91,103,p334_103,142,142,0,74,68,74,0,68
91,104,p334_104,179,147,32,102,77,102,32,45
91,105,p334_105,161,157,4,91,70,91,4,66
91,106,p334_106,235,203,32,152,83,151,31,53
91,107,p334_107,173,162,11,88,85,87,10,76
91,108,p334_108,166,147,19,86,80,86,19,61
91,109,p334_109,126,99,27,54,72,54,27,45
91,110,p334_110,154,126,28,74,80,73,27,54
91,111,p334_111,187,174,13,115,72,115,13,59
91,112,p334_112,153,150,3,65,88,65,3,85
91,113,p334_113,147,141,6,100,47,100,6,41
91,114,p334_114,215,208,7,143,72,143,7,65
91,115,p334_115,179,130,49,95,84,95,49,35
91,116,p334_116,173,167,6,81,92,81,6,86
91,117,p334_117,150,149,1,65,85,65,1,84
91,118,p334_118,203,179,24,115,88,115,24,64
91,119,p334_119,163,154,9,83,80,82,8,73
91,120,p334_120,174,162,12,102,72,102,12,60
91,121,p334_121,142,124,18,76,66,76,18,48
91,122,p334_122,212,172,40,107,105,106,39,67
91,123,p334_123,206,187,19,117,89,117,19,70
91,124,p334_124,205,169,36,110,95,109,35,61
91,125,p334_125,185,145,40,103,82,103,40,42
91,126,p334_126,137,130,7,57,80,55,5,77
91,127,p334_127,166,138,28,78,88,78,28,60
91,128,p334_128,180,173,7,90,90,90,7,83
91,129,p334_129,153,148,5,80,73,80,5,68
91,130,p334_130,203,182,21,106,97,106,21,76
91,131,p334_131,227,221,6,89,138,89,6,132
91,132,p334_132,257,209,48,140,117,140,48,69
91,133,p334_133,153,148,5,86,67,86,5,62
91,134,p334_134,179,139,40,94,85,94,40,45
91,135,p334_135,222,203,19,122,100,122,19,81
91,136,p334_136,222,129,93,120,102,120,93,9
91,137,p334_137,219,197,22,123,96,123,22,74
91,138,p334_138,170,164,6,60,110,60,6,104
91,139,p334_139,157,152,5,69,88,67,3,87
91,140,p334_140,171,153,18,88,83,88,18,65
91,141,p334_141,186,160,26,96,90,96,26,64
91,142,p334_142,191,164,27,114,77,114,27,50
91,143,p334_143,177,158,19,90,87,90,19,68
91,144,p334_144,171,170,1,77,94,77,1,93
91,145,p334_145,171,156,15,66,105,66,15,90
91,146,p334_146,166,137,29,99,67,99,29,38
91,147,p334_147,179,158,21,59,120,59,21,99
91,148,p334_148,185,173,12,105,80,105,12,68
91,149,p334_149,238,192,46,156,82,156,46,36
91,150,p334_150,206,134,72,35,171,35,72,99
91,151,p334_151,142,138,4,74,68,74,4,64
91,152,p334_153,217,217,0,103,114,103,0,114
91,153,p334_154,237,223,14,113,124,113,14,110
91,154,p334_155,180,180,0,92,88,92,0,88
91,155,p334_156,141,141,0,58,83,58,0,83
91,156,p334_157,181,175,6,95,86,95,6,80
91,157,p334_158,214,211,3,148,66,148,3,63
91,158,p334_159,204,181,23,112,92,112,23,69
91,159,p334_160,203,193,10,85,118,85,10,108
91,160,p334_161,171,147,24,77,94,77,24,70
91,161,p334_162,197,178,19,120,77,120,19,58
91,162,p334_163,149,119,30,57,92,57,30,62
91,163,p334_164,141,123,18,53,88,53,18,70
91,164,p334_165,149,143,6,63,86,63,6,80
91,165,p334_166,245,201,44,143,102,142,43,60
91,166,p334_167,144,144,0,54,90,54,0,90
91,167,p334_168,188,169,19,115,73,115,19,54
91,168,p334_169,155,134,21,71,84,71,21,63
91,169,p334_170,153,113,40,93,60,93,40,20
91,170,p334_171,176,145,31,81,95,81,31,64
91,171,p334_172,194,185,9,116,78,115,8,71
91,172,p334_173,188,162,26,100,88,100,26,62
91,173,p334_174,137,116,21,56,81,56,21,60
91,174,p334_175,217,209,8,141,76,141,8,68
91,175,p334_176,162,135,27,75,87,74,26,62
91,176,p334_177,187,173,14,103,84,103,14,70
91,177,p334_178,165,127,38,57,108,57,38,70
91,178,p334_179,184,167,17,95,89,95,17,72
91,179,p334_180,147,137,10,66,81,66,10,71
91,180,p334_181,201,183,18,108,93,108,18,75
91,181,p334_182,214,212,2,106,108,106,2,106
91,182,p334_183,173,160,13,83,90,83,13,77
91,183,p334_184,170,169,1,84,86,84,1,85
91,184,p334_185,185,178,7,101,84,101,7,77
91,185,p334_186,187,171,16,102,85,102,16,69
91,186,p334_187,177,167,10,100,77,100,10,67
91,187,p334_188,209,164,45,101,108,101,45,63
91,188,p334_189,182,161,21,98,84,98,21,63
91,189,p334_190,156,123,33,79,77,79,33,44
91,190,p334_191,163,150,13,91,72,91,13,59
91,191,p334_192,184,124,60,104,80,104,60,20
91,192,p334_193,149,146,3,75,74,75,3,71
91,193,p334_194,153,148,5,65,88,63,3,87
91,194,p334_195,182,160,22,102,80,102,22,58
91,195,p334_196,163,129,34,90,73,90,34,39
91,196,p334_197,209,198,11,130,79,130,11,68
91,197,p334_198,166,126,40,73,93,72,39,55
91,198,p334_199,230,219,11,102,128,101,10,119
91,199,p334_200,201,186,15,97,104,97,15,89
91,200,p334_201,142,123,19,99,43,96,16,30
92,1,p335_001,166,148,18,137,29,122,3,41
92,2,p335_002,382,306,76,251,131,235,60,87
92,3,p335_003,568,481,87,424,144,397,60,111
92,4,p335_004,440,365,75,354,86,322,43,75
92,5,p335_005,489,427,62,451,38,412,23,54
92,6,p335_006,489,330,159,415,74,319,63,107
92,7,p335_007,395,253,142,312,83,238,68,89
92,8,p335_008,655,478,177,508,147,453,122,80
92,9,p335_010,236,148,88,194,42,138,32,66
92,10,p335_011,552,413,139,444,108,385,80,87
92,11,p335_012,375,306,69,239,136,233,63,79
92,12,p335_013,389,307,82,316,73,284,50,55
92,13,p335_014,406,341,65,359,47,332,38,36
92,14,p335_015,632,380,252,438,194,335,149,148
92,15,p335_016,447,364,83,354,93,343,72,32
92,16,p335_017,289,186,103,204,85,169,68,52
92,17,p335_018,411,401,10,362,49,359,7,45
92,18,p335_019,624,502,122,456,168,430,96,98
92,19,p335_020,328,299,29,221,107,221,29,78
92,20,p335_021,710,588,122,551,159,533,104,73
92,21,p335_022,458,356,102,331,127,328,99,31
92,22,p335_023,927,749,178,742,185,700,136,91
92,23,p335_024,501,406,95,350,151,349,94,58
92,24,p335_025,241,150,91,177,64,140,54,47
92,25,p335_026,245,209,36,155,90,154,35,56
92,26,p335_027,168,108,60,77,91,75,58,35
92,27,p335_028,203,143,60,76,127,76,60,67
92,28,p335_029,244,99,145,102,142,95,138,11
92,29,p335_030,253,191,62,154,99,143,51,59
92,30,p335_031,260,182,78,163,97,163,78,19
92,31,p335_032,185,83,102,72,113,71,101,13
92,32,p335_033,166,113,53,80,86,80,53,33
92,33,p335_034,241,162,79,146,95,146,79,16
92,34,p335_035,278,159,119,180,98,148,87,43
92,35,p335_036,271,167,104,155,116,129,78,64
92,36,p335_037,222,159,63,115,107,115,63,44
92,37,p335_038,165,126,39,82,83,79,36,50
92,38,p335_039,206,107,99,104,102,102,97,7
92,39,p335_040,225,131,94,143,82,127,78,20
92,40,p335_041,190,101,89,152,38,96,33,61
92,41,p335_042,312,206,106,176,136,176,106,30
92,42,p335_043,231,141,90,135,96,134,89,8
92,43,p335_044,180,90,90,80,100,79,89,12
92,44,p335_045,212,113,99,108,104,100,91,21
92,45,p335_046,198,105,93,96,102,96,93,9
92,46,p335_047,260,162,98,131,129,125,92,43
92,47,p335_048,247,130,117,105,142,105,117,25
92,48,p335_049,179,99,80,83,96,83,80,16
92,49,p335_050,190,90,100,90,100,89,99,2
92,50,p335_051,207,108,99,121,86,99,77,31
92,51,p335_052,171,102,69,93,78,93,69,9
92,52,p335_053,317,195,122,182,135,182,122,13
92,53,p335_054,245,166,79,135,110,135,79,31
92,54,p335_055,408,152,256,89,319,89,256,63
92,55,p335_056,210,164,46,164,46,151,33,26
92,56,p335_057,229,127,102,125,104,120,97,12
92,57,p335_058,185,131,54,123,62,122,53,10
92,58,p335_059,260,187,73,146,114,137,64,59
92,59,p335_060,251,179,72,119,132,119,72,60
92,60,p335_061,260,169,91,107,153,107,91,62
92,61,p335_062,377,191,186,185,192,175,176,26
92,62,p335_063,191,90,101,100,91,82,83,26
92,63,p335_064,151,68,83,58,93,57,82,12
92,64,p335_065,297,184,113,166,131,166,113,18
92,65,p335_066,234,141,93,119,115,119,93,22
92,66,p335_067,207,108,99,75,132,75,99,33
92,67,p335_068,225,164,61,128,97,128,61,36
92,68,p335_069,166,92,74,79,87,79,74,13
92,69,p335_070,232,128,104,117,115,116,103,13
92,70,p335_071,330,197,133,205,125,192,120,18
92,71,p335_072,174,130,44,99,75,99,44,31
92,72,p335_073,240,200,40,148,92,148,40,52
92,73,p335_074,221,146,75,115,106,115,75,31
92,74,p335_075,207,131,76,109,98,109,76,22
92,75,p335_076,163,83,80,70,93,70,80,13
92,76,p335_077,153,100,53,59,94,59,53,41
92,77,p335_078,229,144,85,136,93,136,85,8
92,78,p335_079,194,105,89,118,76,105,76,13
92,79,p335_080,246,164,82,131,115,121,72,53
92,80,p335_081,149,79,70,69,80,69,70,10
92,81,p335_082,203,147,56,129,74,127,54,22
92,82,p335_083,220,172,48,122,98,120,46,54
92,83,p335_084,211,138,73,124,87,120,69,22
92,84,p335_085,186,111,75,98,88,95,72,19
92,85,p335_086,195,103,92,90,105,89,91,15
92,86,p335_087,231,122,109,123,108,104,90,37
92,87,p335_088,173,123,50,92,81,92,50,31
92,88,p335_089,179,115,64,92,87,90,62,27
92,89,p335_090,198,120,78,116,82,114,76,8
92,90,p335_091,172,88,84,85,87,82,81,9
92,91,p335_092,281,211,70,161,120,161,70,50
92,92,p335_093,249,121,128,108,141,108,128,13
92,93,p335_094,196,100,96,81,115,81,96,19
92,94,p335_095,193,119,74,92,101,92,74,27
92,95,p335_096,192,117,75,106,86,106,75,11
92,96,p335_097,177,142,35,102,75,101,34,42
92,97,p335_098,237,129,108,121,116,120,107,10
92,98,p335_099,199,112,87,101,98,101,87,11
92,99,p335_100,255,90,165,83,172,83,165,7
92,100,p335_101,189,94,95,70,119,69,94,26
92,101,p335_102,191,105,86,93,98,93,86,12
92,102,p335_103,161,100,61,73,88,73,61,27
92,103,p335_104,330,201,129,199,131,188,118,24
92,104,p335_105,193,111,82,95,98,95,82,16
92,105,p335_106,240,160,80,148,92,148,80,12
92,106,p335_107,203,138,65,120,83,120,65,18
92,107,p335_108,277,153,124,146,131,146,124,7
92,108,p335_109,233,139,94,128,105,127,93,13
92,109,p335_110,133,61,72,39,94,39,72,22
92,110,p335_111,150,62,88,54,96,54,88,8
92,111,p335_112,254,167,87,151,103,151,87,16
92,112,p335_113,322,222,100,218,104,190,72,60
92,113,p335_114,178,115,63,88,90,84,59,35
92,114,p335_115,151,73,78,62,89,62,78,11
92,115,p335_116,208,137,71,120,88,120,71,17
92,116,p335_117,202,140,62,91,111,91,62,49
92,117,p335_118,220,131,89,126,94,126,89,5
92,118,p335_119,199,124,75,119,80,119,75,5
92,119,p335_120,395,278,117,228,167,228,117,50
92,120,p335_121,227,109,118,106,121,106,118,3
92,121,p335_122,222,125,97,139,83,122,80,20
92,122,p335_123,179,88,91,76,103,76,91,12
92,123,p335_124,187,116,71,88,99,88,71,28
92,124,p335_125,261,202,59,167,94,167,59,35
92,125,p335_126,217,195,22,119,98,119,22,76
92,126,p335_127,199,130,69,110,89,106,65,28
92,127,p335_128,206,101,105,99,107,99,105,2
92,128,p335_129,200,111,89,90,110,90,89,21
92,129,p335_130,207,111,96,105,102,105,96,6
92,130,p335_131,224,96,128,87,137,87,128,9
92,131,p335_132,185,98,87,121,64,94,60,31
92,132,p335_133,204,145,59,125,79,119,53,32
92,133,p335_134,209,118,91,102,107,102,91,16
92,134,p335_135,233,174,59,154,79,154,59,20
92,135,p335_136,290,206,84,185,105,184,83,23
92,136,p335_137,235,133,102,104,131,103,101,31
92,137,p335_138,207,111,96,86,121,86,96,25
92,138,p335_139,223,123,100,83,140,83,100,40
92,139,p335_140,198,93,105,88,110,85,102,11
92,140,p335_141,222,137,85,113,109,113,85,24
92,141,p335_142,235,195,40,143,92,143,40,52
92,142,p335_143,265,167,98,150,115,150,98,17
92,143,p335_144,362,184,178,82,280,82,178,102
92,144,p335_145,201,175,26,108,93,108,26,67
92,145,p335_146,245,191,54,120,125,120,54,71
92,146,p335_147,187,119,68,75,112,75,68,44
92,147,p335_148,253,218,35,151,102,151,35,67
92,148,p335_149,263,208,55,146,117,145,54,64
92,149,p335_150,233,146,87,125,108,124,86,23
92,150,p335_151,190,101,89,88,102,88,89,13
92,151,p335_152,206,148,58,126,80,126,58,22
92,152,p335_153,205,120,85,85,120,85,85,35
92,153,p335_154,162,123,39,73,89,73,39,50
92,154,p335_155,313,267,46,212,101,200,34,79
92,155,p335_156,339,223,116,204,135,204,116,19
92,156,p335_157,227,156,71,139,88,139,71,17
92,157,p335_158,212,143,69,102,110,102,69,41
92,158,p335_159,275,158,117,146,129,146,117,12
92,159,p335_160,228,154,74,126,102,126,74,28
92,160,p335_161,157,82,75,68,89,68,75,14
92,161,p335_162,166,107,59,61,105,61,59,46
92,162,p335_163,203,130,73,123,80,122,72,9
92,163,p335_164,250,162,88,153,97,153,88,9
92,164,p335_165,186,112,74,88,98,88,74,24
92,165,p335_166,206,152,54,125,81,125,54,27
92,166,p335_167,190,118,72,85,105,85,72,33
92,167,p335_168,296,180,116,154,142,154,116,26
92,168,p335_169,154,69,85,61,93,61,85,8
92,169,p335_170,240,148,92,138,102,138,92,10
92,170,p335_171,158,101,57,60,98,60,57,41
92,171,p335_172,224,153,71,114,110,114,71,39
92,172,p335_173,209,153,56,106,103,106,56,47
92,173,p335_174,177,96,81,94,83,94,81,2
92,174,p335_175,209,174,35,115,94,115,35,59
92,175,p335_176,197,126,71,104,93,104,71,22
92,176,p335_177,199,136,63,103,96,103,63,33
92,177,p335_178,289,201,88,180,109,180,88,21
92,178,p335_179,236,157,79,137,99,137,79,20
92,179,p335_180,224,128,96,115,109,115,96,13
92,180,p335_181,181,105,76,83,98,83,76,22
92,181,p335_182,219,181,38,151,68,151,38,30
92,182,p335_183,232,144,88,129,103,129,88,15
92,183,p335_184,205,110,95,106,99,106,95,4
92,184,p335_185,167,79,88,67,100,67,88,12
92,185,p335_186,255,167,88,160,95,160,88,7
92,186,p335_187,219,126,93,117,102,116,92,11
92,187,p335_188,206,129,77,109,97,109,77,20
92,188,p335_189,149,105,44,72,77,72,44,33
92,189,p335_190,190,120,70,111,79,111,70,9
92,190,p335_191,297,190,107,148,149,147,106,44
92,191,p335_192,161,72,89,64,97,64,89,8
92,192,p335_193,177,107,70,87,90,87,70,20
92,193,p335_194,194,126,68,101,93,101,68,25
92,194,p335_195,262,196,66,151,111,141,56,65
92,195,p335_196,318,248,70,210,108,208,68,42
92,196,p335_197,345,225,120,194,151,194,120,31
92,197,p335_198,266,158,108,133,133,133,108,25
92,198,p335_199,198,92,106,91,107,91,106,1
92,199,p335_200,225,102,123,99,126,98,122,5
92,200,p335_201,190,72,118,67,123,67,118,5
93,1,p336_001,145,144,1,77,68,77,1,67
93,2,p336_002,236,127,109,118,118,117,108,11
93,3,p336_003,423,417,6,324,99,324,6,93
93,4,p336_004,325,293,32,185,140,185,32,108
93,5,p336_005,406,367,39,307,99,307,39,60
93,6,p336_006,379,358,21,262,117,262,21,96
93,7,p336_007,317,303,14,199,118,199,14,104
93,8,p336_008,478,422,56,350,128,350,56,72
93,9,p336_009,313,274,39,211,102,209,37,67
93,10,p336_010,233,212,21,110,123,110,21,102
93,11,p336_011,510,411,99,312,198,311,98,101
93,12,p336_012,604,473,131,247,357,245,129,230
93,13,p336_013,318,269,49,182,136,182,49,87
93,14,p336_014,333,298,35,238,95,238,35,60
93,15,p336_015,372,367,5,285,87,285,5,82
93,16,p336_016,509,456,53,308,201,307,52,150
93,17,p336_017,266,234,32,145,121,145,32,89
93,18,p336_018,430,401,29,243,187,243,29,158
93,19,p336_019,477,384,93,375,102,337,55,85
93,20,p336_020,265,245,20,181,84,181,20,64
93,21,p336_021,577,571,6,449,128,449,6,122
93,22,p336_022,494,397,97,313,181,310,94,90
93,23,p336_023,817,616,201,533,284,526,194,97
93,24,p336_024,453,401,52,297,156,296,51,106
93,25,p336_025,177,161,16,97,80,94,13,70
93,26,p336_026,180,137,43,83,97,83,43,54
93,27,p336_027,150,143,7,73,77,73,7,70
93,28,p336_028,171,168,3,101,70,101,3,67
93,29,p336_029,128,68,60,46,82,46,60,22
93,30,p336_030,131,50,81,43,88,38,76,17
93,31,p336_031,185,168,17,107,78,107,17,61
93,32,p336_032,240,197,43,143,97,143,43,54
93,33,p336_033,113,78,35,49,64,49,35,29
93,34,p336_034,210,194,16,113,97,113,16,81
93,35,p336_035,150,140,10,79,71,79,10,61
93,36,p336_036,174,151,23,99,75,99,23,52
93,37,p336_037,205,166,39,111,94,111,39,55
93,38,p336_038,187,145,42,97,90,97,42,48
93,39,p336_039,178,163,15,104,74,103,14,61
93,40,p336_040,198,171,27,63,135,63,27,108
93,41,p336_041,223,218,5,127,96,127,5,91
93,42,p336_042,124,122,2,52,72,52,2,70
93,43,p336_043,153,134,19,71,82,71,19,63
93,44,p336_044,147,126,21,70,77,70,21,56
93,45,p336_045,198,170,28,111,87,111,28,59
93,46,p336_046,147,110,37,72,75,72,37,38
93,47,p336_047,201,155,46,113,88,113,46,42
93,48,p336_048,122,70,52,61,61,61,52,9
93,49,p336_049,110,103,7,59,51,59,7,44
93,50,p336_050,147,130,17,73,74,73,17,57
93,51,p336_051,155,123,32,78,77,78,32,45
93,52,p336_052,155,127,28,89,66,88,27,40
93,53,p336_053,120,119,1,54,66,54,1,65
93,54,p336_054,166,111,55,66,100,66,55,45
93,55,p336_055,178,143,35,79,99,79,35,64
93,56,p336_056,187,146,41,80,107,79,40,68
93,57,p336_057,201,160,41,141,60,139,39,23
93,58,p336_058,147,115,32,77,70,77,32,38
93,59,p336_059,150,130,20,79,71,79,20,51
93,60,p336_060,203,168,35,126,77,126,35,42
93,61,p336_061,206,200,6,109,97,109,6,91
93,62,p336_062,209,204,5,87,122,87,5,117
93,63,p336_063,203,190,13,110,93,110,13,80
93,64,p336_064,123,121,2,84,39,84,2,37
93,65,p336_065,161,140,21,86,75,86,21,54
93,66,p336_066,118,109,9,47,71,47,9,62
93,67,p336_067,198,167,31,103,95,103,31,64
93,68,p336_068,211,199,12,119,92,119,12,80
93,69,p336_069,227,155,72,126,101,125,71,31
93,70,p336_070,233,201,32,109,124,109,32,92
93,71,p336_071,211,182,29,137,74,137,29,45
93,72,p336_072,238,174,64,135,103,133,62,43
93,73,p336_073,169,132,37,103,66,97,31,41
93,74,p336_074,217,197,20,120,97,120,20,77
93,75,p336_075,158,84,74,67,91,67,74,17
93,76,p336_076,201,175,26,120,81,120,26,55
93,77,p336_077,134,131,3,61,73,61,3,70
93,78,p336_078,116,94,22,47,69,46,21,49
93,79,p336_079,244,177,67,127,117,127,67,50
93,80,p336_080,213,174,39,124,89,124,39,50
93,81,p336_081,182,164,18,112,70,112,18,52
93,82,p336_082,206,180,26,108,98,107,25,74
93,83,p336_083,192,180,12,104,88,104,12,76
93,84,p336_084,148,121,27,75,73,75,27,46
93,85,p336_085,126,92,34,61,65,61,34,31
93,86,p336_086,155,97,58,77,78,77,58,20
93,87,p336_087,126,81,45,51,75,51,45,30
93,88,p336_088,190,144,46,112,78,110,44,36
93,89,p336_089,145,122,23,64,81,64,23,58
93,90,p336_090,170,110,60,77,93,76,59,35
93,91,p336_091,129,116,13,59,70,59,13,57
93,92,p336_092,153,144,9,93,60,93,9,51
93,93,p336_093,183,118,65,90,93,90,65,28
93,94,p336_094,139,123,16,57,82,57,16,66
93,95,p336_095,153,141,12,84,69,84,12,57
93,96,p336_096,167,162,5,77,90,77,5,85
93,97,p336_097,177,172,5,81,96,81,5,91
93,98,p336_098,185,184,1,111,74,111,1,73
93,99,p336_099,209,189,20,102,107,102,20,87
93,100,p336_100,179,171,8,113,66,113,8,58
93,101,p336_101,172,125,47,77,95,76,46,50
93,102,p336_102,167,104,63,77,90,77,63,27
93,103,p336_103,134,100,34,61,73,61,34,39
93,104,p336_104,142,106,36,77,65,74,33,35
93,105,p336_105,206,154,52,124,82,124,52,30
93,106,p336_106,113,100,13,55,58,55,13,45
93,107,p336_107,174,142,32,82,92,82,32,60
93,108,p336_108,126,119,7,64,62,64,7,55
93,109,p336_109,131,113,18,61,70,61,18,52
93,110,p336_110,217,214,3,130,87,130,3,84
93,111,p336_111,249,235,14,155,94,155,14,80
93,112,p336_112,158,140,18,84,74,84,18,56
93,113,p336_113,174,147,27,77,97,77,27,70
93,114,p336_114,110,85,25,45,65,45,25,40
93,115,p336_115,161,105,56,96,65,90,50,21
93,116,p336_116,190,120,70,106,84,106,70,14
93,117,p336_117,201,185,16,169,32,160,7,34
93,118,p336_118,129,83,46,62,67,62,46,21
93,119,p336_119,174,151,23,98,76,98,23,53
93,120,p336_120,193,190,3,106,87,106,3,84
93,121,p336_121,153,77,76,67,86,67,76,10
93,122,p336_122,185,129,56,106,79,106,56,23
93,123,p336_123,179,166,13,85,94,85,13,81
93,124,p336_124,179,132,47,80,99,80,47,52
93,125,p336_125,203,132,71,82,121,82,71,50
93,126,p336_126,221,114,107,124,97,112,95,14
93,127,p336_127,181,157,24,107,74,106,23,52
93,128,p336_128,174,95,79,81,93,81,79,14
93,129,p336_129,158,146,12,96,62,96,12,50
93,130,p336_130,217,166,51,130,87,130,51,36
93,131,p336_131,198,121,77,100,98,100,77,21
93,132,p336_132,179,134,45,135,44,123,33,23
93,133,p336_133,142,113,29,63,79,62,28,52
93,134,p336_134,201,181,20,139,62,136,17,48
93,135,p336_135,198,130,68,113,85,111,66,21
93,136,p336_136,155,122,33,84,71,81,30,44
93,137,p336_137,161,134,27,84,77,84,27,50
93,138,p336_138,190,118,72,102,88,99,69,22
93,139,p336_139,99,80,19,48,51,48,19,32
93,140,p336_140,142,116,26,64,78,64,26,52
93,141,p336_141,158,136,22,93,65,91,20,47
93,142,p336_142,193,173,20,104,89,101,17,75
93,143,p336_143,166,143,23,88,78,88,23,55
93,144,p336_144,155,68,87,64,91,64,87,4
93,145,p336_145,163,147,16,109,54,108,15,40
93,146,p336_146,140,118,22,62,78,62,22,56
93,147,p336_147,158,142,16,84,74,84,16,58
93,148,p336_148,189,134,55,92,97,92,55,42
93,149,p336_149,177,169,8,90,87,90,8,79
93,150,p336_150,123,117,6,58,65,58,6,59
93,151,p336_151,233,196,37,115,118,115,37,81
93,152,p336_152,219,207,12,131,88,131,12,76
93,153,p336_153,166,121,45,87,79,87,45,34
93,154,p336_154,142,128,14,67,75,67,14,61
93,155,p336_155,201,175,26,130,71,130,26,45
93,156,p336_156,214,130,84,93,121,93,84,37
93,157,p336_157,182,139,43,97,85,97,43,42
93,158,p336_158,182,135,47,99,83,99,47,36
93,159,p336_159,139,129,10,67,72,67,10,62
93,160,p336_160,201,161,40,118,83,118,40,43
93,161,p336_161,155,104,51,76,79,76,51,28
93,162,p336_162,147,83,64,48,99,48,64,35
93,163,p336_163,158,138,20,95,63,95,20,43
93,164,p336_164,211,204,7,129,82,129,7,75
93,165,p336_165,174,143,31,89,85,89,31,54
93,166,p336_166,142,130,12,76,66,76,12,54
93,167,p336_167,161,140,21,91,70,91,21,49
93,168,p336_168,147,122,25,77,70,77,25,45
93,169,p336_169,163,140,23,79,84,79,23,61
93,170,p336_170,142,110,32,83,59,77,26,39
93,171,p336_171,182,146,36,123,59,122,35,25
93,172,p336_172,153,84,69,69,84,69,69,15
93,173,p336_173,137,101,36,66,71,66,36,35
93,174,p336_174,198,189,9,149,49,145,5,48
93,175,p336_175,185,114,71,97,88,97,71,17
93,176,p336_176,166,114,52,110,56,110,52,4
93,177,p336_177,185,141,44,113,72,113,44,28
93,178,p336_178,206,110,96,107,99,106,95,5
93,179,p336_179,169,67,102,64,105,64,102,3
93,180,p336_180,131,113,18,75,56,75,18,38
93,181,p336_181,182,155,27,53,129,52,26,104
93,182,p336_182,178,119,59,94,84,92,57,29
93,183,p336_183,219,167,52,128,91,128,52,39
93,184,p336_184,193,166,27,114,79,114,27,52
93,185,p336_185,187,108,79,75,112,75,79,33
93,186,p336_186,190,154,36,112,78,112,36,42
93,187,p336_187,134,130,4,71,63,71,4,59
93,188,p336_188,169,112,57,83,86,83,57,29
93,189,p336_189,161,140,21,86,75,85,20,56
93,190,p336_190,179,165,14,99,80,99,14,66
93,191,p336_191,139,125,14,71,68,69,12,58
93,192,p336_192,121,67,54,46,75,45,53,23
93,193,p336_193,195,157,38,98,97,98,38,59
93,194,p336_194,134,127,7,76,58,76,7,51
93,195,p336_195,155,147,8,90,65,90,8,57
93,196,p336_196,257,197,60,127,130,127,60,70
93,197,p336_197,166,101,65,91,75,85,59,22
93,198,p336_198,134,71,63,61,73,61,63,10
93,199,p336_199,131,95,36,117,14,88,7,36
93,200,p336_200,163,121,42,88,75,86,40,37
94,1,p339_001,123,101,22,63,60,63,22,38
94,2,p339_002,209,132,77,123,86,120,74,15
94,3,p339_003,443,352,91,302,141,302,91,50
94,4,p339_004,305,232,73,195,110,195,73,37
94,5,p339_005,414,307,107,299,115,299,107,8
94,6,p339_006,374,258,116,237,137,237,116,21
94,7,p339_007,332,233,99,197,135,196,98,38
94,8,p339_008,496,414,82,352,144,352,82,62
94,9,p339_009,350,243,107,218,132,217,106,27
94,10,p339_010,187,124,63,103,84,103,63,21
94,11,p339_011,421,333,88,318,103,315,85,21
94,12,p339_012,331,217,114,213,118,212,113,6
94,13,p339_013,312,203,109,180,132,180,109,23
94,14,p339_014,359,331,28,239,120,239,28,92
94,15,p339_015,342,315,27,285,57,285,27,30
94,16,p339_016,409,336,73,313,96,313,73,23
94,17,p339_017,225,171,54,123,102,123,54,48
94,18,p339_018,329,239,90,233,96,232,89,8
94,19,p339_019,491,388,103,358,133,357,102,32
94,20,p339_020,289,242,47,186,103,186,47,56
94,21,p339_021,606,551,55,486,120,486,55,65
94,22,p339_022,467,360,107,321,146,321,107,39
94,23,p339_023,742,597,145,565,177,564,144,34
94,24,p339_024,472,350,122,344,128,341,119,12
94,25,p339_025,206,158,48,120,86,120,48,38
94,26,p339_026,251,205,46,156,95,156,46,49
94,27,p339_027,207,118,89,110,97,110,89,8
94,28,p339_028,175,105,70,55,120,55,70,50
94,29,p339_029,147,68,79,63,84,63,79,5
94,30,p339_030,183,122,61,86,97,86,61,36
94,31,p339_031,148,78,70,72,76,72,70,6
94,32,p339_032,209,99,110,99,110,98,109,2
94,33,p339_033,179,137,42,101,78,101,42,36
94,34,p339_034,224,124,100,115,109,115,100,9
94,35,p339_035,208,134,74,130,78,130,74,4
94,36,p339_036,216,114,102,114,102,111,99,6
94,37,p339_037,179,145,34,100,79,100,34,45
94,38,p339_038,152,83,69,68,84,68,69,15
94,39,p339_039,179,131,48,125,54,125,48,6
94,40,p339_040,158,101,57,85,73,84,56,18
94,41,p339_041,161,97,64,74,87,74,64,23
94,42,p339_042,184,159,25,96,88,95,24,65
94,43,p339_043,120,81,39,41,79,41,39,40
94,44,p339_044,255,163,92,145,110,145,92,18
94,45,p339_045,144,133,11,51,93,51,11,82
94,46,p339_046,176,78,98,73,103,73,98,5
94,47,p339_047,174,131,43,93,81,93,43,38
94,48,p339_048,155,92,63,56,99,56,63,36
94,49,p339_049,198,147,51,103,95,103,51,44
94,50,p339_050,233,119,114,112,121,112,114,7
94,51,p339_051,173,146,27,77,96,77,27,69
94,52,p339_052,145,103,42,76,69,76,42,27
94,53,p339_053,146,113,33,66,80,66,33,47
94,54,p339_054,177,78,99,71,106,70,98,9
94,55,p339_055,229,191,38,126,103,126,38,65
94,56,p339_056,170,91,79,79,91,79,79,12
94,57,p339_057,166,89,77,86,80,86,77,3
94,58,p339_058,162,93,69,72,90,71,68,23
94,59,p339_059,165,125,40,70,95,70,40,55
94,60,p339_060,141,77,64,60,81,60,64,17
94,61,p339_061,214,161,53,120,94,120,53,41
94,62,p339_062,178,102,76,86,92,86,76,16
94,63,p339_063,157,105,52,74,83,74,52,31
94,64,p339_064,171,134,37,80,91,80,37,54
94,65,p339_065,175,111,64,96,79,96,64,15
94,66,p339_066,167,78,89,66,101,66,89,12
94,67,p339_067,166,110,56,63,103,63,56,47
94,68,p339_068,202,105,97,60,142,59,96,47
94,69,p339_069,213,128,85,101,112,101,85,27
94,70,p339_070,167,126,41,83,84,83,41,43
94,71,p339_071,169,118,51,70,99,70,51,48
94,72,p339_072,189,115,74,101,88,100,73,16
94,73,p339_073,171,129,42,80,91,80,42,49
94,74,p339_074,222,176,46,115,107,115,46,61
94,75,p339_075,177,127,50,74,103,74,50,53
94,76,p339_076,170,106,64,68,102,67,63,40
94,77,p339_077,118,97,21,43,75,43,21,54
94,78,p339_078,160,82,78,66,94,65,77,18
94,79,p339_079,151,116,35,57,94,54,32,65
94,80,p339_080,173,99,74,82,91,82,74,17
94,81,p339_081,164,85,79,79,85,79,79,6
94,82,p339_082,150,115,35,64,86,63,34,53
94,83,p339_083,129,40,89,38,91,38,89,2
94,84,p339_084,384,289,95,110,274,110,95,179
94,85,p339_085,175,92,83,83,92,83,83,9
94,86,p339_086,198,166,32,105,93,104,31,63
94,87,p339_087,206,89,117,85,121,85,117,4
94,88,p339_088,180,114,66,84,96,84,66,30
94,89,p339_089,162,101,61,83,79,83,61,18
94,90,p339_090,217,100,117,83,134,83,117,17
94,91,p339_091,193,100,93,77,116,77,93,23
94,92,p339_092,192,105,87,100,92,100,87,5
94,93,p339_093,141,68,73,61,80,57,69,15
94,94,p339_094,161,101,60,86,75,86,60,15
94,95,p339_095,158,105,53,74,84,74,53,31
94,96,p339_096,138,94,44,39,99,39,44,55
94,97,p339_097,223,142,81,123,100,123,81,19
94,98,p339_098,218,140,78,123,95,123,78,17
94,99,p339_099,188,84,104,86,102,82,100,6
94,100,p339_100,145,59,86,48,97,48,86,11
94,101,p339_101,161,143,18,85,76,85,18,58
94,102,p339_102,254,146,108,131,123,131,108,15
94,103,p339_103,169,106,63,75,94,75,63,31
94,104,p339_104,139,94,45,64,75,64,45,30
94,105,p339_105,145,70,75,63,82,63,75,7
94,106,p339_107,169,77,92,73,96,73,92,4
94,107,p339_108,153,82,71,77,76,77,71,5
94,108,p339_109,178,71,107,67,111,67,107,4
94,109,p339_110,191,157,34,97,94,95,32,64
94,110,p339_111,163,78,85,69,94,69,85,9
94,111,p339_112,145,81,64,63,82,63,64,18
94,112,p339_113,155,92,63,72,83,72,63,20
94,113,p339_114,148,89,59,44,104,44,59,45
94,114,p339_115,216,129,87,116,100,116,87,13
94,115,p339_116,167,95,72,79,88,79,72,16
94,116,p339_117,177,101,76,78,99,78,76,23
94,117,p339_118,166,137,29,73,93,73,29,64
94,118,p339_119,118,49,69,49,69,49,69,0
94,119,p339_120,222,132,90,126,96,125,89,8
94,120,p339_121,184,84,100,80,104,80,100,4
94,121,p339_122,184,116,68,98,86,97,67,20
94,122,p339_123,165,65,100,61,104,60,99,6
94,123,p339_124,185,114,71,95,90,95,71,19
94,124,p339_125,131,69,62,44,87,44,62,25
94,125,p339_126,179,111,68,99,80,99,68,12
94,126,p339_127,166,114,52,90,76,90,52,24
94,127,p339_128,158,106,52,65,93,65,52,41
94,128,p339_129,189,151,38,104,85,104,38,47
94,129,p339_130,154,121,33,74,80,74,33,47
94,130,p339_131,226,158,68,152,74,152,68,6
94,131,p339_132,126,88,38,52,74,52,38,36
94,132,p339_133,147,78,69,78,69,78,69,0
94,133,p339_134,188,135,53,107,81,107,53,28
94,134,p339_135,164,102,62,72,92,72,62,30
94,135,p339_136,153,76,77,76,77,75,76,2
94,136,p339_137,115,77,38,50,65,50,38,27
94,137,p339_138,169,100,69,92,77,92,69,8
94,138,p339_139,113,48,65,43,70,43,65,5
94,139,p339_140,174,142,32,97,77,97,32,45
94,140,p339_141,181,152,29,104,77,104,29,48
94,141,p339_142,257,226,31,172,85,172,31,54
94,142,p339_143,169,144,25,96,73,96,25,48
94,143,p339_144,144,68,76,62,82,62,76,6
94,144,p339_145,137,92,45,97,40,88,36,13
94,145,p339_146,122,85,37,57,65,55,35,32
94,146,p339_147,214,98,116,90,124,90,116,8
94,147,p339_148,208,125,83,85,123,85,83,40
94,148,p339_149,150,89,61,50,100,50,61,39
94,149,p339_150,185,106,79,94,91,92,77,16
94,150,p339_151,172,94,78,66,106,66,78,28
94,151,p339_152,161,118,43,81,80,81,43,37
94,152,p339_153,169,93,76,88,81,88,76,5
94,153,p339_154,195,157,38,113,82,113,38,44
94,154,p339_155,146,114,32,81,65,79,30,37
94,155,p339_156,175,149,26,101,74,97,22,56
94,156,p339_157,171,109,62,95,76,95,62,14
94,157,p339_158,203,139,64,99,104,99,64,40
94,158,p339_159,147,92,55,66,81,66,55,26
94,159,p339_160,186,103,83,88,98,88,83,15
94,160,p339_161,132,99,33,45,87,45,33,54
94,161,p339_162,142,84,58,70,72,70,58,14
94,162,p339_163,163,128,35,93,70,93,35,35
94,163,p339_164,155,108,47,82,73,82,47,26
94,164,p339_165,126,110,16,55,71,55,16,55
94,165,p339_166,142,117,25,79,63,79,25,38
94,166,p339_167,174,102,72,93,81,93,72,9
94,167,p339_168,187,99,88,92,95,92,88,7
94,168,p339_169,195,118,77,115,80,113,75,7
94,169,p339_170,127,71,56,46,81,45,55,27
94,170,p339_171,144,138,6,89,55,89,6,49
94,171,p339_172,177,122,55,85,92,78,48,51
94,172,p339_173,169,95,74,83,86,82,73,14
94,173,p339_174,183,128,55,96,87,96,55,32
94,174,p339_175,151,117,34,69,82,69,34,48
94,175,p339_176,166,125,41,87,79,87,41,38
94,176,p339_177,166,108,58,68,98,68,58,40
94,177,p339_178,158,70,88,67,91,67,88,3
94,178,p339_179,208,118,90,113,95,113,90,5
94,179,p339_180,170,95,75,89,81,84,70,16
94,180,p339_181,162,130,32,94,68,91,29,42
94,181,p339_182,175,97,78,72,103,72,78,25
94,182,p339_183,170,113,57,84,86,84,57,29
94,183,p339_184,190,121,69,104,86,104,69,17
94,184,p339_185,192,148,44,101,91,101,44,47
94,185,p339_186,174,121,53,85,89,85,53,36
94,186,p339_187,142,93,49,67,75,66,48,28
94,187,p339_188,147,82,65,74,73,74,65,8
94,188,p339_189,164,131,33,88,76,88,33,43
94,189,p339_190,153,90,63,76,77,76,63,14
94,190,p339_191,113,69,44,41,72,41,44,28
94,191,p339_192,147,128,19,70,77,70,19,58
94,192,p339_193,134,91,43,56,78,56,43,35
94,193,p339_194,145,76,69,69,76,69,69,7
94,194,p339_195,176,92,84,85,91,85,84,7
94,195,p339_196,147,79,68,75,72,75,68,4
94,196,p339_197,137,69,68,56,81,56,68,13
94,197,p339_198,140,63,77,60,80,60,77,3
94,198,p339_199,181,116,65,111,70,111,65,5
94,199,p339_200,193,100,93,97,96,96,92,5
94,200,p339_201,145,64,81,61,84,61,81,3
95,1,p340_001,126,110,16,64,62,64,16,46
95,2,p340_002,223,207,16,138,85,138,16,69
95,3,p340_003,388,379,9,284,104,284,9,95
95,4,p340_004,265,238,27,184,81,184,27,54
95,5,p340_005,330,286,44,252,78,251,43,36
95,6,p340_006,386,329,57,227,159,227,57,102
95,7,p340_007,254,188,66,177,77,177,66,11
95,8,p340_008,425,397,28,327,98,327,28,70
95,9,p340_009,326,246,80,203,123,196,73,57
95,10,p340_010,182,126,56,96,86,96,56,30
95,11,p340_011,409,315,94,287,122,286,93,30
95,12,p340_012,274,209,65,191,83,191,65,18
95,13,p340_013,265,261,4,187,78,187,4,74
95,14,p340_014,281,239,42,201,80,201,42,38
95,15,p340_015,302,295,7,265,37,263,5,34
95,16,p340_016,374,313,61,282,92,282,61,31
95,17,p340_017,213,145,68,128,85,126,66,21
95,18,p340_018,330,231,99,230,100,227,96,7
95,19,p340_019,412,393,19,331,81,331,19,62
95,20,p340_020,260,233,27,169,91,168,26,66
95,21,p340_021,505,436,69,406,99,404,67,34
95,22,p340_022,366,292,74,264,102,264,74,28
95,23,p340_024,369,351,18,300,69,291,9,69
95,24,p340_025,131,129,2,55,76,55,2,74
95,25,p340_026,182,129,53,71,111,68,50,64
95,26,p340_027,179,154,25,112,67,112,25,42
95,27,p340_028,162,113,49,95,67,89,43,30
95,28,p340_029,153,124,29,96,57,87,20,46
95,29,p340_030,168,93,75,74,94,72,73,23
95,30,p340_031,139,92,47,61,78,61,47,31
95,31,p340_032,134,99,35,64,70,64,35,35
95,32,p340_033,175,125,50,98,77,98,50,27
95,33,p340_034,167,136,31,82,85,80,29,58
95,34,p340_035,142,111,31,95,47,94,30,18
95,35,p340_036,113,97,16,39,74,39,16,58
95,36,p340_037,211,167,44,133,78,133,44,34
95,37,p340_038,152,123,29,82,70,82,29,41
95,38,p340_039,147,107,40,87,60,87,40,20
95,39,p340_040,163,112,51,103,60,103,51,9
95,40,p340_041,129,105,24,64,65,63,23,43
95,41,p340_042,126,69,57,57,69,57,57,12
95,42,p340_043,145,87,58,73,72,73,58,14
95,43,p340_044,126,75,51,51,75,51,51,24
95,44,p340_045,177,106,71,79,98,79,71,27
95,45,p340_046,158,97,61,77,81,77,61,20
95,46,p340_047,147,97,50,78,69,78,50,19
95,47,p340_048,174,146,28,90,84,90,28,56
95,48,p340_049,136,102,34,59,77,59,34,43
95,49,p340_050,110,93,17,61,49,61,17,32
95,50,p340_051,153,106,47,92,61,92,47,14
95,51,p340_052,158,106,52,81,77,81,52,25
95,52,p340_053,126,94,32,50,76,50,32,44
95,53,p340_054,185,153,32,103,82,103,32,50
95,54,p340_055,123,102,21,67,56,67,21,35
95,55,p340_056,141,81,60,64,77,64,60,17
95,56,p340_057,126,118,8,55,71,55,8,63
95,57,p340_058,110,62,48,43,67,43,48,19
95,58,p340_059,123,98,25,54,69,54,25,44
95,59,p340_060,129,87,42,67,62,67,42,20
95,60,p340_061,115,101,14,62,53,62,14,39
95,61,p340_062,155,116,39,77,78,77,39,39
95,62,p340_063,235,106,129,79,156,79,129,27
95,63,p340_064,150,85,65,83,67,81,63,6
95,64,p340_065,161,112,49,83,78,83,49,29
95,65,p340_066,142,77,65,68,74,68,65,9
95,66,p340_067,142,75,67,74,68,74,67,1
95,67,p340_068,170,92,78,83,87,83,78,9
95,68,p340_069,123,94,29,61,62,61,29,33
95,69,p340_070,129,62,67,55,74,55,67,7
95,70,p340_071,129,124,5,55,74,55,5,69
95,71,p340_072,163,136,27,93,70,93,27,43
95,72,p340_073,131,130,1,56,75,56,1,74
95,73,p340_074,142,115,27,70,72,70,27,45
95,74,p340_075,142,112,30,65,77,65,30,47
95,75,p340_076,190,121,69,111,79,111,69,10
95,76,p340_077,150,97,53,80,70,77,50,23
95,77,p340_078,198,186,12,131,67,131,12,55
95,78,p340_079,131,99,32,63,68,63,32,36
95,79,p340_080,145,114,31,58,87,58,31,56
95,80,p340_081,132,103,29,52,80,52,29,51
95,81,p340_082,158,141,17,81,77,81,17,60
95,82,p340_083,150,92,58,80,70,80,58,12
95,83,p340_084,201,143,58,106,95,106,58,37
95,84,p340_085,155,131,24,76,79,76,24,55
95,85,p340_086,171,99,72,97,74,95,70,6
95,86,p340_087,233,104,129,92,141,92,129,12
95,87,p340_088,161,91,70,73,88,73,70,18
95,88,p340_089,169,141,28,106,63,106,28,35
95,89,p340_090,174,114,60,105,69,105,60,9
95,90,p340_091,201,147,54,91,110,91,54,56
95,91,p340_092,147,132,15,83,64,83,15,49
95,92,p340_093,158,121,37,114,44,112,35,11
95,93,p340_094,153,113,40,87,66,86,39,28
95,94,p340_095,126,73,53,69,57,69,53,4
95,95,p340_096,142,93,49,66,76,66,49,27
95,96,p340_097,134,83,51,72,62,72,51,11
95,97,p340_098,145,102,43,83,62,80,40,25
95,98,p340_099,118,98,20,62,56,60,18,40
95,99,p340_100,113,77,36,37,76,37,36,40
95,100,p340_101,105,82,23,60,45,60,23,22
95,101,p340_102,278,156,122,123,155,122,121,35
95,102,p340_103,169,106,63,84,85,84,63,22
95,103,p340_104,174,68,106,55,119,55,106,13
95,104,p340_105,217,146,71,123,94,123,71,23
95,105,p340_106,155,101,54,67,88,67,54,34
95,106,p340_107,169,96,73,72,97,72,73,24
95,107,p340_108,174,155,19,102,72,102,19,53
95,108,p340_109,171,135,36,100,71,100,36,35
95,109,p340_110,137,105,32,61,76,60,31,46
95,110,p340_111,249,86,163,58,191,58,163,28
95,111,p340_112,183,91,92,90,93,90,92,1
95,112,p340_113,174,90,84,68,106,68,84,22
95,113,p340_114,179,115,64,87,92,86,63,30
95,114,p340_115,182,124,58,103,79,102,57,23
95,115,p340_116,158,110,48,104,54,104,48,6
95,116,p340_117,163,84,79,55,108,54,78,31
95,117,p340_118,161,75,86,75,86,74,85,2
95,118,p340_119,163,105,58,74,89,72,56,35
95,119,p340_120,179,139,40,90,89,90,40,49
95,120,p340_121,183,106,77,84,99,84,77,22
95,121,p340_122,214,113,101,85,129,84,100,30
95,122,p340_123,121,106,15,68,53,67,14,40
95,123,p340_124,177,112,65,70,107,70,65,42
95,124,p340_125,166,99,67,86,80,86,67,13
95,125,p340_126,147,106,41,65,82,65,41,41
95,126,p340_127,129,100,29,59,70,59,29,41
95,127,p340_128,177,113,64,81,96,81,64,32
95,128,p340_129,177,98,79,77,100,77,79,21
95,129,p340_130,131,97,34,88,43,88,34,9
95,130,p340_131,134,108,26,69,65,69,26,39
95,131,p340_132,153,79,74,57,96,57,74,22
95,132,p340_133,203,132,71,105,98,105,71,27
95,133,p340_134,155,86,69,76,79,76,69,10
95,134,p340_135,159,91,68,72,87,72,68,19
95,135,p340_136,139,76,63,62,77,62,63,14
95,136,p340_137,161,125,36,102,59,102,36,23
95,137,p340_138,163,94,69,91,72,91,69,3
95,138,p340_139,238,156,82,91,147,91,82,65
95,139,p340_140,214,107,107,51,163,47,103,64
95,140,p340_141,211,96,115,72,139,71,114,26
95,141,p340_142,147,77,70,74,73,74,70,3
95,142,p340_143,135,123,12,58,77,58,12,65
95,143,p340_144,126,70,56,46,80,46,56,24
95,144,p340_145,161,101,60,88,73,88,60,13
95,145,p340_146,227,157,70,86,141,86,70,71
95,146,p340_147,225,64,161,64,161,64,161,0
95,147,p340_148,174,104,70,65,109,65,70,39
95,148,p340_149,166,135,31,92,74,92,31,43
95,149,p340_150,187,151,36,96,91,96,36,55
95,150,p340_151,158,111,47,93,65,93,47,18
95,151,p340_152,134,122,12,69,65,67,10,57
95,152,p340_153,96,81,15,79,17,76,12,8
95,153,p340_154,163,120,43,97,66,97,43,23
95,154,p340_155,177,166,11,105,72,105,11,61
95,155,p340_156,161,131,30,113,48,112,29,20
95,156,p340_157,142,114,28,92,50,91,27,24
95,157,p340_158,145,114,31,74,71,74,31,40
95,158,p340_159,147,73,74,71,76,71,74,2
95,159,p340_160,126,108,18,85,41,85,18,23
95,160,p340_161,105,63,42,47,58,47,42,16
95,161,p340_162,123,121,2,72,51,72,2,49
95,162,p340_163,123,70,53,48,75,48,53,22
95,163,p340_164,142,77,65,66,76,66,65,11
95,164,p340_165,131,89,42,58,73,58,42,31
95,165,p340_166,121,91,30,66,55,66,30,25
95,166,p340_167,158,139,19,97,61,97,19,42
95,167,p340_168,118,92,26,60,58,60,26,32
95,168,p340_169,142,75,67,69,73,69,67,6
95,169,p340_170,190,123,67,121,69,120,66,4
95,170,p340_171,181,98,83,85,96,84,82,15
95,171,p340_172,147,91,56,77,70,77,56,14
95,172,p340_173,131,71,60,61,70,61,60,10
95,173,p340_174,150,97,53,82,68,82,53,15
95,174,p340_175,153,85,68,67,86,67,68,18
95,175,p340_176,121,91,30,56,65,56,30,35
95,176,p340_177,107,63,44,42,65,42,44,21
95,177,p340_178,158,91,67,89,69,88,66,4
95,178,p340_179,147,76,71,73,74,73,71,3
95,179,p340_180,134,87,47,78,56,78,47,9
95,180,p340_181,110,51,59,36,74,36,59,15
95,181,p340_182,166,138,28,98,68,98,28,40
95,182,p340_183,131,70,61,66,65,66,61,4
95,183,p340_184,145,88,57,87,58,87,57,1
95,184,p340_185,161,110,51,92,69,91,50,20
95,185,p340_186,118,71,47,51,67,50,46,22
95,186,p340_187,142,134,8,94,48,94,8,40
95,187,p340_188,150,124,26,84,66,84,26,40
95,188,p340_189,142,69,73,54,88,54,73,15
95,189,p340_190,163,117,46,111,52,111,46,6
95,190,p340_191,217,119,98,82,135,82,98,37
95,191,p340_192,113,77,36,58,55,58,36,19
95,192,p340_193,115,61,54,56,59,56,54,5
95,193,p340_194,155,128,27,103,52,103,27,25
95,194,p340_195,185,142,43,103,82,103,43,39
95,195,p340_196,115,67,48,58,57,58,48,9
95,196,p340_197,129,66,63,65,64,65,63,1
95,197,p340_198,137,91,46,89,48,89,46,2
95,198,p340_199,123,68,55,56,67,56,55,12
95,199,p340_200,126,66,60,51,75,50,59,17
95,200,p340_201,134,103,31,70,64,69,30,35
96,1,p341_001,171,161,10,68,103,68,10,93
96,2,p341_002,354,285,69,183,171,183,69,102
96,3,p341_003,541,495,46,360,181,359,45,137
96,4,p341_004,410,344,66,238,172,238,66,106
96,5,p341_005,470,436,34,361,109,360,33,77
96,6,p341_006,524,416,108,302,222,301,107,116
96,7,p341_007,357,338,19,244,113,243,18,96
96,8,p341_008,595,444,151,411,184,409,149,37
96,9,p341_009,392,289,103,240,152,240,103,49
96,10,p341_010,318,156,162,108,210,108,162,48
96,11,p341_011,541,410,131,381,160,379,129,33
96,12,p341_012,369,316,53,225,144,225,53,91
96,13,p341_013,343,287,56,229,114,229,56,58
96,14,p341_014,406,352,54,254,152,254,54,98
96,15,p341_015,479,412,67,335,144,334,66,79
96,16,p341_016,509,472,37,384,125,384,37,88
96,17,p341_017,319,214,105,157,162,156,104,59
96,18,p341_018,464,311,153,298,166,298,153,13
96,19,p341_019,595,472,123,415,180,414,122,59
96,20,p341_020,311,267,44,201,110,201,44,66
96,21,p341_021,742,607,135,531,211,531,135,76
96,22,p341_022,512,428,84,366,146,365,83,64
96,23,p341_023,841,702,139,591,250,590,138,113
96,24,p341_024,559,435,124,364,195,363,123,73
96,25,p341_025,223,132,91,114,109,114,91,18
96,26,p341_026,198,80,118,73,125,73,118,7
96,27,p341_027,303,262,41,168,135,164,37,102
96,28,p341_028,237,175,62,134,103,128,56,53
96,29,p341_029,241,154,87,118,123,118,87,36
96,30,p341_030,217,100,117,87,130,86,116,15
96,31,p341_031,342,223,119,145,197,145,119,78
96,32,p341_032,289,196,93,125,164,125,93,71
96,33,p341_033,217,91,126,91,126,80,115,22
96,34,p341_034,207,162,45,91,116,89,43,75
96,35,p341_035,212,102,110,93,119,93,110,9
96,36,p341_036,202,97,105,90,112,90,105,7
96,37,p341_037,290,211,79,131,159,131,79,80
96,38,p341_038,183,149,34,62,121,62,34,87
96,39,p341_039,225,170,55,92,133,92,55,78
96,40,p341_040,240,140,100,138,102,136,98,6
96,41,p341_041,268,216,52,147,121,147,52,69
96,42,p341_042,235,115,120,94,141,94,120,21
96,43,p341_043,305,271,34,188,117,188,34,83
96,44,p341_044,179,104,75,86,93,84,73,22
96,45,p341_045,197,122,75,87,110,85,73,39
96,46,p341_046,293,235,58,179,114,179,58,56
96,47,p341_047,269,176,93,145,124,145,93,31
96,48,p341_048,251,155,96,130,121,130,96,25
96,49,p341_049,216,145,71,107,109,107,71,38
96,50,p341_050,268,155,113,122,146,122,113,33
96,51,p341_051,194,92,102,60,134,60,102,32
96,52,p341_052,263,170,93,146,117,146,93,24
96,53,p341_053,191,142,49,85,106,85,49,57
96,54,p341_054,305,171,134,161,144,161,134,10
96,55,p341_055,174,82,92,82,92,76,86,12
96,56,p341_056,253,126,127,127,126,120,120,13
96,57,p341_057,223,92,131,93,130,91,129,3
96,58,p341_058,240,166,74,149,91,149,74,17
96,59,p341_059,267,211,56,148,119,148,56,63
96,60,p341_060,304,226,78,124,180,122,76,106
96,61,p341_061,235,95,140,56,179,54,138,43
96,62,p341_062,261,146,115,128,133,125,112,24
96,63,p341_063,286,137,149,120,166,120,149,17
96,64,p341_064,213,100,113,73,140,73,113,27
96,65,p341_065,206,132,74,129,77,129,74,3
96,66,p341_066,164,73,91,54,110,54,91,19
96,67,p341_067,187,89,98,78,109,78,98,11
96,68,p341_068,202,137,65,76,126,76,65,61
96,69,p341_069,208,88,120,98,110,86,108,14
96,70,p341_070,252,196,56,214,38,174,16,62
96,71,p341_071,332,259,73,212,120,203,64,65
96,72,p341_072,227,122,105,110,117,109,104,14
96,73,p341_073,277,139,138,106,171,106,138,33
96,74,p341_074,178,87,91,80,98,80,91,7
96,75,p341_075,257,139,118,118,139,117,117,23
96,76,p341_076,175,83,92,51,124,51,92,32
96,77,p341_077,226,136,90,116,110,116,90,20
96,78,p341_078,210,152,58,108,102,105,55,50
96,79,p341_079,317,208,109,169,148,169,109,39
96,80,p341_080,295,150,145,142,153,142,145,8
96,81,p341_081,263,113,150,95,168,95,150,18
96,82,p341_082,410,264,146,249,161,248,145,17
96,83,p341_083,296,216,80,176,120,175,79,42
96,84,p341_084,292,238,54,95,197,95,54,143
96,85,p341_085,233,159,74,131,102,131,74,28
96,86,p341_086,190,124,66,77,113,76,65,49
96,87,p341_087,248,198,50,142,106,142,50,56
96,88,p341_088,212,167,45,108,104,108,45,59
96,89,p341_089,275,206,69,164,111,164,69,42
96,90,p341_090,282,178,104,168,114,167,103,12
96,91,p341_091,213,92,121,98,115,84,107,22
96,92,p341_092,256,182,74,156,100,156,74,26
96,93,p341_093,248,163,85,137,111,137,85,26
96,94,p341_094,170,148,22,82,88,82,22,66
96,95,p341_095,201,98,103,96,105,92,99,10
96,96,p341_096,235,125,110,110,125,110,110,15
96,97,p341_097,225,144,81,118,107,118,81,26
96,98,p341_098,237,159,78,122,115,122,78,37
96,99,p341_099,246,130,116,124,122,123,115,8
96,100,p341_100,199,89,110,84,115,84,110,5
96,101,p341_101,374,374,0,374,0,374,0,0
96,102,p341_102,235,135,100,123,112,123,100,12
96,103,p341_103,231,96,135,93,138,93,135,3
96,104,p341_104,220,136,84,112,108,112,84,24
96,105,p341_105,236,136,100,97,139,97,100,39
96,106,p341_106,241,146,95,117,124,117,95,29
96,107,p341_107,255,185,70,118,137,118,70,67
96,108,p341_108,184,154,30,70,114,70,30,84
96,109,p341_109,214,128,86,95,119,95,86,33
96,110,p341_110,236,144,92,129,107,129,92,15
96,111,p341_111,264,176,88,153,111,153,88,23
96,112,p341_112,198,84,114,70,128,70,114,14
96,113,p341_113,250,137,113,119,131,119,113,18
96,114,p341_114,210,66,144,65,145,65,144,1
96,115,p341_115,272,126,146,123,149,123,146,3
96,116,p341_116,291,166,125,140,151,140,125,26
96,117,p341_117,252,181,71,131,121,131,71,50
96,118,p341_118,268,122,146,118,150,118,146,4
96,119,p341_119,273,158,115,139,134,139,115,19
96,120,p341_120,247,162,85,100,147,99,84,64
96,121,p341_121,236,198,38,135,101,135,38,63
96,122,p341_122,252,106,146,101,151,101,146,5
96,123,p341_123,212,169,43,58,154,58,43,111
96,124,p341_124,257,138,119,114,143,114,119,24
96,125,p341_125,272,155,117,118,154,118,117,37
96,126,p341_126,204,134,70,107,97,103,66,35
96,127,p341_127,200,138,62,89,111,89,62,49
96,128,p341_128,209,157,52,107,102,105,50,54
96,129,p341_129,275,154,121,149,126,149,121,5
96,130,p341_130,251,128,123,110,141,110,123,18
96,131,p341_131,185,116,69,70,115,70,69,46
96,132,p341_132,322,228,94,207,115,207,94,21
96,133,p341_133,249,206,43,110,139,110,43,96
96,134,p341_134,328,215,113,175,153,175,113,40
96,135,p341_135,204,160,44,111,93,111,44,49
96,136,p341_136,306,197,109,196,110,193,106,7
96,137,p341_137,350,173,177,157,193,157,177,16
96,138,p341_138,228,112,116,75,153,75,116,37
96,139,p341_139,204,162,42,109,95,109,42,53
96,140,p341_140,184,96,88,79,105,79,88,17
96,141,p341_141,248,231,17,148,100,148,17,83
96,142,p341_142,276,188,88,121,155,120,87,69
96,143,p341_143,196,117,79,84,112,84,79,33
96,144,p341_144,185,175,10,87,98,87,10,88
96,145,p341_145,231,201,30,122,109,122,30,79
96,146,p341_146,291,226,65,143,148,143,65,83
96,147,p341_147,230,161,69,118,112,118,69,43
96,148,p341_148,325,225,100,211,114,211,100,14
96,149,p341_149,214,117,97,92,122,92,97,25
96,150,p341_150,259,183,76,159,100,159,76,24
96,151,p341_151,302,164,138,120,182,120,138,44
96,152,p341_152,331,195,136,107,224,107,136,88
96,153,p341_153,222,132,90,118,104,118,90,14
96,154,p341_154,239,145,94,121,118,121,94,24
96,155,p341_155,284,186,98,160,124,159,97,28
96,156,p341_156,227,192,35,74,153,74,35,118
96,157,p341_157,247,181,66,159,88,159,66,22
96,158,p341_158,307,138,169,97,210,96,168,43
96,159,p341_159,304,165,139,127,177,127,139,38
96,160,p341_160,271,138,133,134,137,134,133,4
96,161,p341_161,259,183,76,120,139,120,76,63
96,162,p341_162,206,95,111,57,149,57,111,38
96,163,p341_163,270,196,74,121,149,121,74,75
96,164,p341_164,212,153,59,102,110,102,59,51
96,165,p341_165,273,130,143,110,163,110,143,20
96,166,p341_166,270,174,96,145,125,145,96,29
96,167,p341_167,240,115,125,106,134,106,125,9
96,168,p341_168,251,123,128,105,146,100,123,28
96,169,p341_169,274,153,121,118,156,118,121,35
96,170,p341_170,296,166,130,138,158,138,130,28
96,171,p341_171,273,183,90,150,123,150,90,33
96,172,p341_172,324,222,102,154,170,154,102,68
96,173,p341_173,270,120,150,108,162,108,150,12
96,174,p341_174,260,131,129,111,149,111,129,20
96,175,p341_175,183,68,115,54,129,54,115,14
96,176,p341_176,259,151,108,120,139,120,108,31
96,177,p341_177,229,164,65,115,114,114,64,51
96,178,p341_178,252,175,77,143,109,143,77,32
96,179,p341_179,161,75,86,41,120,40,85,36
96,180,p341_180,279,141,138,138,141,138,138,3
96,181,p341_181,209,104,105,97,112,97,105,7
96,182,p341_182,207,124,83,105,102,105,83,19
96,183,p341_183,257,161,96,104,153,104,96,57
96,184,p341_184,179,137,42,75,104,75,42,62
96,185,p341_185,224,111,113,100,124,100,113,11
96,186,p341_186,245,128,117,79,166,79,117,49
96,187,p341_187,229,164,65,132,97,132,65,32
96,188,p341_188,306,160,146,145,161,144,145,17
96,189,p341_189,190,80,110,64,126,64,110,16
96,190,p341_190,223,107,116,93,130,93,116,14
96,191,p341_191,211,111,100,100,111,100,100,11
96,192,p341_192,182,49,133,41,141,41,133,8
96,193,p341_193,261,166,95,126,135,126,95,40
96,194,p341_194,294,172,122,156,138,156,122,16
96,195,p341_195,188,53,135,43,145,43,135,10
96,196,p341_196,304,186,118,165,139,165,118,21
96,197,p341_197,277,167,110,165,112,164,109,4
96,198,p341_198,274,165,109,130,144,130,109,35
96,199,p341_199,149,111,38,71,78,71,38,40
96,200,p341_200,239,152,87,118,121,118,87,34
97,1,p343_001,180,159,21,98,82,98,21,61
97,2,p343_002,249,238,11,193,56,193,11,45
97,3,p343_003,531,458,73,370,161,370,73,88
97,4,p343_004,342,318,24,280,62,276,20,46
97,5,p343_005,423,411,12,366,57,366,12,45
97,6,p343_006,395,375,20,347,48,342,15,38
97,7,p343_007,336,310,26,229,107,229,26,81
97,8,p343_009,367,312,55,234,133,230,51,86
97,9,p343_010,227,182,45,137,90,137,45,45
97,10,p343_011,461,458,3,404,57,404,3,54
97,11,p343_012,307,268,39,277,30,254,16,37
97,12,p343_013,299,257,42,229,70,218,31,50
97,13,p343_014,330,326,4,273,57,273,4,53
97,14,p343_015,447,445,2,390,57,388,0,59
97,15,p343_016,556,524,32,491,65,475,16,65
97,16,p343_018,451,366,85,350,101,323,58,70
97,17,p343_019,451,431,20,413,38,401,8,42
97,18,p343_020,311,274,37,229,82,226,34,51
97,19,p343_021,630,588,42,551,79,533,24,73
97,20,p343_022,457,434,23,382,75,381,22,54
97,21,p343_023,778,704,74,652,126,633,55,90
97,22,p343_024,490,428,62,398,92,392,56,42
97,23,p343_025,171,111,60,94,77,93,59,19
97,24,p343_026,166,137,29,92,74,90,27,49
97,25,p343_027,206,133,73,97,109,97,73,36
97,26,p343_028,258,204,54,159,99,156,51,51
97,27,p343_029,166,140,26,97,69,97,26,43
97,28,p343_030,230,161,69,146,84,141,64,25
97,29,p343_031,229,135,94,105,124,102,91,36
97,30,p343_032,174,104,70,79,95,75,66,33
97,31,p343_033,216,180,36,106,110,105,35,76
97,32,p343_034,171,108,63,57,114,57,63,51
97,33,p343_035,204,138,66,102,102,99,63,42
97,34,p343_036,161,133,28,117,44,109,20,32
97,35,p343_037,199,140,59,93,106,93,59,47
97,36,p343_038,219,168,51,115,104,115,51,53
97,37,p343_039,205,152,53,70,135,69,52,84
97,38,p343_040,180,153,27,108,72,102,21,57
97,39,p343_041,205,149,56,115,90,114,55,36
97,40,p343_042,224,121,103,102,122,100,101,23
97,41,p343_043,191,148,43,94,97,92,41,58
97,42,p343_044,200,125,75,100,100,98,73,29
97,43,p343_045,203,116,87,108,95,106,85,12
97,44,p343_046,178,122,56,92,86,92,56,30
97,45,p343_047,160,115,45,100,60,99,44,17
97,46,p343_048,195,156,39,102,93,101,38,56
97,47,p343_049,209,125,84,105,104,104,83,22
97,48,p343_050,214,201,13,94,120,94,13,107
97,49,p343_051,195,125,70,164,31,123,29,43
97,50,p343_052,233,163,70,148,85,140,62,31
97,51,p343_053,202,177,25,147,55,137,15,50
97,52,p343_054,164,136,28,103,61,93,18,53
97,53,p343_055,168,161,7,119,49,117,5,46
97,54,p343_056,233,194,39,226,7,193,6,34
97,55,p343_057,254,218,36,191,63,186,31,37
97,56,p343_058,197,170,27,99,98,97,25,75
97,57,p343_059,235,175,60,140,95,133,53,49
97,58,p343_060,234,201,33,140,94,140,33,61
97,59,p343_061,209,174,35,118,91,114,31,64
97,60,p343_062,227,187,40,125,102,121,36,70
97,61,p343_063,163,159,4,115,48,113,2,48
97,62,p343_064,148,87,61,82,66,74,53,21
97,63,p343_065,202,172,30,150,52,137,17,48
97,64,p343_066,254,229,25,208,46,193,10,51
97,65,p343_067,193,122,71,101,92,99,69,25
97,66,p343_068,201,155,46,116,85,115,45,41
97,67,p343_069,171,151,20,165,6,149,4,18
97,68,p343_070,173,135,38,161,12,129,6,38
97,69,p343_071,193,146,47,137,56,115,25,53
97,70,p343_072,224,148,76,135,89,121,62,41
97,71,p343_073,166,141,25,87,79,83,21,62
97,72,p343_074,185,113,72,97,88,97,72,16
97,73,p343_075,153,147,6,91,62,91,6,56
97,74,p343_076,157,147,10,112,45,111,9,37
97,75,p343_077,221,203,18,123,98,123,18,80
97,76,p343_078,191,162,29,95,96,92,26,73
97,77,p343_079,225,216,9,143,82,141,7,77
97,78,p343_080,221,207,14,138,83,137,13,71
97,79,p343_081,218,162,56,122,96,116,50,52
97,80,p343_082,214,170,44,184,30,156,16,42
97,81,p343_083,200,152,48,134,66,125,39,36
97,82,p343_084,174,155,19,133,41,127,13,34
97,83,p343_085,244,203,41,155,89,150,36,58
97,84,p343_086,233,141,92,137,96,123,78,32
97,85,p343_087,190,167,23,83,107,83,23,84
97,86,p343_088,230,162,68,97,133,92,63,75
97,87,p343_089,253,189,64,170,83,152,46,55
97,88,p343_090,244,214,30,146,98,144,28,72
97,89,p343_091,209,182,27,119,90,115,23,71
97,90,p343_092,163,102,61,88,75,80,53,30
97,91,p343_093,267,207,60,157,110,154,57,56
97,92,p343_094,237,188,49,144,93,141,46,50
97,93,p343_095,171,163,8,92,79,92,8,71
97,94,p343_096,209,168,41,108,101,108,41,60
97,95,p343_097,107,78,29,53,54,50,26,31
97,96,p343_098,201,148,53,127,74,111,37,53
97,97,p343_099,148,125,23,82,66,75,16,57
97,98,p343_100,272,227,45,167,105,164,42,66
97,99,p343_101,190,158,32,99,91,99,32,59
97,100,p343_102,163,129,34,103,60,100,31,32
97,101,p343_103,166,101,65,91,75,82,56,28
97,102,p343_104,190,139,51,111,79,103,43,44
97,103,p343_105,230,181,49,159,71,150,40,40
97,104,p343_106,233,199,34,135,98,135,34,64
97,105,p343_107,177,128,49,132,45,111,28,38
97,106,p343_108,177,82,95,87,90,74,82,21
97,107,p343_109,158,102,56,99,59,79,36,43
97,108,p343_110,174,96,78,146,28,94,26,54
97,109,p343_111,185,113,72,109,76,102,65,18
97,110,p343_112,194,148,46,120,74,120,46,28
97,111,p343_113,177,138,39,114,63,103,28,46
97,112,p343_114,243,179,64,155,88,153,62,28
97,113,p343_115,227,178,49,156,71,154,47,26
97,114,p343_116,210,183,27,110,100,110,27,73
97,115,p343_117,241,214,27,174,67,168,21,52
97,116,p343_118,189,170,19,154,35,150,15,24
97,117,p343_119,234,189,45,130,104,128,43,63
97,118,p343_120,182,161,21,127,55,124,18,40
97,119,p343_121,233,199,34,144,89,141,31,61
97,120,p343_122,129,87,42,116,13,85,11,33
97,121,p343_123,185,116,69,134,51,106,41,38
97,122,p343_124,182,96,86,101,81,96,81,5
97,123,p343_125,193,128,65,102,91,95,58,40
97,124,p343_126,162,118,44,89,73,79,34,49
97,125,p343_127,142,100,42,96,46,79,25,38
97,126,p343_128,154,139,15,103,51,99,11,44
97,127,p343_129,150,123,27,123,27,108,12,30
97,128,p343_130,229,209,20,150,79,146,16,67
97,129,p343_131,167,105,62,82,85,75,55,37
97,130,p343_132,251,218,33,149,102,145,29,77
97,131,p343_133,206,164,42,143,63,143,42,21
97,132,p343_134,189,139,50,131,58,112,31,46
97,133,p343_135,174,137,37,131,43,113,19,42
97,134,p343_136,225,187,38,155,70,150,33,42
97,135,p343_137,174,110,64,94,80,94,64,16
97,136,p343_139,253,204,49,160,93,154,43,56
97,137,p343_140,183,134,49,129,54,108,28,47
97,138,p343_141,170,146,24,124,46,122,22,26
97,139,p343_142,199,164,35,155,44,141,21,37
97,140,p343_143,217,185,32,134,83,128,26,63
97,141,p343_144,190,147,43,106,84,104,41,45
97,142,p343_145,197,180,17,137,60,130,10,57
97,143,p343_146,174,124,50,97,77,94,47,33
97,144,p343_147,230,208,22,125,105,125,22,83
97,145,p343_148,217,208,9,163,54,162,8,47
97,146,p343_149,193,159,34,115,78,115,34,44
97,147,p343_150,266,221,45,198,68,170,17,79
97,148,p343_151,201,168,33,142,59,120,11,70
97,149,p343_152,215,135,80,108,107,107,79,29
97,150,p343_153,171,140,31,102,69,101,30,40
97,151,p343_154,166,127,39,91,75,80,28,58
97,152,p343_155,196,185,11,106,90,104,9,83
97,153,p343_157,171,124,47,121,50,109,35,27
97,154,p343_158,185,151,34,95,90,95,34,56
97,155,p343_159,287,232,55,168,119,161,48,78
97,156,p343_160,187,157,30,172,15,148,6,33
97,157,p343_161,219,191,28,171,48,161,18,40
97,158,p343_162,180,167,13,122,58,113,4,63
97,159,p343_163,198,170,28,148,50,130,10,58
97,160,p343_164,154,117,37,94,60,88,31,35
97,161,p343_165,161,148,13,118,43,118,13,30
97,162,p343_166,234,186,48,160,74,157,45,32
97,163,p343_167,202,109,93,93,109,93,93,16
97,164,p343_168,163,158,5,108,55,106,3,54
97,165,p343_169,230,198,32,156,74,153,29,48
97,166,p343_170,255,232,23,144,111,141,20,94
97,167,p343_171,211,189,22,131,80,129,20,62
97,168,p343_172,242,199,43,144,98,142,41,59
97,169,p343_173,210,203,7,155,55,155,7,48
97,170,p343_174,179,162,17,99,80,99,17,63
97,171,p343_175,257,212,45,164,93,163,44,50
97,172,p343_176,211,196,15,126,85,126,15,70
97,173,p343_177,225,198,27,134,91,134,27,64
97,174,p343_178,187,173,14,117,70,115,12,60
97,175,p343_179,234,210,24,149,85,147,22,65
97,176,p343_180,200,171,29,113,87,113,29,58
97,177,p343_181,158,127,31,105,53,103,29,26
97,178,p343_182,211,153,58,146,65,132,44,35
97,179,p343_183,195,180,15,149,46,146,12,37
97,180,p343_184,205,154,51,174,31,143,20,42
97,181,p343_185,190,161,29,134,56,133,28,29
97,182,p343_186,218,201,17,140,78,138,15,65
97,183,p343_187,366,235,131,215,151,215,131,20
97,184,p343_188,166,150,16,109,57,109,16,41
97,185,p343_189,187,155,32,98,89,98,32,57
97,186,p343_190,214,184,30,135,79,134,29,51
97,187,p343_191,152,117,35,74,78,72,33,47
97,188,p343_192,182,171,11,108,74,108,11,63
97,189,p343_193,183,172,11,95,88,95,11,77
97,190,p343_194,295,281,14,245,50,239,8,48
97,191,p343_195,153,127,26,117,36,106,15,32
97,192,p343_196,153,112,41,79,74,74,36,43
97,193,p343_197,276,237,39,192,84,184,31,61
97,194,p343_198,147,127,20,83,64,82,19,46
97,195,p343_199,159,83,76,106,53,74,44,41
97,196,p343_201,214,136,78,163,51,132,47,35
97,197,p343_202,178,168,10,137,41,134,7,37
97,198,p343_203,227,187,40,163,64,152,29,46
97,199,p343_204,216,142,74,132,84,127,69,20
97,200,p343_205,222,155,67,141,81,137,63,22
98,1,p345_001,137,109,28,62,75,62,28,47
98,2,p345_002,295,214,81,164,131,159,76,60
98,3,p345_003,476,420,56,336,140,335,55,86
98,4,p345_004,320,286,34,238,82,238,34,48
98,5,p345_005,434,393,41,313,121,313,41,80
98,6,p345_006,403,326,77,267,136,267,77,59
98,7,p345_007,311,224,87,207,104,207,87,17
98,8,p345_008,496,384,112,367,129,366,111,19
98,9,p345_009,309,270,39,197,112,197,39,73
98,10,p345_010,193,185,8,110,83,110,8,75
98,11,p345_011,416,363,53,307,109,307,53,56
98,12,p345_012,354,239,115,201,153,201,115,38
98,13,p345_013,319,225,94,186,133,186,94,39
98,14,p345_014,309,240,69,237,72,228,60,21
98,15,p345_015,364,339,25,308,56,308,25,31
98,16,p345_016,398,332,66,307,91,307,66,25
98,17,p345_017,246,157,89,149,97,149,89,8
98,18,p345_018,361,276,85,264,97,264,85,12
98,19,p345_019,433,360,73,353,80,352,72,9
98,20,p345_020,269,177,92,195,74,167,64,38
98,21,p345_021,566,520,46,452,114,452,46,68
98,22,p345_022,449,383,66,324,125,324,66,59
98,23,p345_023,726,609,117,552,174,551,116,59
98,24,p345_024,419,398,21,348,71,345,18,56
98,25,p345_025,184,126,58,61,123,61,58,65
98,26,p345_026,179,128,51,56,123,56,51,72
98,27,p345_027,154,108,46,71,83,71,46,37
98,28,p345_028,185,102,83,91,94,91,83,11
98,29,p345_029,184,82,102,59,125,59,102,23
98,30,p345_030,174,131,43,82,92,82,43,49
98,31,p345_031,185,144,41,81,104,81,41,63
98,32,p345_032,143,105,38,77,66,77,38,28
98,33,p345_033,230,75,155,70,160,70,155,5
98,34,p345_034,206,95,111,47,159,47,111,48
98,35,p345_035,205,110,95,103,102,103,95,7
98,36,p345_036,266,112,154,92,174,92,154,20
98,37,p345_037,190,110,80,83,107,82,79,29
98,38,p345_038,188,87,101,86,102,86,101,1
98,39,p345_039,169,118,51,87,82,87,51,31
98,40,p345_040,225,169,56,144,81,144,56,25
98,41,p345_041,172,96,76,68,104,68,76,28
98,42,p345_042,207,153,54,99,108,99,54,54
98,43,p345_043,211,147,64,131,80,131,64,16
98,44,p345_044,162,91,71,77,85,77,71,14
98,45,p345_045,206,142,64,115,91,115,64,27
98,46,p345_046,201,132,69,120,81,120,69,12
98,47,p345_047,217,169,48,105,112,102,45,70
98,48,p345_048,171,134,37,71,100,71,37,63
98,49,p345_049,138,89,49,63,75,63,49,26
98,50,p345_050,222,157,65,149,73,149,65,8
98,51,p345_051,209,123,86,62,147,62,86,61
98,52,p345_052,147,107,40,71,76,71,40,36
98,53,p345_053,149,73,76,59,90,59,76,14
98,54,p345_054,198,121,77,112,86,112,77,9
98,55,p345_055,202,131,71,97,105,97,71,34
98,56,p345_056,219,136,83,118,101,118,83,18
98,57,p345_057,191,97,94,92,99,89,91,11
98,58,p345_058,166,123,43,79,87,79,43,44
98,59,p345_059,203,116,87,105,98,105,87,11
98,60,p345_060,177,112,65,85,92,85,65,27
98,61,p345_061,153,84,69,79,74,79,69,5
98,62,p345_062,185,135,50,122,63,122,50,13
98,63,p345_063,179,121,58,100,79,100,58,21
98,64,p345_064,174,96,78,94,80,94,78,2
98,65,p345_065,155,77,78,74,81,74,78,3
98,66,p345_066,176,77,99,68,108,68,99,9
98,67,p345_067,139,82,57,46,93,46,57,36
98,68,p345_068,146,47,99,43,103,43,99,4
98,69,p345_069,283,195,88,184,99,184,88,11
98,70,p345_070,204,119,85,111,93,111,85,8
98,71,p345_071,134,92,42,44,90,44,42,48
98,72,p345_072,198,100,98,97,101,97,98,3
98,73,p345_073,173,81,92,74,99,74,92,7
98,74,p345_074,171,85,86,83,88,83,86,2
98,75,p345_075,198,121,77,110,88,110,77,11
98,76,p345_076,198,125,73,110,88,110,73,15
98,77,p345_077,216,121,95,113,103,113,95,8
98,78,p345_078,150,74,76,71,79,71,76,3
98,79,p345_079,134,61,73,47,87,46,72,16
98,80,p345_080,195,116,79,114,81,114,79,2
98,81,p345_081,165,86,79,83,82,83,79,3
98,82,p345_082,139,59,80,54,85,54,80,5
98,83,p345_083,137,98,39,56,81,56,39,42
98,84,p345_084,224,144,80,144,80,144,80,0
98,85,p345_085,179,139,40,86,93,86,40,53
98,86,p345_086,200,161,39,109,91,109,39,52
98,87,p345_087,141,76,65,54,87,53,64,24
98,88,p345_088,184,109,75,84,100,82,73,29
98,89,p345_089,164,119,45,87,77,87,45,32
98,90,p345_090,161,98,63,90,71,90,63,8
98,91,p345_091,169,99,70,92,77,92,70,7
98,92,p345_092,148,85,63,77,71,77,63,8
98,93,p345_093,224,142,82,128,96,127,81,16
98,94,p345_094,180,112,68,65,115,65,68,47
98,95,p345_095,160,108,52,87,73,87,52,21
98,96,p345_096,145,87,58,70,75,70,58,17
98,97,p345_097,174,128,46,117,57,117,46,11
98,98,p345_098,187,102,85,100,87,100,85,2
98,99,p345_099,129,49,80,44,85,44,80,5
98,100,p345_100,185,125,60,110,75,110,60,15
98,101,p345_101,181,112,69,106,75,106,69,6
98,102,p345_102,182,112,70,95,87,95,70,17
98,103,p345_103,163,124,39,69,94,69,39,55
98,104,p345_104,206,136,70,122,84,122,70,14
98,105,p345_105,177,157,20,106,71,106,20,51
98,106,p345_106,182,157,25,116,66,116,25,41
98,107,p345_107,161,91,70,80,81,79,69,13
98,108,p345_108,163,100,63,80,83,80,63,20
98,109,p345_109,125,49,76,37,88,37,76,12
98,110,p345_110,180,97,83,92,88,92,83,5
98,111,p345_111,203,123,80,116,87,116,80,7
98,112,p345_112,107,93,14,54,53,54,14,39
98,113,p345_113,158,95,63,95,63,95,63,0
98,114,p345_114,133,63,70,46,87,46,70,17
98,115,p345_115,265,128,137,119,146,119,137,9
98,116,p345_116,219,147,72,144,75,143,71,5
98,117,p345_117,138,99,39,63,75,63,39,36
98,118,p345_118,159,78,81,71,88,71,81,7
98,119,p345_119,161,83,78,70,91,69,77,15
98,120,p345_120,166,95,71,78,88,78,71,17
98,121,p345_121,208,128,80,117,91,117,80,11
98,122,p345_122,198,127,71,116,82,116,71,11
98,123,p345_123,281,171,110,120,161,120,110,51
98,124,p345_124,278,137,141,77,201,77,141,60
98,125,p345_125,331,93,238,127,204,73,184,74
98,126,p345_126,324,171,153,152,172,152,153,19
98,127,p345_127,386,179,207,168,218,168,207,11
98,128,p345_128,171,93,78,66,105,66,78,27
98,129,p345_129,238,71,167,70,168,69,166,3
98,130,p345_130,203,140,63,114,89,114,63,26
98,131,p345_131,240,134,106,117,123,117,106,17
98,132,p345_132,238,108,130,90,148,90,130,18
98,133,p345_133,209,92,117,85,124,85,117,7
98,134,p345_134,193,111,82,104,89,104,82,7
98,135,p345_135,230,90,140,85,145,84,139,7
98,136,p345_136,169,111,58,100,69,100,58,11
98,137,p345_137,174,103,71,90,84,90,71,13
98,138,p345_138,132,60,72,56,76,56,72,4
98,139,p345_139,173,81,92,79,94,79,92,2
98,140,p345_140,208,114,94,105,103,105,94,9
98,141,p345_141,150,96,54,80,70,80,54,16
98,142,p345_142,161,107,54,90,71,90,54,17
98,143,p345_143,219,159,60,145,74,145,60,14
98,144,p345_144,201,134,67,86,115,86,67,48
98,145,p345_145,182,124,58,85,97,85,58,39
98,146,p345_146,198,126,72,110,88,110,72,16
98,147,p345_147,150,92,58,72,78,72,58,20
98,148,p345_148,134,78,56,69,65,69,56,9
98,149,p345_149,137,95,42,59,78,59,42,36
98,150,p345_150,199,151,48,129,70,129,48,22
98,151,p345_151,161,93,68,89,72,89,68,4
98,152,p345_152,159,103,56,73,86,73,56,30
98,153,p345_153,166,123,43,96,70,96,43,27
98,154,p345_154,158,113,45,88,70,88,45,25
98,155,p345_155,185,111,74,90,95,89,73,23
98,156,p345_156,149,132,17,73,76,73,17,59
98,157,p345_157,142,101,41,71,71,71,41,30
98,158,p345_158,158,106,52,96,62,96,52,10
98,159,p345_159,197,127,70,121,76,121,70,6
98,160,p345_160,142,90,52,54,88,54,52,36
98,161,p345_161,168,111,57,83,85,83,57,28
98,162,p345_162,154,91,63,69,85,69,63,22
98,163,p345_163,166,91,75,68,98,68,75,23
98,164,p345_164,202,109,93,99,103,99,93,10
98,165,p345_165,200,106,94,98,102,98,94,8
98,166,p345_166,176,109,67,97,79,97,67,12
98,167,p345_167,174,117,57,100,74,100,57,17
98,168,p345_168,190,88,102,65,125,65,102,23
98,169,p345_169,198,112,86,110,88,109,85,4
98,170,p345_170,206,115,91,111,95,111,91,4
98,171,p345_171,185,107,78,55,130,55,78,52
98,172,p345_172,217,161,56,130,87,128,54,35
98,173,p345_173,192,108,84,84,108,84,84,24
98,174,p345_174,175,87,88,77,98,77,88,10
98,175,p345_175,163,110,53,74,89,74,53,36
98,176,p345_176,142,65,77,58,84,58,77,7
98,177,p345_177,150,68,82,54,96,54,82,14
98,178,p345_178,173,75,98,58,115,58,98,17
98,179,p345_179,144,80,64,78,66,77,63,4
98,180,p345_180,231,85,146,81,150,81,146,4
98,181,p345_181,138,82,56,64,74,64,56,18
98,182,p345_182,180,105,75,92,88,92,75,13
98,183,p345_183,182,79,103,72,110,72,103,7
98,184,p345_184,216,124,92,113,103,113,92,11
98,185,p345_185,290,127,163,94,196,94,163,33
98,186,p345_186,187,68,119,56,131,50,113,24
98,187,p345_187,250,87,163,77,173,72,158,20
98,188,p345_188,347,127,220,121,226,120,219,8
98,189,p345_189,310,144,166,104,206,104,166,40
98,190,p345_190,323,92,231,81,242,81,231,11
98,191,p345_191,252,121,131,99,153,99,131,22
98,192,p345_192,220,145,75,123,97,123,75,22
98,193,p345_193,243,112,131,76,167,76,131,36
98,194,p345_194,222,126,96,85,137,85,96,41
98,195,p345_195,253,98,155,88,165,88,155,10
98,196,p345_196,354,119,235,94,260,93,234,27
98,197,p345_197,171,80,91,73,98,73,91,7
98,198,p345_198,321,129,192,127,194,127,192,2
98,199,p345_199,154,92,62,60,94,60,62,32
98,200,p345_200,202,127,75,103,99,103,75,24
99,1,p347_001,150,135,15,74,76,74,15,61
99,2,p347_002,266,216,50,142,124,142,50,74
99,3,p347_003,495,384,111,293,202,288,106,101
99,4,p347_004,330,316,14,222,108,221,13,96
99,5,p347_005,476,465,11,362,114,362,11,103
99,6,p347_006,388,384,4,270,118,270,4,114
99,7,p347_007,302,290,12,211,91,211,12,79
99,8,p347_008,544,523,21,411,133,407,17,120
99,9,p347_009,302,294,8,223,79,223,8,71
99,10,p347_010,222,222,0,129,93,129,0,93
99,11,p347_011,513,513,0,386,127,386,0,127
99,12,p347_012,318,303,15,218,100,218,15,85
99,13,p347_013,299,282,17,204,95,204,17,78
99,14,p347_014,333,332,1,251,82,251,1,81
99,15,p347_015,387,367,20,292,95,292,20,75
99,16,p347_016,435,428,7,345,90,345,7,83
99,17,p347_017,249,231,18,147,102,147,18,84
99,18,p347_018,398,390,8,281,117,281,8,109
99,19,p347_019,558,530,28,413,145,413,28,117
99,20,p347_020,305,283,22,209,96,209,22,74
99,21,p347_021,664,639,25,505,159,505,25,134
99,22,p347_022,462,434,28,347,115,347,28,87
99,23,p347_023,820,809,11,626,194,625,10,185
99,24,p347_024,449,439,10,340,109,340,10,99
99,25,p347_025,206,198,8,103,103,103,8,95
99,26,p347_026,206,198,8,123,83,123,8,75
99,27,p347_027,221,188,33,128,93,128,33,60
99,28,p347_028,177,144,33,92,85,91,32,54
99,29,p347_029,242,216,26,173,69,166,19,57
99,30,p347_030,259,197,62,125,134,125,62,72
99,31,p347_031,209,158,51,123,86,123,51,35
99,32,p347_032,211,205,6,132,79,132,6,73
99,33,p347_033,241,225,16,151,90,151,16,74
99,34,p347_034,190,182,8,108,82,108,8,74
99,35,p347_035,196,189,7,104,92,104,7,85
99,36,p347_036,185,182,3,97,88,97,3,85
99,37,p347_037,203,202,1,149,54,149,1,53
99,38,p347_038,177,168,9,97,80,97,9,71
99,39,p347_039,179,162,17,85,94,85,17,77
99,40,p347_040,211,164,47,109,102,108,46,57
99,41,p347_041,278,259,19,199,79,199,19,60
99,42,p347_043,185,184,1,175,10,174,0,11
99,43,p347_044,186,167,19,95,91,95,19,72
99,44,p347_045,233,199,34,103,130,103,34,96
99,45,p347_046,211,204,7,141,70,141,7,63
99,46,p347_047,203,171,32,97,106,97,32,74
99,47,p347_048,193,175,18,115,78,115,18,60
99,48,p347_049,158,154,4,78,80,78,4,76
99,49,p347_050,161,127,34,78,83,78,34,49
99,50,p347_051,217,216,1,125,92,125,1,91
99,51,p347_052,131,131,0,82,49,82,0,49
99,52,p347_053,246,229,17,155,91,155,17,74
99,53,p347_054,275,270,5,169,106,169,5,101
99,54,p347_055,211,193,18,115,96,114,17,80
99,55,p347_056,189,178,11,99,90,99,11,79
99,56,p347_057,139,135,4,61,78,61,4,74
99,57,p347_058,227,162,65,136,91,136,65,26
99,58,p347_059,214,208,6,135,79,135,6,73
99,59,p347_060,177,169,8,98,79,98,8,71
99,60,p347_061,195,160,35,133,62,133,35,27
99,61,p347_062,211,199,12,118,93,118,12,81
99,62,p347_063,179,164,15,101,78,99,13,67
99,63,p347_064,142,134,8,81,61,81,8,53
99,64,p347_065,166,159,7,77,89,77,7,82
99,65,p347_066,139,130,9,67,72,67,9,63
99,66,p347_067,163,154,9,98,65,98,9,56
99,67,p347_068,134,126,8,68,66,68,8,58
99,68,p347_069,193,184,9,118,75,118,9,66
99,69,p347_070,206,161,45,127,79,127,45,34
99,70,p347_071,222,202,20,124,98,123,19,80
99,71,p347_072,238,227,11,140,98,140,11,87
99,72,p347_073,179,146,33,110,69,110,33,36
99,73,p347_074,203,188,15,138,65,137,14,52
99,74,p347_075,209,185,24,105,104,105,24,80
99,75,p347_076,182,175,7,96,86,96,7,79
99,76,p347_077,139,137,2,66,73,66,2,71
99,77,p347_078,174,170,4,95,79,95,4,75
99,78,p347_079,230,195,35,145,85,145,35,50
99,79,p347_080,201,178,23,97,104,97,23,81
99,80,p347_081,118,117,1,49,69,49,1,68
99,81,p347_082,167,136,31,83,84,80,28,59
99,82,p347_083,166,166,0,90,76,90,0,76
99,83,p347_084,294,285,9,197,97,197,9,88
99,84,p347_085,249,247,2,178,71,178,2,69
99,85,p347_086,174,173,1,66,108,66,1,107
99,86,p347_087,193,189,4,95,98,95,4,94
99,87,p347_088,297,284,13,196,101,196,13,88
99,88,p347_089,169,160,9,86,83,86,9,74
99,89,p347_090,171,171,0,96,75,96,0,75
99,90,p347_091,131,125,6,62,69,62,6,63
99,91,p347_092,198,187,11,81,117,81,11,106
99,92,p347_093,245,223,22,156,89,156,22,67
99,93,p347_094,190,188,2,112,78,112,2,76
99,94,p347_095,139,133,6,64,75,64,6,69
99,95,p347_096,179,171,8,104,75,104,8,67
99,96,p347_097,209,207,2,63,146,63,2,144
99,97,p347_098,181,169,12,92,89,92,12,77
99,98,p347_099,177,167,10,95,82,95,10,72
99,99,p347_100,169,145,24,86,83,85,23,61
99,100,p347_101,185,162,23,110,75,110,23,52
99,101,p347_102,145,141,4,82,63,82,4,59
99,102,p347_103,200,193,7,121,79,120,6,74
99,103,p347_104,177,166,11,97,80,97,11,69
99,104,p347_105,131,120,11,72,59,72,11,48
99,105,p347_106,174,159,15,96,78,96,15,63
99,106,p347_107,147,147,0,84,63,84,0,63
99,107,p347_108,158,135,23,75,83,75,23,60
99,108,p347_109,254,246,8,168,86,168,8,78
99,109,p347_110,169,169,0,96,73,96,0,73
99,110,p347_111,219,208,11,130,89,130,11,78
99,111,p347_112,209,207,2,148,61,148,2,59
99,112,p347_113,139,135,4,70,69,70,4,65
99,113,p347_114,203,183,20,125,78,125,20,58
99,114,p347_115,169,168,1,101,68,101,1,67
99,115,p347_116,163,147,16,96,67,96,16,51
99,116,p347_117,225,222,3,140,85,140,3,82
99,117,p347_118,172,139,33,89,83,89,33,50
99,118,p347_119,227,193,34,138,89,138,34,55
99,119,p347_120,246,190,56,177,69,176,55,15
99,120,p347_121,241,240,1,158,83,158,1,82
99,121,p347_122,166,156,10,61,105,61,10,95
99,122,p347_123,222,221,1,150,72,150,1,71
99,123,p347_124,150,134,16,81,69,81,16,53
99,124,p347_125,216,193,23,134,82,134,23,59
99,125,p347_126,195,169,26,120,75,119,25,51
99,126,p347_127,227,188,39,108,119,108,39,80
99,127,p347_128,217,188,29,134,83,133,28,56
99,128,p347_129,214,169,45,145,69,144,44,26
99,129,p347_130,222,207,15,154,68,153,14,55
99,130,p347_131,171,126,45,92,79,92,45,34
99,131,p347_132,193,187,6,111,82,111,6,76
99,132,p347_133,163,160,3,93,70,93,3,67
99,133,p347_134,193,182,11,107,86,107,11,75
99,134,p347_135,182,165,17,132,50,125,10,47
99,135,p347_136,145,142,3,92,53,92,3,50
99,136,p347_137,169,168,1,102,67,102,1,66
99,137,p347_138,164,158,6,78,86,78,6,80
99,138,p347_139,158,154,4,95,63,95,4,59
99,139,p347_140,217,217,0,132,85,132,0,85
99,140,p347_141,187,175,12,121,66,121,12,54
99,141,p347_142,179,175,4,110,69,110,4,65
99,142,p347_143,203,203,0,133,70,133,0,70
99,143,p347_144,201,197,4,133,68,133,4,64
99,144,p347_145,173,133,40,87,86,87,40,46
99,145,p347_146,214,200,14,123,91,123,14,77
99,146,p347_147,222,218,4,145,77,145,4,73
99,147,p347_148,142,136,6,66,76,66,6,70
99,148,p347_149,153,147,6,82,71,82,6,65
99,149,p347_150,147,147,0,74,73,74,0,73
99,150,p347_151,176,168,8,84,92,84,8,84
99,151,p347_152,191,187,4,114,77,114,4,73
99,152,p347_153,150,148,2,78,72,78,2,70
99,153,p347_154,217,213,4,136,81,136,4,77
99,154,p347_155,185,179,6,100,85,100,6,79
99,155,p347_156,204,185,19,128,76,126,17,61
99,156,p347_157,174,172,2,97,77,97,2,75
99,157,p347_158,187,178,9,103,84,103,9,75
99,158,p347_159,169,169,0,104,65,104,0,65
99,159,p347_160,182,181,1,111,71,111,1,70
99,160,p347_161,134,131,3,81,53,81,3,50
99,161,p347_162,206,203,3,141,65,141,3,62
99,162,p347_163,188,185,3,104,84,104,3,81
99,163,p347_164,198,196,2,128,70,128,2,68
99,164,p347_165,182,173,9,104,78,104,9,69
99,165,p347_166,238,224,14,158,80,157,13,68
99,166,p347_167,158,157,1,84,74,84,1,73
99,167,p347_168,257,253,4,176,81,176,4,77
99,168,p347_169,203,180,23,105,98,105,23,75
99,169,p347_170,161,161,0,108,53,108,0,53
99,170,p347_171,209,209,0,134,75,134,0,75
99,171,p347_172,262,254,8,166,96,165,7,90
99,172,p347_173,139,113,26,75,64,75,26,38
99,173,p347_174,142,140,2,74,68,74,2,66
99,174,p347_175,187,135,52,91,96,91,52,44
99,175,p347_176,235,227,8,157,78,157,8,70
99,176,p347_177,163,160,3,76,87,76,3,84
99,177,p347_178,195,189,6,120,75,120,6,69
99,178,p347_179,155,149,6,87,68,87,6,62
99,179,p347_180,222,213,9,157,65,157,9,56
99,180,p347_181,185,162,23,111,74,111,23,51
99,181,p347_182,246,246,0,182,64,182,0,64
99,182,p347_183,187,177,10,101,86,100,9,78
99,183,p347_184,166,163,3,108,58,108,3,55
99,184,p347_185,137,134,3,86,51,85,2,50
99,185,p347_186,129,124,5,74,55,74,5,50
99,186,p347_187,145,145,0,92,53,92,0,53
99,187,p347_188,203,186,17,131,72,131,17,55
99,188,p347_189,171,163,8,104,67,104,8,59
99,189,p347_190,158,126,32,84,74,84,32,42
99,190,p347_191,217,193,24,154,63,154,24,39
99,191,p347_192,185,165,20,100,85,100,20,65
99,192,p347_193,187,184,3,120,67,120,3,64
99,193,p347_194,241,220,21,149,92,149,21,71
99,194,p347_195,263,258,5,178,85,178,5,80
99,195,p347_196,275,266,9,132,143,132,9,134
99,196,p347_197,225,218,7,155,70,155,7,63
99,197,p347_198,145,142,3,77,68,77,3,65
99,198,p347_199,153,132,21,76,77,76,21,56
99,199,p347_200,131,129,2,82,49,82,2,47
99,200,p347_201,171,160,11,91,80,91,11,69
100,1,p351_001,145,140,5,127,18,124,2,19
100,2,p351_002,226,188,38,183,43,167,22,37
100,3,p351_003,453,334,119,386,67,327,60,66
100,4,p351_004,294,238,56,220,74,212,48,34
100,5,p351_005,355,320,35,288,67,285,32,38
100,6,p351_006,358,281,77,284,74,267,60,31
100,7,p351_007,283,222,61,207,76,207,61,15
100,8,p351_008,431,380,51,339,92,337,49,45
100,9,p351_009,293,226,67,204,89,202,65,26
100,10,p351_010,216,111,105,114,102,109,100,7
100,11,p351_011,428,348,80,339,89,331,72,25
100,12,p351_012,289,216,73,204,85,200,69,20
100,13,p351_013,278,233,45,231,47,217,31,30
100,14,p351_014,304,282,22,271,33,262,13,29
100,15,p351_015,395,358,37,359,36,341,19,35
100,16,p351_016,411,348,63,331,80,310,42,59
100,17,p351_017,257,179,78,184,73,164,58,35
100,18,p351_018,353,292,61,280,73,267,48,38
100,19,p351_019,430,407,23,356,74,355,22,53
100,20,p351_020,273,244,29,216,57,206,19,48
100,21,p351_021,547,474,73,448,99,439,64,44
100,22,p351_022,393,352,41,316,77,305,30,58
100,23,p351_023,611,548,63,540,71,524,47,40
100,24,p351_024,383,358,25,326,57,323,22,38
100,25,p351_025,171,91,80,103,68,78,55,38
100,26,p351_026,185,129,56,103,82,102,55,28
100,27,p351_027,197,134,63,106,91,106,63,28
100,28,p351_028,145,130,15,83,62,80,12,53
100,29,p351_029,143,108,35,73,70,70,32,41
100,30,p351_030,193,137,56,104,89,99,51,43
100,31,p351_031,196,157,39,124,72,119,34,43
100,32,p351_032,213,177,36,133,80,133,36,44
100,33,p351_033,219,184,35,137,82,136,34,49
100,34,p351_034,171,135,36,100,71,95,31,45
100,35,p351_035,165,109,56,86,79,81,51,33
100,36,p351_036,161,108,53,101,60,90,42,29
100,37,p351_037,171,113,58,96,75,95,57,19
100,38,p351_038,163,130,33,102,61,93,24,46
100,39,p351_039,166,132,34,105,61,96,25,45
100,40,p351_040,176,94,82,80,96,80,82,14
100,41,p351_041,187,106,81,97,90,97,81,9
100,42,p351_042,156,103,53,97,59,84,40,32
100,43,p351_043,212,160,52,123,89,120,49,43
100,44,p351_044,172,132,40,71,101,71,40,61
100,45,p351_045,181,118,63,87,94,81,57,43
100,46,p351_046,185,119,66,96,89,88,58,39
100,47,p351_047,177,78,99,77,100,74,96,7
100,48,p351_048,155,129,26,81,74,77,22,56
100,49,p351_049,170,123,47,111,59,109,45,16
100,50,p351_050,138,101,37,105,33,91,23,24
100,51,p351_051,144,108,36,77,67,69,28,47
100,52,p351_052,167,111,56,62,105,60,54,53
100,53,p351_053,218,147,71,106,112,106,71,41
100,54,p351_054,163,129,34,141,22,121,14,28
100,55,p351_055,165,126,39,96,69,94,37,34
100,56,p351_056,188,148,40,131,57,130,39,19
100,57,p351_057,186,133,53,97,89,92,48,46
100,58,p351_058,161,122,39,69,92,69,39,53
100,59,p351_059,207,130,77,102,105,102,77,28
100,60,p351_060,186,152,34,105,81,105,34,47
100,61,p351_061,174,146,28,100,74,98,26,50
100,62,p351_062,157,123,34,100,57,89,23,45
100,63,p351_063,171,95,76,89,82,88,75,8
100,64,p351_064,161,109,52,80,81,80,52,29
100,65,p351_065,200,175,25,119,81,119,25,56
100,66,p351_066,176,122,54,97,79,96,53,27
100,67,p351_067,134,130,4,82,52,81,3,50
100,68,p351_068,164,135,29,76,88,76,29,59
100,69,p351_069,222,189,33,143,79,140,30,52
100,70,p351_070,181,135,46,73,108,73,46,62
100,71,p351_071,201,170,31,115,86,115,31,55
100,72,p351_072,173,144,29,91,82,91,29,53
100,73,p351_073,172,156,16,98,74,97,15,60
100,74,p351_074,239,171,68,147,92,145,66,28
100,75,p351_075,189,141,48,83,106,81,46,62
100,76,p351_076,189,157,32,132,57,116,16,57
100,77,p351_077,163,107,56,92,71,92,56,15
100,78,p351_078,166,152,14,97,69,97,14,55
100,79,p351_079,176,144,32,97,79,96,31,49
100,80,p351_080,139,112,27,65,74,65,27,47
100,81,p351_081,212,181,31,173,39,158,16,38
100,82,p351_082,215,179,36,130,85,128,34,53
100,83,p351_083,235,224,11,136,99,136,11,88
100,84,p351_084,180,166,14,81,99,81,14,85
100,85,p351_085,220,212,8,139,81,139,8,73
100,86,p351_086,178,169,9,95,83,95,9,74
100,87,p351_087,226,161,65,127,99,112,50,64
100,88,p351_088,214,199,15,138,76,137,14,63
100,89,p351_089,211,171,40,158,53,144,26,41
100,90,p351_090,166,144,22,82,84,81,21,64
100,91,p351_091,152,137,15,63,89,63,15,74
100,92,p351_092,193,118,75,80,113,74,69,50
100,93,p351_093,194,142,52,110,84,106,48,40
100,94,p351_094,218,189,29,115,103,111,25,82
100,95,p351_095,313,222,91,178,135,163,76,74
100,96,p351_096,214,165,49,107,107,106,48,60
100,97,p351_097,253,209,44,143,110,143,44,66
100,98,p351_098,183,137,46,58,125,58,46,79
100,99,p351_099,197,144,53,96,101,93,50,54
100,100,p351_100,220,173,47,142,78,131,36,53
100,101,p351_101,200,165,35,101,99,101,35,64
100,102,p351_102,137,128,9,63,74,63,9,65
100,103,p351_103,183,152,31,107,76,103,27,53
100,104,p351_104,169,143,26,104,65,104,26,39
100,105,p351_106,185,123,62,91,94,84,55,46
100,106,p351_107,190,84,106,50,140,50,106,34
100,107,p351_108,153,113,40,77,76,73,36,44
100,108,p351_109,127,79,48,60,67,59,47,21
100,109,p351_110,199,168,31,115,84,114,30,55
100,110,p351_111,151,122,29,87,64,85,27,39
100,111,p351_112,196,155,41,112,84,112,41,43
100,112,p351_113,127,89,38,62,65,62,38,27
100,113,p351_114,195,187,8,160,35,157,5,33
100,114,p351_115,176,143,33,113,63,112,32,32
100,115,p351_116,174,161,13,81,93,81,13,80
100,116,p351_117,139,121,18,82,57,75,11,53
100,117,p351_118,193,168,25,143,50,132,14,47
100,118,p351_119,191,138,53,95,96,92,50,49
100,119,p351_120,169,148,21,113,56,110,18,41
100,120,p351_121,164,101,63,77,87,65,51,48
100,121,p351_122,171,121,50,90,81,90,50,31
100,122,p351_123,192,169,23,137,55,134,20,38
100,123,p351_124,195,176,19,126,69,125,18,52
100,124,p351_125,203,165,38,132,71,132,38,33
100,125,p351_126,211,188,23,144,67,143,22,46
100,126,p351_127,198,190,8,116,82,116,8,74
100,127,p351_128,214,198,16,137,77,136,15,63
100,128,p351_129,191,170,21,117,74,117,21,53
100,129,p351_130,126,95,31,52,74,52,31,43
100,130,p351_131,177,170,7,124,53,122,5,50
100,131,p351_132,233,212,21,148,85,141,14,78
100,132,p351_133,182,141,41,78,104,77,40,65
100,133,p351_134,253,222,31,107,146,105,29,119
100,134,p351_135,134,125,9,79,55,79,9,46
100,135,p351_136,220,211,9,151,69,151,9,60
100,136,p351_137,178,166,12,99,79,99,12,67
100,137,p351_138,275,252,23,166,109,165,22,88
100,138,p351_139,202,183,19,140,62,140,19,43
100,139,p351_140,149,118,31,79,70,79,31,39
100,140,p351_141,161,135,26,85,76,85,26,50
100,141,p351_142,222,204,18,135,87,135,18,69
100,142,p351_143,162,150,12,109,53,109,12,41
100,143,p351_144,172,161,11,122,50,119,8,45
100,144,p351_145,131,124,7,51,80,51,7,73
100,145,p351_146,176,167,9,98,78,98,9,69
100,146,p351_147,152,142,10,100,52,99,9,44
100,147,p351_148,220,192,28,101,119,101,28,91
100,148,p351_149,169,130,39,52,117,52,39,78
100,149,p351_150,227,164,63,158,69,137,42,48
100,150,p351_151,166,144,22,74,92,73,21,72
100,151,p351_152,189,174,15,88,101,88,15,86
100,152,p351_153,193,191,2,141,52,141,2,50
100,153,p351_154,214,187,27,118,96,111,20,83
100,154,p351_155,258,236,22,121,137,121,22,115
100,155,p351_156,265,222,43,113,152,112,42,111
100,156,p351_157,211,178,33,154,57,138,17,56
100,157,p351_158,195,163,32,101,94,100,31,64
100,158,p351_159,283,204,79,121,162,119,77,87
100,159,p351_160,159,135,24,101,58,99,22,38
100,160,p351_161,284,268,16,177,107,172,11,101
100,161,p351_162,244,179,65,138,106,136,63,45
100,162,p351_163,275,194,81,164,111,152,69,54
100,163,p351_164,226,164,62,104,122,104,62,60
100,164,p351_165,153,128,25,88,65,80,17,56
100,165,p351_166,162,147,15,90,72,90,15,57
100,166,p351_167,200,170,30,107,93,104,27,69
100,167,p351_168,217,139,78,89,128,85,74,58
100,168,p351_169,291,185,106,125,166,112,93,86
100,169,p351_170,158,144,14,97,61,97,14,47
100,170,p351_171,207,134,73,123,84,115,65,27
100,171,p351_172,173,130,43,72,101,70,41,62
100,172,p351_173,164,159,5,116,48,115,4,45
100,173,p351_174,283,206,77,81,202,75,71,137
100,174,p351_175,272,215,57,144,128,138,51,83
100,175,p351_176,238,174,64,78,160,78,64,96
100,176,p351_177,139,134,5,75,64,75,5,59
100,177,p351_178,167,145,22,96,71,96,22,49
100,178,p351_179,226,204,22,157,69,141,6,79
100,179,p351_180,194,166,28,126,68,126,28,40
100,180,p351_181,199,182,17,117,82,116,16,67
100,181,p351_182,215,192,23,137,78,133,19,63
100,182,p351_183,204,162,42,83,121,81,40,83
100,183,p351_184,170,153,17,88,82,87,16,67
100,184,p351_185,247,219,28,142,105,140,26,81
100,185,p351_186,167,158,9,109,58,108,8,51
100,186,p351_187,180,145,35,83,97,82,34,64
100,187,p351_188,190,151,39,100,90,94,33,63
100,188,p351_189,193,158,35,99,94,97,33,63
100,189,p351_190,170,146,24,110,60,103,17,50
100,190,p351_191,228,215,13,150,78,145,8,75
100,191,p351_192,158,129,29,97,61,88,20,50
100,192,p351_193,175,164,11,99,76,99,11,65
100,193,p351_194,220,219,1,138,82,138,1,81
100,194,p351_195,172,139,33,125,47,111,19,42
100,195,p351_196,249,206,43,150,99,150,43,56
100,196,p351_197,200,192,8,116,84,116,8,76
100,197,p351_198,167,144,23,114,53,112,21,34
100,198,p351_199,174,136,38,92,82,91,37,46
100,199,p351_200,167,145,22,91,76,91,22,54
100,200,p351_201,182,179,3,128,54,128,3,51
101,1,p360_001,137,77,60,98,39,74,36,27
101,2,p360_002,223,152,71,166,57,151,56,16
101,3,p360_003,406,321,85,359,47,318,44,44
101,4,p360_004,409,223,186,251,158,208,143,58
101,5,p360_005,398,340,58,353,45,331,36,31
101,6,p360_006,457,260,197,295,162,259,161,37
101,7,p360_007,369,245,124,261,108,222,85,62
101,8,p360_008,464,351,113,384,80,348,77,39
101,9,p360_009,315,199,116,230,85,195,81,39
101,10,p360_010,196,120,76,119,77,109,66,21
101,11,p360_011,434,374,60,397,37,364,27,43
101,12,p360_012,298,222,76,233,65,220,63,15
101,13,p360_013,284,230,54,247,37,225,32,27
101,14,p360_014,308,229,79,247,61,226,58,24
101,15,p360_015,373,294,79,304,69,276,51,46
101,16,p360_016,404,317,87,331,73,312,68,24
101,17,p360_017,244,159,85,164,80,154,75,15
101,18,p360_018,344,251,93,249,95,242,86,16
101,19,p360_019,438,353,85,386,52,352,51,35
101,20,p360_020,271,190,81,223,48,187,45,39
101,21,p360_021,542,472,70,473,69,451,48,43
101,22,p360_022,413,360,53,370,43,352,35,26
101,23,p360_023,734,556,178,605,129,554,127,53
101,24,p360_024,445,303,142,344,101,303,101,41
101,25,p360_025,196,124,72,128,68,113,57,26
101,26,p360_026,161,85,76,103,58,85,58,18
101,27,p360_027,115,36,79,48,67,32,63,20
101,28,p360_028,142,54,88,66,76,54,76,12
101,29,p360_029,150,68,82,82,68,67,67,16
101,30,p360_030,161,101,60,104,57,90,46,25
101,31,p360_031,158,86,72,93,65,79,58,21
101,32,p360_032,177,94,83,106,71,92,69,16
101,33,p360_033,197,111,86,121,76,110,75,12
101,34,p360_034,177,84,93,100,77,83,76,18
101,35,p360_035,149,74,75,85,64,73,63,13
101,36,p360_036,199,110,89,121,78,108,76,15
101,37,p360_037,216,128,88,120,96,114,82,20
101,38,p360_038,153,62,91,74,79,62,79,12
101,39,p360_039,159,71,88,85,74,65,68,26
101,40,p360_040,161,62,99,75,86,62,86,13
101,41,p360_041,237,146,91,151,86,146,86,5
101,42,p360_042,187,102,85,113,74,102,74,11
101,43,p360_043,134,67,67,102,32,65,30,39
101,44,p360_044,237,142,95,156,81,139,78,20
101,45,p360_045,178,103,75,132,46,101,44,33
101,46,p360_046,153,55,98,74,79,55,79,19
101,47,p360_047,234,145,89,160,74,145,74,15
101,48,p360_048,135,55,80,73,62,54,61,20
101,49,p360_049,152,60,92,67,85,54,79,19
101,50,p360_050,183,67,116,88,95,67,95,21
101,51,p360_051,158,133,25,140,18,128,13,17
101,52,p360_052,156,102,54,101,55,84,37,35
101,53,p360_053,159,102,57,110,49,92,39,28
101,54,p360_054,134,93,41,107,27,87,21,26
101,55,p360_055,178,106,72,114,64,98,56,24
101,56,p360_056,161,118,43,103,58,98,38,25
101,57,p360_057,229,100,129,98,131,83,114,32
101,58,p360_058,195,124,71,105,90,99,65,31
101,59,p360_059,213,179,34,151,62,148,31,34
101,60,p360_060,172,96,76,83,89,82,75,15
101,61,p360_061,163,101,62,99,64,89,52,22
101,62,p360_062,151,111,40,87,64,85,38,28
101,63,p360_063,147,123,24,96,51,90,18,39
101,64,p360_064,198,129,69,116,82,109,62,27
101,65,p360_065,191,155,36,118,73,110,28,53
101,66,p360_066,163,118,45,86,77,83,42,38
101,67,p360_067,166,143,23,106,60,104,21,41
101,68,p360_068,210,143,67,133,77,126,60,24
101,69,p360_069,183,88,95,79,104,79,95,9
101,70,p360_070,196,113,83,113,83,105,75,16
101,71,p360_071,144,72,72,79,65,63,56,25
101,72,p360_072,190,123,67,116,74,109,60,21
101,73,p360_073,199,113,86,108,91,107,85,7
101,74,p360_074,154,113,41,89,65,85,37,32
101,75,p360_075,143,69,74,89,54,56,41,46
101,76,p360_076,239,89,150,91,148,86,145,8
101,77,p360_077,170,107,63,91,79,84,56,30
101,78,p360_078,160,84,76,89,71,74,61,25
101,79,p360_079,161,78,83,76,85,71,78,12
101,80,p360_080,161,116,45,132,29,107,20,34
101,81,p360_081,189,153,36,130,59,124,30,35
101,82,p360_082,157,105,52,82,75,77,47,33
101,83,p360_083,153,107,46,86,67,76,36,41
101,84,p360_084,222,173,49,161,61,155,43,24
101,85,p360_085,214,165,49,154,60,135,30,49
101,86,p360_086,201,142,59,131,70,125,53,23
101,87,p360_087,176,115,61,73,103,66,54,56
101,88,p360_088,163,121,42,99,64,90,33,40
101,89,p360_089,185,132,53,121,64,113,45,27
101,90,p360_090,229,208,21,162,67,160,19,50
101,91,p360_091,205,123,82,115,90,112,79,14
101,92,p360_092,137,135,2,110,27,109,1,27
101,93,p360_093,173,128,45,104,69,101,42,30
101,94,p360_094,169,115,54,99,70,90,45,34
101,95,p360_095,142,89,53,83,59,72,42,28
101,96,p360_096,169,90,79,98,71,84,65,20
101,97,p360_097,171,93,78,101,70,81,58,32
101,98,p360_098,206,159,47,141,65,129,35,42
101,99,p360_099,171,139,32,123,48,113,22,36
101,100,p360_100,169,145,24,114,55,112,22,35
101,101,p360_101,190,113,77,130,60,101,48,41
101,102,p360_102,129,83,46,94,35,79,31,19
101,103,p360_103,163,91,72,92,71,80,60,23
101,104,p360_104,126,100,26,83,43,76,19,31
101,105,p360_105,145,117,28,109,36,96,15,34
101,106,p360_106,198,188,10,159,39,156,7,35
101,107,p360_107,179,156,23,123,56,123,23,33
101,108,p360_108,163,112,51,120,43,101,32,30
101,109,p360_109,160,123,37,93,67,90,34,36
101,110,p360_110,196,174,22,130,66,126,18,52
101,111,p360_111,153,118,35,89,64,86,32,35
101,112,p360_112,208,184,24,152,56,147,19,42
101,113,p360_113,123,119,4,93,30,91,2,30
101,114,p360_114,202,141,61,128,74,120,53,29
101,115,p360_115,163,119,44,101,62,93,36,34
101,116,p360_116,190,137,53,115,75,109,47,34
101,117,p360_117,147,141,6,118,29,115,3,29
101,118,p360_118,129,74,55,77,52,69,47,13
101,119,p360_119,155,85,70,82,73,80,68,7
101,120,p360_120,182,113,69,99,83,97,67,18
101,121,p360_121,134,89,45,76,58,67,36,31
101,122,p360_122,198,136,62,115,83,108,55,35
101,123,p360_123,196,122,74,111,85,106,69,21
101,124,p360_124,202,133,69,130,72,121,60,21
101,125,p360_125,179,127,52,110,69,104,46,29
101,126,p360_126,110,43,67,42,68,30,55,25
101,127,p360_127,192,105,87,109,83,98,76,18
101,128,p360_128,131,82,49,73,58,61,37,33
101,129,p360_129,164,110,54,81,83,78,51,35
101,130,p360_130,177,102,75,118,59,95,52,30
101,131,p360_131,233,147,86,155,78,146,77,10
101,132,p360_132,171,84,87,78,93,77,86,8
101,133,p360_133,155,106,49,85,70,78,42,35
101,134,p360_134,189,120,69,111,78,101,59,29
101,135,p360_135,143,73,70,77,66,62,55,26
101,136,p360_136,169,119,50,97,72,84,37,48
101,137,p360_137,193,103,90,102,91,99,87,7
101,138,p360_138,158,147,11,100,58,96,7,55
101,139,p360_139,198,142,56,127,71,126,55,17
101,140,p360_140,163,111,52,110,53,93,35,35
101,141,p360_141,157,96,61,65,92,59,55,43
101,142,p360_142,134,104,30,74,60,71,27,36
101,143,p360_143,158,78,80,78,80,70,72,16
101,144,p360_144,142,67,75,58,84,45,62,35
101,145,p360_145,160,93,67,76,84,67,58,35
101,146,p360_146,152,78,74,76,76,61,59,32
101,147,p360_147,173,117,56,86,87,85,55,33
101,148,p360_148,158,92,66,79,79,79,66,13
101,149,p360_149,212,139,73,137,75,127,63,22
101,150,p360_150,182,103,79,92,90,92,79,11
101,151,p360_151,155,110,45,107,48,89,27,39
101,152,p360_152,153,95,58,89,64,70,39,44
101,153,p360_153,172,107,65,114,58,100,51,21
101,154,p360_154,190,129,61,123,67,109,47,34
101,155,p360_155,156,84,72,93,63,80,59,17
101,156,p360_156,195,124,71,126,69,112,57,26
101,157,p360_157,225,160,65,149,76,140,56,29
101,158,p360_158,241,185,56,188,53,184,52,5
101,159,p360_159,177,101,76,106,71,94,64,19
101,160,p360_160,195,117,78,103,92,101,76,18
101,161,p360_161,163,102,61,85,78,85,61,17
101,162,p360_162,146,89,57,76,70,71,52,23
101,163,p360_163,150,99,51,79,71,73,45,32
101,164,p360_164,187,132,55,122,65,110,43,34
101,165,p360_165,158,95,63,118,40,89,34,35
101,166,p360_166,142,71,71,78,64,71,64,7
101,167,p360_167,185,156,29,144,41,134,19,32
101,168,p360_168,150,115,35,99,51,91,27,32
101,169,p360_169,163,98,65,84,79,75,56,32
101,170,p360_170,171,109,62,94,77,86,54,31
101,171,p360_171,155,105,50,91,64,83,42,30
101,172,p360_172,155,92,63,86,69,72,49,34
101,173,p360_173,166,101,65,100,66,90,55,21
101,174,p360_174,165,104,61,103,62,81,39,45
101,175,p360_175,203,141,62,119,84,117,60,26
101,176,p360_176,175,99,76,90,85,84,70,21
101,177,p360_177,183,147,36,120,63,109,25,49
101,178,p360_178,205,138,67,129,76,123,61,21
101,179,p360_179,184,107,77,104,80,101,74,9
101,180,p360_180,151,102,49,92,59,78,35,38
101,181,p360_181,142,82,60,67,75,64,57,21
101,182,p360_182,197,125,72,114,83,107,65,25
101,183,p360_183,126,99,27,80,46,72,19,35
101,184,p360_184,192,136,56,127,65,120,49,23
101,185,p360_185,167,112,55,106,61,94,43,30
101,186,p360_186,174,130,44,113,61,106,37,31
101,187,p360_187,186,157,29,129,57,119,19,48
101,188,p360_188,199,124,75,116,83,112,71,16
101,189,p360_189,167,100,67,91,76,88,64,15
101,190,p360_190,123,56,67,63,60,48,52,23
101,191,p360_191,153,83,70,73,80,69,66,18
101,192,p360_192,164,107,57,82,82,79,54,31
101,193,p360_193,173,91,82,89,84,86,79,8
101,194,p360_194,171,77,94,77,94,71,88,12
101,195,p360_195,169,107,62,100,69,91,53,25
101,196,p360_196,174,95,79,87,87,83,75,16
101,197,p360_197,168,86,82,82,86,77,77,14
101,198,p360_198,155,119,36,96,59,92,32,31
101,199,p360_199,255,164,91,137,118,134,88,33
101,200,p360_200,235,163,72,131,104,129,70,36
102,1,p361_001,142,111,31,93,49,89,27,26
102,2,p361_002,230,188,42,142,88,142,42,46
102,3,p361_003,420,331,89,337,83,309,61,50
102,4,p361_004,290,200,90,208,82,188,70,32
102,5,p361_005,376,318,58,302,74,295,51,30
102,6,p361_006,367,236,131,250,117,229,110,28
102,7,p361_007,313,239,74,201,112,198,71,44
102,8,p361_008,445,328,117,324,121,321,114,10
102,9,p361_009,279,171,108,175,104,169,102,8
102,10,p361_010,174,98,76,103,71,94,67,13
102,11,p361_011,395,376,19,337,58,336,18,41
102,12,p361_012,307,220,87,195,112,190,82,35
102,13,p361_013,281,215,66,197,84,190,59,32
102,14,p361_014,297,233,64,195,102,195,64,38
102,15,p361_015,358,300,58,290,68,283,51,24
102,16,p361_016,430,315,115,301,129,297,111,22
102,17,p361_017,220,149,71,127,93,127,71,22
102,18,p361_018,321,229,92,227,94,222,87,12
102,19,p361_019,481,343,138,340,141,325,123,33
102,20,p361_020,253,177,76,167,86,162,71,20
102,21,p361_021,564,387,177,418,146,383,142,39
102,22,p361_022,417,276,141,292,125,276,125,16
102,23,p361_023,657,479,178,459,198,451,170,36
102,24,p361_024,396,293,103,319,77,293,77,26
102,25,p361_025,147,81,66,91,56,77,52,18
102,26,p361_026,174,116,58,110,64,105,53,16
102,27,p361_027,193,131,62,117,76,114,59,20
102,28,p361_028,185,108,77,92,93,89,74,22
102,29,p361_029,174,77,97,76,98,76,97,1
102,30,p361_030,169,109,60,94,75,90,56,23
102,31,p361_031,179,116,63,113,66,113,63,3
102,32,p361_032,162,65,97,70,92,63,90,9
102,33,p361_033,186,106,80,104,82,95,71,20
102,34,p361_034,177,102,75,94,83,89,70,18
102,35,p361_035,179,85,94,83,96,81,92,6
102,36,p361_036,166,69,97,69,97,64,92,10
102,37,p361_037,179,107,72,89,90,85,68,26
102,38,p361_038,147,63,84,66,81,62,80,5
102,39,p361_039,179,111,68,112,67,97,53,29
102,40,p361_040,179,95,84,98,81,95,81,3
102,41,p361_041,143,112,31,70,73,67,28,48
102,42,p361_042,162,92,70,92,70,92,70,0
102,43,p361_043,140,59,81,60,80,53,74,13
102,44,p361_044,134,115,19,78,56,78,19,37
102,45,p361_045,193,113,80,114,79,113,79,1
102,46,p361_046,155,81,74,76,79,64,62,29
102,47,p361_047,134,119,15,93,41,86,8,40
102,48,p361_048,185,106,79,95,90,95,79,11
102,49,p361_049,219,105,114,109,110,104,109,6
102,50,p361_050,183,96,87,73,110,73,87,23
102,51,p361_051,179,132,47,88,91,86,45,48
102,52,p361_052,214,137,77,117,97,117,77,20
102,53,p361_053,164,80,84,78,86,78,84,2
102,54,p361_054,193,125,68,123,70,121,66,6
102,55,p361_055,191,89,102,76,115,75,101,15
102,56,p361_056,143,76,67,68,75,64,63,16
102,57,p361_057,155,60,95,79,76,60,76,19
102,58,p361_058,178,97,81,90,88,90,81,7
102,59,p361_059,155,71,84,86,69,71,69,15
102,60,p361_060,230,149,81,128,102,120,73,37
102,61,p361_061,190,62,128,62,128,62,128,0
102,62,p361_062,150,74,76,81,69,73,68,9
102,63,p361_063,170,85,85,91,79,81,75,14
102,64,p361_064,174,88,86,82,92,82,86,6
102,65,p361_065,185,100,85,122,63,99,62,24
102,66,p361_066,153,106,47,87,66,74,34,45
102,67,p361_067,241,74,167,99,142,68,136,37
102,68,p361_068,166,73,93,99,67,73,67,26
102,69,p361_069,176,85,91,77,99,73,87,16
102,70,p361_070,182,91,91,92,90,86,85,11
102,71,p361_071,184,133,51,135,49,113,29,42
102,72,p361_072,184,105,79,107,77,104,76,4
102,73,p361_073,146,103,43,89,57,75,29,42
102,74,p361_074,166,65,101,68,98,65,98,3
102,75,p361_075,148,81,67,76,72,76,67,5
102,76,p361_076,289,103,186,101,188,101,186,2
102,77,p361_077,169,84,85,72,97,72,85,12
102,78,p361_078,138,73,65,70,68,56,51,31
102,79,p361_079,185,116,69,123,62,114,60,11
102,80,p361_080,123,105,18,49,74,48,17,58
102,81,p361_081,166,83,83,88,78,82,77,7
102,82,p361_082,206,131,75,139,67,128,64,14
102,83,p361_083,145,75,70,69,76,63,64,18
102,84,p361_084,150,74,76,76,74,73,73,4
102,85,p361_085,145,80,65,79,66,68,54,23
102,86,p361_086,171,89,82,85,86,85,82,4
102,87,p361_087,200,99,101,108,92,94,87,19
102,88,p361_088,174,133,41,92,82,92,41,41
102,89,p361_089,171,81,90,80,91,80,90,1
102,90,p361_090,123,63,60,68,55,63,55,5
102,91,p361_091,152,37,115,41,111,37,111,4
102,92,p361_092,246,97,149,99,147,90,140,16
102,93,p361_093,113,88,25,61,52,61,25,27
102,94,p361_094,160,82,78,69,91,61,70,29
102,95,p361_095,239,129,110,93,146,88,105,46
102,96,p361_096,190,102,88,97,93,87,78,25
102,97,p361_097,188,97,91,85,103,76,82,30
102,98,p361_098,219,126,93,110,109,97,80,42
102,99,p361_099,229,120,109,128,101,120,101,8
102,100,p361_100,215,117,98,84,131,79,93,43
102,101,p361_101,201,54,147,51,150,51,147,3
102,102,p361_102,190,65,125,62,128,61,124,5
102,103,p361_103,251,133,118,84,167,78,112,61
102,104,p361_104,165,94,71,101,64,92,62,11
102,105,p361_105,207,120,87,115,92,115,87,5
102,106,p361_106,178,77,101,77,101,76,100,2
102,107,p361_107,249,82,167,86,163,80,161,8
102,108,p361_108,185,79,106,78,107,78,106,1
102,109,p361_109,216,110,106,88,128,87,105,24
102,110,p361_110,285,105,180,65,220,65,180,40
102,111,p361_111,147,78,69,81,66,70,58,19
102,112,p361_112,237,154,83,158,79,140,65,32
102,113,p361_113,207,94,113,54,153,44,103,60
102,114,p361_114,393,156,237,85,308,84,236,73
102,115,p361_115,196,137,59,117,79,117,59,20
102,116,p361_116,194,83,111,70,124,68,109,17
102,117,p361_117,194,97,97,98,96,94,93,7
102,118,p361_118,241,99,142,73,168,72,141,28
102,119,p361_119,193,109,84,113,80,107,78,8
102,120,p361_120,153,71,82,91,62,69,60,24
102,121,p361_121,163,99,64,93,70,87,58,18
102,122,p361_122,190,90,100,87,103,77,90,23
102,123,p361_123,254,118,136,90,164,88,134,32
102,124,p361_124,195,135,60,93,102,85,52,58
102,125,p361_125,138,87,51,43,95,43,51,44
102,126,p361_126,223,80,143,98,125,80,125,18
102,127,p361_127,267,120,147,129,138,116,134,17
102,128,p361_128,225,109,116,93,132,90,113,22
102,129,p361_129,134,89,45,66,68,66,45,23
102,130,p361_130,198,126,72,117,81,107,62,29
102,131,p361_131,224,120,104,120,104,118,102,4
102,132,p361_132,181,41,140,42,139,39,137,5
102,133,p361_133,193,89,104,96,97,89,97,7
102,134,p361_134,158,69,89,78,80,68,79,11
102,135,p361_135,191,87,104,87,104,87,104,0
102,136,p361_136,246,82,164,87,159,82,159,5
102,137,p361_137,131,60,71,61,70,60,70,1
102,138,p361_138,185,109,76,110,75,104,70,11
102,139,p361_139,235,96,139,96,139,96,139,0
102,140,p361_140,195,74,121,77,118,74,118,3
102,141,p361_141,241,100,141,89,152,86,138,17
102,142,p361_142,244,97,147,92,152,87,142,15
102,143,p361_143,209,136,73,110,99,110,73,26
102,144,p361_144,220,84,136,72,148,69,133,18
102,145,p361_145,170,83,87,71,99,71,87,12
102,146,p361_146,161,46,115,47,114,43,111,7
102,147,p361_147,198,123,75,99,99,97,73,28
102,148,p361_148,193,98,95,114,79,98,79,16
102,149,p361_149,193,84,109,73,120,73,109,11
102,150,p361_150,198,85,113,56,142,54,111,33
102,151,p361_151,198,101,97,83,115,71,85,42
102,152,p361_152,203,103,100,91,112,79,88,36
102,153,p361_153,211,91,120,98,113,81,103,27
102,154,p361_154,174,108,66,87,87,84,63,27
102,155,p361_155,158,91,67,86,72,71,52,35
102,156,p361_156,157,85,72,73,84,71,70,16
102,157,p361_157,217,122,95,96,121,90,89,38
102,158,p361_158,203,97,106,99,104,95,102,6
102,159,p361_159,153,80,73,74,79,73,72,8
102,160,p361_160,264,71,193,83,181,71,181,12
102,161,p361_161,177,103,74,110,67,97,61,19
102,162,p361_162,185,89,96,96,89,89,89,7
102,163,p361_163,142,57,85,60,82,55,80,7
102,164,p361_164,159,94,65,84,75,83,64,12
102,165,p361_165,174,90,84,87,87,86,83,5
102,166,p361_166,201,101,100,91,110,78,87,36
102,167,p361_167,179,62,117,79,100,62,100,17
102,168,p361_168,150,86,64,93,57,82,53,15
102,169,p361_169,151,67,84,75,76,61,70,20
102,170,p361_170,153,69,84,63,90,63,84,6
102,171,p361_171,147,74,73,71,76,70,72,5
102,172,p361_172,172,95,77,96,76,94,75,3
102,173,p361_173,115,54,61,54,61,42,49,24
102,174,p361_174,176,88,88,89,87,87,86,3
102,175,p361_175,145,55,90,64,81,55,81,9
102,176,p361_176,171,91,80,92,79,85,73,13
102,177,p361_177,203,145,58,118,85,118,58,27
102,178,p361_178,143,79,64,59,84,57,62,24
102,179,p361_179,145,70,75,66,79,64,73,8
102,180,p361_180,139,88,51,67,72,62,46,31
102,181,p361_181,137,52,85,59,78,52,78,7
102,182,p361_182,115,81,34,64,51,62,32,21
102,183,p361_183,178,108,70,97,81,96,69,13
102,184,p361_184,145,74,71,74,71,69,66,10
102,185,p361_185,142,57,85,58,84,57,84,1
102,186,p361_186,152,54,98,57,95,54,95,3
102,187,p361_187,121,74,47,62,59,52,37,32
102,188,p361_188,182,80,102,84,98,80,98,4
102,189,p361_189,179,77,102,89,90,77,90,12
102,190,p361_190,162,84,78,91,71,83,70,9
102,191,p361_191,153,79,74,83,70,75,66,12
102,192,p361_192,150,77,73,83,67,77,67,6
102,193,p361_193,203,125,78,110,93,107,75,21
102,194,p361_194,206,137,69,128,78,120,61,25
102,195,p361_195,126,94,32,43,83,42,31,53
102,196,p361_196,115,66,49,61,54,61,49,5
102,197,p361_197,142,57,85,56,86,56,85,1
102,198,p361_198,137,64,73,64,73,61,70,6
102,199,p361_199,150,97,53,93,57,84,44,22
102,200,p361_200,191,142,49,107,84,107,49,35
103,1,p362_002,294,286,8,174,120,173,7,114
103,2,p362_003,478,473,5,375,103,375,5,98
103,3,p362_005,432,388,44,298,134,293,39,100
103,4,p362_009,332,287,45,198,134,198,45,89
103,5,p362_010,211,193,18,108,103,108,18,85
103,6,p362_011,441,432,9,356,85,356,9,76
103,7,p362_012,298,289,9,198,100,196,7,95
103,8,p362_016,506,475,31,343,163,343,31,132
103,9,p362_017,261,244,17,153,108,153,17,91
103,10,p362_019,539,487,52,427,112,425,50,64
103,11,p362_022,522,466,56,388,134,387,55,80
103,12,p362_027,222,198,24,129,93,129,24,69
103,13,p362_028,157,149,8,64,93,64,8,85
103,14,p362_029,150,143,7,68,82,68,7,75
103,15,p362_030,163,137,26,80,83,80,26,57
103,16,p362_037,179,154,25,102,77,102,25,52
103,17,p362_039,243,230,13,151,92,150,12,81
103,18,p362_041,280,222,58,187,93,187,58,35
103,19,p362_050,179,157,22,73,106,73,22,84
103,20,p362_053,300,280,20,190,110,190,20,90
103,21,p362_054,237,205,32,113,124,113,32,92
103,22,p362_055,193,131,62,61,132,61,62,70
103,23,p362_063,233,192,41,136,97,135,40,58
103,24,p362_065,137,120,17,75,62,75,17,45
103,25,p362_069,163,159,4,84,79,84,4,75
103,26,p362_070,173,164,9,86,87,86,9,78
103,27,p362_074,137,123,14,59,78,59,14,64
103,28,p362_075,174,150,24,89,85,89,24,61
103,29,p362_095,201,169,32,118,83,116,30,55
103,30,p362_097,185,183,2,56,129,56,2,127
103,31,p362_098,249,207,42,72,177,72,42,135
103,32,p362_099,161,147,14,78,83,77,13,71
103,33,p362_100,158,144,14,85,73,85,14,59
103,34,p362_103,234,215,19,144,90,144,19,71
103,35,p362_106,145,117,28,77,68,77,28,40
103,36,p362_107,148,143,5,78,70,78,5,65
103,37,p362_108,126,111,15,50,76,50,15,61
103,38,p362_110,155,102,53,67,88,67,53,35
103,39,p362_111,223,190,33,142,81,142,33,48
103,40,p362_112,160,150,10,83,77,83,10,67
103,41,p362_113,208,183,25,106,102,106,25,77
103,42,p362_114,184,156,28,91,93,91,28,65
103,43,p362_115,150,140,10,73,77,73,10,67
103,44,p362_117,139,125,14,83,56,83,14,42
103,45,p362_119,118,100,18,45,73,44,17,57
103,46,p362_120,158,125,33,96,62,96,33,29
103,47,p362_121,121,109,12,58,63,58,12,51
103,48,p362_122,158,113,45,80,78,80,45,33
103,49,p362_125,153,145,8,84,69,84,8,61
103,50,p362_126,203,186,17,122,81,122,17,64
103,51,p362_128,220,207,13,137,83,137,13,70
103,52,p362_129,167,165,2,91,76,91,2,74
103,53,p362_134,161,108,53,91,70,91,53,17
103,54,p362_137,145,119,26,61,84,61,26,58
103,55,p362_147,176,162,14,141,35,134,7,35
103,56,p362_148,174,167,7,125,49,123,5,46
103,57,p362_153,192,177,15,111,81,111,15,66
103,58,p362_154,209,187,22,128,81,127,21,61
103,59,p362_158,217,207,10,110,107,110,10,97
103,60,p362_163,191,181,10,105,86,105,10,76
103,61,p362_168,204,189,15,110,94,110,15,79
103,62,p362_172,257,247,10,68,189,68,10,179
103,63,p362_175,172,165,7,90,82,90,7,75
103,64,p362_176,179,150,29,79,100,79,29,71
103,65,p362_178,217,201,16,117,100,117,16,84
103,66,p362_188,155,134,21,71,84,71,21,63
103,67,p362_194,281,263,18,190,91,189,17,75
103,68,p362_195,265,260,5,198,67,198,5,62
103,69,p362_197,241,231,10,143,98,143,10,88
103,70,p362_198,153,127,26,56,97,56,26,71
103,71,p362_205,169,156,13,86,83,86,13,70
103,72,p362_210,145,145,0,67,78,67,0,78
103,73,p362_211,129,127,2,65,64,65,2,62
103,74,p362_212,155,149,6,80,75,80,6,69
103,75,p362_213,225,219,6,190,35,184,0,41
103,76,p362_216,161,160,1,81,80,81,1,79
103,77,p362_222,146,146,0,61,85,61,0,85
103,78,p362_224,169,169,0,96,73,96,0,73
103,79,p362_225,195,195,0,126,69,126,0,69
103,80,p362_232,161,159,2,70,91,70,2,89
103,81,p362_242,169,168,1,97,72,97,1,71
103,82,p362_248,204,160,44,119,85,119,44,41
103,83,p362_255,163,141,22,104,59,102,20,41
103,84,p362_266,171,160,11,72,99,72,11,88
103,85,p362_271,126,122,4,71,55,71,4,51
103,86,p362_275,246,239,7,155,91,155,7,84
103,87,p362_279,236,224,12,126,110,124,10,102
103,88,p362_282,339,329,10,203,136,203,10,126
103,89,p362_286,195,188,7,101,94,97,3,95
103,90,p362_291,166,164,2,99,67,99,2,65
103,91,p362_297,179,151,28,80,99,80,28,71
103,92,p362_298,251,241,10,162,89,162,10,79
103,93,p362_299,150,145,5,81,69,81,5,64
103,94,p362_302,201,169,32,120,81,118,30,53
103,95,p362_308,134,108,26,67,67,66,25,43
103,96,p362_312,157,133,24,93,64,93,24,40
103,97,p362_317,198,167,31,132,66,132,31,35
103,98,p362_321,195,191,4,128,67,128,4,63
103,99,p362_322,198,183,15,89,109,89,15,94
103,100,p362_323,230,186,44,143,87,141,42,47
103,101,p362_329,187,178,9,110,77,110,9,68
103,102,p362_337,171,156,15,84,87,84,15,72
103,103,p362_338,185,183,2,107,78,107,2,76
103,104,p362_340,171,110,61,87,84,87,61,23
103,105,p362_344,162,154,8,77,85,76,7,79
103,106,p362_345,174,119,55,106,68,106,55,13
103,107,p362_347,161,122,39,85,76,85,39,37
103,108,p362_356,159,152,7,61,98,61,7,91
103,109,p362_362,147,144,3,69,78,69,3,75
103,110,p362_364,174,164,10,109,65,108,9,57
103,111,p362_369,174,121,53,96,78,96,53,25
103,112,p362_373,147,139,8,79,68,79,8,60
103,113,p362_374,161,148,13,85,76,85,13,63
103,114,p362_380,225,161,64,70,155,68,62,95
103,115,p362_383,241,219,22,125,116,125,22,94
103,116,p362_390,201,190,11,78,123,78,11,112
103,117,p362_392,126,126,0,57,69,57,0,69
103,118,p362_397,254,250,4,167,87,167,4,83
103,119,p362_399,240,217,23,88,152,88,23,129
103,120,p362_406,163,125,38,93,70,93,38,32
103,121,p362_410,201,198,3,122,79,122,3,76
103,122,p362_417,126,119,7,69,57,69,7,50
103,123,p362_418,151,151,0,64,87,64,0,87
104,1,p363_001,134,123,11,104,30,95,2,37
104,2,p363_002,221,203,18,126,95,126,18,77
104,3,p363_003,432,421,11,317,115,317,11,104
104,4,p363_004,302,272,30,212,90,212,30,60
104,5,p363_005,426,378,48,263,163,263,48,115
104,6,p363_006,327,321,6,240,87,240,6,81
104,7,p363_007,277,236,41,187,90,187,41,49
104,8,p363_008,479,424,55,352,127,343,46,90
104,9,p363_009,294,245,49,206,88,202,45,47
104,10,p363_010,198,171,27,160,38,147,14,37
104,11,p363_011,442,416,26,375,67,367,18,57
104,12,p363_012,275,216,59,191,84,191,59,25
104,13,p363_013,297,238,59,197,100,195,57,45
104,14,p363_014,286,276,10,225,61,225,10,51
104,15,p363_015,350,330,20,262,88,262,20,68
104,16,p363_016,380,352,28,298,82,298,28,54
104,17,p363_017,229,198,31,142,87,142,31,56
104,18,p363_018,334,264,70,240,94,240,70,24
104,19,p363_019,414,383,31,332,82,328,27,59
104,20,p363_020,253,223,30,179,74,179,30,44
104,21,p363_021,505,474,31,407,98,407,31,67
104,22,p363_022,400,342,58,318,82,316,56,28
104,23,p363_023,627,567,60,491,136,489,58,80
104,24,p363_024,393,370,23,307,86,303,19,71
104,25,p363_025,166,138,28,92,74,87,23,56
104,26,p363_026,199,165,34,116,83,116,34,49
104,27,p363_027,182,156,26,113,69,113,26,43
104,28,p363_028,159,145,14,85,74,85,14,60
104,29,p363_029,199,151,48,122,77,122,48,29
104,30,p363_030,178,165,13,78,100,78,13,87
104,31,p363_031,249,170,79,129,120,129,79,41
104,32,p363_032,216,171,45,112,104,112,45,59
104,33,p363_033,188,135,53,89,99,89,53,46
104,34,p363_034,178,132,46,79,99,79,46,53
104,35,p363_035,183,174,9,91,92,89,7,87
104,36,p363_036,179,175,4,130,49,128,2,49
104,37,p363_037,166,151,15,77,89,75,13,78
104,38,p363_038,182,172,10,96,86,96,10,76
104,39,p363_039,206,181,25,120,86,119,24,63
104,40,p363_040,169,145,24,94,75,94,24,51
104,41,p363_041,171,139,32,83,88,80,29,62
104,42,p363_042,205,172,33,101,104,100,32,73
104,43,p363_043,145,145,0,76,69,76,0,69
104,44,p363_044,158,157,1,90,68,90,1,67
104,45,p363_045,187,145,42,104,83,103,41,43
104,46,p363_046,137,128,9,64,73,64,9,64
104,47,p363_047,182,164,18,117,65,116,17,49
104,48,p363_048,149,141,8,97,52,94,5,50
104,49,p363_049,181,165,16,108,73,106,14,61
104,50,p363_050,211,160,51,85,126,85,51,75
104,51,p363_051,150,136,14,75,75,75,14,61
104,52,p363_052,214,159,55,87,127,87,55,72
104,53,p363_053,126,122,4,71,55,70,3,53
104,54,p363_054,179,137,42,102,77,102,42,35
104,55,p363_055,134,108,26,69,65,68,25,41
104,56,p363_056,182,119,63,109,73,109,63,10
104,57,p363_057,201,153,48,121,80,121,48,32
104,58,p363_058,153,134,19,88,65,86,17,50
104,59,p363_059,140,124,16,90,50,88,14,38
104,60,p363_060,121,98,23,45,76,45,23,53
104,61,p363_061,131,113,18,59,72,56,15,60
104,62,p363_062,137,87,50,62,75,62,50,25
104,63,p363_063,145,126,19,59,86,59,19,67
104,64,p363_064,166,152,14,96,70,96,14,56
104,65,p363_065,233,186,47,148,85,148,47,38
104,66,p363_066,123,88,35,52,71,52,35,36
104,67,p363_067,174,134,40,100,74,100,40,34
104,68,p363_068,206,135,71,103,103,103,71,32
104,69,p363_069,151,119,32,58,93,58,32,61
104,70,p363_070,161,129,32,82,79,82,32,47
104,71,p363_071,155,135,20,70,85,70,20,65
104,72,p363_072,195,127,68,94,101,94,68,33
104,73,p363_073,177,157,20,68,109,68,20,89
104,74,p363_074,171,139,32,88,83,87,31,53
104,75,p363_075,193,132,61,105,88,105,61,27
104,76,p363_076,188,136,52,132,56,123,43,22
104,77,p363_077,144,128,16,79,65,79,16,49
104,78,p363_078,223,198,25,100,123,100,25,98
104,79,p363_079,163,154,9,71,92,71,9,83
104,80,p363_080,230,147,83,139,91,139,83,8
104,81,p363_081,130,114,16,54,76,54,16,60
104,82,p363_082,158,146,12,96,62,92,8,58
104,83,p363_083,173,162,11,99,74,99,11,63
104,84,p363_084,153,118,35,106,47,106,35,12
104,85,p363_085,151,125,26,74,77,73,25,53
104,86,p363_086,141,64,77,60,81,58,75,8
104,87,p363_087,187,124,63,103,84,103,63,21
104,88,p363_088,174,154,20,98,76,96,18,60
104,89,p363_089,177,142,35,112,65,112,35,30
104,90,p363_090,146,135,11,81,65,81,11,54
104,91,p363_091,153,148,5,105,48,105,5,43
104,92,p363_092,190,182,8,111,79,110,7,73
104,93,p363_093,177,137,40,115,62,115,40,22
104,94,p363_094,127,123,4,67,60,67,4,56
104,95,p363_095,221,154,67,122,99,122,67,32
104,96,p363_096,147,85,62,69,78,68,61,18
104,97,p363_097,151,139,12,77,74,77,12,62
104,98,p363_098,123,116,7,52,71,52,7,64
104,99,p363_099,134,129,5,101,33,99,3,32
104,100,p363_100,202,184,18,139,63,133,12,57
104,101,p363_101,113,105,8,57,56,57,8,48
104,102,p363_102,174,160,14,92,82,92,14,68
104,103,p363_103,158,130,28,94,64,93,27,38
104,104,p363_104,146,139,7,81,65,81,7,58
104,105,p363_105,149,112,37,88,61,88,37,24
104,106,p363_106,161,118,43,83,78,83,43,35
104,107,p363_107,127,98,29,46,81,45,28,54
104,108,p363_108,163,147,16,107,56,107,16,40
104,109,p363_109,147,108,39,66,81,66,39,42
104,110,p363_110,142,138,4,68,74,68,4,70
104,111,p363_111,156,100,56,82,74,74,48,34
104,112,p363_112,139,132,7,69,70,69,7,63
104,113,p363_113,174,168,6,107,67,107,6,61
104,114,p363_114,171,148,23,102,69,99,20,52
104,115,p363_115,222,202,20,105,117,101,16,105
104,116,p363_116,190,178,12,80,110,80,12,98
104,117,p363_117,198,170,28,71,127,71,28,99
104,118,p363_118,123,112,11,46,77,46,11,66
104,119,p363_119,206,178,28,117,89,115,26,65
104,120,p363_120,206,182,24,109,97,101,16,89
104,121,p363_121,163,160,3,96,67,94,1,68
104,122,p363_122,161,143,18,79,82,79,18,64
104,123,p363_123,155,106,49,77,78,75,47,33
104,124,p363_124,142,117,25,54,88,54,25,63
104,125,p363_125,147,142,5,89,58,88,4,55
104,126,p363_126,155,153,2,70,85,70,2,83
104,127,p363_127,166,151,15,63,103,61,13,92
104,128,p363_128,147,103,44,77,70,77,44,26
104,129,p363_129,157,153,4,69,88,69,4,84
104,130,p363_130,166,127,39,96,70,96,39,31
104,131,p363_131,117,90,27,53,64,53,27,37
104,132,p363_132,171,159,12,90,81,90,12,69
104,133,p363_133,158,117,41,93,65,93,41,24
104,134,p363_134,177,129,48,97,80,97,48,32
104,135,p363_135,161,128,33,93,68,92,32,37
104,136,p363_136,145,142,3,84,61,84,3,58
104,137,p363_137,166,117,49,98,68,98,49,19
104,138,p363_138,187,150,37,103,84,101,35,51
104,139,p363_139,153,122,31,94,59,93,30,30
104,140,p363_140,134,85,49,53,81,53,49,32
104,141,p363_141,133,95,38,59,74,55,34,44
104,142,p363_142,123,120,3,89,34,89,3,31
104,143,p363_143,142,133,9,69,73,68,8,66
104,144,p363_144,118,93,25,55,63,55,25,38
104,145,p363_145,158,95,63,101,57,89,51,18
104,146,p363_146,137,104,33,66,71,66,33,38
104,147,p363_147,137,84,53,70,67,70,53,14
104,148,p363_148,139,132,7,105,34,102,4,33
104,149,p363_149,177,129,48,100,77,100,48,29
104,150,p363_150,189,170,19,99,90,99,19,71
104,151,p363_151,154,138,16,104,50,99,11,44
104,152,p363_152,141,93,48,66,75,65,47,29
104,153,p363_153,134,128,6,80,54,78,4,52
104,154,p363_154,158,124,34,98,60,89,25,44
104,155,p363_155,203,156,47,131,72,129,45,29
104,156,p363_156,155,130,25,76,79,76,25,54
104,157,p363_157,145,108,37,76,69,75,36,34
104,158,p363_158,139,118,21,77,62,77,21,41
104,159,p363_159,138,110,28,74,64,67,21,50
104,160,p363_160,163,130,33,82,81,82,33,48
104,161,p363_161,145,137,8,90,55,87,5,53
104,162,p363_162,150,113,37,70,80,70,37,43
104,163,p363_163,131,119,12,71,60,70,11,50
104,164,p363_164,149,146,3,83,66,83,3,63
104,165,p363_165,195,158,37,118,77,118,37,40
104,166,p363_166,147,137,10,82,65,81,9,57
104,167,p363_167,137,113,24,68,69,65,21,51
104,168,p363_168,166,124,42,93,73,92,41,33
104,169,p363_169,142,142,0,96,46,96,0,46
104,170,p363_170,125,121,4,64,61,64,4,57
104,171,p363_171,147,121,26,62,85,62,26,59
104,172,p363_172,145,128,17,74,71,74,17,54
104,173,p363_173,137,133,4,78,59,78,4,55
104,174,p363_174,150,78,72,75,75,75,72,3
104,175,p363_175,155,105,50,102,53,94,42,19
104,176,p363_176,166,135,31,91,75,88,28,50
104,177,p363_177,174,157,17,81,93,81,17,76
104,178,p363_178,155,154,1,119,36,118,0,37
104,179,p363_179,139,136,3,79,60,79,3,57
104,180,p363_180,146,136,10,82,64,79,7,60
104,181,p363_181,132,124,8,85,47,82,5,45
104,182,p363_182,155,155,0,104,51,104,0,51
104,183,p363_183,178,171,7,98,80,98,7,73
104,184,p363_184,185,171,14,118,67,117,13,55
104,185,p363_185,155,140,15,94,61,88,9,58
104,186,p363_186,149,121,28,70,79,70,28,51
104,187,p363_187,174,119,55,99,75,98,54,22
104,188,p363_188,164,141,23,92,72,92,23,49
104,189,p363_189,172,126,46,100,72,98,44,30
104,190,p363_190,153,128,25,90,63,90,25,38
104,191,p363_191,153,131,22,73,80,73,22,58
104,192,p363_192,161,111,50,91,70,90,49,22
104,193,p363_193,184,137,47,100,84,95,42,47
104,194,p363_194,212,191,21,141,71,136,16,60
104,195,p363_195,164,141,23,92,72,92,23,49
104,196,p363_196,169,132,37,92,77,92,37,40
104,197,p363_197,145,116,29,63,82,63,29,53
104,198,p363_198,139,136,3,90,49,89,2,48
104,199,p363_199,142,96,46,62,80,62,46,34
104,200,p363_200,147,140,7,98,49,96,5,46
105,1,p364_001,148,147,1,105,43,104,0,44
105,2,p364_002,280,269,11,204,76,203,10,67
105,3,p364_003,530,521,9,407,123,407,9,114
105,4,p364_004,372,357,15,300,72,299,14,59
105,5,p364_005,428,423,5,369,59,369,5,54
105,6,p364_006,385,383,2,314,71,314,2,69
105,7,p364_007,370,367,3,238,132,238,3,129
105,8,p364_008,582,574,8,480,102,480,8,94
105,9,p364_009,379,375,4,319,60,318,3,58
105,10,p364_010,230,230,0,143,87,143,0,87
105,11,p364_011,501,492,9,398,103,398,9,94
105,12,p364_012,334,332,2,267,67,267,2,65
105,13,p364_013,307,301,6,247,60,243,2,62
105,14,p364_014,325,317,8,282,43,279,5,41
105,15,p364_015,484,484,0,427,57,427,0,57
105,16,p364_016,481,422,59,393,88,390,56,35
105,17,p364_017,272,267,5,194,78,194,5,73
105,18,p364_018,414,407,7,321,93,321,7,86
105,19,p364_019,524,522,2,446,78,444,0,80
105,20,p364_020,296,289,7,234,62,234,7,55
105,21,p364_021,721,651,70,597,124,567,40,114
105,22,p364_022,488,477,11,410,78,408,9,71
105,23,p364_023,848,826,22,667,181,664,19,165
105,24,p364_024,548,543,5,439,109,439,5,104
105,25,p364_025,184,175,9,113,71,113,9,62
105,26,p364_026,251,246,5,188,63,188,5,58
105,27,p364_027,210,209,1,123,87,123,1,86
105,28,p364_028,204,168,36,101,103,101,36,67
105,29,p364_029,200,143,57,100,100,99,56,45
105,30,p364_030,242,226,16,130,112,130,16,96
105,31,p364_031,250,243,7,132,118,132,7,111
105,32,p364_032,200,198,2,111,89,111,2,87
105,33,p364_033,194,188,6,110,84,110,6,78
105,34,p364_034,239,238,1,194,45,193,0,46
105,35,p364_035,154,153,1,124,30,123,0,31
105,36,p364_036,219,213,6,145,74,145,6,68
105,37,p364_037,183,181,2,112,71,112,2,69
105,38,p364_038,215,212,3,131,84,131,3,81
105,39,p364_039,206,206,0,136,70,136,0,70
105,40,p364_040,205,204,1,122,83,122,1,82
105,41,p364_041,215,209,6,123,92,123,6,86
105,42,p364_042,190,186,4,147,43,145,2,43
105,43,p364_043,163,156,7,92,71,92,7,64
105,44,p364_044,218,214,4,190,28,188,2,28
105,45,p364_045,204,204,0,187,17,187,0,17
105,46,p364_046,173,162,11,87,86,87,11,75
105,47,p364_047,200,193,7,142,58,141,6,53
105,48,p364_048,212,149,63,87,125,87,63,62
105,49,p364_049,153,141,12,60,93,60,12,81
105,50,p364_050,160,155,5,71,89,71,5,84
105,51,p364_051,211,202,9,129,82,129,9,73
105,52,p364_053,174,171,3,151,23,148,0,26
105,53,p364_054,185,167,18,138,47,127,7,51
105,54,p364_055,161,160,1,110,51,110,1,50
105,55,p364_056,210,206,4,171,39,168,1,41
105,56,p364_057,209,169,40,111,98,111,40,58
105,57,p364_058,158,150,8,77,81,77,8,73
105,58,p364_059,182,179,3,110,72,110,3,69
105,59,p364_060,201,193,8,103,98,102,7,92
105,60,p364_061,171,168,3,94,77,94,3,74
105,61,p364_062,141,140,1,84,57,84,1,56
105,62,p364_063,269,209,60,142,127,142,60,67
105,63,p364_064,182,181,1,110,72,110,1,71
105,64,p364_065,182,173,9,104,78,104,9,69
105,65,p364_066,180,173,7,96,84,96,7,77
105,66,p364_067,174,138,36,87,87,87,36,51
105,67,p364_068,178,171,7,118,60,115,4,59
105,68,p364_069,195,148,47,104,91,104,47,44
105,69,p364_070,154,132,22,69,85,69,22,63
105,70,p364_071,187,181,6,104,83,104,6,77
105,71,p364_072,155,144,11,99,56,97,9,49
105,72,p364_073,230,215,15,153,77,147,9,74
105,73,p364_074,196,186,10,122,74,122,10,64
105,74,p364_075,165,137,28,79,86,78,27,60
105,75,p364_076,258,248,10,160,98,159,9,90
105,76,p364_077,139,121,18,77,62,73,14,52
105,77,p364_078,176,149,27,93,83,93,27,56
105,78,p364_079,192,164,28,101,91,101,28,63
105,79,p364_081,193,186,7,117,76,114,4,75
105,80,p364_082,166,152,14,108,58,107,13,46
105,81,p364_083,203,198,5,124,79,124,5,74
105,82,p364_084,154,152,2,79,75,79,2,73
105,83,p364_085,146,140,6,132,14,126,0,20
105,84,p364_086,163,149,14,85,78,84,13,66
105,85,p364_087,199,195,4,136,63,136,4,59
105,86,p364_088,164,154,10,79,85,79,10,75
105,87,p364_089,171,152,19,102,69,100,17,54
105,88,p364_090,200,195,5,154,46,152,3,45
105,89,p364_091,163,148,15,104,59,99,10,54
105,90,p364_092,182,182,0,129,53,129,0,53
105,91,p364_094,173,165,8,104,69,104,8,61
105,92,p364_095,191,187,4,132,59,132,4,55
105,93,p364_096,211,205,6,108,103,108,6,97
105,94,p364_097,190,188,2,115,75,115,2,73
105,95,p364_098,159,156,3,88,71,88,3,68
105,96,p364_099,142,140,2,88,54,88,2,52
105,97,p364_100,189,186,3,117,72,117,3,69
105,98,p364_101,197,190,7,116,81,116,7,74
105,99,p364_102,170,163,7,88,82,86,5,79
105,100,p364_103,184,178,6,112,72,112,6,66
105,101,p364_104,154,154,0,96,58,96,0,58
105,102,p364_105,165,143,22,92,73,89,19,57
105,103,p364_106,223,195,28,137,86,137,28,58
105,104,p364_107,168,159,9,100,68,100,9,59
105,105,p364_108,242,237,5,160,82,160,5,77
105,106,p364_109,193,176,17,124,69,124,17,52
105,107,p364_110,182,179,3,87,95,87,3,92
105,108,p364_111,185,181,4,121,64,119,2,64
105,109,p364_112,166,163,3,150,16,149,2,15
105,110,p364_113,161,155,6,87,74,85,4,72
105,111,p364_114,243,229,14,171,72,171,14,58
105,112,p364_115,181,176,5,107,74,106,4,71
105,113,p364_116,152,137,15,93,59,93,15,44
105,114,p364_117,191,187,4,118,73,118,4,69
105,115,p364_118,167,166,1,126,41,125,0,42
105,116,p364_119,209,188,21,188,21,172,5,32
105,117,p364_120,236,211,25,198,38,180,7,49
105,118,p364_121,155,152,3,98,57,97,2,56
105,119,p364_122,238,232,6,177,61,177,6,55
105,120,p364_123,153,151,2,90,63,90,2,61
105,121,p364_124,134,127,7,59,75,59,7,68
105,122,p364_125,230,225,5,169,61,168,4,58
105,123,p364_126,191,190,1,124,67,124,1,66
105,124,p364_127,156,149,7,109,47,109,7,40
105,125,p364_128,190,159,31,110,80,108,29,53
105,126,p364_129,259,192,67,155,104,150,62,47
105,127,p364_130,169,152,17,83,86,81,15,73
105,128,p364_131,186,182,4,115,71,115,4,67
105,129,p364_132,161,146,15,92,69,92,15,54
105,130,p364_133,133,133,0,89,44,89,0,44
105,131,p364_134,164,141,23,75,89,75,23,66
105,132,p364_135,205,199,6,136,69,136,6,63
105,133,p364_136,163,161,2,101,62,101,2,60
105,134,p364_137,204,200,4,134,70,133,3,68
105,135,p364_138,155,151,4,76,79,76,4,75
105,136,p364_140,148,140,8,88,60,87,7,54
105,137,p364_141,230,230,0,203,27,203,0,27
105,138,p364_142,224,220,4,135,89,135,4,85
105,139,p364_143,182,177,5,104,78,104,5,73
105,140,p364_144,181,154,27,118,63,116,25,40
105,141,p364_145,230,230,0,173,57,173,0,57
105,142,p364_146,207,201,6,150,57,150,6,51
105,143,p364_147,143,143,0,75,68,75,0,68
105,144,p364_148,197,189,8,125,72,124,7,66
105,145,p364_149,149,149,0,81,68,81,0,68
105,146,p364_150,143,129,14,73,70,71,12,60
105,147,p364_151,142,130,12,114,28,108,6,28
105,148,p364_152,237,236,1,171,66,170,0,67
105,149,p364_153,176,163,13,128,48,127,12,37
105,150,p364_154,172,164,8,108,64,106,6,60
105,151,p364_155,144,131,13,87,57,86,12,46
105,152,p364_156,177,173,4,99,78,99,4,74
105,153,p364_157,147,141,6,92,55,91,5,51
105,154,p364_158,172,145,27,103,69,103,27,42
105,155,p364_159,191,181,10,164,27,158,4,29
105,156,p364_160,158,154,4,91,67,91,4,63
105,157,p364_161,134,134,0,73,61,73,0,61
105,158,p364_162,163,153,10,66,97,66,10,87
105,159,p364_163,171,150,21,101,70,101,21,49
105,160,p364_164,158,146,12,147,11,138,3,17
105,161,p364_165,222,207,15,156,66,153,12,57
105,162,p364_166,198,168,30,120,78,120,30,48
105,163,p364_167,169,119,50,93,76,90,47,32
105,164,p364_168,222,187,35,169,53,154,20,48
105,165,p364_169,158,139,19,108,50,100,11,47
105,166,p364_170,179,144,35,112,67,110,33,36
105,167,p364_171,178,161,17,126,52,123,14,41
105,168,p364_172,136,135,1,75,61,75,1,60
105,169,p364_173,193,188,5,133,60,132,4,57
105,170,p364_174,171,171,0,121,50,121,0,50
105,171,p364_175,177,150,27,97,80,97,27,53
105,172,p364_176,161,154,7,113,48,112,6,43
105,173,p364_177,190,190,0,126,64,126,0,64
105,174,p364_178,177,168,9,101,76,101,9,67
105,175,p364_179,201,199,2,148,53,148,2,51
105,176,p364_180,179,179,0,130,49,130,0,49
105,177,p364_181,150,148,2,68,82,68,2,80
105,178,p364_182,171,162,9,92,79,92,9,70
105,179,p364_183,141,138,3,61,80,61,3,77
105,180,p364_184,164,149,15,105,59,101,11,52
105,181,p364_185,203,201,2,121,82,121,2,80
105,182,p364_187,187,173,14,132,55,132,14,41
105,183,p364_188,150,146,4,54,96,54,4,92
105,184,p364_189,249,245,4,166,83,164,2,83
105,185,p364_190,186,177,9,121,65,121,9,56
105,186,p364_191,174,163,11,111,63,108,8,58
105,187,p364_192,201,165,36,121,80,121,36,44
105,188,p364_193,185,155,30,110,75,110,30,45
105,189,p364_194,190,190,0,123,67,123,0,67
105,190,p364_195,201,179,22,120,81,120,22,59
105,191,p364_196,158,156,2,84,74,83,1,74
105,192,p364_197,182,172,10,132,50,129,7,46
105,193,p364_198,129,110,19,62,67,61,18,50
105,194,p364_199,214,211,3,167,47,167,3,44
105,195,p364_200,233,231,2,180,53,179,1,53
105,196,p364_201,218,208,10,145,73,143,8,67
105,197,p364_202,166,153,13,96,70,94,11,61
105,198,p364_203,160,156,4,110,50,107,1,52
105,199,p364_204,190,180,10,116,74,116,10,64
105,200,p364_205,154,152,2,111,43,109,0,45
106,1,p374_001,168,167,1,110,58,110,1,57
106,2,p374_002,265,262,3,212,53,210,1,54
106,3,p374_003,522,494,28,395,127,392,25,105
106,4,p374_004,387,366,21,291,96,278,8,101
106,5,p374_005,522,483,39,435,87,415,19,88
106,6,p374_006,391,356,35,318,73,313,30,48
106,7,p374_007,328,271,57,248,80,234,43,51
106,8,p374_008,554,512,42,431,123,424,35,95
106,9,p374_009,338,255,83,231,107,224,76,38
106,10,p374_010,222,179,43,115,107,113,41,68
106,11,p374_011,478,452,26,367,111,365,24,89
106,12,p374_012,331,284,47,230,101,228,45,58
106,13,p374_013,299,262,37,220,79,213,30,56
106,14,p374_014,355,330,25,250,105,248,23,84
106,15,p374_015,390,379,11,291,99,291,11,88
106,16,p374_016,465,430,35,338,127,336,33,96
106,17,p374_017,254,215,39,146,108,143,36,75
106,18,p374_018,393,367,26,307,86,303,22,68
106,19,p374_019,478,446,32,380,98,378,30,70
106,20,p374_020,345,320,25,217,128,217,25,103
106,21,p374_021,659,597,62,546,113,529,45,85
106,22,p374_022,475,450,25,423,52,416,18,41
106,23,p374_023,820,792,28,673,147,670,25,125
106,24,p374_024,498,479,19,404,94,399,14,85
106,25,p374_025,195,178,17,100,95,100,17,78
106,26,p374_026,209,198,11,142,67,142,11,56
106,27,p374_027,227,195,32,126,101,124,30,73
106,28,p374_028,163,148,15,101,62,97,11,55
106,29,p374_029,161,118,43,70,91,70,43,48
106,30,p374_030,178,162,16,146,32,134,4,40
106,31,p374_031,230,202,28,143,87,139,24,67
106,32,p374_032,213,159,54,124,89,121,51,41
106,33,p374_033,203,195,8,144,59,144,8,51
106,34,p374_034,182,159,23,104,78,101,20,61
106,35,p374_035,169,158,11,100,69,100,11,58
106,36,p374_036,163,151,12,108,55,102,6,55
106,37,p374_037,177,172,5,119,58,119,5,53
106,38,p374_038,174,163,11,124,50,123,10,41
106,39,p374_039,193,181,12,147,46,141,6,46
106,40,p374_040,115,110,5,61,54,57,1,57
106,41,p374_041,185,182,3,127,58,127,3,55
106,42,p374_042,150,125,25,90,60,89,24,37
106,43,p374_043,150,139,11,69,81,68,10,72
106,44,p374_044,174,114,60,88,86,86,58,30
106,45,p374_045,209,198,11,200,9,190,1,18
106,46,p374_046,187,148,39,112,75,95,22,70
106,47,p374_047,163,151,12,116,47,110,6,47
106,48,p374_048,187,187,0,128,59,128,0,59
106,49,p374_049,185,183,2,126,59,126,2,57
106,50,p374_050,172,163,9,103,69,103,9,60
106,51,p374_051,145,143,2,93,52,93,2,50
106,52,p374_052,182,159,23,113,69,113,23,46
106,53,p374_053,161,144,17,91,70,91,17,53
106,54,p374_054,195,188,7,116,79,115,6,74
106,55,p374_055,129,128,1,91,38,91,1,37
106,56,p374_056,281,264,17,184,97,179,12,90
106,57,p374_057,138,127,11,126,12,115,0,23
106,58,p374_058,147,142,5,129,18,125,1,21
106,59,p374_059,233,202,31,157,76,148,22,63
106,60,p374_060,163,112,51,98,65,90,43,30
106,61,p374_061,129,129,0,97,32,97,0,32
106,62,p374_062,230,214,16,151,79,148,13,69
106,63,p374_063,163,151,12,101,62,101,12,50
106,64,p374_064,205,193,12,130,75,125,7,73
106,65,p374_065,165,158,7,87,78,85,5,75
106,66,p374_066,200,193,7,121,79,120,6,74
106,67,p374_067,193,155,38,121,72,111,28,54
106,68,p374_068,165,160,5,80,85,80,5,80
106,69,p374_069,153,134,19,70,83,69,18,66
106,70,p374_070,179,173,6,115,64,115,6,58
106,71,p374_071,278,274,4,198,80,198,4,76
106,72,p374_072,166,162,4,109,57,108,3,55
106,73,p374_073,268,249,19,181,87,181,19,68
106,74,p374_074,215,158,57,124,91,124,57,34
106,75,p374_075,184,149,35,108,76,106,33,45
106,76,p374_076,193,169,24,131,62,129,22,42
106,77,p374_077,166,166,0,133,33,133,0,33
106,78,p374_078,176,165,11,96,80,96,11,69
106,79,p374_079,161,134,27,73,88,71,25,65
106,80,p374_080,222,215,7,179,43,175,3,44
106,81,p374_081,169,165,4,116,53,115,3,51
106,82,p374_082,256,252,4,132,124,132,4,120
106,83,p374_083,222,208,14,131,91,131,14,77
106,84,p374_084,190,185,5,104,86,104,5,81
106,85,p374_085,190,187,3,126,64,125,2,63
106,86,p374_086,249,227,22,168,81,167,21,61
106,87,p374_087,161,147,14,121,40,113,6,42
106,88,p374_088,193,186,7,124,69,122,5,66
106,89,p374_089,161,160,1,112,49,112,1,48
106,90,p374_090,241,228,13,170,71,170,13,58
106,91,p374_091,203,189,14,125,78,124,13,66
106,92,p374_092,171,138,33,99,72,98,32,41
106,93,p374_093,182,182,0,115,67,115,0,67
106,94,p374_094,171,167,4,96,75,96,4,71
106,95,p374_095,169,169,0,102,67,102,0,67
106,96,p374_096,162,146,16,98,64,97,15,50
106,97,p374_097,190,183,7,137,53,136,6,48
106,98,p374_098,228,219,9,168,60,167,8,53
106,99,p374_099,190,179,11,116,74,116,11,63
106,100,p374_100,190,181,9,129,61,125,5,60
106,101,p374_101,161,152,9,83,78,83,9,69
106,102,p374_102,195,190,5,131,64,131,5,59
106,103,p374_103,158,147,11,77,81,77,11,70
106,104,p374_104,211,196,15,145,66,142,12,57
106,105,p374_105,182,170,12,116,66,115,11,56
106,106,p374_106,161,146,15,86,75,86,15,60
106,107,p374_107,145,139,6,71,74,71,6,68
106,108,p374_108,142,122,20,68,74,65,17,60
106,109,p374_109,230,223,7,156,74,156,7,67
106,110,p374_110,227,189,38,153,74,150,35,42
106,111,p374_111,211,204,7,139,72,139,7,65
106,112,p374_112,163,162,1,101,62,101,1,61
106,113,p374_113,294,281,13,208,86,207,12,75
106,114,p374_114,196,172,24,111,85,111,24,61
106,115,p374_115,219,197,22,132,87,132,22,65
106,116,p374_116,187,153,34,119,68,116,31,40
106,117,p374_117,185,168,17,60,125,60,17,108
106,118,p374_118,233,212,21,101,132,98,18,117
106,119,p374_119,206,193,13,133,73,129,9,68
106,120,p374_120,186,179,7,126,60,126,7,53
106,121,p374_121,163,158,5,93,70,93,5,65
106,122,p374_122,177,146,31,114,63,112,29,36
106,123,p374_123,214,213,1,146,68,146,1,67
106,124,p374_124,174,168,6,103,71,103,6,65
106,125,p374_125,134,134,0,84,50,84,0,50
106,126,p374_126,145,144,1,98,47,98,1,46
106,127,p374_127,158,154,4,139,19,136,1,21
106,128,p374_128,288,249,39,219,69,201,21,66
106,129,p374_129,185,184,1,176,9,175,0,10
106,130,p374_130,215,205,10,158,57,151,3,61
106,131,p374_131,172,170,2,136,36,134,0,38
106,132,p374_132,213,205,8,150,63,150,8,55
106,133,p374_133,228,225,3,156,72,156,3,69
106,134,p374_134,145,136,9,80,65,79,8,58
106,135,p374_135,171,144,27,106,65,100,21,50
106,136,p374_136,142,132,10,78,64,78,10,54
106,137,p374_137,181,150,31,104,77,102,29,50
106,138,p374_138,195,181,14,126,69,124,12,59
106,139,p374_139,177,146,31,109,68,103,25,49
106,140,p374_140,190,164,26,105,85,103,24,63
106,141,p374_141,175,132,43,102,73,93,34,48
106,142,p374_142,267,265,2,183,84,183,2,82
106,143,p374_143,203,190,13,132,71,130,11,62
106,144,p374_144,222,217,5,139,83,139,5,78
106,145,p374_145,146,142,4,63,83,63,4,79
106,146,p374_146,193,178,15,117,76,116,14,63
106,147,p374_147,193,179,14,112,81,111,13,69
106,148,p374_148,182,175,7,117,65,113,3,66
106,149,p374_149,158,155,3,103,55,101,1,56
106,150,p374_150,249,227,22,157,92,157,22,70
106,151,p374_151,185,177,8,111,74,111,8,66
106,152,p374_152,158,145,13,76,82,74,11,73
106,153,p374_153,169,153,16,96,73,90,10,69
106,154,p374_154,211,210,1,123,88,122,0,89
106,155,p374_155,177,151,26,89,88,89,26,62
106,156,p374_156,212,208,4,136,76,136,4,72
106,157,p374_157,208,199,9,134,74,133,8,67
106,158,p374_158,204,158,46,104,100,102,44,58
106,159,p374_159,205,187,18,134,71,134,18,53
106,160,p374_160,187,186,1,133,54,133,1,53
106,161,p374_161,139,134,5,82,57,79,2,58
106,162,p374_162,209,196,13,139,70,138,12,59
106,163,p374_163,241,230,11,174,67,174,11,56
106,164,p374_164,214,159,55,134,80,132,53,29
106,165,p374_165,147,147,0,106,41,106,0,41
106,166,p374_166,134,130,4,97,37,97,4,33
106,167,p374_167,177,167,10,112,65,110,8,59
106,168,p374_168,222,194,28,126,96,126,28,68
106,169,p374_169,193,175,18,119,74,119,18,56
106,170,p374_170,169,168,1,111,58,111,1,57
106,171,p374_171,139,135,4,88,51,85,1,53
106,172,p374_172,257,228,29,165,92,165,29,63
106,173,p374_173,163,152,11,100,63,100,11,52
106,174,p374_174,162,125,37,106,56,102,33,27
106,175,p374_175,169,167,2,131,38,129,0,40
106,176,p374_176,161,151,10,89,72,89,10,62
106,177,p374_177,208,198,10,114,94,114,10,84
106,178,p374_178,158,154,4,113,45,113,4,41
106,179,p374_179,142,130,12,77,65,76,11,55
106,180,p374_180,235,235,0,179,56,179,0,56
106,181,p374_181,182,180,2,134,48,133,1,48
106,182,p374_182,153,152,1,93,60,93,1,59
106,183,p374_183,174,173,1,127,47,127,1,46
106,184,p374_184,150,150,0,99,51,99,0,51
106,185,p374_185,185,174,11,142,43,139,8,38
106,186,p374_186,190,188,2,110,80,110,2,78
106,187,p374_187,162,151,11,97,65,93,7,62
106,188,p374_188,155,144,11,71,84,70,10,75
106,189,p374_189,236,232,4,173,63,171,2,63
106,190,p374_190,145,145,0,132,13,132,0,13
106,191,p374_191,129,128,1,97,32,97,1,31
106,192,p374_192,203,201,2,133,70,132,1,70
106,193,p374_193,212,204,8,145,67,143,6,63
106,194,p374_194,177,177,0,121,56,121,0,56
106,195,p374_195,145,145,0,107,38,107,0,38
106,196,p374_196,212,185,27,133,79,132,26,54
106,197,p374_197,161,160,1,99,62,99,1,61
106,198,p374_198,166,166,0,97,69,97,0,69
106,199,p374_199,233,223,10,166,67,166,10,57
106,200,p374_200,193,186,7,140,53,140,7,46
107,1,p376_001,137,134,3,108,29,107,2,28
107,2,p376_002,249,242,7,230,19,226,3,20
107,3,p376_003,422,383,39,407,15,374,6,42
107,4,p376_004,315,269,46,295,20,258,9,48
107,5,p376_005,398,376,22,373,25,360,9,29
107,6,p376_006,344,296,48,325,19,282,5,57
107,7,p376_007,280,272,8,262,18,255,1,24
107,8,p376_008,508,499,9,451,57,445,3,60
107,9,p376_009,299,296,3,266,33,264,1,34
107,10,p376_010,203,176,27,167,36,153,13,37
107,11,p376_011,437,400,37,410,27,381,8,48
107,12,p376_012,299,280,19,262,37,250,7,42
107,13,p376_013,259,194,65,230,29,189,24,46
107,14,p376_014,303,274,29,267,36,252,14,37
107,15,p376_015,351,317,34,313,38,289,10,52
107,16,p376_016,393,365,28,379,14,359,8,26
107,17,p376_017,263,248,15,238,25,227,4,32
107,18,p376_018,339,295,44,301,38,278,21,40
107,19,p376_019,443,408,35,359,84,348,24,71
107,20,p376_020,263,248,15,234,29,223,4,36
107,21,p376_021,558,529,29,500,58,490,19,49
107,22,p376_022,420,387,33,372,48,357,18,45
107,23,p376_023,664,573,91,577,87,545,59,60
107,24,p376_024,435,406,29,351,84,349,27,59
107,25,p376_025,204,204,0,189,15,189,0,15
107,26,p376_026,156,150,6,151,5,145,0,11
107,27,p376_027,166,150,16,121,45,112,7,47
107,28,p376_028,225,204,21,181,44,172,12,41
107,29,p376_029,188,154,34,113,75,103,24,61
107,30,p376_030,176,149,27,104,72,101,24,51
107,31,p376_031,166,158,8,115,51,111,4,51
107,32,p376_032,171,130,41,110,61,102,33,36
107,33,p376_033,144,131,13,82,62,79,10,55
107,34,p376_034,193,162,31,139,54,126,18,49
107,35,p376_035,217,159,58,148,69,138,48,31
107,36,p376_036,236,207,29,149,87,144,24,68
107,37,p376_037,174,146,28,117,57,114,25,35
107,38,p376_038,156,128,28,98,58,88,18,50
107,39,p376_039,228,226,2,179,49,177,0,51
107,40,p376_040,165,121,44,91,74,82,35,48
107,41,p376_041,178,125,53,93,85,86,46,46
107,42,p376_042,142,121,21,117,25,98,2,42
107,43,p376_043,169,105,64,104,65,87,47,35
107,44,p376_044,216,164,52,184,32,151,19,46
107,45,p376_045,230,211,19,200,30,186,5,39
107,46,p376_046,188,147,41,115,73,108,34,46
107,47,p376_047,166,138,28,114,52,100,14,52
107,48,p376_048,233,164,69,175,58,149,43,41
107,49,p376_049,146,135,11,118,28,109,2,35
107,50,p376_050,164,150,14,100,64,97,11,56
107,51,p376_051,193,169,24,121,72,114,17,62
107,52,p376_052,168,156,12,107,61,104,9,55
107,53,p376_053,178,165,13,95,83,94,12,72
107,54,p376_054,203,153,50,144,59,125,31,47
107,55,p376_055,195,185,10,146,49,141,5,49
107,56,p376_056,186,167,19,143,43,142,18,26
107,57,p376_057,219,149,70,128,91,120,62,37
107,58,p376_058,199,175,24,148,51,138,14,47
107,59,p376_059,147,128,19,127,20,109,1,37
107,60,p376_060,176,156,20,111,65,109,18,49
107,61,p376_061,161,148,13,148,13,136,1,24
107,62,p376_062,174,88,86,153,21,82,15,77
107,63,p376_063,169,124,45,127,42,100,18,51
107,64,p376_064,198,198,0,182,16,182,0,16
107,65,p376_065,137,134,3,100,37,100,3,34
107,66,p376_066,171,130,41,85,86,82,38,51
107,67,p376_067,178,172,6,145,33,140,1,37
107,68,p376_068,174,163,11,146,28,139,4,31
107,69,p376_069,190,173,17,155,35,150,12,28
107,70,p376_070,150,139,11,114,36,110,7,33
107,71,p376_071,183,174,9,140,43,136,5,42
107,72,p376_072,156,150,6,115,41,110,1,45
107,73,p376_073,147,134,13,100,47,94,7,46
107,74,p376_074,168,160,8,117,51,115,6,47
107,75,p376_075,210,178,32,154,56,146,24,40
107,76,p376_076,147,127,20,135,12,118,3,26
107,77,p376_077,174,165,9,155,19,148,2,24
107,78,p376_078,198,172,26,165,33,149,10,39
107,79,p376_079,211,181,30,167,44,157,20,34
107,80,p376_080,166,143,23,118,48,109,14,43
107,81,p376_081,249,242,7,199,50,196,4,49
107,82,p376_082,147,139,8,137,10,133,4,10
107,83,p376_083,155,146,9,152,3,143,0,12
107,84,p376_084,209,187,22,161,48,148,9,52
107,85,p376_085,177,116,61,109,68,90,42,45
107,86,p376_086,158,147,11,105,53,100,6,52
107,87,p376_087,206,161,45,110,96,107,42,57
107,88,p376_088,182,153,29,120,62,113,22,47
107,89,p376_089,222,217,5,169,53,168,4,50
107,90,p376_090,160,157,3,91,69,91,3,66
107,91,p376_091,133,108,25,74,59,73,24,36
107,92,p376_092,216,213,3,165,51,164,2,50
107,93,p376_093,147,145,2,89,58,89,2,56
107,94,p376_094,201,180,21,137,64,135,19,47
107,95,p376_095,191,182,9,136,55,131,4,56
107,96,p376_096,183,152,31,103,80,103,31,49
107,97,p376_097,168,130,38,124,44,102,16,50
107,98,p376_098,158,141,17,96,62,96,17,45
107,99,p376_099,201,157,44,142,59,132,34,35
107,100,p376_100,168,140,28,112,56,105,21,42
107,101,p376_101,172,170,2,146,26,144,0,28
107,102,p376_102,180,157,23,120,60,116,19,45
107,103,p376_103,187,159,28,107,80,102,23,62
107,104,p376_104,155,84,71,83,72,77,65,13
107,105,p376_105,207,196,11,145,62,144,10,53
107,106,p376_106,169,166,3,138,31,137,2,30
107,107,p376_107,205,181,24,141,64,134,17,54
107,108,p376_108,204,177,27,140,64,139,26,39
107,109,p376_109,186,158,28,112,74,105,21,60
107,110,p376_110,254,245,9,207,47,206,8,40
107,111,p376_111,186,129,57,124,62,105,38,43
107,112,p376_112,258,237,21,162,96,162,21,75
107,113,p376_113,190,178,12,135,55,131,8,51
107,114,p376_114,173,141,32,94,79,87,25,61
107,115,p376_115,166,159,7,109,57,109,7,50
107,116,p376_116,161,140,21,107,54,94,8,59
107,117,p376_117,187,174,13,122,65,121,12,54
107,118,p376_118,185,173,12,122,63,120,10,55
107,119,p376_119,179,130,49,130,49,112,31,36
107,120,p376_120,167,113,54,108,59,90,36,41
107,121,p376_121,182,171,11,150,32,144,5,33
107,122,p376_122,164,141,23,99,65,92,16,56
107,123,p376_123,192,145,47,139,53,125,33,34
107,124,p376_124,190,179,11,111,79,111,11,68
107,125,p376_125,167,152,15,110,57,108,13,46
107,126,p376_126,205,177,28,125,80,120,23,62
107,127,p376_127,191,188,3,143,48,142,2,47
107,128,p376_128,156,148,8,109,47,105,4,47
107,129,p376_129,169,158,11,129,40,121,3,45
107,130,p376_130,150,104,46,145,5,101,2,47
107,131,p376_131,123,100,23,107,16,89,5,29
107,132,p376_132,217,193,24,168,49,157,13,47
107,133,p376_133,181,136,45,111,70,101,35,45
107,134,p376_134,165,151,14,137,28,125,2,38
107,135,p376_135,145,129,16,93,52,83,6,56
107,136,p376_136,213,176,37,141,72,136,32,45
107,137,p376_137,179,169,10,128,51,128,10,41
107,138,p376_138,147,127,20,102,45,98,16,33
107,139,p376_139,188,161,27,118,70,114,23,51
107,140,p376_140,156,150,6,120,36,115,1,40
107,141,p376_141,147,141,6,118,29,114,2,31
107,142,p376_142,193,181,12,140,53,138,10,45
107,143,p376_143,145,108,37,105,40,87,19,39
107,144,p376_144,169,155,14,116,53,106,4,59
107,145,p376_145,159,136,23,87,72,80,16,63
107,146,p376_146,231,146,85,133,98,110,62,59
107,147,p376_147,170,156,14,112,58,109,11,50
107,148,p376_148,306,294,12,257,49,255,10,41
107,149,p376_149,175,156,19,103,72,100,16,59
107,150,p376_150,171,171,0,125,46,125,0,46
107,151,p376_151,176,170,6,135,41,130,1,45
107,152,p376_152,169,151,18,109,60,108,17,44
107,153,p376_153,175,164,11,115,60,111,7,57
107,154,p376_154,182,175,7,121,61,116,2,64
107,155,p376_155,207,163,44,142,65,133,35,39
107,156,p376_156,172,116,56,100,72,85,41,46
107,157,p376_157,193,159,34,125,68,110,19,64
107,158,p376_158,216,189,27,158,58,145,14,57
107,159,p376_159,170,139,31,83,87,78,26,66
107,160,p376_160,188,150,38,103,85,100,35,53
107,161,p376_161,187,157,30,156,31,135,9,43
107,162,p376_162,199,183,16,140,59,133,9,57
107,163,p376_163,204,168,36,127,77,121,30,53
107,164,p376_164,182,149,33,146,36,123,10,49
107,165,p376_165,187,161,26,155,32,142,13,32
107,166,p376_166,123,109,14,105,18,97,6,20
107,167,p376_167,212,174,38,169,43,153,22,37
107,168,p376_168,172,133,39,112,60,105,32,35
107,169,p376_169,161,136,25,127,34,113,11,37
107,170,p376_170,207,186,21,162,45,154,13,40
107,171,p376_171,178,170,8,130,48,127,5,46
107,172,p376_172,221,206,15,185,36,174,4,43
107,173,p376_173,191,178,13,128,63,126,11,54
107,174,p376_174,137,119,18,72,65,71,17,49
107,175,p376_175,149,137,12,97,52,93,8,48
107,176,p376_176,193,189,4,129,64,129,4,60
107,177,p376_177,206,203,3,139,67,137,1,68
107,178,p376_178,199,186,13,135,64,133,11,55
107,179,p376_179,240,215,25,148,92,147,24,69
107,180,p376_180,205,193,12,173,32,167,6,32
107,181,p376_181,141,109,32,78,63,74,28,39
107,182,p376_182,156,98,58,78,78,73,53,30
107,183,p376_183,178,178,0,145,33,145,0,33
107,184,p376_184,148,140,8,94,54,92,6,50
107,185,p376_185,218,215,3,169,49,168,2,48
107,186,p376_186,177,164,13,99,78,96,10,71
107,187,p376_187,189,154,35,138,51,130,27,32
107,188,p376_188,177,177,0,110,67,110,0,67
107,189,p376_189,195,161,34,133,62,121,22,52
107,190,p376_190,165,159,6,117,48,115,4,46
107,191,p376_191,218,161,57,144,74,134,47,37
107,192,p376_192,172,112,60,69,103,67,58,47
107,193,p376_193,226,107,119,128,98,106,97,23
107,194,p376_194,189,117,72,110,79,99,61,29
107,195,p376_195,198,180,18,130,68,123,11,64
107,196,p376_196,173,165,8,116,57,113,5,55
107,197,p376_197,149,148,1,86,63,86,1,62
107,198,p376_198,145,136,9,87,58,82,4,59
107,199,p376_199,162,133,29,98,64,94,25,43
107,200,p376_200,178,149,29,111,67,103,21,54
108,1,s5_001,176,81,95,78,98,78,95,3
108,2,s5_002,312,194,118,191,121,186,113,13
108,3,s5_003,608,370,238,368,240,363,233,12
108,4,s5_004,412,297,115,261,151,255,109,48
108,5,s5_005,526,360,166,358,168,355,163,8
108,6,s5_006,477,304,173,301,176,297,169,11
108,7,s5_007,405,220,185,223,182,219,181,5
108,8,s5_008,603,403,200,393,210,389,196,18
108,9,s5_009,410,206,204,210,200,202,196,12
108,10,s5_010,320,129,191,120,200,119,190,11
108,11,s5_011,590,350,240,356,234,346,230,14
108,12,s5_012,571,293,278,257,314,254,275,42
108,13,s5_013,359,228,131,263,96,226,94,39
108,14,s5_014,371,233,138,276,95,228,90,53
108,15,s5_015,446,310,136,311,135,302,127,17
108,16,s5_016,523,353,170,356,167,348,162,13
108,17,s5_017,349,147,202,150,199,146,198,5
108,18,s5_018,548,283,265,270,278,267,262,19
108,19,s5_019,618,390,228,389,229,383,222,13
108,20,s5_020,297,203,94,199,98,194,89,14
108,21,s5_021,628,489,139,484,144,480,135,13
108,22,s5_022,449,336,113,325,124,322,110,17
108,23,s5_023,740,517,223,537,203,514,200,26
108,24,s5_024,495,349,146,343,152,342,145,8
108,25,s5_025,283,154,129,152,131,151,128,4
108,26,s5_026,297,167,130,165,132,165,130,2
108,27,s5_027,253,133,120,133,120,132,119,2
108,28,s5_028,363,231,132,220,143,220,132,11
108,29,s5_029,322,168,154,168,154,166,152,4
108,30,s5_030,341,194,147,192,149,191,146,4
108,31,s5_031,251,135,116,131,120,131,116,4
108,32,s5_032,204,124,80,119,85,117,78,9
108,33,s5_033,218,113,105,114,104,109,100,9
108,34,s5_034,231,115,116,117,114,113,112,6
108,35,s5_035,203,99,104,98,105,98,104,1
108,36,s5_036,292,192,100,190,102,186,96,10
108,37,s5_037,228,129,99,122,106,122,99,7
108,38,s5_038,281,182,99,172,109,171,98,12
108,39,s5_039,196,92,104,89,107,87,102,7
108,40,s5_040,269,176,93,125,144,125,93,51
108,41,s5_041,412,265,147,260,152,258,145,9
108,42,s5_042,266,148,118,144,122,143,117,6
108,43,s5_043,330,188,142,190,140,185,137,8
108,44,s5_044,239,101,138,102,137,99,135,5
108,45,s5_045,226,111,115,109,117,109,115,2
108,46,s5_046,359,212,147,216,143,210,141,8
108,47,s5_047,235,165,70,142,93,139,67,29
108,48,s5_048,217,110,107,106,111,104,105,8
108,49,s5_049,226,119,107,113,113,112,106,8
108,50,s5_050,253,150,103,151,102,148,100,5
108,51,s5_051,213,108,105,115,98,108,98,7
108,52,s5_053,249,139,110,141,108,131,100,18
108,53,s5_054,280,159,121,158,122,156,119,5
108,54,s5_055,293,141,152,140,153,139,151,3
108,55,s5_056,231,126,105,124,107,124,105,2
108,56,s5_057,304,180,124,172,132,172,124,8
108,57,s5_058,234,105,129,115,119,105,119,10
108,58,s5_059,228,138,90,117,111,112,85,31
108,59,s5_060,314,210,104,251,63,208,61,45
108,60,s5_061,210,150,60,154,56,149,55,6
108,61,s5_062,260,156,104,156,104,155,103,2
108,62,s5_063,265,165,100,149,116,147,98,20
108,63,s5_064,239,126,113,126,113,125,112,2
108,64,s5_065,240,142,98,145,95,139,92,9
108,65,s5_066,302,214,88,208,94,205,85,12
108,66,s5_067,271,158,113,156,115,155,112,4
108,67,s5_068,201,112,89,93,108,93,89,19
108,68,s5_069,243,137,106,137,106,135,104,4
108,69,s5_070,210,114,96,94,116,94,96,20
108,70,s5_071,226,97,129,101,125,97,125,4
108,71,s5_072,236,133,103,134,102,132,101,3
108,72,s5_073,224,130,94,129,95,129,94,1
108,73,s5_074,324,196,128,195,129,190,123,11
108,74,s5_075,198,102,96,100,98,99,95,4
108,75,s5_076,166,72,94,69,97,69,94,3
108,76,s5_077,173,53,120,55,118,53,118,2
108,77,s5_078,171,55,116,55,116,55,116,0
108,78,s5_079,134,48,86,47,87,47,86,1
108,79,s5_080,170,82,88,76,94,76,88,6
108,80,s5_081,298,189,109,187,111,183,105,10
108,81,s5_082,258,133,125,130,128,130,125,3
108,82,s5_083,425,194,231,199,226,194,226,5
108,83,s5_084,316,216,100,198,118,198,100,18
108,84,s5_085,261,131,130,124,137,124,130,7
108,85,s5_086,369,223,146,244,125,214,116,39
108,86,s5_087,220,132,88,135,85,128,81,11
108,87,s5_088,272,166,106,170,102,163,99,10
108,88,s5_089,335,214,121,210,125,206,117,12
108,89,s5_090,226,107,119,106,120,106,119,1
108,90,s5_091,217,85,132,96,121,85,121,11
108,91,s5_092,229,109,120,106,123,106,120,3
108,92,s5_093,214,115,99,111,103,110,98,6
108,93,s5_094,209,76,133,75,134,74,132,3
108,94,s5_095,216,140,76,136,80,136,76,4
108,95,s5_096,187,94,93,92,95,92,93,2
108,96,s5_097,240,127,113,131,109,125,107,8
108,97,s5_098,167,88,79,102,65,86,63,18
108,98,s5_099,240,166,74,159,81,158,73,9
108,99,s5_100,384,163,221,146,238,144,219,21
108,100,s5_101,247,153,94,151,96,151,94,2
108,101,s5_102,274,173,101,164,110,157,94,23
108,102,s5_103,193,119,74,109,84,109,74,10
108,103,s5_104,272,165,107,161,111,158,104,10
108,104,s5_105,294,177,117,170,124,165,112,17
108,105,s5_106,239,167,72,147,92,147,72,20
108,106,s5_107,228,117,111,113,115,111,109,8
108,107,s5_108,355,251,104,244,111,241,101,13
108,108,s5_109,270,208,62,185,85,182,59,29
108,109,s5_110,223,131,92,112,111,112,92,19
108,110,s5_111,243,123,120,123,120,121,118,4
108,111,s5_112,211,135,76,115,96,111,72,28
108,112,s5_113,257,166,91,170,87,165,86,6
108,113,s5_114,299,166,133,162,137,160,131,8
108,114,s5_115,254,169,85,133,121,132,84,38
108,115,s5_116,201,117,84,117,84,116,83,2
108,116,s5_117,214,121,93,119,95,119,93,2
108,117,s5_118,205,101,104,95,110,91,100,14
108,118,s5_119,311,218,93,211,100,211,93,7
108,119,s5_120,284,118,166,120,164,118,164,2
108,120,s5_121,224,103,121,106,118,103,118,3
108,121,s5_122,421,290,131,286,135,285,130,6
108,122,s5_123,231,114,117,115,116,114,116,1
108,123,s5_124,323,174,149,179,144,174,144,5
108,124,s5_125,254,172,82,165,89,164,81,9
108,125,s5_126,291,136,155,137,154,133,151,7
108,126,s5_127,267,117,150,107,160,107,150,10
108,127,s5_128,312,180,132,178,134,178,132,2
108,128,s5_129,263,115,148,104,159,102,146,15
108,129,s5_130,253,111,142,109,144,109,142,2
108,130,s5_131,230,76,154,75,155,74,153,3
108,131,s5_132,238,91,147,90,148,90,147,1
108,132,s5_133,206,60,146,59,147,59,146,1
108,133,s5_134,233,93,140,88,145,88,140,5
108,134,s5_135,190,66,124,65,125,65,124,1
108,135,s5_136,390,182,208,188,202,175,195,20
108,136,s5_137,271,132,139,135,136,129,133,9
108,137,s5_138,207,94,113,94,113,93,112,2
108,138,s5_139,241,110,131,109,132,109,131,1
108,139,s5_140,242,130,112,124,118,124,112,6
108,140,s5_141,315,223,92,221,94,220,91,4
108,141,s5_142,261,164,97,161,100,157,93,11
108,142,s5_143,297,181,116,187,110,180,109,8
108,143,s5_144,239,134,105,131,108,131,105,3
108,144,s5_145,268,129,139,126,142,124,137,7
108,145,s5_146,271,130,141,209,62,128,60,83
108,146,s5_147,253,151,102,152,101,149,99,5
108,147,s5_148,260,133,127,126,134,125,126,9
108,148,s5_149,253,140,113,132,121,132,113,8
108,149,s5_150,284,167,117,165,119,165,117,2
108,150,s5_151,303,162,141,169,134,161,133,9
108,151,s5_152,267,122,145,124,143,121,142,4
108,152,s5_153,224,114,110,103,121,102,109,13
108,153,s5_154,246,119,127,118,128,116,125,5
108,154,s5_155,236,143,93,136,100,132,89,15
108,155,s5_156,210,141,69,126,84,126,69,15
108,156,s5_157,381,276,105,254,127,250,101,30
108,157,s5_158,275,183,92,148,127,145,89,41
108,158,s5_159,266,137,129,134,132,131,126,9
108,159,s5_160,243,123,120,119,124,118,119,6
108,160,s5_161,272,155,117,159,113,150,108,14
108,161,s5_162,207,123,84,111,96,109,82,16
108,162,s5_163,240,137,103,131,109,130,102,8
108,163,s5_164,243,136,107,193,50,125,39,79
108,164,s5_165,286,168,118,187,99,156,87,43
108,165,s5_166,280,157,123,160,120,156,119,5
108,166,s5_167,265,168,97,152,113,150,95,20
108,167,s5_168,241,181,60,163,78,143,40,58
108,168,s5_169,229,150,79,122,107,119,76,34
108,169,s5_170,248,140,108,129,119,129,108,11
108,170,s5_171,310,174,136,161,149,160,135,15
108,171,s5_172,227,107,120,106,121,102,116,9
108,172,s5_173,265,151,114,153,112,151,112,2
108,173,s5_174,251,131,120,152,99,127,95,29
108,174,s5_175,262,163,99,166,96,155,88,19
108,175,s5_176,233,127,106,114,119,114,106,13
108,176,s5_177,253,149,104,148,105,148,104,1
108,177,s5_178,418,289,129,270,148,267,126,25
108,178,s5_179,326,173,153,171,155,170,152,4
108,179,s5_180,219,111,108,101,118,101,108,10
108,180,s5_181,230,141,89,134,96,132,87,11
108,181,s5_182,267,137,130,136,131,134,128,5
108,182,s5_183,260,163,97,166,94,162,93,5
108,183,s5_184,218,95,123,98,120,94,119,5
108,184,s5_185,265,148,117,147,118,145,115,5
108,185,s5_186,305,189,116,175,130,172,113,20
108,186,s5_187,299,174,125,175,124,174,124,1
108,187,s5_188,330,211,119,201,129,199,117,14
108,188,s5_189,254,150,104,159,95,149,94,11
108,189,s5_190,223,145,78,152,71,140,66,17
108,190,s5_191,213,119,94,91,122,89,92,32
108,191,s5_192,270,174,96,168,102,167,95,8
108,192,s5_193,302,173,129,162,140,160,127,15
108,193,s5_194,212,147,65,141,71,139,63,10
108,194,s5_195,283,168,115,166,117,161,110,12
108,195,s5_196,305,190,115,178,127,175,112,18
108,196,s5_197,230,107,123,103,127,103,123,4
108,197,s5_198,206,119,87,112,94,112,87,7
108,198,s5_199,238,117,121,124,114,114,111,13
108,199,s5_200,424,270,154,263,161,262,153,9
108,200,s5_201,283,197,86,187,96,182,81,20
