locutor,enunciado,arquivo,quadros,atividade_comum_segura,baixa_comum_segura
1,1,p225_001,129,51,45
1,2,p225_002,247,91,95
1,3,p225_003,475,194,133
1,4,p225_004,276,117,61
1,5,p225_005,396,207,63
1,6,p225_006,449,211,181
1,7,p225_007,352,163,123
1,8,p225_008,478,273,97
1,9,p225_009,331,155,130
1,10,p225_010,202,80,72
1,11,p225_011,427,243,90
1,12,p225_012,420,142,102
1,13,p225_013,295,150,73
1,14,p225_014,341,166,93
1,15,p225_016,421,243,108
1,16,p225_017,266,92,117
1,17,p225_018,344,188,93
1,18,p225_019,449,251,100
1,19,p225_020,378,150,9
1,20,p225_021,565,300,124
1,21,p225_022,439,210,121
1,22,p225_023,760,369,198
1,23,p225_024,461,257,140
1,24,p225_025,183,75,89
1,25,p225_026,123,38,77
1,26,p225_027,165,51,97
1,27,p225_028,134,43,82
1,28,p225_029,113,39,35
1,29,p225_030,262,136,99
1,30,p225_033,332,115,156
1,31,p225_035,271,111,114
1,32,p225_036,227,56,88
1,33,p225_037,243,77,131
1,34,p225_038,198,69,95
1,35,p225_039,309,130,115
1,36,p225_040,136,40,70
1,37,p225_044,430,105,276
1,38,p225_045,283,137,102
1,39,p225_046,198,91,60
1,40,p225_049,126,49,68
1,41,p225_051,144,59,69
1,42,p225_052,264,133,91
1,43,p225_053,159,64,79
1,44,p225_054,176,68,85
1,45,p225_056,196,85,94
1,46,p225_057,355,135,177
1,47,p225_058,211,67,117
1,48,p225_059,193,99,64
1,49,p225_060,195,62,84
1,50,p225_061,250,125,99
1,51,p225_062,203,88,95
1,52,p225_063,174,72,75
1,53,p225_064,113,49,36
1,54,p225_065,159,54,89
1,55,p225_066,180,73,78
1,56,p225_067,230,91,105
1,57,p225_070,145,49,64
1,58,p225_071,131,57,31
1,59,p225_072,182,73,63
1,60,p225_073,158,45,92
1,61,p225_081,176,94,64
1,62,p225_082,256,135,95
1,63,p225_083,246,118,91
1,64,p225_084,235,99,28
1,65,p225_086,228,84,124
1,66,p225_089,220,118,68
1,67,p225_090,214,71,124
1,68,p225_092,301,95,178
1,69,p225_094,102,53,31
1,70,p225_103,175,83,63
1,71,p225_104,211,84,97
1,72,p225_108,295,145,66
1,73,p225_109,141,44,77
1,74,p225_110,244,111,96
1,75,p225_111,145,62,53
1,76,p225_113,188,98,67
1,77,p225_114,182,90,71
1,78,p225_115,241,99,71
1,79,p225_116,299,124,113
1,80,p225_117,248,129,90
1,81,p225_118,179,68,82
1,82,p225_120,196,95,83
1,83,p225_121,147,52,38
1,84,p225_122,155,71,70
1,85,p225_123,190,87,77
1,86,p225_124,182,93,71
1,87,p225_126,105,55,16
1,88,p225_127,104,57,5
1,89,p225_128,179,126,13
1,90,p225_131,200,124,50
1,91,p225_133,125,55,33
1,92,p225_135,178,70,66
1,93,p225_136,230,122,52
1,94,p225_141,180,81,75
1,95,p225_142,156,71,72
1,96,p225_143,210,77,63
1,97,p225_144,124,54,31
1,98,p225_145,126,37,78
1,99,p225_147,125,49,45
1,100,p225_149,287,146,108
1,101,p225_150,284,130,103
1,102,p225_151,210,79,71
1,103,p225_152,177,72,74
1,104,p225_153,156,70,39
1,105,p225_156,230,107,79
1,106,p225_157,244,46,173
1,107,p225_158,204,90,72
1,108,p225_159,159,75,46
1,109,p225_165,270,103,108
1,110,p225_166,267,108,102
1,111,p225_169,323,162,97
1,112,p225_171,327,104,84
1,113,p225_172,160,77,35
1,114,p225_173,257,119,93
1,115,p225_174,227,105,32
1,116,p225_175,244,88,106
1,117,p225_176,193,96,53
1,118,p225_177,237,121,70
1,119,p225_179,137,72,61
1,120,p225_182,158,64,18
1,121,p225_191,146,45,63
1,122,p225_192,231,84,117
1,123,p225_193,186,70,64
1,124,p225_195,116,30,44
1,125,p225_196,195,58,49
1,126,p225_197,145,42,2
1,127,p225_199,127,53,41
1,128,p225_200,117,48,31
1,129,p225_201,255,119,105
1,130,p225_202,314,164,69
1,131,p225_203,211,96,76
1,132,p225_208,164,59,93
1,133,p225_210,191,65,74
1,134,p225_211,220,105,3
1,135,p225_212,209,69,89
1,136,p225_218,199,107,38
1,137,p225_219,208,87,56
1,138,p225_220,263,122,27
1,139,p225_221,170,80,59
1,140,p225_222,216,91,88
1,141,p225_223,174,78,24
1,142,p225_224,275,125,105
1,143,p225_225,144,49,55
1,144,p225_235,299,128,17
1,145,p225_236,291,98,123
1,146,p225_237,229,85,99
1,147,p225_238,180,75,64
1,148,p225_239,297,92,169
1,149,p225_240,145,44,85
1,150,p225_241,232,88,129
1,151,p225_242,257,113,45
1,152,p225_243,154,76,74
1,153,p225_244,159,77,5
1,154,p225_248,135,46,70
1,155,p225_253,269,126,40
1,156,p225_254,159,56,63
1,157,p225_257,148,68,6
1,158,p225_258,168,66,65
1,159,p225_264,230,117,84
1,160,p225_265,241,79,130
1,161,p225_266,222,104,87
1,162,p225_268,199,84,83
1,163,p225_273,266,96,22
1,164,p225_274,248,109,45
1,165,p225_275,284,154,35
1,166,p225_276,216,87,85
1,167,p225_277,282,154,75
1,168,p225_279,282,143,64
1,169,p225_280,245,105,108
1,170,p225_281,174,76,42
1,171,p225_282,211,113,60
1,172,p225_285,168,56,66
1,173,p225_286,173,69,11
1,174,p225_287,232,117,45
1,175,p225_289,251,97,76
1,176,p225_290,190,55,34
1,177,p225_291,273,108,96
1,178,p225_293,246,91,93
1,179,p225_294,251,99,118
1,180,p225_295,198,83,74
1,181,p225_296,162,71,40
1,182,p225_297,249,99,87
1,183,p225_298,194,94,23
1,184,p225_299,233,95,88
1,185,p225_300,141,60,20
1,186,p225_301,170,61,78
1,187,p225_302,214,82,92
1,188,p225_303,191,95,71
1,189,p225_305,186,83,89
1,190,p225_308,161,68,27
1,191,p225_309,115,34,1
1,192,p225_310,115,47,0
1,193,p225_312,166,74,15
1,194,p225_314,268,120,109
1,195,p225_315,322,148,55
1,196,p225_316,222,101,54
1,197,p225_317,323,114,19
1,198,p225_318,226,107,11
1,199,p225_319,172,52,32
1,200,p225_320,190,74,66
2,1,p226_001,175,53,2
2,2,p226_002,270,117,43
2,3,p226_003,501,260,33
2,4,p226_004,381,144,120
2,5,p226_005,483,281,14
2,6,p226_006,410,261,21
2,7,p226_007,348,194,89
2,8,p226_008,564,315,114
2,9,p226_009,332,208,21
2,10,p226_010,240,124,11
2,11,p226_011,518,312,9
2,12,p226_012,295,171,51
2,13,p226_013,379,190,27
2,14,p226_014,357,238,20
2,15,p226_015,400,268,58
2,16,p226_016,514,323,38
2,17,p226_017,251,147,49
2,18,p226_018,393,232,87
2,19,p226_019,471,306,58
2,20,p226_020,283,168,44
2,21,p226_021,625,369,101
2,22,p226_022,483,298,33
2,23,p226_023,760,499,75
2,24,p226_024,475,308,51
2,25,p226_025,177,77,13
2,26,p226_026,153,66,3
2,27,p226_027,271,160,50
2,28,p226_028,276,154,52
2,29,p226_029,327,178,100
2,30,p226_030,218,90,40
2,31,p226_031,184,56,88
2,32,p226_032,183,57,109
2,33,p226_033,294,150,85
2,34,p226_034,327,176,96
2,35,p226_036,291,124,12
2,36,p226_037,238,155,26
2,37,p226_039,135,58,5
2,38,p226_040,126,71,2
2,39,p226_041,190,94,45
2,40,p226_042,342,164,81
2,41,p226_043,257,80,119
2,42,p226_044,349,108,133
2,43,p226_045,193,80,33
2,44,p226_046,303,179,61
2,45,p226_047,135,48,29
2,46,p226_048,127,49,46
2,47,p226_049,138,49,65
2,48,p226_050,333,176,40
2,49,p226_051,221,122,73
2,50,p226_052,158,68,67
2,51,p226_053,171,64,72
2,52,p226_054,305,122,102
2,53,p226_055,291,164,75
2,54,p226_056,216,114,60
2,55,p226_057,150,67,43
2,56,p226_058,209,92,36
2,57,p226_059,131,55,21
2,58,p226_060,120,57,0
2,59,p226_061,270,168,41
2,60,p226_062,202,113,20
2,61,p226_063,155,68,16
2,62,p226_064,191,60,32
2,63,p226_065,211,94,23
2,64,p226_066,144,49,57
2,65,p226_067,143,61,19
2,66,p226_068,187,57,72
2,67,p226_069,219,92,71
2,68,p226_070,314,190,44
2,69,p226_071,328,147,107
2,70,p226_072,338,164,76
2,71,p226_073,200,53,83
2,72,p226_074,204,55,76
2,73,p226_075,239,96,39
2,74,p226_076,180,53,71
2,75,p226_077,208,72,73
2,76,p226_078,147,50,52
2,77,p226_079,134,59,4
2,78,p226_080,350,162,138
2,79,p226_082,193,56,100
2,80,p226_083,177,37,122
2,81,p226_084,314,155,76
2,82,p226_085,179,68,4
2,83,p226_086,196,90,80
2,84,p226_088,179,77,73
2,85,p226_089,222,75,73
2,86,p226_090,229,90,103
2,87,p226_091,169,57,23
2,88,p226_092,118,35,49
2,89,p226_093,137,60,31
2,90,p226_094,278,145,89
2,91,p226_095,219,87,60
2,92,p226_096,209,93,107
2,93,p226_097,177,74,73
2,94,p226_098,168,61,18
2,95,p226_099,291,133,23
2,96,p226_100,252,130,44
2,97,p226_101,162,52,11
2,98,p226_102,225,121,57
2,99,p226_103,176,68,68
2,100,p226_104,351,174,125
2,101,p226_105,168,69,61
2,102,p226_106,242,120,80
2,103,p226_107,189,56,68
2,104,p226_108,193,93,89
2,105,p226_109,190,100,56
2,106,p226_110,200,95,47
2,107,p226_111,173,58,76
2,108,p226_112,260,110,62
2,109,p226_113,271,145,66
2,110,p226_114,206,103,47
2,111,p226_115,245,83,39
2,112,p226_116,123,86,0
2,113,p226_117,162,76,53
2,114,p226_118,284,168,45
2,115,p226_119,201,125,38
2,116,p226_120,265,147,32
2,117,p226_121,205,72,91
2,118,p226_122,369,192,73
2,119,p226_124,287,143,78
2,120,p226_125,177,62,72
2,121,p226_126,180,98,2
2,122,p226_127,349,197,80
2,123,p226_128,278,118,83
2,124,p226_129,174,54,50
2,125,p226_130,218,73,103
2,126,p226_131,133,47,50
2,127,p226_132,199,90,64
2,128,p226_133,202,102,21
2,129,p226_134,283,140,56
2,130,p226_135,234,134,50
2,131,p226_136,276,171,38
2,132,p226_137,176,51,52
2,133,p226_138,264,105,96
2,134,p226_139,186,79,14
2,135,p226_140,256,105,43
2,136,p226_141,191,81,6
2,137,p226_142,175,80,57
2,138,p226_143,289,162,95
2,139,p226_144,243,130,26
2,140,p226_145,357,166,82
2,141,p226_146,351,163,67
2,142,p226_148,186,74,33
2,143,p226_149,234,126,39
2,144,p226_150,170,62,21
2,145,p226_151,193,79,50
2,146,p226_152,276,134,85
2,147,p226_153,275,72,152
2,148,p226_154,321,164,52
2,149,p226_155,238,129,13
2,150,p226_156,308,166,77
2,151,p226_157,283,138,77
2,152,p226_158,196,70,14
2,153,p226_159,279,118,83
2,154,p226_160,206,67,88
2,155,p226_161,217,76,88
2,156,p226_162,209,83,37
2,157,p226_163,202,74,81
2,158,p226_164,278,154,86
2,159,p226_165,190,69,10
2,160,p226_166,320,164,84
2,161,p226_167,193,78,80
2,162,p226_168,210,62,77
2,163,p226_169,179,80,55
2,164,p226_171,247,140,66
2,165,p226_172,207,57,117
2,166,p226_173,207,106,54
2,167,p226_174,189,59,68
2,168,p226_175,295,171,70
2,169,p226_176,247,66,132
2,170,p226_177,175,52,28
2,171,p226_178,274,121,67
2,172,p226_179,250,159,40
2,173,p226_180,249,103,87
2,174,p226_181,118,45,7
2,175,p226_183,216,110,60
2,176,p226_184,278,142,12
2,177,p226_185,187,67,19
2,178,p226_186,233,86,61
2,179,p226_187,204,57,98
2,180,p226_188,277,153,62
2,181,p226_189,217,117,54
2,182,p226_190,218,110,42
2,183,p226_191,349,200,78
2,184,p226_192,193,82,20
2,185,p226_193,274,148,82
2,186,p226_194,178,71,37
2,187,p226_195,265,131,6
2,188,p226_197,132,61,0
2,189,p226_198,117,32,43
2,190,p226_199,168,81,66
2,191,p226_200,185,45,88
2,192,p226_201,204,99,1
2,193,p226_202,132,57,23
2,194,p226_203,270,112,69
2,195,p226_204,218,122,23
2,196,p226_205,228,136,24
2,197,p226_206,306,192,16
2,198,p226_207,152,84,19
2,199,p226_208,136,62,31
2,200,p226_209,168,85,8
3,1,p227_001,215,72,22
3,2,p227_002,267,125,13
3,3,p227_003,528,214,167
3,4,p227_004,337,184,29
3,5,p227_005,499,280,32
3,6,p227_006,444,208,86
3,7,p227_008,489,231,20
3,8,p227_009,340,132,93
3,9,p227_010,307,71,89
3,10,p227_011,531,261,113
3,11,p227_012,349,204,62
3,12,p227_013,326,168,79
3,13,p227_014,382,226,45
3,14,p227_015,434,254,58
3,15,p227_016,491,227,106
3,16,p227_017,247,115,45
3,17,p227_018,462,234,84
3,18,p227_019,546,240,76
3,19,p227_020,303,150,63
3,20,p227_021,645,401,57
3,21,p227_022,445,209,23
3,22,p227_023,793,415,97
3,23,p227_024,494,293,62
3,24,p227_025,210,105,38
3,25,p227_026,171,56,71
3,26,p227_027,190,101,52
3,27,p227_028,137,50,54
3,28,p227_029,162,73,35
3,29,p227_030,219,117,45
3,30,p227_031,210,105,49
3,31,p227_032,179,59,77
3,32,p227_033,147,54,28
3,33,p227_034,175,90,45
3,34,p227_035,191,104,34
3,35,p227_036,219,107,55
3,36,p227_037,215,91,19
3,37,p227_038,197,112,39
3,38,p227_039,191,95,25
3,39,p227_040,227,120,48
3,40,p227_041,147,57,50
3,41,p227_042,212,117,20
3,42,p227_043,160,73,38
3,43,p227_044,121,47,40
3,44,p227_045,153,80,49
3,45,p227_046,151,62,35
3,46,p227_047,205,96,51
3,47,p227_048,206,104,50
3,48,p227_049,171,52,32
3,49,p227_050,172,79,4
3,50,p227_051,222,117,7
3,51,p227_052,262,124,42
3,52,p227_053,176,59,67
3,53,p227_054,154,39,24
3,54,p227_055,163,86,42
3,55,p227_056,125,56,20
3,56,p227_057,136,59,0
3,57,p227_058,135,47,12
3,58,p227_059,139,38,40
3,59,p227_060,289,179,4
3,60,p227_061,294,182,9
3,61,p227_062,193,71,70
3,62,p227_063,176,67,53
3,63,p227_064,455,185,33
3,64,p227_065,264,135,38
3,65,p227_066,253,124,26
3,66,p227_067,171,46,12
3,67,p227_068,143,60,10
3,68,p227_069,267,135,24
3,69,p227_070,199,76,48
3,70,p227_071,209,96,25
3,71,p227_072,270,139,34
3,72,p227_073,135,55,10
3,73,p227_074,147,95,0
3,74,p227_075,249,125,40
3,75,p227_076,180,85,4
3,76,p227_077,170,98,31
3,77,p227_078,222,123,7
3,78,p227_079,251,106,25
3,79,p227_080,241,82,4
3,80,p227_081,217,94,8
3,81,p227_082,271,103,32
3,82,p227_083,254,66,22
3,83,p227_084,335,91,96
3,84,p227_085,206,98,19
3,85,p227_086,192,80,12
3,86,p227_087,262,130,9
3,87,p227_088,192,96,4
3,88,p227_089,165,45,38
3,89,p227_090,219,105,44
3,90,p227_091,190,62,54
3,91,p227_092,204,81,29
3,92,p227_093,268,123,15
3,93,p227_094,163,81,28
3,94,p227_095,136,53,16
3,95,p227_096,195,74,20
3,96,p227_097,205,78,81
3,97,p227_098,302,149,29
3,98,p227_099,260,107,22
3,99,p227_100,153,60,2
3,100,p227_101,239,145,12
3,101,p227_102,171,75,20
3,102,p227_103,173,93,6
3,103,p227_104,213,92,32
3,104,p227_105,227,86,17
3,105,p227_106,183,73,4
3,106,p227_107,212,99,51
3,107,p227_108,206,114,6
3,108,p227_109,211,87,36
3,109,p227_110,229,85,44
3,110,p227_111,244,127,22
3,111,p227_112,203,74,50
3,112,p227_113,211,73,71
3,113,p227_114,230,90,70
3,114,p227_116,230,120,7
3,115,p227_117,217,75,49
3,116,p227_118,177,67,21
3,117,p227_119,179,54,25
3,118,p227_120,176,64,82
3,119,p227_121,273,107,52
3,120,p227_122,255,45,95
3,121,p227_123,203,80,27
3,122,p227_124,206,35,43
3,123,p227_125,193,58,26
3,124,p227_126,342,134,27
3,125,p227_127,288,99,18
3,126,p227_128,417,151,133
3,127,p227_129,246,115,53
3,128,p227_130,203,100,29
3,129,p227_131,334,164,54
3,130,p227_132,170,63,48
3,131,p227_133,140,51,0
3,132,p227_134,158,67,16
3,133,p227_135,183,82,45
3,134,p227_136,159,76,23
3,135,p227_137,202,85,20
3,136,p227_138,259,121,24
3,137,p227_139,251,152,7
3,138,p227_140,201,83,3
3,139,p227_141,157,83,4
3,140,p227_142,226,105,12
3,141,p227_143,158,62,8
3,142,p227_144,272,145,23
3,143,p227_145,192,83,41
3,144,p227_146,175,84,15
3,145,p227_147,181,90,10
3,146,p227_148,181,75,0
3,147,p227_149,222,92,60
3,148,p227_150,325,160,2
3,149,p227_151,168,76,6
3,150,p227_152,171,60,27
3,151,p227_153,265,103,14
3,152,p227_154,220,87,24
3,153,p227_155,152,51,33
3,154,p227_156,163,76,14
3,155,p227_157,182,90,16
3,156,p227_158,140,89,1
3,157,p227_159,182,74,9
3,158,p227_160,237,107,44
3,159,p227_161,94,47,9
3,160,p227_162,266,114,62
3,161,p227_163,200,75,34
3,162,p227_164,206,90,59
3,163,p227_165,150,62,63
3,164,p227_166,145,60,30
3,165,p227_167,130,52,38
3,166,p227_168,130,47,28
3,167,p227_169,127,38,32
3,168,p227_170,160,68,39
3,169,p227_171,177,67,34
3,170,p227_172,267,93,59
3,171,p227_173,210,93,10
3,172,p227_174,228,104,15
3,173,p227_175,198,76,22
3,174,p227_176,174,74,26
3,175,p227_177,303,133,46
3,176,p227_178,198,85,17
3,177,p227_179,227,96,20
3,178,p227_180,400,77,194
3,179,p227_181,147,61,27
3,180,p227_183,130,60,20
3,181,p227_184,184,61,35
3,182,p227_186,195,71,40
3,183,p227_187,185,75,19
3,184,p227_188,156,55,11
3,185,p227_189,237,71,45
3,186,p227_190,166,69,10
3,187,p227_191,153,57,22
3,188,p227_192,294,103,28
3,189,p227_193,306,130,28
3,190,p227_194,264,99,61
3,191,p227_195,201,112,25
3,192,p227_196,207,125,17
3,193,p227_197,136,45,22
3,194,p227_198,137,68,19
3,195,p227_199,158,77,34
3,196,p227_200,174,56,39
3,197,p227_201,369,159,33
3,198,p227_203,181,93,22
3,199,p227_204,167,78,1
3,200,p227_205,193,92,10
4,1,p228_001,167,68,29
4,2,p228_002,308,155,15
4,3,p228_003,585,247,194
4,4,p228_004,403,196,52
4,5,p228_005,467,326,7
4,6,p228_006,405,236,65
4,7,p228_007,350,218,16
4,8,p228_008,628,342,111
4,9,p228_009,446,210,25
4,10,p228_010,272,127,37
4,11,p228_011,513,298,68
4,12,p228_012,319,199,53
4,13,p228_013,315,163,48
4,14,p228_014,357,201,50
4,15,p228_015,451,300,34
4,16,p228_016,500,275,74
4,17,p228_018,352,241,2
4,18,p228_019,485,280,64
4,19,p228_020,277,162,37
4,20,p228_021,619,286,112
4,21,p228_022,571,257,140
4,22,p228_023,786,479,67
4,23,p228_024,469,308,58
4,24,p228_025,137,71,0
4,25,p228_026,315,181,7
4,26,p228_027,137,78,2
4,27,p228_028,254,64,40
4,28,p228_029,193,96,39
4,29,p228_030,163,82,55
4,30,p228_031,187,92,23
4,31,p228_032,275,180,4
4,32,p228_033,249,116,44
4,33,p228_034,219,119,18
4,34,p228_035,102,56,1
4,35,p228_036,139,68,4
4,36,p228_037,102,57,3
4,37,p228_038,147,78,16
4,38,p228_039,185,102,21
4,39,p228_040,131,69,34
4,40,p228_041,219,109,29
4,41,p228_042,182,81,45
4,42,p228_043,102,37,17
4,43,p228_044,262,143,44
4,44,p228_045,262,174,2
4,45,p228_046,105,47,0
4,46,p228_047,253,155,18
4,47,p228_048,243,149,27
4,48,p228_049,132,59,11
4,49,p228_050,190,89,35
4,50,p228_051,190,107,25
4,51,p228_052,153,55,25
4,52,p228_053,117,41,8
4,53,p228_054,163,104,7
4,54,p228_055,259,167,14
4,55,p228_056,133,37,47
4,56,p228_057,235,104,48
4,57,p228_058,110,50,7
4,58,p228_059,171,86,19
4,59,p228_060,218,126,24
4,60,p228_061,185,68,51
4,61,p228_062,123,87,2
4,62,p228_063,135,61,6
4,63,p228_064,168,74,26
4,64,p228_065,139,50,23
4,65,p228_066,308,186,29
4,66,p228_067,285,130,83
4,67,p228_068,185,92,22
4,68,p228_069,175,105,32
4,69,p228_070,229,98,60
4,70,p228_071,142,58,21
4,71,p228_072,115,50,15
4,72,p228_073,173,43,37
4,73,p228_074,190,97,16
4,74,p228_075,235,137,13
4,75,p228_076,205,76,6
4,76,p228_077,216,109,62
4,77,p228_078,369,156,73
4,78,p228_079,177,62,34
4,79,p228_081,200,77,72
4,80,p228_082,185,61,89
4,81,p228_083,300,132,64
4,82,p228_084,289,158,19
4,83,p228_085,153,60,14
4,84,p228_086,174,91,6
4,85,p228_087,243,128,51
4,86,p228_088,305,164,45
4,87,p228_089,309,168,7
4,88,p228_090,264,117,41
4,89,p228_091,299,155,16
4,90,p228_092,179,89,21
4,91,p228_093,227,90,27
4,92,p228_094,238,110,20
4,93,p228_095,168,79,39
4,94,p228_096,199,107,15
4,95,p228_097,350,238,4
4,96,p228_098,219,106,32
4,97,p228_099,155,81,0
4,98,p228_100,185,88,25
4,99,p228_101,163,60,17
4,100,p228_102,314,192,48
4,101,p228_103,238,131,4
4,102,p228_104,247,127,21
4,103,p228_105,352,198,15
4,104,p228_106,323,180,10
4,105,p228_107,237,105,39
4,106,p228_108,292,147,28
4,107,p228_109,355,187,58
4,108,p228_110,246,109,3
4,109,p228_111,400,242,8
4,110,p228_112,275,100,55
4,111,p228_113,242,126,7
4,112,p228_114,207,79,7
4,113,p228_115,222,103,4
4,114,p228_116,257,146,21
4,115,p228_117,340,196,6
4,116,p228_118,186,62,36
4,117,p228_119,149,55,4
4,118,p228_120,171,88,5
4,119,p228_121,216,88,18
4,120,p228_122,325,170,36
4,121,p228_123,177,74,1
4,122,p228_124,323,218,0
4,123,p228_125,319,142,49
4,124,p228_126,191,69,8
4,125,p228_127,193,57,11
4,126,p228_128,221,89,47
4,127,p228_129,315,187,30
4,128,p228_130,268,150,1
4,129,p228_131,282,135,33
4,130,p228_132,355,211,15
4,131,p228_133,263,124,10
4,132,p228_134,262,111,14
4,133,p228_135,303,186,14
4,134,p228_136,262,135,18
4,135,p228_137,171,79,7
4,136,p228_138,172,89,19
4,137,p228_139,270,148,7
4,138,p228_140,334,239,3
4,139,p228_141,190,90,14
4,140,p228_142,212,92,14
4,141,p228_143,245,142,9
4,142,p228_144,240,117,3
4,143,p228_145,198,95,10
4,144,p228_146,239,134,1
4,145,p228_147,179,45,14
4,146,p228_148,161,53,44
4,147,p228_149,338,163,11
4,148,p228_150,223,140,3
4,149,p228_151,142,54,3
4,150,p228_152,274,157,6
4,151,p228_153,182,81,2
4,152,p228_154,195,134,1
4,153,p228_155,244,145,8
4,154,p228_156,234,93,21
4,155,p228_157,279,175,31
4,156,p228_158,200,65,56
4,157,p228_159,361,171,57
4,158,p228_160,252,150,2
4,159,p228_161,232,134,16
4,160,p228_162,178,83,6
4,161,p228_163,187,96,7
4,162,p228_164,286,109,44
4,163,p228_165,242,114,23
4,164,p228_166,247,133,5
4,165,p228_167,266,145,10
4,166,p228_168,278,117,14
4,167,p228_169,263,86,33
4,168,p228_170,261,147,11
4,169,p228_171,178,88,7
4,170,p228_172,309,195,7
4,171,p228_173,201,77,43
4,172,p228_174,174,83,5
4,173,p228_175,340,170,27
4,174,p228_176,226,114,32
4,175,p228_177,204,84,30
4,176,p228_178,244,117,36
4,177,p228_179,292,169,10
4,178,p228_180,233,105,9
4,179,p228_181,323,153,54
4,180,p228_182,287,175,33
4,181,p228_183,185,68,71
4,182,p228_184,179,73,33
4,183,p228_185,142,48,0
4,184,p228_186,177,73,8
4,185,p228_187,171,65,0
4,186,p228_188,258,104,14
4,187,p228_189,308,163,3
4,188,p228_190,177,80,4
4,189,p228_191,174,63,63
4,190,p228_192,306,167,0
4,191,p228_193,212,111,6
4,192,p228_194,240,121,12
4,193,p228_195,276,165,8
4,194,p228_196,308,173,18
4,195,p228_197,297,172,6
4,196,p228_198,346,200,12
4,197,p228_199,320,162,34
4,198,p228_200,230,99,22
4,199,p228_202,181,80,6
4,200,p228_203,291,158,7
5,1,p229_001,131,54,54
5,2,p229_002,243,108,84
5,3,p229_003,431,193,124
5,4,p229_004,287,129,91
5,5,p229_005,370,208,63
5,6,p229_006,327,198,62
5,7,p229_007,246,162,32
5,8,p229_008,427,279,46
5,9,p229_009,257,164,55
5,10,p229_010,193,95,57
5,11,p229_011,394,254,66
5,12,p229_012,258,151,48
5,13,p229_013,288,166,15
5,14,p229_014,279,173,61
5,15,p229_015,328,215,14
5,16,p229_016,372,237,57
5,17,p229_017,216,112,43
5,18,p229_018,339,180,88
5,19,p229_019,492,291,56
5,20,p229_020,253,147,54
5,21,p229_021,546,340,61
5,22,p229_022,405,266,76
5,23,p229_023,676,411,149
5,24,p229_024,455,284,115
5,25,p229_025,102,60,7
5,26,p229_026,211,95,64
5,27,p229_027,113,56,25
5,28,p229_028,291,140,62
5,29,p229_029,107,40,40
5,30,p229_030,211,97,36
5,31,p229_031,267,141,58
5,32,p229_032,139,65,20
5,33,p229_033,121,44,47
5,34,p229_034,228,131,78
5,35,p229_035,223,95,29
5,36,p229_036,179,73,65
5,37,p229_037,233,114,49
5,38,p229_038,208,97,72
5,39,p229_039,121,39,22
5,40,p229_040,279,166,60
5,41,p229_041,161,73,52
5,42,p229_042,150,72,43
5,43,p229_043,231,112,39
5,44,p229_044,117,31,38
5,45,p229_045,150,54,26
5,46,p229_046,149,59,40
5,47,p229_047,166,80,29
5,48,p229_048,148,55,39
5,49,p229_050,121,40,34
5,50,p229_051,154,60,64
5,51,p229_052,229,105,78
5,52,p229_053,195,107,63
5,53,p229_054,269,139,70
5,54,p229_055,192,103,65
5,55,p229_056,187,77,66
5,56,p229_057,118,39,49
5,57,p229_058,138,52,60
5,58,p229_059,139,60,24
5,59,p229_060,145,78,22
5,60,p229_061,134,32,47
5,61,p229_062,160,57,72
5,62,p229_063,187,76,42
5,63,p229_064,119,54,23
5,64,p229_065,189,104,51
5,65,p229_066,118,41,11
5,66,p229_067,172,85,13
5,67,p229_068,156,67,34
5,68,p229_069,165,46,89
5,69,p229_070,169,75,34
5,70,p229_071,121,44,13
5,71,p229_072,184,76,73
5,72,p229_073,110,41,11
5,73,p229_074,169,74,28
5,74,p229_075,131,45,7
5,75,p229_076,134,64,1
5,76,p229_077,280,178,25
5,77,p229_078,275,120,57
5,78,p229_079,261,125,73
5,79,p229_080,249,99,81
5,80,p229_081,182,76,7
5,81,p229_082,177,80,50
5,82,p229_083,123,46,29
5,83,p229_084,131,61,7
5,84,p229_085,171,90,22
5,85,p229_086,245,127,45
5,86,p229_087,222,110,57
5,87,p229_088,134,55,65
5,88,p229_089,138,51,29
5,89,p229_090,174,91,44
5,90,p229_091,126,47,22
5,91,p229_092,165,71,14
5,92,p229_093,179,80,22
5,93,p229_094,296,171,79
5,94,p229_095,167,64,49
5,95,p229_096,246,127,55
5,96,p229_097,206,91,66
5,97,p229_098,142,52,32
5,98,p229_099,214,113,41
5,99,p229_100,206,100,46
5,100,p229_101,152,66,30
5,101,p229_102,223,104,64
5,102,p229_103,172,86,38
5,103,p229_104,145,68,49
5,104,p229_105,161,58,74
5,105,p229_106,164,75,60
5,106,p229_108,161,76,38
5,107,p229_109,173,71,32
5,108,p229_110,126,44,22
5,109,p229_111,118,42,7
5,110,p229_112,243,124,45
5,111,p229_113,155,60,48
5,112,p229_114,185,93,26
5,113,p229_115,137,57,23
5,114,p229_116,102,43,6
5,115,p229_117,139,57,46
5,116,p229_118,161,72,50
5,117,p229_119,115,46,16
5,118,p229_120,278,163,53
5,119,p229_121,213,95,6
5,120,p229_122,145,67,39
5,121,p229_123,129,47,41
5,122,p229_124,115,39,21
5,123,p229_125,113,42,31
5,124,p229_126,146,53,68
5,125,p229_127,223,110,9
5,126,p229_128,217,97,57
5,127,p229_129,268,127,52
5,128,p229_130,205,96,47
5,129,p229_131,235,84,79
5,130,p229_132,281,153,79
5,131,p229_133,166,69,31
5,132,p229_134,267,144,71
5,133,p229_135,158,78,1
5,134,p229_136,233,136,2
5,135,p229_137,145,50,51
5,136,p229_138,195,96,36
5,137,p229_139,201,82,56
5,138,p229_140,110,44,8
5,139,p229_141,150,77,42
5,140,p229_142,131,50,18
5,141,p229_143,213,115,43
5,142,p229_144,273,149,32
5,143,p229_145,172,80,8
5,144,p229_146,166,67,33
5,145,p229_147,181,91,64
5,146,p229_148,149,65,26
5,147,p229_149,248,126,48
5,148,p229_150,266,135,20
5,149,p229_151,118,39,24
5,150,p229_152,129,49,9
5,151,p229_153,283,152,54
5,152,p229_154,320,119,102
5,153,p229_155,255,141,31
5,154,p229_156,284,149,61
5,155,p229_157,254,136,26
5,156,p229_158,180,70,18
5,157,p229_159,233,140,1
5,158,p229_160,285,144,76
5,159,p229_161,171,72,46
5,160,p229_162,220,83,97
5,161,p229_163,139,49,44
5,162,p229_164,115,39,26
5,163,p229_165,225,110,27
5,164,p229_166,241,104,40
5,165,p229_167,184,70,30
5,166,p229_168,194,87,77
5,167,p229_169,157,74,49
5,168,p229_170,200,80,54
5,169,p229_171,222,111,32
5,170,p229_172,118,42,25
5,171,p229_173,216,106,49
5,172,p229_174,206,101,38
5,173,p229_175,251,152,60
5,174,p229_176,126,54,7
5,175,p229_177,134,42,19
5,176,p229_178,299,135,32
5,177,p229_179,277,139,92
5,178,p229_180,145,56,35
5,179,p229_181,153,55,46
5,180,p229_182,138,63,6
5,181,p229_183,260,134,87
5,182,p229_184,158,74,31
5,183,p229_185,177,87,27
5,184,p229_186,143,38,43
5,185,p229_187,194,97,39
5,186,p229_188,166,84,18
5,187,p229_189,147,72,37
5,188,p229_190,131,60,1
5,189,p229_191,131,48,14
5,190,p229_192,235,118,17
5,191,p229_193,134,54,29
5,192,p229_194,107,42,0
5,193,p229_195,257,130,37
5,194,p229_196,170,74,31
5,195,p229_197,182,83,52
5,196,p229_198,242,125,19
5,197,p229_199,179,97,43
5,198,p229_200,191,87,26
5,199,p229_201,233,153,18
5,200,p229_202,147,62,7
6,1,p230_001,139,67,13
6,2,p230_002,279,141,21
6,3,p230_003,492,237,83
6,4,p230_005,483,315,17
6,5,p230_006,391,263,43
6,6,p230_007,339,190,37
6,7,p230_008,538,350,32
6,8,p230_009,318,168,63
6,9,p230_010,193,95,39
6,10,p230_012,270,188,6
6,11,p230_013,318,176,35
6,12,p230_014,357,231,12
6,13,p230_016,517,318,56
6,14,p230_017,249,126,60
6,15,p230_018,395,207,73
6,16,p230_019,601,317,124
6,17,p230_020,283,173,43
6,18,p230_021,659,432,23
6,19,p230_023,864,544,68
6,20,p230_024,488,327,80
6,21,p230_025,143,67,2
6,22,p230_026,197,113,15
6,23,p230_027,225,120,21
6,24,p230_028,175,72,76
6,25,p230_029,220,133,12
6,26,p230_030,271,115,112
6,27,p230_031,173,78,24
6,28,p230_032,169,83,62
6,29,p230_033,286,140,58
6,30,p230_034,168,81,62
6,31,p230_035,247,136,35
6,32,p230_036,201,102,39
6,33,p230_037,171,81,59
6,34,p230_038,195,72,66
6,35,p230_039,204,102,14
6,36,p230_040,203,64,109
6,37,p230_041,156,68,44
6,38,p230_042,179,109,5
6,39,p230_043,198,88,74
6,40,p230_044,168,73,74
6,41,p230_045,194,85,64
6,42,p230_046,177,88,12
6,43,p230_047,171,40,60
6,44,p230_048,148,61,43
6,45,p230_049,179,79,51
6,46,p230_050,257,134,62
6,47,p230_051,152,64,23
6,48,p230_052,191,81,73
6,49,p230_053,202,80,88
6,50,p230_054,173,82,6
6,51,p230_055,332,199,46
6,52,p230_056,161,60,67
6,53,p230_057,257,170,6
6,54,p230_058,177,80,42
6,55,p230_059,217,112,10
6,56,p230_060,204,102,17
6,57,p230_061,209,120,15
6,58,p230_062,211,97,66
6,59,p230_063,205,104,31
6,60,p230_064,267,131,44
6,61,p230_065,211,107,49
6,62,p230_066,208,110,49
6,63,p230_068,220,116,55
6,64,p230_069,238,115,13
6,65,p230_070,140,46,24
6,66,p230_071,118,53,13
6,67,p230_072,155,56,65
6,68,p230_073,230,123,11
6,69,p230_074,344,169,61
6,70,p230_075,303,160,22
6,71,p230_076,169,130,10
6,72,p230_077,201,86,52
6,73,p230_078,156,76,4
6,74,p230_079,193,108,46
6,75,p230_080,129,67,1
6,76,p230_081,137,91,0
6,77,p230_083,165,107,0
6,78,p230_084,160,79,8
6,79,p230_085,187,106,12
6,80,p230_086,200,99,15
6,81,p230_087,161,88,2
6,82,p230_088,157,58,16
6,83,p230_089,325,172,49
6,84,p230_090,187,109,10
6,85,p230_091,174,120,3
6,86,p230_092,155,82,1
6,87,p230_093,153,74,2
6,88,p230_094,152,74,28
6,89,p230_095,179,80,31
6,90,p230_096,285,194,8
6,91,p230_097,163,76,22
6,92,p230_099,247,183,0
6,93,p230_100,295,191,5
6,94,p230_101,218,123,5
6,95,p230_102,192,111,0
6,96,p230_103,302,189,25
6,97,p230_104,263,148,21
6,98,p230_105,120,95,0
6,99,p230_106,203,125,5
6,100,p230_107,250,154,3
6,101,p230_108,249,138,16
6,102,p230_109,192,86,51
6,103,p230_110,363,214,2
6,104,p230_112,171,67,32
6,105,p230_113,198,111,2
6,106,p230_114,208,120,2
6,107,p230_115,228,163,0
6,108,p230_116,313,201,4
6,109,p230_117,214,114,2
6,110,p230_118,229,162,0
6,111,p230_119,241,119,8
6,112,p230_120,248,129,52
6,113,p230_121,254,138,5
6,114,p230_122,235,134,5
6,115,p230_123,178,90,2
6,116,p230_124,172,99,11
6,117,p230_125,321,195,15
6,118,p230_126,249,169,2
6,119,p230_127,185,56,10
6,120,p230_128,145,82,5
6,121,p230_129,224,116,8
6,122,p230_130,307,193,0
6,123,p230_131,172,88,2
6,124,p230_132,337,186,27
6,125,p230_133,275,142,4
6,126,p230_134,177,77,10
6,127,p230_135,185,66,34
6,128,p230_137,207,118,17
6,129,p230_138,183,75,24
6,130,p230_139,373,169,49
6,131,p230_140,245,147,32
6,132,p230_141,129,70,19
6,133,p230_142,194,127,0
6,134,p230_143,249,159,7
6,135,p230_144,342,202,11
6,136,p230_145,178,88,14
6,137,p230_146,183,68,18
6,138,p230_147,270,190,0
6,139,p230_148,294,190,0
6,140,p230_149,278,134,1
6,141,p230_150,217,154,6
6,142,p230_151,168,105,0
6,143,p230_152,171,90,1
6,144,p230_153,171,81,0
6,145,p230_154,142,98,0
6,146,p230_155,201,142,0
6,147,p230_156,279,218,1
6,148,p230_157,172,92,5
6,149,p230_158,179,107,0
6,150,p230_159,182,85,17
6,151,p230_160,128,56,1
6,152,p230_161,164,75,5
6,153,p230_162,130,52,8
6,154,p230_163,273,176,0
6,155,p230_164,193,86,5
6,156,p230_165,174,97,2
6,157,p230_166,214,139,4
6,158,p230_167,134,80,2
6,159,p230_168,271,162,5
6,160,p230_169,288,138,11
6,161,p230_170,172,101,30
6,162,p230_171,318,231,0
6,163,p230_172,262,124,43
6,164,p230_173,199,119,0
6,165,p230_174,210,92,14
6,166,p230_175,229,142,0
6,167,p230_176,260,151,2
6,168,p230_177,286,192,6
6,169,p230_178,149,86,2
6,170,p230_179,206,141,2
6,171,p230_180,147,102,0
6,172,p230_181,198,119,2
6,173,p230_182,182,86,14
6,174,p230_183,149,64,17
6,175,p230_184,260,142,12
6,176,p230_185,202,110,29
6,177,p230_186,171,97,3
6,178,p230_188,176,108,3
6,179,p230_189,219,119,4
6,180,p230_190,315,202,3
6,181,p230_191,260,153,11
6,182,p230_192,203,79,23
6,183,p230_194,289,178,14
6,184,p230_195,336,199,10
6,185,p230_196,271,205,0
6,186,p230_198,169,86,1
6,187,p230_199,236,121,3
6,188,p230_200,204,87,15
6,189,p230_201,240,184,0
6,190,p230_202,172,74,12
6,191,p230_203,265,137,19
6,192,p230_204,153,86,12
6,193,p230_205,175,105,1
6,194,p230_206,249,156,1
6,195,p230_207,280,179,3
6,196,p230_208,171,82,0
6,197,p230_209,267,199,1
6,198,p230_210,191,114,5
6,199,p230_211,305,192,5
6,200,p230_212,121,62,6
7,1,p231_001,128,44,12
7,2,p231_002,203,78,35
7,3,p231_003,361,176,25
7,4,p231_004,251,125,20
7,5,p231_005,301,207,5
7,6,p231_006,283,212,0
7,7,p231_007,234,139,10
7,8,p231_008,403,263,3
7,9,p231_009,270,158,38
7,10,p231_010,166,86,30
7,11,p231_011,387,237,34
7,12,p231_012,241,136,29
7,13,p231_013,229,152,6
7,14,p231_014,262,146,16
7,15,p231_015,296,195,2
7,16,p231_016,351,223,26
7,17,p231_017,193,104,17
7,18,p231_018,299,210,19
7,19,p231_019,395,233,35
7,20,p231_020,233,129,40
7,21,p231_021,456,258,44
7,22,p231_023,578,340,78
7,23,p231_024,335,240,8
7,24,p231_025,214,120,16
7,25,p231_026,137,50,21
7,26,p231_027,137,108,3
7,27,p231_028,126,59,20
7,28,p231_029,206,83,73
7,29,p231_030,123,47,29
7,30,p231_031,161,91,9
7,31,p231_032,238,122,11
7,32,p231_033,131,63,0
7,33,p231_034,139,98,1
7,34,p231_035,145,108,0
7,35,p231_036,129,75,1
7,36,p231_037,171,111,1
7,37,p231_038,139,68,1
7,38,p231_039,230,135,11
7,39,p231_040,131,67,34
7,40,p231_041,169,120,2
7,41,p231_042,142,73,19
7,42,p231_043,147,68,1
7,43,p231_044,227,91,40
7,44,p231_045,121,53,15
7,45,p231_046,123,62,3
7,46,p231_047,107,52,31
7,47,p231_048,113,49,0
7,48,p231_049,123,86,0
7,49,p231_050,98,59,0
7,50,p231_051,118,90,0
7,51,p231_052,77,64,0
7,52,p231_053,166,132,0
7,53,p231_054,121,81,0
7,54,p231_055,179,95,25
7,55,p231_056,136,56,10
7,56,p231_057,147,56,3
7,57,p231_058,123,52,0
7,58,p231_059,139,68,41
7,59,p231_061,135,32,20
7,60,p231_062,97,40,0
7,61,p231_063,115,44,0
7,62,p231_064,118,72,1
7,63,p231_065,225,137,17
7,64,p231_066,139,59,16
7,65,p231_067,137,99,2
7,66,p231_068,198,93,8
7,67,p231_069,145,82,1
7,68,p231_070,156,80,1
7,69,p231_071,145,74,17
7,70,p231_072,145,71,4
7,71,p231_073,169,67,42
7,72,p231_074,171,82,30
7,73,p231_076,129,55,3
7,74,p231_078,193,77,43
7,75,p231_079,190,87,19
7,76,p231_080,187,98,13
7,77,p231_081,174,77,11
7,78,p231_082,137,42,27
7,79,p231_083,134,53,24
7,80,p231_085,158,90,2
7,81,p231_086,166,73,7
7,82,p231_087,178,86,14
7,83,p231_088,129,43,4
7,84,p231_089,203,120,3
7,85,p231_090,121,44,18
7,86,p231_091,126,56,0
7,87,p231_092,121,77,1
7,88,p231_093,129,67,0
7,89,p231_094,126,46,20
7,90,p231_095,174,85,0
7,91,p231_097,151,81,21
7,92,p231_098,171,56,11
7,93,p231_099,161,87,0
7,94,p231_100,157,108,0
7,95,p231_101,171,90,0
7,96,p231_102,137,52,2
7,97,p231_103,132,51,6
7,98,p231_104,159,67,6
7,99,p231_105,118,62,0
7,100,p231_106,153,87,5
7,101,p231_107,110,59,0
7,102,p231_108,163,60,42
7,103,p231_109,198,114,0
7,104,p231_110,145,46,46
7,105,p231_111,134,68,5
7,106,p231_112,135,48,49
7,107,p231_113,154,68,0
7,108,p231_114,107,65,2
7,109,p231_115,153,75,9
7,110,p231_116,185,107,18
7,111,p231_117,172,89,0
7,112,p231_118,149,73,2
7,113,p231_119,147,110,0
7,114,p231_120,145,85,0
7,115,p231_121,139,92,0
7,116,p231_122,134,101,0
7,117,p231_123,187,131,0
7,118,p231_124,179,81,10
7,119,p231_125,129,56,3
7,120,p231_126,158,92,1
7,121,p231_127,130,62,6
7,122,p231_128,133,68,1
7,123,p231_129,169,110,0
7,124,p231_130,157,101,0
7,125,p231_131,158,128,1
7,126,p231_132,169,95,2
7,127,p231_133,121,70,0
7,128,p231_134,123,61,26
7,129,p231_135,174,99,12
7,130,p231_136,158,78,30
7,131,p231_137,155,71,1
7,132,p231_138,206,116,1
7,133,p231_139,174,92,1
7,134,p231_140,169,101,12
7,135,p231_141,157,92,3
7,136,p231_142,161,81,16
7,137,p231_143,153,119,0
7,138,p231_144,209,98,19
7,139,p231_145,172,74,65
7,140,p231_146,142,55,6
7,141,p231_147,150,89,5
7,142,p231_148,145,75,0
7,143,p231_149,153,74,2
7,144,p231_150,160,59,14
7,145,p231_151,158,69,4
7,146,p231_152,207,134,1
7,147,p231_153,145,81,3
7,148,p231_154,155,63,4
7,149,p231_155,173,93,8
7,150,p231_156,142,67,10
7,151,p231_157,198,87,48
7,152,p231_158,134,57,0
7,153,p231_159,147,64,0
7,154,p231_160,123,60,5
7,155,p231_161,107,62,0
7,156,p231_162,97,35,1
7,157,p231_163,138,59,6
7,158,p231_164,139,42,23
7,159,p231_165,129,61,8
7,160,p231_166,139,53,13
7,161,p231_167,121,72,0
7,162,p231_168,150,63,17
7,163,p231_169,139,63,1
7,164,p231_170,134,56,6
7,165,p231_171,214,87,16
7,166,p231_172,142,45,76
7,167,p231_173,153,54,35
7,168,p231_174,147,78,1
7,169,p231_175,187,86,10
7,170,p231_176,126,79,0
7,171,p231_177,155,82,10
7,172,p231_178,153,50,17
7,173,p231_179,137,52,15
7,174,p231_180,126,49,14
7,175,p231_181,142,85,0
7,176,p231_183,179,105,1
7,177,p231_184,150,90,2
7,178,p231_185,161,72,10
7,179,p231_186,162,53,28
7,180,p231_188,114,41,42
7,181,p231_189,134,41,6
7,182,p231_190,166,78,18
7,183,p231_191,182,83,31
7,184,p231_192,131,43,43
7,185,p231_193,190,83,0
7,186,p231_194,163,89,0
7,187,p231_195,249,137,31
7,188,p231_196,137,62,24
7,189,p231_197,126,64,11
7,190,p231_198,161,69,5
7,191,p231_199,219,144,6
7,192,p231_200,151,74,11
7,193,p231_201,115,55,1
7,194,p231_202,124,33,1
7,195,p231_203,126,48,3
7,196,p231_205,125,54,3
7,197,p231_206,137,59,3
7,198,p231_207,160,60,15
7,199,p231_208,171,69,9
7,200,p231_209,131,53,16
8,1,p232_001,132,52,66
8,2,p232_002,193,111,34
8,3,p232_003,470,231,101
8,4,p232_004,278,163,38
8,5,p232_005,412,256,44
8,6,p232_006,343,207,95
8,7,p232_007,272,164,79
8,8,p232_008,419,276,58
8,9,p232_009,283,167,75
8,10,p232_010,190,80,75
8,11,p232_011,427,266,89
8,12,p232_012,295,173,78
8,13,p232_013,268,157,68
8,14,p232_014,314,181,78
8,15,p232_015,357,224,86
8,16,p232_016,373,249,62
8,17,p232_017,205,101,68
8,18,p232_018,312,199,55
8,19,p232_019,445,269,29
8,20,p232_020,249,147,83
8,21,p232_021,556,332,119
8,22,p232_022,387,256,59
8,23,p232_023,627,393,129
8,24,p232_024,368,267,14
8,25,p232_025,140,63,68
8,26,p232_026,91,36,45
8,27,p232_027,260,166,63
8,28,p232_028,153,60,69
8,29,p232_029,233,113,71
8,30,p232_030,264,148,78
8,31,p232_031,161,56,73
8,32,p232_032,230,154,26
8,33,p232_033,105,37,32
8,34,p232_034,102,42,42
8,35,p232_035,222,136,59
8,36,p232_036,202,108,66
8,37,p232_037,265,157,82
8,38,p232_038,147,71,55
8,39,p232_039,131,43,53
8,40,p232_040,137,51,71
8,41,p232_041,137,54,45
8,42,p232_042,181,90,5
8,43,p232_043,139,63,47
8,44,p232_044,89,41,20
8,45,p232_045,86,35,45
8,46,p232_046,102,29,53
8,47,p232_047,138,54,57
8,48,p232_048,119,47,37
8,49,p232_049,208,111,80
8,50,p232_050,123,49,31
8,51,p232_051,113,34,68
8,52,p232_052,155,79,38
8,53,p232_053,127,53,60
8,54,p232_054,255,141,47
8,55,p232_055,113,46,30
8,56,p232_056,137,56,61
8,57,p232_057,164,63,52
8,58,p232_058,268,164,69
8,59,p232_059,99,29,42
8,60,p232_060,180,70,95
8,61,p232_061,227,124,63
8,62,p232_062,201,112,31
8,63,p232_063,161,69,79
8,64,p232_064,150,51,76
8,65,p232_065,119,40,58
8,66,p232_066,227,131,74
8,67,p232_067,187,92,70
8,68,p232_068,178,104,57
8,69,p232_069,191,96,80
8,70,p232_070,183,100,56
8,71,p232_071,187,88,61
8,72,p232_072,149,71,52
8,73,p232_073,143,45,77
8,74,p232_074,163,73,77
8,75,p232_075,163,76,52
8,76,p232_076,126,62,17
8,77,p232_077,121,41,35
8,78,p232_078,161,74,69
8,79,p232_079,174,89,64
8,80,p232_080,147,37,93
8,81,p232_081,131,71,44
8,82,p232_082,118,44,61
8,83,p232_083,128,53,51
8,84,p232_084,97,42,47
8,85,p232_085,152,71,66
8,86,p232_086,145,69,58
8,87,p232_087,134,62,52
8,88,p232_088,193,113,44
8,89,p232_089,162,75,46
8,90,p232_090,271,145,89
8,91,p232_091,122,55,59
8,92,p232_092,147,61,68
8,93,p232_093,162,88,66
8,94,p232_094,200,114,50
8,95,p232_095,247,160,44
8,96,p232_096,130,58,44
8,97,p232_097,182,100,53
8,98,p232_098,172,89,69
8,99,p232_099,196,101,78
8,100,p232_100,107,47,41
8,101,p232_101,134,51,53
8,102,p232_102,131,50,47
8,103,p232_103,245,148,71
8,104,p232_104,283,143,111
8,105,p232_105,135,43,63
8,106,p232_106,164,93,62
8,107,p232_107,190,102,60
8,108,p232_108,118,50,48
8,109,p232_109,243,129,77
8,110,p232_110,145,68,72
8,111,p232_111,115,65,40
8,112,p232_112,123,48,54
8,113,p232_113,94,41,41
8,114,p232_114,222,131,51
8,115,p232_115,194,110,65
8,116,p232_116,142,62,67
8,117,p232_117,230,137,51
8,118,p232_118,220,110,83
8,119,p232_119,220,119,60
8,120,p232_120,110,44,49
8,121,p232_121,217,135,54
8,122,p232_122,194,100,66
8,123,p232_123,256,144,83
8,124,p232_124,117,53,42
8,125,p232_125,115,46,49
8,126,p232_126,142,76,46
8,127,p232_127,147,63,17
8,128,p232_128,198,86,79
8,129,p232_129,247,131,76
8,130,p232_130,179,89,78
8,131,p232_131,216,106,78
8,132,p232_132,129,68,43
8,133,p232_133,176,85,55
8,134,p232_134,129,48,71
8,135,p232_135,134,63,53
8,136,p232_136,115,29,39
8,137,p232_137,126,47,54
8,138,p232_138,110,50,12
8,139,p232_139,153,73,60
8,140,p232_140,113,35,32
8,141,p232_141,115,60,8
8,142,p232_142,192,103,16
8,143,p232_143,134,52,77
8,144,p232_144,167,70,69
8,145,p232_145,190,93,31
8,146,p232_146,150,66,49
8,147,p232_147,194,105,64
8,148,p232_148,249,151,58
8,149,p232_149,169,100,23
8,150,p232_150,134,63,42
8,151,p232_151,186,84,76
8,152,p232_152,132,52,45
8,153,p232_153,144,65,55
8,154,p232_154,169,89,62
8,155,p232_155,183,89,64
8,156,p232_156,152,83,31
8,157,p232_158,192,121,57
8,158,p232_159,134,46,72
8,159,p232_160,262,173,55
8,160,p232_161,194,101,75
8,161,p232_162,123,47,65
8,162,p232_163,160,82,60
8,163,p232_164,179,76,68
8,164,p232_165,118,55,56
8,165,p232_166,191,113,21
8,166,p232_167,192,101,48
8,167,p232_168,110,48,52
8,168,p232_169,222,130,51
8,169,p232_170,155,77,15
8,170,p232_171,142,63,46
8,171,p232_172,150,70,69
8,172,p232_173,152,60,75
8,173,p232_174,150,65,44
8,174,p232_175,203,113,45
8,175,p232_176,198,101,68
8,176,p232_177,163,61,79
8,177,p232_178,132,59,37
8,178,p232_179,240,114,88
8,179,p232_180,226,127,79
8,180,p232_181,138,53,67
8,181,p232_182,179,87,71
8,182,p232_183,158,56,82
8,183,p232_184,145,87,45
8,184,p232_185,201,100,58
8,185,p232_186,140,53,58
8,186,p232_187,105,34,47
8,187,p232_188,278,140,78
8,188,p232_189,169,91,37
8,189,p232_190,145,61,33
8,190,p232_191,143,52,56
8,191,p232_192,218,128,61
8,192,p232_193,169,73,62
8,193,p232_194,239,142,65
8,194,p232_195,170,88,72
8,195,p232_196,147,63,68
8,196,p232_197,261,135,90
8,197,p232_198,169,53,93
8,198,p232_199,166,67,45
8,199,p232_200,253,132,86
8,200,p232_201,187,104,62
9,1,p233_001,164,65,7
9,2,p233_002,283,130,13
9,3,p233_003,565,327,17
9,4,p233_004,378,183,22
9,5,p233_005,449,268,6
9,6,p233_006,398,236,19
9,7,p233_007,346,171,5
9,8,p233_008,541,339,6
9,9,p233_009,398,187,41
9,10,p233_011,436,233,48
9,11,p233_012,279,156,57
9,12,p233_013,294,154,38
9,13,p233_014,299,173,32
9,14,p233_015,340,221,4
9,15,p233_016,444,241,81
9,16,p233_017,300,117,77
9,17,p233_018,350,189,62
9,18,p233_019,471,265,84
9,19,p233_020,283,149,48
9,20,p233_021,559,325,38
9,21,p233_022,390,218,44
9,22,p233_023,660,404,91
9,23,p233_024,423,279,34
9,24,p233_025,186,69,89
9,25,p233_026,136,59,55
9,26,p233_027,265,136,51
9,27,p233_028,241,114,67
9,28,p233_029,222,117,66
9,29,p233_030,257,137,63
9,30,p233_032,252,102,90
9,31,p233_033,147,76,50
9,32,p233_037,227,110,47
9,33,p233_038,173,70,25
9,34,p233_039,282,180,21
9,35,p233_040,276,54,139
9,36,p233_041,159,89,12
9,37,p233_042,138,52,20
9,38,p233_043,190,81,40
9,39,p233_044,312,128,57
9,40,p233_045,227,76,56
9,41,p233_046,173,73,41
9,42,p233_047,259,96,91
9,43,p233_048,213,73,38
9,44,p233_049,188,70,50
9,45,p233_050,188,72,39
9,46,p233_051,254,113,34
9,47,p233_052,183,65,62
9,48,p233_053,209,84,62
9,49,p233_054,129,48,69
9,50,p233_055,248,103,87
9,51,p233_056,194,80,59
9,52,p233_057,224,97,29
9,53,p233_058,227,115,8
9,54,p233_059,159,49,40
9,55,p233_060,222,76,88
9,56,p233_061,166,42,56
9,57,p233_062,153,53,30
9,58,p233_063,158,50,44
9,59,p233_064,158,72,45
9,60,p233_065,180,96,44
9,61,p233_066,141,50,24
9,62,p233_067,271,180,11
9,63,p233_068,319,161,37
9,64,p233_070,247,90,63
9,65,p233_071,190,62,86
9,66,p233_072,251,95,114
9,67,p233_073,174,32,71
9,68,p233_074,180,64,43
9,69,p233_075,353,182,36
9,70,p233_076,172,57,64
9,71,p233_077,262,113,50
9,72,p233_079,250,128,11
9,73,p233_080,181,74,22
9,74,p233_081,242,129,54
9,75,p233_082,250,131,46
9,76,p233_083,170,61,33
9,77,p233_084,174,71,9
9,78,p233_085,169,76,34
9,79,p233_086,162,53,15
9,80,p233_087,212,50,31
9,81,p233_088,191,56,40
9,82,p233_089,161,37,76
9,83,p233_090,171,60,69
9,84,p233_091,259,135,62
9,85,p233_092,211,96,26
9,86,p233_093,236,57,95
9,87,p233_094,229,71,55
9,88,p233_095,307,93,135
9,89,p233_096,250,55,163
9,90,p233_097,239,92,79
9,91,p233_098,196,76,42
9,92,p233_099,169,75,20
9,93,p233_100,271,91,72
9,94,p233_101,208,106,50
9,95,p233_102,210,91,49
9,96,p233_103,220,84,63
9,97,p233_104,225,77,103
9,98,p233_105,192,57,58
9,99,p233_106,234,87,88
9,100,p233_107,154,71,48
9,101,p233_108,231,115,55
9,102,p233_109,179,66,55
9,103,p233_110,205,96,38
9,104,p233_111,250,134,16
9,105,p233_112,185,63,5
9,106,p233_113,208,79,33
9,107,p233_114,145,45,33
9,108,p233_115,184,76,40
9,109,p233_116,157,45,73
9,110,p233_117,196,80,71
9,111,p233_118,181,87,23
9,112,p233_119,137,47,39
9,113,p233_120,149,55,50
9,114,p233_121,121,44,25
9,115,p233_122,274,133,60
9,116,p233_123,153,53,59
9,117,p233_125,122,43,51
9,118,p233_126,160,82,30
9,119,p233_127,283,146,66
9,120,p233_128,270,143,45
9,121,p233_129,226,127,21
9,122,p233_130,234,153,27
9,123,p233_131,244,138,17
9,124,p233_132,201,68,41
9,125,p233_133,167,77,8
9,126,p233_134,199,105,33
9,127,p233_135,201,105,57
9,128,p233_136,234,125,30
9,129,p233_137,147,79,12
9,130,p233_138,252,120,34
9,131,p233_139,197,92,20
9,132,p233_140,269,156,18
9,133,p233_141,195,91,21
9,134,p233_142,283,164,41
9,135,p233_143,105,24,5
9,136,p233_144,168,74,7
9,137,p233_146,208,118,14
9,138,p233_147,259,123,21
9,139,p233_148,129,34,52
9,140,p233_149,135,74,29
9,141,p233_150,294,147,55
9,142,p233_151,247,150,32
9,143,p233_152,149,62,30
9,144,p233_153,168,55,72
9,145,p233_154,278,151,43
9,146,p233_155,201,93,53
9,147,p233_156,205,96,29
9,148,p233_157,196,96,23
9,149,p233_158,254,148,16
9,150,p233_159,241,148,32
9,151,p233_160,187,52,77
9,152,p233_161,249,121,18
9,153,p233_162,177,70,20
9,154,p233_163,156,70,23
9,155,p233_164,181,65,47
9,156,p233_165,197,82,40
9,157,p233_166,255,134,48
9,158,p233_167,184,80,50
9,159,p233_168,226,95,56
9,160,p233_169,137,58,28
9,161,p233_170,136,43,53
9,162,p233_171,268,137,53
9,163,p233_172,235,119,54
9,164,p233_173,157,57,19
9,165,p233_174,138,54,38
9,166,p233_175,233,111,55
9,167,p233_176,240,115,55
9,168,p233_177,171,94,14
9,169,p233_178,199,112,37
9,170,p233_179,204,108,32
9,171,p233_180,159,64,65
9,172,p233_181,168,73,39
9,173,p233_182,159,66,71
9,174,p233_183,169,75,36
9,175,p233_184,136,42,41
9,176,p233_185,184,95,30
9,177,p233_186,246,140,53
9,178,p233_187,176,60,70
9,179,p233_188,227,129,45
9,180,p233_189,209,97,62
9,181,p233_190,142,53,52
9,182,p233_191,195,89,52
9,183,p233_192,121,33,65
9,184,p233_193,233,119,39
9,185,p233_194,230,96,10
9,186,p233_195,123,26,28
9,187,p233_196,141,48,66
9,188,p233_197,226,110,26
9,189,p233_198,249,123,26
9,190,p233_199,198,98,26
9,191,p233_200,174,92,37
9,192,p233_201,115,39,32
9,193,p233_203,275,118,33
9,194,p233_204,123,46,44
9,195,p233_208,231,113,28
9,196,p233_209,117,50,35
9,197,p233_210,158,50,71
9,198,p233_211,234,70,136
9,199,p233_212,240,118,17
9,200,p233_213,142,60,23
10,1,p234_001,174,96,3
10,2,p234_002,249,190,0
10,3,p234_003,410,260,25
10,4,p234_004,293,151,30
10,5,p234_005,441,231,19
10,6,p234_006,366,213,54
10,7,p234_007,320,161,18
10,8,p234_008,445,288,26
10,9,p234_009,329,176,15
10,10,p234_010,215,77,48
10,11,p234_012,275,163,23
10,12,p234_013,278,159,10
10,13,p234_014,289,196,4
10,14,p234_015,367,188,110
10,15,p234_016,416,239,79
10,16,p234_017,252,117,59
10,17,p234_018,358,199,46
10,18,p234_019,453,279,72
10,19,p234_020,326,148,104
10,20,p234_021,601,353,79
10,21,p234_022,419,228,67
10,22,p234_023,596,415,64
10,23,p234_024,430,270,81
10,24,p234_025,182,77,28
10,25,p234_026,145,64,5
10,26,p234_027,230,121,56
10,27,p234_028,240,123,26
10,28,p234_029,227,141,21
10,29,p234_030,315,151,70
10,30,p234_031,147,62,26
10,31,p234_032,219,103,75
10,32,p234_033,161,81,19
10,33,p234_034,297,159,60
10,34,p234_035,193,64,32
10,35,p234_036,185,75,25
10,36,p234_037,273,96,124
10,37,p234_038,150,66,40
10,38,p234_039,356,173,79
10,39,p234_040,190,61,30
10,40,p234_041,179,123,1
10,41,p234_042,137,68,0
10,42,p234_043,158,73,21
10,43,p234_044,183,128,5
10,44,p234_045,185,108,12
10,45,p234_046,171,71,25
10,46,p234_047,211,117,30
10,47,p234_048,201,103,17
10,48,p234_049,190,80,24
10,49,p234_050,207,84,45
10,50,p234_051,259,105,59
10,51,p234_052,225,90,44
10,52,p234_053,291,92,83
10,53,p234_054,145,57,18
10,54,p234_055,294,110,89
10,55,p234_056,204,97,24
10,56,p234_057,252,110,68
10,57,p234_058,241,108,76
10,58,p234_059,153,61,41
10,59,p234_060,211,89,49
10,60,p234_061,161,61,5
10,61,p234_062,153,67,27
10,62,p234_063,146,40,49
10,63,p234_064,158,77,6
10,64,p234_065,177,107,4
10,65,p234_066,147,55,24
10,66,p234_067,254,151,19
10,67,p234_068,295,154,42
10,68,p234_069,214,114,7
10,69,p234_070,166,107,4
10,70,p234_071,170,71,43
10,71,p234_072,182,109,7
10,72,p234_073,153,48,28
10,73,p234_074,161,71,47
10,74,p234_075,281,146,57
10,75,p234_076,150,54,17
10,76,p234_077,257,121,74
10,77,p234_079,227,137,28
10,78,p234_080,179,90,13
10,79,p234_081,269,138,36
10,80,p234_082,222,124,21
10,81,p234_083,231,63,49
10,82,p234_084,177,91,0
10,83,p234_085,187,95,25
10,84,p234_086,145,76,0
10,85,p234_087,155,70,10
10,86,p234_088,142,64,5
10,87,p234_089,131,44,35
10,88,p234_090,137,62,12
10,89,p234_091,233,140,14
10,90,p234_092,238,108,59
10,91,p234_093,182,62,91
10,92,p234_094,169,71,8
10,93,p234_095,182,81,63
10,94,p234_096,145,69,32
10,95,p234_097,230,128,12
10,96,p234_098,187,73,25
10,97,p234_099,196,54,60
10,98,p234_100,207,83,98
10,99,p234_101,230,121,42
10,100,p234_102,184,103,2
10,101,p234_103,224,113,1
10,102,p234_104,200,84,22
10,103,p234_105,163,104,2
10,104,p234_106,206,105,21
10,105,p234_107,179,71,29
10,106,p234_108,227,128,17
10,107,p234_109,158,102,2
10,108,p234_110,177,104,7
10,109,p234_111,275,188,4
10,110,p234_112,201,72,45
10,111,p234_113,233,144,5
10,112,p234_114,206,103,15
10,113,p234_115,179,65,2
10,114,p234_116,235,137,40
10,115,p234_117,180,88,7
10,116,p234_118,166,66,24
10,117,p234_119,179,90,0
10,118,p234_120,195,121,12
10,119,p234_121,246,139,22
10,120,p234_122,185,93,8
10,121,p234_123,225,107,41
10,122,p234_124,238,141,8
10,123,p234_125,155,80,0
10,124,p234_126,177,74,1
10,125,p234_127,209,111,36
10,126,p234_128,169,73,16
10,127,p234_129,179,106,10
10,128,p234_130,162,67,4
10,129,p234_131,231,123,26
10,130,p234_132,338,66,173
10,131,p234_133,185,119,2
10,132,p234_134,164,68,14
10,133,p234_135,191,77,28
10,134,p234_136,147,64,8
10,135,p234_137,163,68,30
10,136,p234_138,123,74,0
10,137,p234_139,150,53,70
10,138,p234_140,191,63,81
10,139,p234_141,222,132,3
10,140,p234_142,222,140,2
10,141,p234_143,205,116,21
10,142,p234_144,206,100,29
10,143,p234_145,185,92,10
10,144,p234_146,195,111,25
10,145,p234_147,193,77,11
10,146,p234_148,182,72,24
10,147,p234_149,235,110,23
10,148,p234_150,238,92,39
10,149,p234_151,217,91,65
10,150,p234_152,227,75,71
10,151,p234_153,254,94,23
10,152,p234_154,176,87,2
10,153,p234_155,125,70,0
10,154,p234_156,214,144,0
10,155,p234_157,193,102,4
10,156,p234_158,182,67,17
10,157,p234_159,265,98,32
10,158,p234_160,185,82,6
10,159,p234_161,299,152,16
10,160,p234_162,179,95,8
10,161,p234_163,171,89,14
10,162,p234_164,246,133,17
10,163,p234_165,139,75,28
10,164,p234_166,206,97,16
10,165,p234_167,219,117,7
10,166,p234_168,195,117,12
10,167,p234_169,278,151,11
10,168,p234_170,222,133,9
10,169,p234_171,163,65,17
10,170,p234_172,142,95,2
10,171,p234_173,182,101,21
10,172,p234_174,187,95,0
10,173,p234_175,166,96,2
10,174,p234_176,115,73,4
10,175,p234_177,187,114,10
10,176,p234_178,150,83,8
10,177,p234_179,243,147,13
10,178,p234_180,297,155,14
10,179,p234_181,164,87,0
10,180,p234_182,293,158,17
10,181,p234_183,201,86,15
10,182,p234_184,206,88,19
10,183,p234_185,225,73,54
10,184,p234_186,214,109,20
10,185,p234_187,163,57,26
10,186,p234_188,270,151,15
10,187,p234_189,161,67,25
10,188,p234_190,233,112,30
10,189,p234_191,187,89,19
10,190,p234_192,195,75,12
10,191,p234_193,171,68,52
10,192,p234_194,222,87,23
10,193,p234_195,227,105,53
10,194,p234_196,185,91,20
10,195,p234_197,166,89,2
10,196,p234_198,213,76,46
10,197,p234_199,182,102,3
10,198,p234_200,299,118,66
10,199,p234_201,211,73,52
10,200,p234_202,273,136,54
11,1,p236_002,217,196,0
11,2,p236_003,385,266,3
11,3,p236_004,305,241,0
11,4,p236_005,451,447,0
11,5,p236_006,355,333,0
11,6,p236_007,270,205,0
11,7,p236_009,289,173,11
11,8,p236_010,177,82,18
11,9,p236_011,427,279,21
11,10,p236_012,254,156,20
11,11,p236_013,254,145,7
11,12,p236_014,286,160,34
11,13,p236_015,329,222,7
11,14,p236_016,403,295,1
11,15,p236_017,219,133,7
11,16,p236_018,329,190,32
11,17,p236_019,403,278,4
11,18,p236_020,238,166,5
11,19,p236_021,515,321,14
11,20,p236_023,648,408,32
11,21,p236_024,398,293,12
11,22,p236_025,198,81,44
11,23,p236_026,190,84,32
11,24,p236_027,171,114,10
11,25,p236_028,118,59,10
11,26,p236_029,158,82,20
11,27,p236_030,110,59,6
11,28,p236_031,169,76,2
11,29,p236_032,132,84,0
11,30,p236_033,150,73,4
11,31,p236_034,131,61,8
11,32,p236_035,147,78,20
11,33,p236_036,217,134,6
11,34,p236_037,134,60,34
11,35,p236_038,155,77,18
11,36,p236_039,163,51,34
11,37,p236_040,246,91,92
11,38,p236_041,182,99,8
11,39,p236_042,166,102,0
11,40,p236_043,150,72,1
11,41,p236_044,206,112,2
11,42,p236_045,131,53,10
11,43,p236_046,123,60,5
11,44,p236_047,145,61,15
11,45,p236_048,172,80,15
11,46,p236_049,174,81,0
11,47,p236_050,137,64,27
11,48,p236_051,193,103,10
11,49,p236_052,139,53,28
11,50,p236_053,107,49,0
11,51,p236_054,171,101,3
11,52,p236_055,145,57,0
11,53,p236_056,206,117,0
11,54,p236_057,249,142,1
11,55,p236_058,174,140,0
11,56,p236_059,225,135,0
11,57,p236_060,123,69,0
11,58,p236_061,158,95,1
11,59,p236_062,153,80,0
11,60,p236_063,126,100,0
11,61,p236_064,131,74,0
11,62,p236_065,273,170,0
11,63,p236_066,174,95,0
11,64,p236_068,235,123,0
11,65,p236_069,177,73,6
11,66,p236_070,131,67,0
11,67,p236_071,123,47,0
11,68,p236_072,182,167,0
11,69,p236_073,233,175,0
11,70,p236_074,108,71,0
11,71,p236_075,166,59,0
11,72,p236_076,166,59,20
11,73,p236_077,169,90,13
11,74,p236_078,139,72,0
11,75,p236_079,188,77,0
11,76,p236_080,137,74,0
11,77,p236_081,139,80,0
11,78,p236_083,126,109,0
11,79,p236_084,201,106,0
11,80,p236_085,174,124,1
11,81,p236_086,150,81,3
11,82,p236_087,107,98,0
11,83,p236_088,131,108,0
11,84,p236_089,155,97,0
11,85,p236_090,123,86,0
11,86,p236_091,179,78,0
11,87,p236_092,211,103,6
11,88,p236_093,182,118,0
11,89,p236_094,209,129,0
11,90,p236_095,139,95,0
11,91,p236_096,147,115,0
11,92,p236_097,170,83,0
11,93,p236_098,166,92,0
11,94,p236_099,163,80,4
11,95,p236_100,129,72,2
11,96,p236_101,278,142,0
11,97,p236_102,142,137,0
11,98,p236_103,129,92,0
11,99,p236_104,195,144,0
11,100,p236_105,153,117,0
11,101,p236_107,134,110,0
11,102,p236_108,153,77,0
11,103,p236_109,153,65,0
11,104,p236_110,158,91,0
11,105,p236_111,137,64,17
11,106,p236_112,179,68,33
11,107,p236_113,139,76,21
11,108,p236_114,185,100,10
11,109,p236_115,158,84,21
11,110,p236_116,187,87,5
11,111,p236_117,171,102,9
11,112,p236_118,153,73,37
11,113,p236_119,137,75,8
11,114,p236_120,142,57,17
11,115,p236_121,115,56,25
11,116,p236_122,155,84,21
11,117,p236_123,118,53,22
11,118,p236_124,198,99,29
11,119,p236_125,209,109,14
11,120,p236_126,174,78,59
11,121,p236_127,169,94,25
11,122,p236_128,131,78,33
11,123,p236_129,126,56,39
11,124,p236_130,155,66,15
11,125,p236_131,131,64,18
11,126,p236_132,137,52,6
11,127,p236_133,147,67,68
11,128,p236_134,177,95,43
11,129,p236_135,169,66,58
11,130,p236_136,211,110,15
11,131,p236_137,190,96,53
11,132,p236_138,131,69,6
11,133,p236_139,150,57,39
11,134,p236_140,158,77,6
11,135,p236_141,153,55,11
11,136,p236_142,150,75,2
11,137,p236_143,161,87,26
11,138,p236_144,158,72,35
11,139,p236_145,155,77,19
11,140,p236_146,153,94,0
11,141,p236_147,153,71,16
11,142,p236_148,273,139,74
11,143,p236_149,150,63,18
11,144,p236_151,187,57,59
11,145,p236_152,158,95,4
11,146,p236_153,195,116,18
11,147,p236_154,179,84,44
11,148,p236_155,198,134,23
11,149,p236_156,139,72,23
11,150,p236_157,142,61,26
11,151,p236_158,129,59,35
11,152,p236_159,131,40,28
11,153,p236_161,187,88,17
11,154,p236_162,150,52,29
11,155,p236_163,190,96,12
11,156,p236_164,198,118,32
11,157,p236_165,155,70,18
11,158,p236_166,161,66,11
11,159,p236_167,177,76,24
11,160,p236_168,225,114,68
11,161,p236_169,193,87,44
11,162,p236_170,137,44,16
11,163,p236_172,123,49,2
11,164,p236_173,113,35,7
11,165,p236_174,91,35,0
11,166,p236_175,94,40,10
11,167,p236_176,118,50,7
11,168,p236_177,153,82,17
11,169,p236_178,105,35,7
11,170,p236_179,174,63,27
11,171,p236_180,142,55,7
11,172,p236_181,182,95,46
11,173,p236_182,145,72,45
11,174,p236_183,206,119,38
11,175,p236_184,139,68,41
11,176,p236_185,249,157,44
11,177,p236_186,174,85,29
11,178,p236_187,153,70,44
11,179,p236_188,169,61,43
11,180,p236_189,158,65,53
11,181,p236_190,174,94,3
11,182,p236_191,161,74,18
11,183,p236_192,142,64,18
11,184,p236_193,139,46,23
11,185,p236_194,134,54,14
11,186,p236_195,169,78,36
11,187,p236_196,179,95,0
11,188,p236_197,147,72,7
11,189,p236_198,230,114,36
11,190,p236_199,268,101,107
11,191,p236_200,134,82,1
11,192,p236_201,166,95,2
11,193,p236_202,182,106,34
11,194,p236_203,171,78,18
11,195,p236_204,225,135,17
11,196,p236_205,153,49,33
11,197,p236_206,179,80,42
11,198,p236_207,139,88,0
11,199,p236_208,169,87,0
11,200,p236_209,283,133,63
12,1,p237_001,144,61,39
12,2,p237_002,264,130,46
12,3,p237_003,449,225,87
12,4,p237_004,329,166,47
12,5,p237_005,390,241,32
12,6,p237_006,377,208,87
12,7,p237_007,288,150,42
12,8,p237_008,431,267,51
12,9,p237_009,384,157,106
12,10,p237_010,222,88,45
12,11,p237_011,404,284,54
12,12,p237_012,290,164,45
12,13,p237_013,320,174,18
12,14,p237_014,323,194,7
12,15,p237_015,339,222,23
12,16,p237_016,499,264,64
12,17,p237_017,266,132,36
12,18,p237_018,376,193,22
12,19,p237_019,462,272,43
12,20,p237_020,257,159,25
12,21,p237_021,513,337,39
12,22,p237_023,656,406,80
12,23,p237_024,455,281,62
12,24,p237_025,233,115,39
12,25,p237_026,167,66,18
12,26,p237_027,137,51,16
12,27,p237_028,267,161,38
12,28,p237_029,290,154,36
12,29,p237_030,266,122,44
12,30,p237_031,275,145,30
12,31,p237_032,178,54,45
12,32,p237_033,173,56,10
12,33,p237_034,258,115,55
12,34,p237_035,254,85,46
12,35,p237_036,155,51,23
12,36,p237_037,157,38,54
12,37,p237_038,217,88,34
12,38,p237_039,180,50,87
12,39,p237_040,150,44,39
12,40,p237_041,177,77,24
12,41,p237_042,199,99,33
12,42,p237_043,177,69,36
12,43,p237_044,160,50,49
12,44,p237_045,188,56,22
12,45,p237_046,246,111,39
12,46,p237_047,105,45,15
12,47,p237_048,153,54,17
12,48,p237_049,252,124,35
12,49,p237_050,121,42,15
12,50,p237_051,127,31,29
12,51,p237_052,261,135,11
12,52,p237_053,180,55,22
12,53,p237_054,206,107,9
12,54,p237_055,131,42,15
12,55,p237_056,273,144,7
12,56,p237_057,258,74,63
12,57,p237_058,274,112,50
12,58,p237_059,208,96,16
12,59,p237_060,242,110,18
12,60,p237_061,213,74,63
12,61,p237_062,189,77,68
12,62,p237_063,152,59,18
12,63,p237_064,181,80,10
12,64,p237_065,163,47,18
12,65,p237_066,251,155,17
12,66,p237_067,337,175,34
12,67,p237_068,301,141,22
12,68,p237_069,255,101,41
12,69,p237_070,258,127,43
12,70,p237_071,178,51,20
12,71,p237_072,238,99,65
12,72,p237_073,258,118,7
12,73,p237_074,247,102,53
12,74,p237_075,229,110,23
12,75,p237_076,195,83,31
12,76,p237_077,217,93,17
12,77,p237_078,182,61,17
12,78,p237_079,262,151,28
12,79,p237_080,178,48,93
12,80,p237_081,170,69,56
12,81,p237_082,196,80,41
12,82,p237_083,150,41,15
12,83,p237_084,224,97,45
12,84,p237_085,146,50,17
12,85,p237_086,129,51,19
12,86,p237_087,246,119,42
12,87,p237_088,247,117,70
12,88,p237_089,203,86,18
12,89,p237_090,294,165,31
12,90,p237_091,158,73,30
12,91,p237_092,183,87,10
12,92,p237_093,166,55,11
12,93,p237_094,323,187,22
12,94,p237_095,215,70,40
12,95,p237_096,172,81,8
12,96,p237_097,123,47,10
12,97,p237_098,202,95,28
12,98,p237_099,233,123,46
12,99,p237_100,197,69,30
12,100,p237_101,251,149,29
12,101,p237_102,155,52,33
12,102,p237_103,259,136,79
12,103,p237_104,206,95,30
12,104,p237_105,189,81,6
12,105,p237_106,354,209,48
12,106,p237_107,218,79,50
12,107,p237_108,211,74,52
12,108,p237_109,145,39,26
12,109,p237_110,185,75,51
12,110,p237_111,135,52,10
12,111,p237_112,149,44,10
12,112,p237_113,121,36,14
12,113,p237_114,129,53,9
12,114,p237_117,217,113,33
12,115,p237_118,213,97,46
12,116,p237_119,246,137,25
12,117,p237_120,132,43,18
12,118,p237_121,217,118,35
12,119,p237_122,178,86,36
12,120,p237_123,281,158,38
12,121,p237_124,201,111,19
12,122,p237_125,176,73,13
12,123,p237_126,190,87,27
12,124,p237_127,127,54,6
12,125,p237_128,214,87,16
12,126,p237_129,186,74,17
12,127,p237_130,222,96,51
12,128,p237_131,280,145,7
12,129,p237_132,220,88,29
12,130,p237_133,163,42,36
12,131,p237_134,290,137,62
12,132,p237_135,259,130,18
12,133,p237_136,197,99,7
12,134,p237_137,163,63,10
12,135,p237_138,129,44,14
12,136,p237_139,276,142,39
12,137,p237_140,197,105,36
12,138,p237_141,335,161,56
12,139,p237_142,139,49,55
12,140,p237_143,189,69,44
12,141,p237_144,221,110,41
12,142,p237_145,276,132,53
12,143,p237_146,230,84,69
12,144,p237_147,284,169,25
12,145,p237_148,163,47,32
12,146,p237_149,172,63,29
12,147,p237_150,147,47,6
12,148,p237_151,158,76,7
12,149,p237_153,184,93,8
12,150,p237_154,206,117,13
12,151,p237_155,220,100,15
12,152,p237_156,132,46,4
12,153,p237_157,277,99,128
12,154,p237_159,176,82,16
12,155,p237_160,239,105,68
12,156,p237_161,268,92,28
12,157,p237_162,281,96,94
12,158,p237_163,164,59,19
12,159,p237_164,171,60,27
12,160,p237_165,233,72,69
12,161,p237_166,216,113,44
12,162,p237_167,214,80,58
12,163,p237_168,203,48,76
12,164,p237_169,294,161,38
12,165,p237_170,214,110,39
12,166,p237_171,211,88,46
12,167,p237_172,164,86,31
12,168,p237_173,205,97,46
12,169,p237_174,234,123,42
12,170,p237_175,227,152,9
12,171,p237_176,163,69,25
12,172,p237_177,169,97,10
12,173,p237_178,209,118,53
12,174,p237_179,137,50,42
12,175,p237_180,289,133,61
12,176,p237_181,245,130,42
12,177,p237_182,187,85,21
12,178,p237_183,237,127,59
12,179,p237_184,150,53,5
12,180,p237_185,278,155,50
12,181,p237_186,182,77,33
12,182,p237_187,360,162,51
12,183,p237_188,214,70,46
12,184,p237_189,214,68,28
12,185,p237_190,196,93,13
12,186,p237_191,142,30,28
12,187,p237_192,171,70,20
12,188,p237_193,163,71,27
12,189,p237_194,192,70,13
12,190,p237_195,223,86,14
12,191,p237_196,266,146,22
12,192,p237_198,175,67,30
12,193,p237_199,260,120,96
12,194,p237_200,213,79,22
12,195,p237_201,277,169,37
12,196,p237_202,172,77,44
12,197,p237_203,137,40,36
12,198,p237_204,297,129,46
12,199,p237_205,158,70,13
12,200,p237_206,246,151,9
13,1,p238_001,195,69,48
13,2,p238_002,280,130,46
13,3,p238_003,521,234,92
13,4,p238_004,402,151,137
13,5,p238_005,528,272,82
13,6,p238_006,483,215,160
13,7,p238_007,355,185,78
13,8,p238_008,598,337,93
13,9,p238_009,385,186,95
13,10,p238_010,254,98,91
13,11,p238_011,556,276,90
13,12,p238_012,390,203,44
13,13,p238_013,349,166,53
13,14,p238_014,390,194,80
13,15,p238_015,490,238,79
13,16,p238_016,526,287,119
13,17,p238_017,298,129,78
13,18,p238_018,465,226,81
13,19,p238_019,558,251,160
13,20,p238_020,347,196,73
13,21,p238_021,666,327,118
13,22,p238_022,505,266,122
13,23,p238_023,811,444,162
13,24,p238_024,523,309,128
13,25,p238_025,273,103,116
13,26,p238_026,227,79,50
13,27,p238_027,222,81,47
13,28,p238_028,203,70,93
13,29,p238_029,297,108,94
13,30,p238_030,217,113,43
13,31,p238_031,260,120,83
13,32,p238_032,182,47,105
13,33,p238_033,278,132,36
13,34,p238_034,291,126,84
13,35,p238_035,329,123,136
13,36,p238_036,251,83,117
13,37,p238_037,267,137,86
13,38,p238_038,321,141,103
13,39,p238_039,251,58,140
13,40,p238_040,217,92,106
13,41,p238_041,262,115,92
13,42,p238_042,243,122,43
13,43,p238_043,241,122,66
13,44,p238_044,313,166,83
13,45,p238_045,270,79,140
13,46,p238_046,251,87,78
13,47,p238_047,275,99,124
13,48,p238_048,281,105,138
13,49,p238_049,273,115,50
13,50,p238_050,203,105,57
13,51,p238_051,219,88,106
13,52,p238_052,193,78,49
13,53,p238_053,155,49,51
13,54,p238_054,179,66,84
13,55,p238_055,225,102,67
13,56,p238_056,181,68,70
13,57,p238_057,193,56,77
13,58,p238_058,182,69,94
13,59,p238_059,238,76,91
13,60,p238_060,147,60,9
13,61,p238_061,174,57,63
13,62,p238_062,150,63,43
13,63,p238_063,169,54,63
13,64,p238_064,158,69,64
13,65,p238_065,241,115,69
13,66,p238_066,163,52,59
13,67,p238_067,209,91,88
13,68,p238_068,193,73,67
13,69,p238_069,235,88,86
13,70,p238_070,302,141,100
13,71,p238_071,275,125,66
13,72,p238_072,158,71,78
13,73,p238_073,169,81,72
13,74,p238_074,179,40,93
13,75,p238_075,241,79,122
13,76,p238_076,193,83,89
13,77,p238_077,185,54,105
13,78,p238_078,243,100,98
13,79,p238_079,227,98,95
13,80,p238_080,195,53,87
13,81,p238_081,185,59,65
13,82,p238_082,321,130,111
13,83,p238_083,257,111,63
13,84,p238_084,249,121,88
13,85,p238_085,198,56,116
13,86,p238_086,169,62,82
13,87,p238_087,148,67,38
13,88,p238_088,217,92,81
13,89,p238_089,246,122,22
13,90,p238_090,178,63,69
13,91,p238_091,179,81,53
13,92,p238_092,236,98,76
13,93,p238_093,171,65,69
13,94,p238_094,219,108,71
13,95,p238_095,230,69,128
13,96,p238_096,195,82,75
13,97,p238_097,235,94,95
13,98,p238_098,198,70,74
13,99,p238_099,201,63,107
13,100,p238_100,227,96,65
13,101,p238_101,294,118,89
13,102,p238_102,211,68,94
13,103,p238_103,163,40,95
13,104,p238_104,203,66,99
13,105,p238_105,390,156,197
13,106,p238_106,198,62,46
13,107,p238_107,198,89,58
13,108,p238_108,217,86,90
13,109,p238_109,267,163,46
13,110,p238_110,382,202,74
13,111,p238_111,297,91,129
13,112,p238_112,217,90,98
13,113,p238_113,220,91,67
13,114,p238_114,195,79,67
13,115,p238_115,238,93,62
13,116,p238_116,291,151,52
13,117,p238_117,294,126,108
13,118,p238_118,190,59,36
13,119,p238_119,222,61,45
13,120,p238_120,139,42,75
13,121,p238_121,145,48,56
13,122,p238_122,155,67,32
13,123,p238_123,238,91,50
13,124,p238_124,190,65,52
13,125,p238_125,227,65,125
13,126,p238_126,182,70,74
13,127,p238_127,294,141,94
13,128,p238_128,265,100,91
13,129,p238_129,174,66,63
13,130,p238_130,202,70,106
13,131,p238_131,230,63,105
13,132,p238_132,195,61,95
13,133,p238_133,270,123,68
13,134,p238_134,278,95,131
13,135,p238_135,313,129,128
13,136,p238_136,313,130,111
13,137,p238_137,230,89,67
13,138,p238_138,254,105,102
13,139,p238_139,281,114,123
13,140,p238_140,270,111,47
13,141,p238_141,330,134,93
13,142,p238_142,310,115,88
13,143,p238_143,206,76,59
13,144,p238_144,241,80,138
13,145,p238_145,390,170,126
13,146,p238_146,257,118,92
13,147,p238_147,369,163,103
13,148,p238_148,358,141,130
13,149,p238_149,195,54,113
13,150,p238_150,212,54,86
13,151,p238_151,233,120,86
13,152,p238_152,303,104,115
13,153,p238_154,240,90,72
13,154,p238_155,185,73,68
13,155,p238_156,217,108,75
13,156,p238_157,206,93,63
13,157,p238_158,273,122,75
13,158,p238_159,262,104,49
13,159,p238_160,254,74,87
13,160,p238_161,227,87,4
13,161,p238_162,233,100,48
13,162,p238_163,297,139,62
13,163,p238_164,251,86,114
13,164,p238_165,294,137,73
13,165,p238_166,238,101,65
13,166,p238_167,187,46,84
13,167,p238_168,190,65,100
13,168,p238_169,163,51,91
13,169,p238_170,185,53,51
13,170,p238_171,203,71,78
13,171,p238_172,187,87,44
13,172,p238_173,211,91,72
13,173,p238_174,284,126,67
13,174,p238_175,274,119,99
13,175,p238_176,238,89,97
13,176,p238_177,217,85,63
13,177,p238_178,310,115,86
13,178,p238_179,198,89,30
13,179,p238_180,190,79,24
13,180,p238_181,315,120,106
13,181,p238_182,294,160,65
13,182,p238_183,254,91,98
13,183,p238_184,198,88,44
13,184,p238_185,227,115,42
13,185,p238_186,233,99,80
13,186,p238_187,198,56,89
13,187,p238_188,246,96,94
13,188,p238_189,195,74,49
13,189,p238_190,179,43,58
13,190,p238_191,254,113,84
13,191,p238_192,230,109,87
13,192,p238_193,166,51,67
13,193,p238_194,257,78,123
13,194,p238_195,182,75,61
13,195,p238_196,219,85,102
13,196,p238_197,209,81,73
13,197,p238_198,214,100,90
13,198,p238_199,129,31,36
13,199,p238_200,195,63,90
13,200,p238_201,123,28,39
14,1,p239_001,142,89,0
14,2,p239_002,214,96,39
14,3,p239_003,422,241,12
14,4,p239_004,313,137,31
14,5,p239_005,347,240,2
14,6,p239_006,307,222,1
14,7,p239_007,427,205,21
14,8,p239_008,448,280,22
14,9,p239_009,257,160,12
14,10,p239_010,179,71,0
14,11,p239_011,374,272,35
14,12,p239_012,283,181,9
14,13,p239_013,257,154,4
14,14,p239_014,270,179,4
14,15,p239_015,318,201,24
14,16,p239_016,367,259,4
14,17,p239_017,281,144,33
14,18,p239_018,305,184,19
14,19,p239_019,401,286,8
14,20,p239_020,256,155,12
14,21,p239_021,498,318,17
14,22,p239_022,374,227,9
14,23,p239_023,590,402,40
14,24,p239_024,378,253,31
14,25,p239_025,163,66,22
14,26,p239_026,240,124,34
14,27,p239_027,161,65,4
14,28,p239_028,217,121,6
14,29,p239_029,182,93,27
14,30,p239_030,169,85,0
14,31,p239_031,155,63,28
14,32,p239_032,155,68,22
14,33,p239_033,179,82,10
14,34,p239_034,190,104,11
14,35,p239_035,161,81,27
14,36,p239_036,174,60,58
14,37,p239_037,177,39,39
14,38,p239_038,155,53,29
14,39,p239_039,187,76,29
14,40,p239_040,155,56,37
14,41,p239_041,139,112,0
14,42,p239_042,149,76,4
14,43,p239_043,230,141,15
14,44,p239_044,145,69,36
14,45,p239_045,238,129,18
14,46,p239_046,195,60,18
14,47,p239_047,238,142,1
14,48,p239_048,263,120,16
14,49,p239_049,161,70,0
14,50,p239_050,179,77,7
14,51,p239_051,121,55,28
14,52,p239_052,251,145,5
14,53,p239_053,166,64,11
14,54,p239_054,177,104,21
14,55,p239_055,174,47,38
14,56,p239_056,198,101,10
14,57,p239_057,211,125,8
14,58,p239_058,169,76,22
14,59,p239_059,171,67,13
14,60,p239_060,169,76,18
14,61,p239_061,198,106,31
14,62,p239_062,161,75,2
14,63,p239_063,249,144,16
14,64,p239_064,158,68,20
14,65,p239_065,182,85,5
14,66,p239_066,131,65,21
14,67,p239_067,167,52,49
14,68,p239_068,153,70,0
14,69,p239_069,190,69,3
14,70,p239_070,233,144,12
14,71,p239_071,172,82,31
14,72,p239_072,158,65,34
14,73,p239_073,187,73,43
14,74,p239_074,219,142,0
14,75,p239_075,182,72,12
14,76,p239_076,179,85,26
14,77,p239_077,177,73,21
14,78,p239_078,195,51,15
14,79,p239_079,203,107,26
14,80,p239_080,187,110,20
14,81,p239_081,212,113,1
14,82,p239_082,249,114,20
14,83,p239_084,165,52,8
14,84,p239_085,166,74,22
14,85,p239_086,147,72,21
14,86,p239_087,139,54,47
14,87,p239_088,129,46,0
14,88,p239_089,97,54,4
14,89,p239_090,155,61,9
14,90,p239_091,134,32,34
14,91,p239_092,115,38,6
14,92,p239_093,291,182,11
14,93,p239_094,171,73,20
14,94,p239_095,145,74,11
14,95,p239_096,203,103,7
14,96,p239_097,259,155,13
14,97,p239_098,251,142,15
14,98,p239_099,157,48,10
14,99,p239_100,205,108,10
14,100,p239_101,161,73,12
14,101,p239_102,251,145,20
14,102,p239_103,310,145,18
14,103,p239_104,126,60,4
14,104,p239_105,163,81,4
14,105,p239_106,147,64,20
14,106,p239_107,161,43,15
14,107,p239_108,134,51,3
14,108,p239_109,134,76,5
14,109,p239_110,150,57,0
14,110,p239_111,174,85,4
14,111,p239_112,173,80,3
14,112,p239_113,171,88,2
14,113,p239_114,129,63,3
14,114,p239_115,134,75,0
14,115,p239_116,129,50,13
14,116,p239_117,166,77,8
14,117,p239_118,238,149,1
14,118,p239_119,166,71,2
14,119,p239_120,227,144,3
14,120,p239_121,145,64,23
14,121,p239_122,215,106,42
14,122,p239_123,203,121,20
14,123,p239_124,163,83,4
14,124,p239_125,161,59,39
14,125,p239_126,195,96,28
14,126,p239_127,163,56,27
14,127,p239_128,185,63,12
14,128,p239_129,134,46,4
14,129,p239_130,110,32,16
14,130,p239_131,134,59,1
14,131,p239_132,142,51,25
14,132,p239_133,179,79,4
14,133,p239_134,235,132,20
14,134,p239_135,182,104,5
14,135,p239_136,273,131,2
14,136,p239_137,177,102,0
14,137,p239_138,230,127,12
14,138,p239_139,211,119,8
14,139,p239_140,166,87,26
14,140,p239_141,212,118,14
14,141,p239_142,182,77,46
14,142,p239_143,206,121,20
14,143,p239_144,251,156,16
14,144,p239_145,110,91,0
14,145,p239_146,137,61,9
14,146,p239_147,198,108,3
14,147,p239_148,198,106,0
14,148,p239_149,177,93,18
14,149,p239_150,201,103,33
14,150,p239_151,123,60,3
14,151,p239_152,163,72,3
14,152,p239_153,139,72,17
14,153,p239_154,179,80,20
14,154,p239_155,198,102,3
14,155,p239_156,155,56,10
14,156,p239_157,158,83,2
14,157,p239_158,150,72,8
14,158,p239_159,139,73,0
14,159,p239_160,185,98,3
14,160,p239_161,222,112,16
14,161,p239_162,153,65,5
14,162,p239_163,171,77,40
14,163,p239_164,201,123,4
14,164,p239_165,145,64,50
14,165,p239_166,155,64,5
14,166,p239_167,196,81,20
14,167,p239_168,123,49,0
14,168,p239_169,182,107,7
14,169,p239_170,150,72,2
14,170,p239_171,189,75,11
14,171,p239_172,267,193,11
14,172,p239_173,131,47,18
14,173,p239_174,150,61,17
14,174,p239_175,163,66,11
14,175,p239_176,272,145,46
14,176,p239_177,158,71,3
14,177,p239_178,158,52,5
14,178,p239_179,123,29,32
14,179,p239_180,155,53,28
14,180,p239_181,113,34,20
14,181,p239_182,166,65,21
14,182,p239_183,158,93,0
14,183,p239_184,169,99,0
14,184,p239_185,134,61,14
14,185,p239_186,148,47,19
14,186,p239_187,169,83,2
14,187,p239_188,158,69,11
14,188,p239_189,193,111,1
14,189,p239_190,158,81,8
14,190,p239_191,203,109,8
14,191,p239_192,158,76,2
14,192,p239_193,187,103,31
14,193,p239_194,227,142,9
14,194,p239_195,179,91,13
14,195,p239_196,206,99,9
14,196,p239_197,161,57,30
14,197,p239_198,182,102,15
14,198,p239_199,153,59,2
14,199,p239_200,169,69,20
14,200,p239_201,182,112,2
15,1,p240_001,153,61,4
15,2,p240_002,236,120,45
15,3,p240_003,452,289,50
15,4,p240_004,327,163,41
15,5,p240_005,384,237,56
15,6,p240_006,347,239,16
15,7,p240_007,281,141,67
15,8,p240_008,425,289,24
15,9,p240_009,289,175,33
15,10,p240_010,195,95,37
15,11,p240_011,405,228,44
15,12,p240_012,293,182,8
15,13,p240_013,284,145,34
15,14,p240_014,302,170,36
15,15,p240_015,367,221,41
15,16,p240_016,377,243,54
15,17,p240_017,222,130,31
15,18,p240_018,348,175,51
15,19,p240_019,444,239,68
15,20,p240_020,263,149,31
15,21,p240_021,538,304,34
15,22,p240_022,411,224,79
15,23,p240_023,631,409,30
15,24,p240_024,420,257,50
15,25,p240_025,147,88,2
15,26,p240_026,113,53,0
15,27,p240_027,293,179,31
15,28,p240_028,107,40,8
15,29,p240_029,241,121,16
15,30,p240_030,244,132,57
15,31,p240_031,251,155,24
15,32,p240_032,294,145,69
15,33,p240_033,116,40,39
15,34,p240_034,172,86,2
15,35,p240_035,171,84,13
15,36,p240_036,121,65,6
15,37,p240_037,257,145,24
15,38,p240_038,121,54,8
15,39,p240_039,118,50,10
15,40,p240_040,115,34,52
15,41,p240_041,126,54,6
15,42,p240_042,129,75,0
15,43,p240_043,166,71,20
15,44,p240_044,246,137,34
15,45,p240_045,217,103,24
15,46,p240_046,188,91,16
15,47,p240_047,118,50,10
15,48,p240_048,150,48,55
15,49,p240_049,177,98,1
15,50,p240_050,110,35,2
15,51,p240_051,118,28,12
15,52,p240_052,278,192,8
15,53,p240_053,187,89,5
15,54,p240_054,154,75,8
15,55,p240_055,267,133,85
15,56,p240_056,150,54,20
15,57,p240_057,265,123,44
15,58,p240_058,206,108,37
15,59,p240_059,226,121,11
15,60,p240_060,105,44,0
15,61,p240_061,267,141,9
15,62,p240_062,174,74,6
15,63,p240_063,195,110,6
15,64,p240_064,152,42,29
15,65,p240_065,161,79,16
15,66,p240_066,109,41,16
15,67,p240_067,273,174,12
15,68,p240_068,256,142,1
15,69,p240_069,190,48,46
15,70,p240_070,249,86,73
15,71,p240_071,262,134,25
15,72,p240_072,184,92,34
15,73,p240_073,186,72,22
15,74,p240_074,198,103,4
15,75,p240_075,174,95,26
15,76,p240_076,187,110,4
15,77,p240_077,152,65,32
15,78,p240_078,126,44,38
15,79,p240_079,179,89,23
15,80,p240_080,203,167,0
15,81,p240_081,211,138,0
15,82,p240_082,105,81,0
15,83,p240_083,125,45,30
15,84,p240_084,227,117,25
15,85,p240_085,178,94,2
15,86,p240_086,141,68,1
15,87,p240_087,206,127,4
15,88,p240_088,206,112,25
15,89,p240_089,149,52,41
15,90,p240_090,174,102,13
15,91,p240_091,142,64,9
15,92,p240_092,122,50,1
15,93,p240_093,155,92,1
15,94,p240_094,203,143,8
15,95,p240_095,192,106,17
15,96,p240_096,150,69,5
15,97,p240_097,235,129,37
15,98,p240_098,159,49,19
15,99,p240_099,163,79,3
15,100,p240_100,168,87,3
15,101,p240_101,217,122,2
15,102,p240_102,123,33,18
15,103,p240_103,159,63,61
15,104,p240_104,147,66,7
15,105,p240_105,180,103,3
15,106,p240_106,265,167,16
15,107,p240_107,122,34,16
15,108,p240_108,102,44,7
15,109,p240_109,162,66,17
15,110,p240_110,123,46,14
15,111,p240_111,155,79,12
15,112,p240_112,208,109,22
15,113,p240_113,171,99,0
15,114,p240_114,278,174,4
15,115,p240_115,139,56,2
15,116,p240_116,230,127,1
15,117,p240_117,110,42,4
15,118,p240_118,272,169,2
15,119,p240_119,158,100,3
15,120,p240_120,171,87,0
15,121,p240_121,150,78,3
15,122,p240_122,171,72,39
15,123,p240_123,282,180,8
15,124,p240_124,238,104,64
15,125,p240_125,131,46,13
15,126,p240_126,250,149,28
15,127,p240_127,228,136,0
15,128,p240_128,197,76,55
15,129,p240_129,227,145,7
15,130,p240_130,235,146,8
15,131,p240_131,197,104,2
15,132,p240_132,147,72,4
15,133,p240_133,254,160,4
15,134,p240_134,162,86,2
15,135,p240_135,158,84,1
15,136,p240_136,193,99,17
15,137,p240_137,155,95,2
15,138,p240_138,139,54,8
15,139,p240_139,211,112,21
15,140,p240_140,272,169,19
15,141,p240_141,166,64,15
15,142,p240_142,124,44,3
15,143,p240_143,146,64,20
15,144,p240_144,171,85,11
15,145,p240_145,206,94,51
15,146,p240_146,238,138,5
15,147,p240_147,151,72,27
15,148,p240_148,221,95,56
15,149,p240_149,193,84,8
15,150,p240_150,259,136,14
15,151,p240_151,285,186,3
15,152,p240_152,229,119,9
15,153,p240_153,145,61,22
15,154,p240_154,158,69,12
15,155,p240_155,142,75,2
15,156,p240_156,216,114,29
15,157,p240_157,203,116,20
15,158,p240_158,148,85,3
15,159,p240_159,146,97,1
15,160,p240_160,263,150,28
15,161,p240_161,211,96,9
15,162,p240_162,177,103,1
15,163,p240_163,195,86,12
15,164,p240_164,297,158,44
15,165,p240_165,124,51,20
15,166,p240_166,154,89,4
15,167,p240_167,182,80,1
15,168,p240_168,257,154,17
15,169,p240_169,155,67,16
15,170,p240_170,211,105,7
15,171,p240_171,150,52,0
15,172,p240_172,270,139,22
15,173,p240_173,184,91,3
15,174,p240_174,158,60,43
15,175,p240_175,305,159,19
15,176,p240_176,142,73,11
15,177,p240_177,188,105,1
15,178,p240_178,285,160,11
15,179,p240_179,267,151,15
15,180,p240_180,153,96,0
15,181,p240_181,224,177,0
15,182,p240_182,153,96,0
15,183,p240_183,165,82,1
15,184,p240_184,155,67,26
15,185,p240_185,182,80,4
15,186,p240_186,177,62,7
15,187,p240_187,195,104,4
15,188,p240_188,160,44,54
15,189,p240_189,235,126,7
15,190,p240_190,322,188,19
15,191,p240_191,210,168,0
15,192,p240_192,179,100,0
15,193,p240_193,272,210,0
15,194,p240_194,136,63,3
15,195,p240_195,158,58,5
15,196,p240_196,222,122,29
15,197,p240_197,132,42,18
15,198,p240_198,169,61,0
15,199,p240_199,246,119,39
15,200,p240_200,177,97,2
16,1,p241_001,139,52,20
16,2,p241_002,235,95,68
16,3,p241_003,474,206,110
16,4,p241_004,299,144,68
16,5,p241_005,389,229,55
16,6,p241_006,343,214,78
16,7,p241_007,262,149,61
16,8,p241_008,473,272,87
16,9,p241_009,288,174,58
16,10,p241_010,209,93,36
16,11,p241_011,453,281,93
16,12,p241_012,289,157,86
16,13,p241_013,278,150,44
16,14,p241_014,295,201,17
16,15,p241_016,415,242,106
16,16,p241_017,239,117,80
16,17,p241_018,339,210,71
16,18,p241_019,433,223,118
16,19,p241_021,548,330,96
16,20,p241_023,645,392,136
16,21,p241_024,434,245,134
16,22,p241_025,206,127,1
16,23,p241_026,217,87,91
16,24,p241_027,210,103,66
16,25,p241_028,204,120,34
16,26,p241_029,211,113,38
16,27,p241_030,211,110,62
16,28,p241_031,260,143,45
16,29,p241_032,128,42,32
16,30,p241_033,147,58,34
16,31,p241_034,130,47,34
16,32,p241_035,174,72,11
16,33,p241_036,200,99,36
16,34,p241_037,122,47,8
16,35,p241_038,294,163,90
16,36,p241_039,183,58,62
16,37,p241_040,163,80,45
16,38,p241_041,124,46,7
16,39,p241_042,191,94,53
16,40,p241_043,154,69,29
16,41,p241_044,185,78,52
16,42,p241_045,123,45,5
16,43,p241_046,148,43,53
16,44,p241_047,142,52,20
16,45,p241_048,150,99,1
16,46,p241_049,222,120,43
16,47,p241_050,201,112,17
16,48,p241_051,139,57,21
16,49,p241_052,197,85,39
16,50,p241_053,245,112,40
16,51,p241_055,167,81,7
16,52,p241_056,213,96,83
16,53,p241_057,157,50,54
16,54,p241_058,121,39,19
16,55,p241_059,176,56,23
16,56,p241_061,199,88,52
16,57,p241_062,270,183,41
16,58,p241_063,329,167,83
16,59,p241_064,131,48,45
16,60,p241_065,125,36,14
16,61,p241_066,134,43,34
16,62,p241_067,171,54,38
16,63,p241_068,193,115,22
16,64,p241_069,205,104,51
16,65,p241_070,193,96,39
16,66,p241_071,173,77,48
16,67,p241_072,192,95,49
16,68,p241_073,195,81,47
16,69,p241_074,191,75,82
16,70,p241_075,175,64,56
16,71,p241_076,176,90,51
16,72,p241_077,168,60,50
16,73,p241_078,161,42,49
16,74,p241_079,181,86,36
16,75,p241_080,217,125,32
16,76,p241_081,242,134,34
16,77,p241_082,159,81,8
16,78,p241_083,156,72,22
16,79,p241_084,174,84,65
16,80,p241_085,140,48,19
16,81,p241_087,281,173,32
16,82,p241_088,155,59,23
16,83,p241_089,178,92,15
16,84,p241_090,244,144,33
16,85,p241_091,163,80,19
16,86,p241_092,169,76,40
16,87,p241_093,260,151,23
16,88,p241_094,195,109,45
16,89,p241_095,225,132,19
16,90,p241_096,166,82,25
16,91,p241_098,142,45,34
16,92,p241_099,249,116,67
16,93,p241_100,132,39,28
16,94,p241_101,251,162,43
16,95,p241_102,230,121,43
16,96,p241_103,182,94,10
16,97,p241_104,158,72,46
16,98,p241_105,281,175,19
16,99,p241_106,126,45,8
16,100,p241_107,153,46,56
16,101,p241_108,113,29,63
16,102,p241_109,141,54,6
16,103,p241_110,158,63,56
16,104,p241_111,177,100,13
16,105,p241_112,196,100,41
16,106,p241_113,115,53,6
16,107,p241_114,257,172,25
16,108,p241_115,162,93,25
16,109,p241_116,148,58,4
16,110,p241_117,127,51,4
16,111,p241_118,212,128,41
16,112,p241_119,259,141,40
16,113,p241_120,285,173,25
16,114,p241_121,161,75,15
16,115,p241_122,280,160,57
16,116,p241_123,126,49,9
16,117,p241_124,168,76,40
16,118,p241_125,235,133,49
16,119,p241_126,168,91,3
16,120,p241_127,200,100,50
16,121,p241_128,253,138,43
16,122,p241_129,239,108,45
16,123,p241_130,245,130,57
16,124,p241_132,123,54,53
16,125,p241_133,124,49,9
16,126,p241_134,235,144,27
16,127,p241_135,190,92,47
16,128,p241_136,266,165,52
16,129,p241_137,131,53,0
16,130,p241_138,225,119,28
16,131,p241_139,277,156,52
16,132,p241_140,177,87,37
16,133,p241_141,214,105,41
16,134,p241_142,134,53,1
16,135,p241_143,143,46,21
16,136,p241_144,209,95,56
16,137,p241_145,166,73,40
16,138,p241_146,251,128,54
16,139,p241_147,201,75,87
16,140,p241_148,236,105,87
16,141,p241_149,233,90,80
16,142,p241_150,295,154,86
16,143,p241_151,183,85,67
16,144,p241_152,185,91,37
16,145,p241_153,169,88,18
16,146,p241_154,187,94,33
16,147,p241_155,162,62,56
16,148,p241_157,187,85,29
16,149,p241_158,185,107,28
16,150,p241_159,186,85,47
16,151,p241_160,163,95,51
16,152,p241_161,257,152,71
16,153,p241_162,140,56,29
16,154,p241_163,291,179,65
16,155,p241_164,172,65,65
16,156,p241_165,148,49,34
16,157,p241_166,163,69,34
16,158,p241_167,166,64,61
16,159,p241_168,253,130,7
16,160,p241_169,192,64,2
16,161,p241_170,178,58,20
16,162,p241_171,239,124,71
16,163,p241_172,196,66,54
16,164,p241_173,235,84,111
16,165,p241_174,286,145,46
16,166,p241_175,137,48,33
16,167,p241_176,206,75,108
16,168,p241_177,135,46,57
16,169,p241_178,139,64,46
16,170,p241_179,230,137,37
16,171,p241_180,179,69,58
16,172,p241_181,146,56,1
16,173,p241_182,146,63,21
16,174,p241_183,168,72,24
16,175,p241_184,201,83,24
16,176,p241_185,275,180,60
16,177,p241_186,170,70,71
16,178,p241_187,258,150,32
16,179,p241_188,155,61,41
16,180,p241_189,227,130,44
16,181,p241_190,249,125,63
16,182,p241_191,279,160,44
16,183,p241_192,173,91,50
16,184,p241_193,107,32,22
16,185,p241_195,159,53,48
16,186,p241_196,229,107,62
16,187,p241_197,129,40,19
16,188,p241_198,231,121,49
16,189,p241_199,213,104,40
16,190,p241_200,241,146,6
16,191,p241_202,251,145,64
16,192,p241_203,137,51,11
16,193,p241_204,183,72,48
16,194,p241_205,192,117,45
16,195,p241_206,216,133,44
16,196,p241_207,281,172,50
16,197,p241_208,164,60,63
16,198,p241_209,139,68,27
16,199,p241_210,121,49,8
16,200,p241_211,157,68,8
17,1,p243_001,163,51,95
17,2,p243_002,268,112,112
17,3,p243_003,507,244,174
17,4,p243_004,342,164,114
17,5,p243_005,430,250,39
17,6,p243_006,401,234,95
17,7,p243_007,325,190,103
17,8,p243_008,538,332,113
17,9,p243_009,342,173,130
17,10,p243_010,263,93,142
17,11,p243_011,480,273,139
17,12,p243_012,346,183,133
17,13,p243_013,337,160,125
17,14,p243_014,389,212,131
17,15,p243_015,380,247,52
17,16,p243_016,478,282,135
17,17,p243_018,377,233,99
17,18,p243_019,502,280,135
17,19,p243_020,309,165,116
17,20,p243_021,599,350,155
17,21,p243_022,489,263,168
17,22,p243_023,782,472,208
17,23,p243_024,448,302,112
17,24,p243_025,260,102,125
17,25,p243_026,326,147,132
17,26,p243_027,375,159,195
17,27,p243_028,293,139,133
17,28,p243_029,166,64,61
17,29,p243_030,198,73,115
17,30,p243_031,259,117,115
17,31,p243_032,270,124,115
17,32,p243_033,299,169,111
17,33,p243_034,239,116,95
17,34,p243_035,884,156,359
17,35,p243_036,269,124,108
17,36,p243_037,235,111,101
17,37,p243_038,225,80,112
17,38,p243_039,215,85,112
17,39,p243_040,283,144,101
17,40,p243_041,249,103,113
17,41,p243_042,235,101,123
17,42,p243_043,237,72,91
17,43,p243_044,155,37,86
17,44,p243_045,153,35,107
17,45,p243_046,166,67,92
17,46,p243_047,227,101,110
17,47,p243_048,218,51,142
17,48,p243_049,155,48,77
17,49,p243_050,182,72,106
17,50,p243_051,176,56,92
17,51,p243_052,279,110,127
17,52,p243_053,293,118,121
17,53,p243_054,355,183,119
17,54,p243_055,218,117,83
17,55,p243_056,211,91,100
17,56,p243_057,222,104,91
17,57,p243_058,236,96,115
17,58,p243_059,184,77,84
17,59,p243_060,226,112,100
17,60,p243_061,229,105,94
17,61,p243_062,230,108,95
17,62,p243_063,264,134,112
17,63,p243_064,192,94,75
17,64,p243_065,190,87,80
17,65,p243_066,203,94,95
17,66,p243_067,220,91,94
17,67,p243_068,193,83,90
17,68,p243_069,325,167,117
17,69,p243_070,242,114,94
17,70,p243_071,205,80,100
17,71,p243_072,330,182,114
17,72,p243_073,300,153,106
17,73,p243_074,247,87,141
17,74,p243_075,259,159,75
17,75,p243_076,206,103,65
17,76,p243_077,231,101,96
17,77,p243_078,270,145,94
17,78,p243_079,232,90,90
17,79,p243_080,175,72,80
17,80,p243_081,195,77,81
17,81,p243_082,207,73,70
17,82,p243_083,201,102,76
17,83,p243_084,280,153,78
17,84,p243_085,217,101,85
17,85,p243_086,267,166,70
17,86,p243_087,315,163,110
17,87,p243_088,254,103,119
17,88,p243_089,219,117,89
17,89,p243_090,248,124,101
17,90,p243_091,238,108,113
17,91,p243_092,241,89,109
17,92,p243_093,235,91,123
17,93,p243_094,255,162,76
17,94,p243_095,212,95,100
17,95,p243_096,321,153,115
17,96,p243_097,227,92,110
17,97,p243_098,282,144,113
17,98,p243_099,200,99,86
17,99,p243_100,164,65,76
17,100,p243_101,228,104,102
17,101,p243_102,271,148,70
17,102,p243_103,176,82,82
17,103,p243_104,185,91,71
17,104,p243_105,209,80,91
17,105,p243_106,269,114,131
17,106,p243_107,201,83,106
17,107,p243_108,242,118,93
17,108,p243_109,247,107,114
17,109,p243_110,208,113,75
17,110,p243_111,322,193,89
17,111,p243_112,132,46,74
17,112,p243_113,133,51,74
17,113,p243_114,179,85,75
17,114,p243_115,156,45,101
17,115,p243_116,167,75,67
17,116,p243_117,195,63,124
17,117,p243_118,267,109,111
17,118,p243_119,262,144,77
17,119,p243_120,222,81,117
17,120,p243_121,230,116,110
17,121,p243_122,275,172,83
17,122,p243_123,305,118,150
17,123,p243_125,177,86,78
17,124,p243_126,177,103,69
17,125,p243_127,253,94,121
17,126,p243_128,185,94,75
17,127,p243_129,220,107,86
17,128,p243_130,209,107,82
17,129,p243_131,179,68,84
17,130,p243_132,305,184,62
17,131,p243_133,231,134,65
17,132,p243_134,217,109,71
17,133,p243_135,364,200,103
17,134,p243_136,299,137,123
17,135,p243_137,231,113,54
17,136,p243_138,234,108,95
17,137,p243_139,209,103,77
17,138,p243_140,214,109,96
17,139,p243_141,199,101,65
17,140,p243_142,251,151,82
17,141,p243_143,273,160,80
17,142,p243_144,302,163,98
17,143,p243_145,243,106,115
17,144,p243_146,257,114,111
17,145,p243_147,181,88,75
17,146,p243_148,209,93,101
17,147,p243_149,160,53,97
17,148,p243_150,107,28,49
17,149,p243_151,155,69,66
17,150,p243_152,110,32,64
17,151,p243_153,201,83,99
17,152,p243_154,230,110,82
17,153,p243_155,204,101,82
17,154,p243_156,265,164,84
17,155,p243_157,210,99,93
17,156,p243_158,251,131,94
17,157,p243_159,232,100,99
17,158,p243_160,230,114,74
17,159,p243_161,222,108,92
17,160,p243_162,229,111,91
17,161,p243_163,323,168,107
17,162,p243_164,185,91,74
17,163,p243_165,179,70,91
17,164,p243_166,224,132,74
17,165,p243_167,309,133,117
17,166,p243_168,249,116,114
17,167,p243_169,218,82,112
17,168,p243_170,200,75,101
17,169,p243_171,200,99,74
17,170,p243_172,213,100,75
17,171,p243_173,254,109,105
17,172,p243_174,339,194,67
17,173,p243_175,187,100,70
17,174,p243_176,272,104,126
17,175,p243_177,181,67,95
17,176,p243_178,281,110,125
17,177,p243_179,193,102,22
17,178,p243_180,209,103,81
17,179,p243_181,254,127,84
17,180,p243_182,204,82,88
17,181,p243_183,329,155,140
17,182,p243_184,173,72,75
17,183,p243_185,220,125,76
17,184,p243_186,254,130,100
17,185,p243_187,235,106,97
17,186,p243_188,203,90,88
17,187,p243_189,211,105,76
17,188,p243_190,337,167,92
17,189,p243_191,166,81,73
17,190,p243_192,167,71,69
17,191,p243_193,210,110,71
17,192,p243_194,244,128,80
17,193,p243_195,145,55,68
17,194,p243_196,181,81,78
17,195,p243_197,168,71,72
17,196,p243_198,149,59,71
17,197,p243_199,219,126,70
17,198,p243_200,220,123,66
17,199,p243_201,284,161,99
17,200,p243_202,184,72,96
18,1,p244_001,135,71,1
18,2,p244_002,196,107,21
18,3,p244_003,383,227,16
18,4,p244_004,310,138,42
18,5,p244_005,371,255,14
18,6,p244_006,349,197,32
18,7,p244_007,276,159,87
18,8,p244_008,500,295,51
18,9,p244_009,313,168,16
18,10,p244_010,198,90,11
18,11,p244_011,399,268,27
18,12,p244_012,285,184,9
18,13,p244_013,265,138,60
18,14,p244_014,323,217,25
18,15,p244_015,359,258,28
18,16,p244_016,415,264,34
18,17,p244_017,230,119,50
18,18,p244_018,348,228,46
18,19,p244_019,423,278,24
18,20,p244_020,223,149,14
18,21,p244_022,395,260,2
18,22,p244_023,659,456,59
18,23,p244_024,396,296,47
18,24,p244_025,156,65,26
18,25,p244_026,159,67,13
18,26,p244_027,166,65,21
18,27,p244_028,226,106,38
18,28,p244_029,199,83,47
18,29,p244_030,210,116,31
18,30,p244_031,181,73,41
18,31,p244_032,161,68,13
18,32,p244_033,148,58,8
18,33,p244_034,228,126,70
18,34,p244_035,190,107,25
18,35,p244_036,158,83,19
18,36,p244_037,156,71,6
18,37,p244_038,225,117,66
18,38,p244_039,172,92,36
18,39,p244_040,125,38,51
18,40,p244_041,208,118,25
18,41,p244_042,134,66,4
18,42,p244_043,168,70,38
18,43,p244_044,237,139,4
18,44,p244_045,142,56,28
18,45,p244_046,150,66,10
18,46,p244_047,156,69,60
18,47,p244_048,195,83,61
18,48,p244_049,134,43,65
18,49,p244_050,230,146,38
18,50,p244_051,161,82,39
18,51,p244_052,177,90,45
18,52,p244_053,168,96,14
18,53,p244_054,253,123,42
18,54,p244_055,176,84,27
18,55,p244_056,191,113,44
18,56,p244_057,163,83,30
18,57,p244_058,190,90,57
18,58,p244_059,207,98,72
18,59,p244_060,140,44,69
18,60,p244_061,157,53,56
18,61,p244_062,162,87,5
18,62,p244_063,144,43,58
18,63,p244_064,142,65,18
18,64,p244_065,143,48,34
18,65,p244_066,137,62,10
18,66,p244_067,189,89,53
18,67,p244_068,137,51,11
18,68,p244_069,169,71,40
18,69,p244_070,177,96,49
18,70,p244_071,274,157,39
18,71,p244_072,141,53,62
18,72,p244_073,251,150,53
18,73,p244_074,168,73,36
18,74,p244_075,186,75,30
18,75,p244_076,168,79,38
18,76,p244_077,189,100,35
18,77,p244_078,133,36,31
18,78,p244_079,183,78,58
18,79,p244_080,120,47,6
18,80,p244_081,131,34,36
18,81,p244_082,125,61,0
18,82,p244_083,112,37,28
18,83,p244_084,125,48,58
18,84,p244_085,129,41,27
18,85,p244_086,283,181,18
18,86,p244_087,175,90,25
18,87,p244_088,248,110,49
18,88,p244_089,205,126,4
18,89,p244_090,147,69,27
18,90,p244_091,236,142,19
18,91,p244_092,129,61,15
18,92,p244_093,214,129,28
18,93,p244_094,156,68,4
18,94,p244_095,243,151,55
18,95,p244_096,126,50,25
18,96,p244_097,229,131,56
18,97,p244_098,161,78,32
18,98,p244_099,162,85,40
18,99,p244_100,156,76,20
18,100,p244_101,180,101,0
18,101,p244_102,209,106,36
18,102,p244_103,228,114,6
18,103,p244_104,127,44,8
18,104,p244_105,195,109,32
18,105,p244_106,164,71,53
18,106,p244_107,230,128,36
18,107,p244_108,261,143,9
18,108,p244_109,262,177,31
18,109,p244_110,155,61,27
18,110,p244_111,161,73,58
18,111,p244_112,169,78,0
18,112,p244_113,132,45,7
18,113,p244_114,188,106,19
18,114,p244_115,252,145,53
18,115,p244_116,192,107,15
18,116,p244_117,183,107,6
18,117,p244_118,174,76,53
18,118,p244_119,182,89,28
18,119,p244_120,196,98,52
18,120,p244_121,210,112,6
18,121,p244_122,183,89,29
18,122,p244_123,278,159,18
18,123,p244_124,197,119,57
18,124,p244_125,130,45,36
18,125,p244_126,221,116,31
18,126,p244_127,233,126,49
18,127,p244_128,179,80,62
18,128,p244_129,161,70,45
18,129,p244_130,211,96,57
18,130,p244_131,264,170,14
18,131,p244_132,142,62,55
18,132,p244_133,131,39,69
18,133,p244_134,179,80,51
18,134,p244_135,157,71,23
18,135,p244_136,185,84,18
18,136,p244_137,153,61,14
18,137,p244_138,151,59,53
18,138,p244_139,118,31,43
18,139,p244_140,145,52,40
18,140,p244_141,213,119,45
18,141,p244_142,136,54,24
18,142,p244_143,245,149,14
18,143,p244_144,162,63,66
18,144,p244_145,165,80,3
18,145,p244_146,240,121,18
18,146,p244_147,248,144,2
18,147,p244_148,195,73,20
18,148,p244_149,213,110,78
18,149,p244_150,153,81,42
18,150,p244_151,161,82,22
18,151,p244_152,141,26,50
18,152,p244_153,177,80,12
18,153,p244_154,142,52,33
18,154,p244_155,172,72,67
18,155,p244_156,207,118,2
18,156,p244_157,234,106,83
18,157,p244_158,194,85,36
18,158,p244_159,217,84,75
18,159,p244_160,120,46,33
18,160,p244_161,293,156,64
18,161,p244_162,150,55,38
18,162,p244_163,196,111,14
18,163,p244_164,211,121,28
18,164,p244_165,232,135,61
18,165,p244_166,241,118,63
18,166,p244_167,221,159,4
18,167,p244_168,275,146,52
18,168,p244_169,135,57,44
18,169,p244_170,216,125,17
18,170,p244_171,208,94,48
18,171,p244_172,244,139,39
18,172,p244_173,188,79,48
18,173,p244_174,193,67,53
18,174,p244_175,158,63,63
18,175,p244_176,272,159,12
18,176,p244_177,140,60,13
18,177,p244_178,190,118,0
18,178,p244_179,206,124,22
18,179,p244_180,184,85,27
18,180,p244_181,138,59,59
18,181,p244_182,142,52,29
18,182,p244_183,190,92,32
18,183,p244_184,143,56,47
18,184,p244_185,182,98,2
18,185,p244_186,170,62,68
18,186,p244_187,138,53,8
18,187,p244_188,180,82,26
18,188,p244_189,252,151,43
18,189,p244_190,204,99,62
18,190,p244_191,139,51,43
18,191,p244_192,116,41,12
18,192,p244_193,139,32,59
18,193,p244_194,119,49,9
18,194,p244_195,158,60,20
18,195,p244_196,133,52,31
18,196,p244_197,138,62,1
18,197,p244_198,174,96,14
18,198,p244_199,222,126,15
18,199,p244_200,166,56,63
18,200,p244_201,193,108,67
19,1,p245_001,133,64,0
19,2,p245_002,252,135,65
19,3,p245_003,547,298,33
19,4,p245_004,364,225,13
19,5,p245_005,456,255,48
19,6,p245_006,422,241,19
19,7,p245_007,327,204,54
19,8,p245_008,551,326,108
19,9,p245_009,295,171,22
19,10,p245_010,227,111,81
19,11,p245_011,482,309,98
19,12,p245_012,290,189,49
19,13,p245_013,299,175,66
19,14,p245_014,361,230,67
19,15,p245_015,401,268,45
19,16,p245_016,478,305,57
19,17,p245_017,227,130,42
19,18,p245_018,385,241,50
19,19,p245_019,487,273,22
19,20,p245_020,283,192,46
19,21,p245_021,651,381,83
19,22,p245_022,516,298,88
19,23,p245_023,808,567,58
19,24,p245_024,559,344,40
19,25,p245_025,165,83,4
19,26,p245_026,137,46,21
19,27,p245_027,126,55,12
19,28,p245_028,296,181,14
19,29,p245_029,354,208,44
19,30,p245_030,150,64,5
19,31,p245_031,275,113,105
19,32,p245_032,322,210,8
19,33,p245_033,151,49,53
19,34,p245_034,342,198,83
19,35,p245_035,343,189,47
19,36,p245_036,280,158,60
19,37,p245_037,264,144,78
19,38,p245_038,124,51,53
19,39,p245_039,144,53,24
19,40,p245_040,139,49,29
19,41,p245_041,153,51,24
19,42,p245_042,283,159,56
19,43,p245_043,199,99,15
19,44,p245_044,182,74,74
19,45,p245_045,125,63,38
19,46,p245_046,233,111,88
19,47,p245_047,232,84,96
19,48,p245_048,194,57,92
19,49,p245_049,192,82,101
19,50,p245_050,117,41,60
19,51,p245_051,124,43,43
19,52,p245_053,307,160,47
19,53,p245_054,152,63,55
19,54,p245_055,144,64,70
19,55,p245_056,151,43,71
19,56,p245_057,175,89,34
19,57,p245_058,178,63,70
19,58,p245_059,256,117,98
19,59,p245_060,301,171,62
19,60,p245_061,232,114,77
19,61,p245_062,192,98,54
19,62,p245_063,138,44,67
19,63,p245_064,332,158,86
19,64,p245_065,131,50,39
19,65,p245_066,154,71,30
19,66,p245_067,216,119,67
19,67,p245_068,317,151,43
19,68,p245_069,215,118,72
19,69,p245_070,172,78,80
19,70,p245_071,287,171,33
19,71,p245_072,183,79,59
19,72,p245_073,184,89,56
19,73,p245_074,266,147,71
19,74,p245_075,135,49,62
19,75,p245_076,221,91,107
19,76,p245_077,145,64,13
19,77,p245_078,200,102,2
19,78,p245_079,149,65,59
19,79,p245_080,262,160,7
19,80,p245_081,310,155,99
19,81,p245_082,140,46,80
19,82,p245_083,326,180,103
19,83,p245_084,203,102,63
19,84,p245_085,342,168,89
19,85,p245_086,128,52,24
19,86,p245_087,271,164,17
19,87,p245_088,154,64,68
19,88,p245_089,136,57,36
19,89,p245_090,300,170,80
19,90,p245_091,182,65,58
19,91,p245_092,151,41,53
19,92,p245_093,259,132,49
19,93,p245_094,194,88,57
19,94,p245_095,179,76,88
19,95,p245_096,221,89,107
19,96,p245_097,169,62,40
19,97,p245_098,308,186,61
19,98,p245_099,196,76,77
19,99,p245_100,150,47,92
19,100,p245_101,238,111,40
19,101,p245_102,208,98,16
19,102,p245_103,256,137,80
19,103,p245_104,183,63,95
19,104,p245_105,230,90,95
19,105,p245_106,161,57,48
19,106,p245_107,261,132,103
19,107,p245_108,127,35,79
19,108,p245_109,235,117,69
19,109,p245_110,161,71,54
19,110,p245_111,190,118,38
19,111,p245_112,253,116,61
19,112,p245_113,286,159,56
19,113,p245_114,181,70,3
19,114,p245_115,309,150,51
19,115,p245_116,233,130,71
19,116,p245_117,284,160,50
19,117,p245_118,198,88,35
19,118,p245_119,140,50,73
19,119,p245_120,278,145,109
19,120,p245_121,252,136,77
19,121,p245_122,147,59,61
19,122,p245_123,124,41,25
19,123,p245_124,177,91,30
19,124,p245_125,165,83,24
19,125,p245_126,273,139,82
19,126,p245_127,159,74,31
19,127,p245_128,117,47,33
19,128,p245_129,230,104,84
19,129,p245_130,196,72,101
19,130,p245_131,202,115,5
19,131,p245_132,139,59,47
19,132,p245_133,218,107,19
19,133,p245_134,276,196,0
19,134,p245_135,250,173,20
19,135,p245_136,177,99,2
19,136,p245_137,276,117,50
19,137,p245_138,172,87,28
19,138,p245_139,215,98,6
19,139,p245_140,234,118,19
19,140,p245_141,136,65,15
19,141,p245_142,183,86,25
19,142,p245_143,161,73,22
19,143,p245_144,271,159,69
19,144,p245_145,141,54,32
19,145,p245_146,205,117,31
19,146,p245_147,198,94,68
19,147,p245_148,145,63,14
19,148,p245_149,177,78,74
19,149,p245_150,323,181,36
19,150,p245_151,225,103,67
19,151,p245_152,172,85,26
19,152,p245_154,189,111,29
19,153,p245_155,294,154,64
19,154,p245_156,167,88,45
19,155,p245_157,146,74,55
19,156,p245_158,181,70,58
19,157,p245_160,227,130,20
19,158,p245_161,274,149,45
19,159,p245_162,159,73,21
19,160,p245_163,164,91,22
19,161,p245_164,140,45,18
19,162,p245_165,184,106,23
19,163,p245_166,155,78,38
19,164,p245_167,211,101,58
19,165,p245_168,176,62,44
19,166,p245_170,226,121,37
19,167,p245_171,157,63,66
19,168,p245_172,289,157,74
19,169,p245_173,187,99,35
19,170,p245_174,270,149,63
19,171,p245_175,251,154,46
19,172,p245_176,270,177,21
19,173,p245_177,274,138,61
19,174,p245_178,232,120,21
19,175,p245_179,184,72,72
19,176,p245_180,137,41,54
19,177,p245_181,183,108,56
19,178,p245_182,154,75,64
19,179,p245_183,122,44,64
19,180,p245_184,148,71,38
19,181,p245_185,150,39,3
19,182,p245_186,252,121,29
19,183,p245_187,277,126,115
19,184,p245_188,180,106,37
19,185,p245_189,131,53,58
19,186,p245_190,167,66,62
19,187,p245_191,138,59,35
19,188,p245_192,168,91,55
19,189,p245_193,124,42,51
19,190,p245_194,137,56,36
19,191,p245_195,156,61,19
19,192,p245_196,211,90,38
19,193,p245_197,154,67,28
19,194,p245_198,121,77,1
19,195,p245_199,230,121,72
19,196,p245_200,248,136,63
19,197,p245_201,307,180,32
19,198,p245_202,285,174,41
19,199,p245_203,310,187,28
19,200,p245_204,274,171,41
20,1,p246_001,156,69,53
20,2,p246_002,250,141,27
20,3,p246_003,528,272,108
20,4,p246_004,367,204,25
20,5,p246_005,458,262,87
20,6,p246_006,422,258,100
20,7,p246_007,340,192,85
20,8,p246_008,532,343,51
20,9,p246_009,348,171,110
20,10,p246_010,224,101,64
20,11,p246_011,500,307,76
20,12,p246_012,328,190,82
20,13,p246_013,301,169,49
20,14,p246_014,348,217,56
20,15,p246_015,419,259,92
20,16,p246_016,483,270,131
20,17,p246_017,271,137,57
20,18,p246_018,455,253,40
20,19,p246_019,510,297,55
20,20,p246_020,289,190,9
20,21,p246_021,616,374,42
20,22,p246_022,461,265,95
20,23,p246_023,755,434,145
20,24,p246_024,472,294,101
20,25,p246_025,145,68,32
20,26,p246_026,227,126,57
20,27,p246_027,150,46,77
20,28,p246_028,283,144,95
20,29,p246_029,316,181,73
20,30,p246_030,203,64,84
20,31,p246_031,125,50,33
20,32,p246_032,172,85,34
20,33,p246_033,276,165,64
20,34,p246_034,177,75,79
20,35,p246_035,262,153,55
20,36,p246_036,113,51,13
20,37,p246_037,123,33,36
20,38,p246_038,331,190,66
20,39,p246_039,147,61,15
20,40,p246_040,302,132,15
20,41,p246_041,230,130,33
20,42,p246_042,265,143,62
20,43,p246_043,270,146,59
20,44,p246_044,125,53,62
20,45,p246_045,297,171,70
20,46,p246_046,160,70,62
20,47,p246_047,134,53,56
20,48,p246_048,153,60,72
20,49,p246_049,147,45,76
20,50,p246_050,153,60,59
20,51,p246_051,211,114,41
20,52,p246_052,121,39,40
20,53,p246_053,241,120,80
20,54,p246_054,234,123,65
20,55,p246_055,129,44,47
20,56,p246_056,286,167,79
20,57,p246_057,137,28,84
20,58,p246_058,193,110,57
20,59,p246_059,276,151,78
20,60,p246_060,183,65,89
20,61,p246_061,163,56,62
20,62,p246_062,288,171,73
20,63,p246_063,126,38,70
20,64,p246_064,206,60,88
20,65,p246_065,193,88,67
20,66,p246_066,198,89,50
20,67,p246_067,169,59,32
20,68,p246_068,180,78,77
20,69,p246_069,372,184,67
20,70,p246_070,179,96,45
20,71,p246_071,300,136,103
20,72,p246_072,150,77,25
20,73,p246_073,182,90,61
20,74,p246_074,150,67,7
20,75,p246_075,233,121,74
20,76,p246_076,246,142,73
20,77,p246_077,178,53,91
20,78,p246_078,178,69,69
20,79,p246_079,201,80,37
20,80,p246_080,186,88,64
20,81,p246_081,275,151,53
20,82,p246_082,118,45,47
20,83,p246_083,240,126,31
20,84,p246_084,139,69,49
20,85,p246_085,143,44,65
20,86,p246_086,297,185,45
20,87,p246_087,323,198,18
20,88,p246_088,153,90,45
20,89,p246_089,173,71,48
20,90,p246_090,131,36,79
20,91,p246_091,126,47,30
20,92,p246_092,126,58,38
20,93,p246_093,147,60,47
20,94,p246_094,134,54,58
20,95,p246_095,356,182,93
20,96,p246_096,270,130,83
20,97,p246_097,242,107,25
20,98,p246_098,370,208,76
20,99,p246_099,198,84,69
20,100,p246_100,155,60,70
20,101,p246_101,183,89,81
20,102,p246_102,250,150,12
20,103,p246_103,198,90,78
20,104,p246_104,158,64,28
20,105,p246_105,304,150,49
20,106,p246_106,214,88,84
20,107,p246_107,123,30,64
20,108,p246_108,196,99,35
20,109,p246_109,145,47,61
20,110,p246_110,142,59,28
20,111,p246_111,239,154,33
20,112,p246_112,265,143,46
20,113,p246_113,152,61,56
20,114,p246_114,283,148,71
20,115,p246_115,251,141,63
20,116,p246_116,141,41,89
20,117,p246_117,227,107,93
20,118,p246_118,190,102,61
20,119,p246_119,286,170,57
20,120,p246_120,204,83,91
20,121,p246_121,275,150,81
20,122,p246_122,168,79,34
20,123,p246_123,147,65,9
20,124,p246_124,182,76,82
20,125,p246_125,174,86,21
20,126,p246_126,222,126,68
20,127,p246_127,215,87,62
20,128,p246_128,155,66,37
20,129,p246_129,153,64,60
20,130,p246_130,330,181,39
20,131,p246_131,339,202,32
20,132,p246_132,311,185,30
20,133,p246_133,155,73,58
20,134,p246_134,285,128,83
20,135,p246_135,237,108,71
20,136,p246_136,302,148,65
20,137,p246_137,314,189,14
20,138,p246_138,297,173,76
20,139,p246_139,155,75,10
20,140,p246_140,187,90,22
20,141,p246_141,327,156,76
20,142,p246_142,123,43,43
20,143,p246_143,298,185,69
20,144,p246_144,211,95,81
20,145,p246_145,357,164,127
20,146,p246_146,176,70,51
20,147,p246_147,174,92,30
20,148,p246_148,352,191,81
20,149,p246_149,316,163,90
20,150,p246_150,137,56,19
20,151,p246_151,326,140,115
20,152,p246_152,265,158,49
20,153,p246_153,332,175,82
20,154,p246_154,196,97,38
20,155,p246_155,181,100,70
20,156,p246_156,286,160,45
20,157,p246_157,257,102,105
20,158,p246_158,161,63,64
20,159,p246_159,131,52,37
20,160,p246_160,332,168,87
20,161,p246_161,153,58,7
20,162,p246_162,304,159,91
20,163,p246_163,164,79,50
20,164,p246_164,174,77,54
20,165,p246_165,191,90,33
20,166,p246_166,161,64,70
20,167,p246_167,332,160,73
20,168,p246_168,140,71,35
20,169,p246_169,134,33,41
20,170,p246_170,332,147,76
20,171,p246_171,252,156,55
20,172,p246_172,167,64,66
20,173,p246_173,149,75,43
20,174,p246_174,167,68,7
20,175,p246_175,301,163,78
20,176,p246_176,322,125,51
20,177,p246_177,131,52,15
20,178,p246_178,325,177,32
20,179,p246_179,289,135,83
20,180,p246_180,182,88,32
20,181,p246_181,179,63,7
20,182,p246_182,105,34,8
20,183,p246_183,132,56,20
20,184,p246_184,153,56,58
20,185,p246_185,215,132,30
20,186,p246_186,275,165,21
20,187,p246_187,271,131,84
20,188,p246_188,194,74,59
20,189,p246_189,287,168,17
20,190,p246_190,148,72,48
20,191,p246_191,134,27,69
20,192,p246_192,197,103,58
20,193,p246_193,249,109,88
20,194,p246_194,324,182,60
20,195,p246_195,141,44,74
20,196,p246_196,212,93,56
20,197,p246_197,303,136,103
20,198,p246_198,215,109,35
20,199,p246_199,322,190,83
20,200,p246_200,213,112,56
21,1,p247_001,147,71,34
21,2,p247_002,222,109,52
21,3,p247_003,470,220,76
21,4,p247_004,325,133,62
21,5,p247_005,406,250,51
21,6,p247_006,377,210,77
21,7,p247_007,291,170,72
21,8,p247_008,473,301,79
21,9,p247_009,316,180,91
21,10,p247_010,206,98,34
21,11,p247_011,427,245,66
21,12,p247_012,302,170,79
21,13,p247_013,283,138,85
21,14,p247_014,305,161,77
21,15,p247_016,393,249,70
21,16,p247_017,249,115,64
21,17,p247_018,342,201,95
21,18,p247_019,420,254,104
21,19,p247_020,272,149,76
21,20,p247_021,549,297,146
21,21,p247_022,525,235,216
21,22,p247_023,660,414,144
21,23,p247_024,440,288,104
21,24,p247_025,214,92,105
21,25,p247_026,192,93,78
21,26,p247_027,262,138,106
21,27,p247_028,164,56,73
21,28,p247_029,200,81,55
21,29,p247_030,220,100,78
21,30,p247_031,236,110,85
21,31,p247_032,195,70,97
21,32,p247_033,192,76,82
21,33,p247_034,212,105,83
21,34,p247_035,168,47,99
21,35,p247_036,288,133,103
21,36,p247_037,245,122,106
21,37,p247_038,216,84,103
21,38,p247_039,219,92,104
21,39,p247_040,217,83,100
21,40,p247_041,174,67,95
21,41,p247_042,168,56,99
21,42,p247_043,199,88,99
21,43,p247_044,191,96,75
21,44,p247_045,181,65,75
21,45,p247_046,175,78,79
21,46,p247_047,198,75,97
21,47,p247_048,262,110,114
21,48,p247_049,231,106,90
21,49,p247_050,214,101,77
21,50,p247_051,197,103,48
21,51,p247_052,205,92,70
21,52,p247_053,202,98,79
21,53,p247_054,175,68,75
21,54,p247_055,167,48,84
21,55,p247_056,278,123,116
21,56,p247_057,195,80,101
21,57,p247_058,137,48,60
21,58,p247_059,175,50,109
21,59,p247_060,155,45,99
21,60,p247_061,137,46,81
21,61,p247_062,154,64,70
21,62,p247_063,200,77,98
21,63,p247_064,304,159,83
21,64,p247_065,170,57,99
21,65,p247_066,234,94,116
21,66,p247_067,158,54,78
21,67,p247_068,185,89,77
21,68,p247_069,199,90,98
21,69,p247_070,197,75,95
21,70,p247_071,222,84,93
21,71,p247_072,167,61,90
21,72,p247_073,208,85,102
21,73,p247_074,200,69,106
21,74,p247_075,208,90,88
21,75,p247_076,215,91,90
21,76,p247_077,168,69,92
21,77,p247_078,212,88,98
21,78,p247_079,195,91,92
21,79,p247_080,241,127,72
21,80,p247_081,213,96,96
21,81,p247_082,199,80,28
21,82,p247_083,182,80,79
21,83,p247_084,167,49,100
21,84,p247_085,161,60,89
21,85,p247_086,187,66,86
21,86,p247_087,173,71,66
21,87,p247_088,162,67,57
21,88,p247_089,240,137,75
21,89,p247_090,186,81,74
21,90,p247_091,188,71,93
21,91,p247_092,214,97,92
21,92,p247_093,202,77,100
21,93,p247_094,164,62,72
21,94,p247_095,169,65,76
21,95,p247_096,183,74,83
21,96,p247_097,194,94,74
21,97,p247_098,256,96,63
21,98,p247_099,206,87,60
21,99,p247_100,160,44,71
21,100,p247_101,190,63,94
21,101,p247_102,145,55,78
21,102,p247_103,163,63,73
21,103,p247_104,220,84,91
21,104,p247_105,203,93,94
21,105,p247_106,193,60,97
21,106,p247_107,203,69,91
21,107,p247_108,184,74,87
21,108,p247_109,209,72,108
21,109,p247_110,198,77,104
21,110,p247_111,188,61,90
21,111,p247_112,194,94,66
21,112,p247_113,278,106,126
21,113,p247_114,247,119,98
21,114,p247_115,209,120,54
21,115,p247_116,193,77,97
21,116,p247_117,158,55,95
21,117,p247_118,187,68,88
21,118,p247_119,161,40,91
21,119,p247_120,169,54,91
21,120,p247_121,171,44,114
21,121,p247_122,166,77,70
21,122,p247_123,182,72,90
21,123,p247_124,163,68,91
21,124,p247_125,279,121,87
21,125,p247_126,178,81,81
21,126,p247_127,198,89,97
21,127,p247_128,262,123,55
21,128,p247_129,221,98,88
21,129,p247_130,208,74,112
21,130,p247_131,194,73,100
21,131,p247_132,211,77,65
21,132,p247_133,180,56,62
21,133,p247_134,221,100,73
21,134,p247_135,237,99,102
21,135,p247_136,187,68,91
21,136,p247_137,246,114,104
21,137,p247_138,167,56,53
21,138,p247_139,199,80,74
21,139,p247_140,211,94,54
21,140,p247_141,218,88,114
21,141,p247_142,180,81,76
21,142,p247_143,189,71,72
21,143,p247_144,232,108,83
21,144,p247_145,174,76,33
21,145,p247_146,195,67,95
21,146,p247_147,182,55,96
21,147,p247_148,163,61,85
21,148,p247_149,158,55,27
21,149,p247_150,142,40,43
21,150,p247_151,131,40,69
21,151,p247_152,177,74,82
21,152,p247_153,142,48,23
21,153,p247_154,163,42,98
21,154,p247_155,166,79,69
21,155,p247_156,150,66,43
21,156,p247_157,192,61,105
21,157,p247_158,171,61,84
21,158,p247_159,193,100,76
21,159,p247_160,227,124,33
21,160,p247_161,213,83,68
21,161,p247_162,257,122,107
21,162,p247_163,165,57,78
21,163,p247_164,176,60,99
21,164,p247_165,173,72,80
21,165,p247_166,170,65,50
21,166,p247_167,165,67,63
21,167,p247_168,203,103,61
21,168,p247_169,178,61,79
21,169,p247_170,153,60,64
21,170,p247_171,293,139,132
21,171,p247_172,171,54,86
21,172,p247_173,147,56,75
21,173,p247_174,206,91,86
21,174,p247_175,225,98,19
21,175,p247_176,309,177,102
21,176,p247_177,194,70,105
21,177,p247_178,233,120,84
21,178,p247_179,244,119,53
21,179,p247_180,227,47,108
21,180,p247_181,184,73,76
21,181,p247_182,206,74,57
21,182,p247_183,209,92,92
21,183,p247_184,253,143,92
21,184,p247_185,193,84,83
21,185,p247_186,186,93,58
21,186,p247_187,173,66,45
21,187,p247_188,184,71,75
21,188,p247_189,202,78,98
21,189,p247_190,225,92,109
21,190,p247_191,145,71,25
21,191,p247_192,179,77,70
21,192,p247_193,147,60,62
21,193,p247_194,163,74,52
21,194,p247_195,182,61,82
21,195,p247_196,179,72,64
21,196,p247_197,217,97,86
21,197,p247_198,166,54,69
21,198,p247_199,221,88,78
21,199,p247_200,177,76,71
21,200,p247_202,213,78,83
22,1,p248_001,121,48,57
22,2,p248_002,284,116,120
22,3,p248_003,587,273,207
22,4,p248_004,357,168,125
22,5,p248_005,531,272,176
22,6,p248_006,457,214,179
22,7,p248_007,345,198,110
22,8,p248_008,594,344,157
22,9,p248_009,383,197,128
22,10,p248_010,223,104,83
22,11,p248_011,584,317,180
22,12,p248_012,402,186,158
22,13,p248_013,341,175,89
22,14,p248_014,391,206,135
22,15,p248_015,472,241,131
22,16,p248_016,553,268,145
22,17,p248_017,275,123,109
22,18,p248_018,406,191,146
22,19,p248_019,542,253,180
22,20,p248_020,288,180,77
22,21,p248_021,694,342,220
22,22,p248_022,482,223,169
22,23,p248_023,836,467,234
22,24,p248_024,481,298,84
22,25,p248_025,302,170,72
22,26,p248_026,270,152,88
22,27,p248_027,130,34,43
22,28,p248_028,187,51,73
22,29,p248_029,302,133,66
22,30,p248_030,161,50,101
22,31,p248_031,240,93,114
22,32,p248_032,244,110,92
22,33,p248_033,289,159,96
22,34,p248_034,341,138,161
22,35,p248_035,239,85,110
22,36,p248_036,177,63,98
22,37,p248_037,279,153,77
22,38,p248_038,253,109,91
22,39,p248_039,139,37,85
22,40,p248_040,254,135,85
22,41,p248_041,203,102,64
22,42,p248_042,158,33,112
22,43,p248_043,158,45,101
22,44,p248_044,198,63,92
22,45,p248_045,196,93,72
22,46,p248_046,236,101,107
22,47,p248_047,145,32,96
22,48,p248_048,329,159,115
22,49,p248_049,255,92,124
22,50,p248_050,290,158,105
22,51,p248_051,167,54,89
22,52,p248_052,254,95,101
22,53,p248_053,172,57,88
22,54,p248_054,164,45,94
22,55,p248_055,143,38,85
22,56,p248_056,214,103,100
22,57,p248_057,227,71,108
22,58,p248_058,157,48,96
22,59,p248_059,152,41,85
22,60,p248_060,236,99,102
22,61,p248_061,287,156,90
22,62,p248_062,185,73,86
22,63,p248_063,150,59,66
22,64,p248_064,316,150,106
22,65,p248_065,182,65,92
22,66,p248_066,222,85,104
22,67,p248_067,321,179,96
22,68,p248_068,203,90,93
22,69,p248_069,155,57,77
22,70,p248_070,225,103,80
22,71,p248_071,129,54,44
22,72,p248_072,163,81,64
22,73,p248_073,131,44,73
22,74,p248_074,147,52,75
22,75,p248_075,145,61,70
22,76,p248_076,129,40,69
22,77,p248_077,131,46,73
22,78,p248_078,163,72,75
22,79,p248_079,277,123,80
22,80,p248_080,153,73,38
22,81,p248_081,253,99,95
22,82,p248_082,176,64,62
22,83,p248_083,225,97,100
22,84,p248_084,153,62,74
22,85,p248_085,211,101,78
22,86,p248_086,150,54,72
22,87,p248_087,238,123,94
22,88,p248_088,310,168,91
22,89,p248_089,171,63,86
22,90,p248_090,242,103,61
22,91,p248_091,300,122,120
22,92,p248_092,271,116,106
22,93,p248_093,134,31,79
22,94,p248_094,350,177,118
22,95,p248_095,338,162,130
22,96,p248_096,193,83,92
22,97,p248_097,163,61,83
22,98,p248_098,181,66,83
22,99,p248_099,169,55,100
22,100,p248_100,158,62,79
22,101,p248_101,209,87,101
22,102,p248_102,190,78,95
22,103,p248_103,193,78,91
22,104,p248_104,161,55,75
22,105,p248_105,203,82,100
22,106,p248_106,388,181,124
22,107,p248_107,163,58,88
22,108,p248_108,231,114,75
22,109,p248_109,230,85,107
22,110,p248_110,187,77,87
22,111,p248_111,198,69,99
22,112,p248_112,311,152,83
22,113,p248_113,209,73,94
22,114,p248_114,179,71,79
22,115,p248_115,278,113,107
22,116,p248_116,249,130,101
22,117,p248_117,169,72,80
22,118,p248_118,189,59,107
22,119,p248_119,254,114,92
22,120,p248_120,206,67,110
22,121,p248_121,171,60,80
22,122,p248_122,306,141,108
22,123,p248_123,321,152,114
22,124,p248_124,174,90,49
22,125,p248_125,175,53,97
22,126,p248_126,238,110,101
22,127,p248_127,258,132,82
22,128,p248_128,273,108,134
22,129,p248_129,265,150,83
22,130,p248_130,155,72,78
22,131,p248_131,272,114,129
22,132,p248_132,150,56,6
22,133,p248_133,190,72,89
22,134,p248_134,164,75,76
22,135,p248_135,170,79,79
22,136,p248_136,227,83,113
22,137,p248_137,271,127,99
22,138,p248_138,342,169,109
22,139,p248_139,155,34,100
22,140,p248_140,211,78,108
22,141,p248_141,139,34,89
22,142,p248_142,245,86,115
22,143,p248_143,145,65,67
22,144,p248_144,137,38,79
22,145,p248_145,166,53,80
22,146,p248_146,198,84,76
22,147,p248_147,289,141,102
22,148,p248_148,154,59,66
22,149,p248_149,215,97,83
22,150,p248_150,235,91,107
22,151,p248_151,153,39,100
22,152,p248_152,249,101,110
22,153,p248_153,357,156,134
22,154,p248_154,236,99,51
22,155,p248_155,224,91,102
22,156,p248_156,180,57,94
22,157,p248_157,204,59,127
22,158,p248_158,238,64,147
22,159,p248_159,297,138,117
22,160,p248_160,298,138,112
22,161,p248_161,202,79,75
22,162,p248_162,154,43,93
22,163,p248_163,247,118,93
22,164,p248_164,209,94,87
22,165,p248_165,217,114,81
22,166,p248_166,154,41,92
22,167,p248_167,166,71,75
22,168,p248_168,307,162,117
22,169,p248_169,158,60,71
22,170,p248_170,225,97,101
22,171,p248_171,235,114,80
22,172,p248_172,190,82,87
22,173,p248_173,299,133,98
22,174,p248_174,144,54,73
22,175,p248_175,166,74,66
22,176,p248_176,209,86,99
22,177,p248_177,142,52,71
22,178,p248_178,265,121,107
22,179,p248_179,162,55,89
22,180,p248_180,283,115,109
22,181,p248_181,137,43,78
22,182,p248_182,131,48,79
22,183,p248_183,182,72,97
22,184,p248_184,189,100,72
22,185,p248_185,171,77,75
22,186,p248_186,211,96,79
22,187,p248_187,152,62,70
22,188,p248_188,206,75,95
22,189,p248_189,152,65,66
22,190,p248_190,187,76,86
22,191,p248_191,229,85,111
22,192,p248_192,161,62,74
22,193,p248_193,227,105,95
22,194,p248_194,235,112,99
22,195,p248_195,131,39,74
22,196,p248_196,289,129,114
22,197,p248_197,163,60,79
22,198,p248_198,229,97,109
22,199,p248_199,256,114,108
22,200,p248_200,214,94,74
23,1,p249_002,230,136,0
23,2,p249_003,470,316,3
23,3,p249_004,310,149,33
23,4,p249_005,422,301,17
23,5,p249_006,371,219,19
23,6,p249_007,281,167,18
23,7,p249_008,450,304,15
23,8,p249_009,298,166,49
23,9,p249_010,198,94,14
23,10,p249_011,441,274,22
23,11,p249_012,286,170,31
23,12,p249_013,286,160,5
23,13,p249_014,335,207,10
23,14,p249_016,418,276,20
23,15,p249_017,265,140,17
23,16,p249_018,321,245,1
23,17,p249_019,486,259,61
23,18,p249_020,262,169,3
23,19,p249_021,553,322,67
23,20,p249_022,449,266,19
23,21,p249_023,719,469,12
23,22,p249_024,446,275,42
23,23,p249_025,279,192,1
23,24,p249_026,275,219,1
23,25,p249_027,126,72,0
23,26,p249_028,142,69,0
23,27,p249_029,142,54,40
23,28,p249_030,137,48,32
23,29,p249_031,243,154,2
23,30,p249_032,174,102,19
23,31,p249_033,241,141,5
23,32,p249_034,203,155,0
23,33,p249_035,269,188,6
23,34,p249_036,118,37,35
23,35,p249_037,187,109,2
23,36,p249_038,163,87,1
23,37,p249_039,174,102,1
23,38,p249_040,275,194,1
23,39,p249_041,115,60,1
23,40,p249_042,142,71,0
23,41,p249_043,163,72,22
23,42,p249_044,110,54,2
23,43,p249_045,128,51,24
23,44,p249_046,126,78,0
23,45,p249_047,153,64,23
23,46,p249_048,232,138,32
23,47,p249_049,158,77,15
23,48,p249_050,142,66,31
23,49,p249_051,243,151,17
23,50,p249_052,161,70,14
23,51,p249_053,278,134,55
23,52,p249_054,182,111,0
23,53,p249_055,166,79,11
23,54,p249_056,131,45,25
23,55,p249_057,273,180,16
23,56,p249_058,105,43,10
23,57,p249_059,115,82,0
23,58,p249_060,118,41,0
23,59,p249_061,114,34,18
23,60,p249_062,213,105,26
23,61,p249_063,182,84,20
23,62,p249_064,158,88,2
23,63,p249_065,180,87,0
23,64,p249_066,142,72,4
23,65,p249_067,181,83,0
23,66,p249_068,179,100,1
23,67,p249_069,273,174,18
23,68,p249_070,149,57,61
23,69,p249_071,183,109,18
23,70,p249_072,115,42,5
23,71,p249_073,219,123,6
23,72,p249_074,141,41,27
23,73,p249_075,177,92,20
23,74,p249_076,208,103,14
23,75,p249_077,185,96,7
23,76,p249_078,163,80,3
23,77,p249_079,204,109,23
23,78,p249_080,211,83,17
23,79,p249_081,289,226,0
23,80,p249_082,150,77,7
23,81,p249_083,139,77,12
23,82,p249_084,150,76,0
23,83,p249_086,243,150,24
23,84,p249_087,249,138,5
23,85,p249_088,170,76,31
23,86,p249_089,177,117,0
23,87,p249_090,235,132,22
23,88,p249_092,236,156,16
23,89,p249_093,161,68,21
23,90,p249_094,161,68,24
23,91,p249_095,243,173,1
23,92,p249_096,185,104,1
23,93,p249_097,233,126,21
23,94,p249_098,139,62,22
23,95,p249_099,169,97,5
23,96,p249_100,126,60,11
23,97,p249_101,168,75,36
23,98,p249_102,279,173,33
23,99,p249_103,170,82,6
23,100,p249_104,131,57,6
23,101,p249_105,267,113,8
23,102,p249_106,287,186,5
23,103,p249_107,219,117,19
23,104,p249_108,232,112,18
23,105,p249_109,185,102,9
23,106,p249_110,259,176,19
23,107,p249_111,201,104,3
23,108,p249_112,136,67,1
23,109,p249_113,310,174,14
23,110,p249_114,270,133,40
23,111,p249_115,139,50,29
23,112,p249_116,198,118,14
23,113,p249_117,150,61,5
23,114,p249_118,145,69,12
23,115,p249_119,113,51,0
23,116,p249_120,243,132,17
23,117,p249_121,250,135,0
23,118,p249_122,131,43,40
23,119,p249_123,169,70,14
23,120,p249_124,120,44,12
23,121,p249_125,235,117,24
23,122,p249_126,177,90,4
23,123,p249_127,185,91,17
23,124,p249_128,282,174,49
23,125,p249_129,275,169,11
23,126,p249_130,249,145,3
23,127,p249_131,256,100,69
23,128,p249_132,210,94,28
23,129,p249_133,225,131,31
23,130,p249_134,242,120,24
23,131,p249_135,276,147,4
23,132,p249_136,167,51,32
23,133,p249_137,281,200,4
23,134,p249_138,209,146,3
23,135,p249_139,177,100,20
23,136,p249_140,177,90,17
23,137,p249_141,162,78,3
23,138,p249_142,110,64,0
23,139,p249_143,174,87,12
23,140,p249_144,112,44,0
23,141,p249_145,163,76,14
23,142,p249_146,137,38,6
23,143,p249_147,284,136,16
23,144,p249_148,126,53,10
23,145,p249_149,247,145,10
23,146,p249_150,142,79,0
23,147,p249_152,166,84,0
23,148,p249_153,276,159,14
23,149,p249_154,206,95,51
23,150,p249_155,150,75,8
23,151,p249_156,242,133,43
23,152,p249_157,164,75,4
23,153,p249_159,147,61,1
23,154,p249_160,267,123,26
23,155,p249_161,140,30,29
23,156,p249_162,173,85,28
23,157,p249_163,145,62,13
23,158,p249_164,215,120,1
23,159,p249_165,149,75,29
23,160,p249_166,151,88,12
23,161,p249_167,217,115,16
23,162,p249_168,286,179,4
23,163,p249_169,270,132,20
23,164,p249_170,161,69,30
23,165,p249_171,158,71,21
23,166,p249_172,127,49,4
23,167,p249_173,197,103,19
23,168,p249_174,154,72,18
23,169,p249_176,238,137,41
23,170,p249_177,255,166,14
23,171,p249_178,197,128,0
23,172,p249_179,136,60,8
23,173,p249_180,178,85,23
23,174,p249_181,275,149,27
23,175,p249_182,142,76,0
23,176,p249_183,282,191,1
23,177,p249_184,305,166,31
23,178,p249_185,277,194,1
23,179,p249_186,123,58,8
23,180,p249_187,162,67,6
23,181,p249_188,242,150,2
23,182,p249_189,199,88,28
23,183,p249_190,288,158,5
23,184,p249_191,118,75,0
23,185,p249_192,174,103,8
23,186,p249_193,166,69,26
23,187,p249_194,156,70,27
23,188,p249_196,116,58,26
23,189,p249_197,161,71,16
23,190,p249_198,247,157,8
23,191,p249_199,217,120,7
23,192,p249_200,169,77,17
23,193,p249_201,253,147,13
23,194,p249_202,160,73,7
23,195,p249_203,177,95,14
23,196,p249_204,270,178,4
23,197,p249_205,288,195,15
23,198,p249_206,217,149,1
23,199,p249_207,214,106,40
23,200,p249_208,282,162,14
24,1,p250_001,138,45,49
24,2,p250_002,212,72,98
24,3,p250_003,408,172,100
24,4,p250_004,263,92,92
24,5,p250_005,381,224,68
24,6,p250_006,346,176,93
24,7,p250_007,277,160,69
24,8,p250_008,411,257,54
24,9,p250_009,292,144,115
24,10,p250_010,161,80,49
24,11,p250_011,385,245,46
24,12,p250_012,230,113,81
24,13,p250_013,227,108,71
24,14,p250_014,269,149,68
24,15,p250_015,315,187,29
24,16,p250_016,357,210,64
24,17,p250_017,202,70,91
24,18,p250_018,318,168,77
24,19,p250_019,424,224,113
24,20,p250_020,229,131,49
24,21,p250_021,509,256,115
24,22,p250_022,396,198,77
24,23,p250_023,623,375,108
24,24,p250_024,377,226,100
24,25,p250_025,181,70,68
24,26,p250_026,150,80,5
24,27,p250_027,156,64,6
24,28,p250_028,155,68,36
24,29,p250_030,137,54,18
24,30,p250_031,145,63,9
24,31,p250_032,190,88,50
24,32,p250_033,134,41,71
24,33,p250_034,142,76,34
24,34,p250_035,192,99,29
24,35,p250_036,155,57,49
24,36,p250_037,153,54,76
24,37,p250_038,235,96,82
24,38,p250_039,161,62,64
24,39,p250_040,177,75,53
24,40,p250_042,174,87,22
24,41,p250_043,161,71,55
24,42,p250_044,115,47,49
24,43,p250_045,143,63,64
24,44,p250_046,110,31,57
24,45,p250_047,125,34,80
24,46,p250_048,113,40,61
24,47,p250_049,182,78,68
24,48,p250_050,240,148,61
24,49,p250_051,174,64,83
24,50,p250_052,206,104,58
24,51,p250_053,162,80,46
24,52,p250_054,150,54,70
24,53,p250_055,139,47,72
24,54,p250_056,166,70,70
24,55,p250_057,153,48,78
24,56,p250_058,146,55,67
24,57,p250_059,198,86,78
24,58,p250_060,134,47,65
24,59,p250_061,118,36,53
24,60,p250_062,147,42,76
24,61,p250_063,246,127,71
24,62,p250_064,177,98,56
24,63,p250_065,133,28,73
24,64,p250_066,129,45,65
24,65,p250_067,174,79,64
24,66,p250_068,145,59,64
24,67,p250_069,145,77,54
24,68,p250_070,169,70,69
24,69,p250_071,190,82,65
24,70,p250_072,174,75,71
24,71,p250_073,142,58,53
24,72,p250_074,159,64,65
24,73,p250_075,145,72,50
24,74,p250_076,145,53,81
24,75,p250_077,118,46,56
24,76,p250_078,147,67,49
24,77,p250_079,164,66,77
24,78,p250_080,190,98,57
24,79,p250_081,145,91,4
24,80,p250_082,145,58,57
24,81,p250_083,182,87,41
24,82,p250_084,190,97,24
24,83,p250_085,193,81,74
24,84,p250_086,163,60,59
24,85,p250_087,121,37,66
24,86,p250_088,137,54,55
24,87,p250_089,237,120,81
24,88,p250_090,185,90,30
24,89,p250_091,185,83,62
24,90,p250_092,195,115,45
24,91,p250_093,163,80,57
24,92,p250_094,297,175,65
24,93,p250_095,141,51,75
24,94,p250_096,120,48,47
24,95,p250_097,163,74,62
24,96,p250_098,138,46,66
24,97,p250_099,143,58,42
24,98,p250_100,78,21,37
24,99,p250_101,118,41,40
24,100,p250_102,118,30,54
24,101,p250_103,141,53,31
24,102,p250_104,211,121,54
24,103,p250_105,131,51,47
24,104,p250_106,145,76,60
24,105,p250_107,201,76,81
24,106,p250_108,142,45,46
24,107,p250_109,184,83,76
24,108,p250_110,134,47,69
24,109,p250_111,202,106,79
24,110,p250_113,187,98,27
24,111,p250_114,206,104,45
24,112,p250_115,126,39,37
24,113,p250_116,107,28,61
24,114,p250_117,254,137,48
24,115,p250_118,167,65,67
24,116,p250_119,127,51,53
24,117,p250_120,147,60,63
24,118,p250_121,195,105,41
24,119,p250_123,166,75,60
24,120,p250_124,145,62,50
24,121,p250_125,166,75,72
24,122,p250_126,169,85,49
24,123,p250_127,153,70,45
24,124,p250_128,158,79,49
24,125,p250_129,153,46,99
24,126,p250_130,198,116,18
24,127,p250_131,142,65,54
24,128,p250_132,161,73,40
24,129,p250_133,262,157,39
24,130,p250_134,123,52,58
24,131,p250_135,139,64,22
24,132,p250_136,131,64,46
24,133,p250_137,123,48,49
24,134,p250_138,202,96,51
24,135,p250_139,155,67,63
24,136,p250_140,179,71,77
24,137,p250_141,218,117,58
24,138,p250_142,148,32,78
24,139,p250_143,145,47,77
24,140,p250_144,130,50,52
24,141,p250_146,129,40,63
24,142,p250_147,131,54,60
24,143,p250_148,147,58,29
24,144,p250_149,191,103,30
24,145,p250_150,168,82,49
24,146,p250_151,164,51,85
24,147,p250_152,148,65,17
24,148,p250_153,129,53,29
24,149,p250_154,131,48,64
24,150,p250_155,115,40,41
24,151,p250_156,94,35,19
24,152,p250_157,102,28,64
24,153,p250_158,150,59,71
24,154,p250_159,170,64,73
24,155,p250_160,139,52,20
24,156,p250_161,145,52,71
24,157,p250_162,143,57,56
24,158,p250_163,155,72,46
24,159,p250_164,171,67,88
24,160,p250_165,131,52,56
24,161,p250_166,154,70,11
24,162,p250_167,154,63,49
24,163,p250_168,158,65,59
24,164,p250_169,147,67,28
24,165,p250_170,163,97,14
24,166,p250_171,129,51,65
24,167,p250_172,237,110,96
24,168,p250_173,299,166,50
24,169,p250_174,195,94,51
24,170,p250_175,121,28,71
24,171,p250_176,185,82,61
24,172,p250_177,193,94,37
24,173,p250_178,147,46,78
24,174,p250_179,131,54,65
24,175,p250_180,186,72,55
24,176,p250_181,158,61,57
24,177,p250_182,179,96,17
24,178,p250_183,208,74,76
24,179,p250_184,140,40,85
24,180,p250_185,201,102,47
24,181,p250_186,169,86,17
24,182,p250_187,193,79,67
24,183,p250_188,186,91,53
24,184,p250_189,166,64,64
24,185,p250_190,203,102,37
24,186,p250_191,171,60,102
24,187,p250_192,192,94,23
24,188,p250_193,151,52,34
24,189,p250_194,139,61,48
24,190,p250_195,142,52,74
24,191,p250_196,146,61,58
24,192,p250_197,137,63,44
24,193,p250_198,190,80,67
24,194,p250_199,166,90,40
24,195,p250_200,131,46,67
24,196,p250_201,139,59,53
24,197,p250_202,217,113,43
24,198,p250_204,149,57,64
24,199,p250_205,150,68,64
24,200,p250_206,174,72,74
25,1,p251_001,131,63,13
25,2,p251_002,260,135,24
25,3,p251_003,463,262,99
25,4,p251_004,295,157,35
25,5,p251_005,384,263,40
25,6,p251_006,349,230,85
25,7,p251_007,264,172,44
25,8,p251_008,443,286,77
25,9,p251_009,313,163,90
25,10,p251_010,205,78,62
25,11,p251_011,406,286,45
25,12,p251_012,276,181,38
25,13,p251_013,302,172,25
25,14,p251_014,319,222,23
25,15,p251_015,352,244,27
25,16,p251_016,424,303,23
25,17,p251_017,247,169,38
25,18,p251_018,343,234,22
25,19,p251_019,441,292,43
25,20,p251_020,280,165,27
25,21,p251_021,543,422,19
25,22,p251_022,380,283,15
25,23,p251_023,694,480,80
25,24,p251_024,451,288,95
25,25,p251_025,150,73,3
25,26,p251_026,306,85,39
25,27,p251_027,295,58,86
25,28,p251_028,236,140,45
25,29,p251_029,205,118,33
25,30,p251_030,233,141,9
25,31,p251_032,156,65,12
25,32,p251_033,107,45,14
25,33,p251_034,296,176,28
25,34,p251_035,318,168,52
25,35,p251_036,125,44,15
25,36,p251_037,238,135,53
25,37,p251_038,223,109,77
25,38,p251_039,207,71,85
25,39,p251_040,132,74,2
25,40,p251_041,137,60,20
25,41,p251_042,244,147,25
25,42,p251_043,146,67,23
25,43,p251_044,115,52,19
25,44,p251_045,155,89,7
25,45,p251_046,123,56,19
25,46,p251_047,186,107,31
25,47,p251_048,141,73,10
25,48,p251_049,260,142,58
25,49,p251_050,150,89,7
25,50,p251_051,147,71,25
25,51,p251_052,285,146,65
25,52,p251_053,187,105,21
25,53,p251_054,149,67,50
25,54,p251_055,158,66,36
25,55,p251_056,280,184,25
25,56,p251_057,147,72,19
25,57,p251_058,174,81,44
25,58,p251_059,145,67,58
25,59,p251_060,138,51,41
25,60,p251_061,163,63,44
25,61,p251_062,153,55,21
25,62,p251_063,191,89,23
25,63,p251_064,266,150,64
25,64,p251_065,193,127,5
25,65,p251_066,118,49,9
25,66,p251_067,223,152,43
25,67,p251_068,162,80,10
25,68,p251_069,152,61,29
25,69,p251_070,202,133,37
25,70,p251_071,188,137,0
25,71,p251_072,145,36,27
25,72,p251_073,147,48,21
25,73,p251_074,154,73,36
25,74,p251_075,158,103,1
25,75,p251_076,279,158,57
25,76,p251_077,248,169,18
25,77,p251_078,131,70,0
25,78,p251_079,245,139,26
25,79,p251_080,262,177,7
25,80,p251_081,161,65,55
25,81,p251_082,136,45,18
25,82,p251_083,222,109,74
25,83,p251_084,205,122,52
25,84,p251_085,166,61,36
25,85,p251_087,196,140,13
25,86,p251_088,247,134,13
25,87,p251_089,155,59,11
25,88,p251_090,169,78,57
25,89,p251_091,158,88,29
25,90,p251_092,271,172,26
25,91,p251_093,218,125,50
25,92,p251_094,130,70,3
25,93,p251_095,269,182,24
25,94,p251_096,147,81,13
25,95,p251_097,158,78,12
25,96,p251_098,164,74,29
25,97,p251_099,149,73,12
25,98,p251_100,188,101,36
25,99,p251_101,161,78,55
25,100,p251_102,135,69,27
25,101,p251_103,182,99,14
25,102,p251_104,159,68,39
25,103,p251_105,186,83,56
25,104,p251_106,139,67,27
25,105,p251_107,166,91,35
25,106,p251_108,129,50,9
25,107,p251_109,142,100,1
25,108,p251_110,115,58,3
25,109,p251_111,165,78,50
25,110,p251_112,225,139,28
25,111,p251_113,269,169,34
25,112,p251_114,277,189,29
25,113,p251_115,172,79,53
25,114,p251_116,151,54,24
25,115,p251_117,134,63,29
25,116,p251_118,123,56,15
25,117,p251_119,236,134,67
25,118,p251_120,161,70,21
25,119,p251_121,288,170,59
25,120,p251_122,132,49,48
25,121,p251_123,137,64,26
25,122,p251_124,212,116,39
25,123,p251_125,232,129,2
25,124,p251_126,210,102,32
25,125,p251_127,212,111,30
25,126,p251_128,173,54,84
25,127,p251_129,206,78,83
25,128,p251_130,150,75,24
25,129,p251_131,190,99,45
25,130,p251_132,152,71,28
25,131,p251_133,281,160,83
25,132,p251_134,279,138,93
25,133,p251_135,201,110,25
25,134,p251_136,172,75,30
25,135,p251_137,279,170,53
25,136,p251_138,113,32,15
25,137,p251_139,189,75,66
25,138,p251_140,195,84,45
25,139,p251_141,159,67,34
25,140,p251_142,272,158,47
25,141,p251_143,159,62,34
25,142,p251_144,176,82,42
25,143,p251_145,177,81,58
25,144,p251_146,153,64,38
25,145,p251_147,187,94,46
25,146,p251_148,284,161,57
25,147,p251_149,123,37,27
25,148,p251_150,251,145,39
25,149,p251_151,276,149,44
25,150,p251_152,156,75,41
25,151,p251_153,168,63,46
25,152,p251_154,189,89,42
25,153,p251_155,136,78,8
25,154,p251_156,131,51,42
25,155,p251_157,128,41,36
25,156,p251_158,168,74,41
25,157,p251_159,187,102,23
25,158,p251_160,237,157,40
25,159,p251_161,170,77,46
25,160,p251_162,177,62,42
25,161,p251_163,267,157,69
25,162,p251_164,130,47,50
25,163,p251_165,294,155,92
25,164,p251_166,250,148,59
25,165,p251_167,159,79,41
25,166,p251_168,167,68,31
25,167,p251_169,202,97,51
25,168,p251_170,177,80,72
25,169,p251_171,163,79,35
25,170,p251_172,234,131,47
25,171,p251_173,166,69,52
25,172,p251_174,163,75,11
25,173,p251_175,208,107,44
25,174,p251_176,235,133,50
25,175,p251_177,253,153,47
25,176,p251_178,198,116,23
25,177,p251_179,261,135,52
25,178,p251_180,210,67,94
25,179,p251_181,277,148,87
25,180,p251_182,164,63,78
25,181,p251_183,152,71,53
25,182,p251_184,238,92,69
25,183,p251_185,171,69,63
25,184,p251_186,159,77,31
25,185,p251_187,216,133,67
25,186,p251_188,191,107,52
25,187,p251_189,156,58,70
25,188,p251_190,177,99,33
25,189,p251_191,188,81,35
25,190,p251_192,245,142,9
25,191,p251_193,231,162,17
25,192,p251_194,241,136,41
25,193,p251_195,168,72,27
25,194,p251_196,245,130,34
25,195,p251_197,144,64,23
25,196,p251_198,131,47,9
25,197,p251_199,170,70,39
25,198,p251_200,261,140,56
25,199,p251_201,265,153,80
25,200,p251_202,144,73,30
26,1,p252_001,184,59,27
26,2,p252_002,270,115,41
26,3,p252_003,479,288,49
26,4,p252_004,350,177,115
26,5,p252_005,408,228,84
26,6,p252_006,345,198,100
26,7,p252_007,313,164,49
26,8,p252_008,459,313,27
26,9,p252_009,306,167,87
26,10,p252_010,224,96,73
26,11,p252_011,449,304,54
26,12,p252_012,287,174,82
26,13,p252_013,297,152,70
26,14,p252_014,309,198,20
26,15,p252_015,377,259,29
26,16,p252_016,439,310,17
26,17,p252_017,242,138,42
26,18,p252_018,371,220,60
26,19,p252_019,463,313,45
26,20,p252_020,293,158,45
26,21,p252_021,570,367,104
26,22,p252_022,460,277,45
26,23,p252_023,709,477,74
26,24,p252_024,439,272,11
26,25,p252_025,319,168,50
26,26,p252_026,174,89,9
26,27,p252_027,187,77,69
26,28,p252_028,217,113,44
26,29,p252_029,212,103,37
26,30,p252_030,251,76,85
26,31,p252_032,272,147,80
26,32,p252_033,184,82,50
26,33,p252_034,156,63,68
26,34,p252_035,187,76,66
26,35,p252_036,185,81,52
26,36,p252_037,182,66,56
26,37,p252_038,182,77,50
26,38,p252_039,265,131,87
26,39,p252_040,284,97,49
26,40,p252_041,145,71,45
26,41,p252_042,225,94,68
26,42,p252_043,185,84,73
26,43,p252_044,203,104,64
26,44,p252_045,211,89,78
26,45,p252_046,219,95,62
26,46,p252_047,163,62,41
26,47,p252_048,203,77,92
26,48,p252_050,301,143,85
26,49,p252_051,177,73,49
26,50,p252_052,337,164,125
26,51,p252_053,188,74,79
26,52,p252_054,234,84,43
26,53,p252_055,170,62,30
26,54,p252_056,201,77,41
26,55,p252_057,218,96,60
26,56,p252_058,212,72,65
26,57,p252_059,139,37,49
26,58,p252_060,182,53,79
26,59,p252_061,214,48,113
26,60,p252_062,187,67,90
26,61,p252_063,250,90,115
26,62,p252_064,160,43,94
26,63,p252_065,246,127,79
26,64,p252_066,196,82,81
26,65,p252_067,224,102,39
26,66,p252_068,178,68,79
26,67,p252_069,149,35,76
26,68,p252_071,198,94,30
26,69,p252_072,145,48,50
26,70,p252_073,139,71,29
26,71,p252_074,194,92,22
26,72,p252_075,191,51,40
26,73,p252_076,191,76,42
26,74,p252_077,149,41,86
26,75,p252_078,153,39,88
26,76,p252_079,153,49,74
26,77,p252_080,119,36,15
26,78,p252_081,170,52,36
26,79,p252_082,195,98,47
26,80,p252_083,201,100,70
26,81,p252_084,161,67,17
26,82,p252_085,143,39,72
26,83,p252_086,200,99,58
26,84,p252_087,166,57,62
26,85,p252_088,145,52,57
26,86,p252_089,315,88,124
26,87,p252_090,232,140,57
26,88,p252_091,281,137,78
26,89,p252_092,206,104,9
26,90,p252_093,190,86,37
26,91,p252_094,165,60,41
26,92,p252_095,123,47,24
26,93,p252_096,152,54,26
26,94,p252_097,214,101,46
26,95,p252_098,190,76,85
26,96,p252_099,192,80,69
26,97,p252_100,235,97,67
26,98,p252_101,341,192,63
26,99,p252_102,180,53,74
26,100,p252_103,241,114,46
26,101,p252_104,185,89,12
26,102,p252_105,160,78,10
26,103,p252_106,135,60,13
26,104,p252_108,169,67,54
26,105,p252_109,237,136,46
26,106,p252_110,158,50,21
26,107,p252_111,263,143,39
26,108,p252_112,132,53,6
26,109,p252_113,123,45,11
26,110,p252_114,122,43,13
26,111,p252_115,142,67,20
26,112,p252_116,123,43,10
26,113,p252_117,178,91,30
26,114,p252_118,230,118,43
26,115,p252_119,188,72,21
26,116,p252_120,228,116,53
26,117,p252_121,352,227,63
26,118,p252_122,167,75,59
26,119,p252_123,187,55,59
26,120,p252_124,288,88,14
26,121,p252_125,232,57,107
26,122,p252_126,162,71,20
26,123,p252_127,228,76,49
26,124,p252_128,210,80,63
26,125,p252_129,225,56,64
26,126,p252_130,208,95,58
26,127,p252_131,184,63,33
26,128,p252_132,278,157,31
26,129,p252_133,186,55,55
26,130,p252_134,235,87,93
26,131,p252_135,244,127,70
26,132,p252_136,280,167,25
26,133,p252_137,262,134,73
26,134,p252_138,257,135,41
26,135,p252_139,159,70,59
26,136,p252_140,226,108,55
26,137,p252_141,184,67,51
26,138,p252_142,209,66,44
26,139,p252_143,239,123,15
26,140,p252_144,165,53,51
26,141,p252_145,222,111,70
26,142,p252_146,194,80,55
26,143,p252_147,155,67,24
26,144,p252_148,132,46,37
26,145,p252_149,133,44,18
26,146,p252_150,118,31,17
26,147,p252_151,163,72,66
26,148,p252_152,140,51,41
26,149,p252_153,137,50,56
26,150,p252_154,136,50,21
26,151,p252_155,173,79,12
26,152,p252_156,115,31,34
26,153,p252_157,216,102,29
26,154,p252_158,154,68,43
26,155,p252_160,229,117,47
26,156,p252_161,192,93,39
26,157,p252_162,259,132,57
26,158,p252_163,174,63,41
26,159,p252_164,204,107,65
26,160,p252_165,174,70,22
26,161,p252_166,195,94,51
26,162,p252_167,164,56,81
26,163,p252_168,265,116,91
26,164,p252_169,233,121,78
26,165,p252_170,165,66,76
26,166,p252_171,202,72,95
26,167,p252_172,174,72,62
26,168,p252_173,176,44,89
26,169,p252_174,177,75,21
26,170,p252_175,199,101,40
26,171,p252_176,296,145,95
26,172,p252_177,197,106,80
26,173,p252_178,154,68,75
26,174,p252_179,162,54,58
26,175,p252_181,211,121,10
26,176,p252_182,243,121,62
26,177,p252_183,203,76,80
26,178,p252_184,212,113,63
26,179,p252_185,181,65,76
26,180,p252_186,209,89,96
26,181,p252_187,408,93,254
26,182,p252_188,218,75,16
26,183,p252_189,169,84,23
26,184,p252_190,319,140,36
26,185,p252_191,193,86,81
26,186,p252_193,171,86,32
26,187,p252_194,159,61,48
26,188,p252_195,163,60,38
26,189,p252_196,194,88,56
26,190,p252_197,168,74,23
26,191,p252_198,139,51,42
26,192,p252_199,143,46,54
26,193,p252_200,170,69,30
26,194,p252_201,172,73,30
26,195,p252_202,161,71,16
26,196,p252_203,178,51,54
26,197,p252_204,218,114,33
26,198,p252_205,173,77,10
26,199,p252_206,224,109,72
26,200,p252_207,289,121,93
27,1,p253_001,138,57,8
27,2,p253_002,246,114,64
27,3,p253_003,474,254,36
27,4,p253_004,321,137,116
27,5,p253_005,453,253,69
27,6,p253_007,271,144,83
27,7,p253_008,492,300,98
27,8,p253_009,331,172,106
27,9,p253_010,219,93,99
27,10,p253_011,464,250,103
27,11,p253_012,288,161,56
27,12,p253_013,285,155,59
27,13,p253_014,331,181,111
27,14,p253_015,381,224,82
27,15,p253_016,432,236,94
27,16,p253_017,253,111,88
27,17,p253_018,373,211,65
27,18,p253_020,258,149,63
27,19,p253_021,562,307,98
27,20,p253_023,659,390,151
27,21,p253_024,427,265,98
27,22,p253_025,137,33,48
27,23,p253_026,266,153,22
27,24,p253_027,292,145,84
27,25,p253_028,207,109,60
27,26,p253_029,221,95,90
27,27,p253_030,144,54,34
27,28,p253_031,172,59,42
27,29,p253_032,142,37,67
27,30,p253_033,184,75,69
27,31,p253_034,139,36,82
27,32,p253_035,257,138,78
27,33,p253_036,240,116,83
27,34,p253_037,140,33,38
27,35,p253_038,137,38,3
27,36,p253_039,134,50,4
27,37,p253_040,246,131,45
27,38,p253_041,274,123,70
27,39,p253_042,168,56,94
27,40,p253_043,219,117,58
27,41,p253_044,244,133,58
27,42,p253_045,147,53,74
27,43,p253_046,115,37,44
27,44,p253_047,147,43,82
27,45,p253_048,256,106,96
27,46,p253_049,228,116,73
27,47,p253_050,118,35,10
27,48,p253_051,139,37,47
27,49,p253_052,148,63,45
27,50,p253_053,209,102,48
27,51,p253_054,211,81,92
27,52,p253_055,132,47,65
27,53,p253_056,110,34,25
27,54,p253_057,94,29,43
27,55,p253_058,211,104,28
27,56,p253_059,158,64,59
27,57,p253_060,275,133,63
27,58,p253_061,100,36,2
27,59,p253_062,178,60,51
27,60,p253_063,134,44,29
27,61,p253_064,107,28,1
27,62,p253_065,142,58,16
27,63,p253_066,147,39,12
27,64,p253_067,179,93,70
27,65,p253_068,259,153,64
27,66,p253_069,237,111,20
27,67,p253_071,159,40,74
27,68,p253_072,185,71,61
27,69,p253_073,290,147,47
27,70,p253_074,149,48,63
27,71,p253_075,224,119,28
27,72,p253_076,213,105,46
27,73,p253_077,169,72,55
27,74,p253_078,150,41,89
27,75,p253_079,173,73,77
27,76,p253_080,271,143,46
27,77,p253_081,125,36,54
27,78,p253_082,145,38,45
27,79,p253_083,115,43,19
27,80,p253_084,158,71,18
27,81,p253_085,200,100,67
27,82,p253_086,230,104,52
27,83,p253_087,246,138,74
27,84,p253_088,150,62,62
27,85,p253_089,231,138,47
27,86,p253_090,270,140,75
27,87,p253_091,217,108,50
27,88,p253_092,134,69,44
27,89,p253_093,223,108,51
27,90,p253_095,128,30,83
27,91,p253_096,135,41,47
27,92,p253_097,115,50,37
27,93,p253_098,171,88,53
27,94,p253_099,196,102,43
27,95,p253_100,121,48,39
27,96,p253_101,214,115,72
27,97,p253_102,206,71,74
27,98,p253_103,163,73,25
27,99,p253_104,135,49,73
27,100,p253_106,161,71,68
27,101,p253_107,147,59,61
27,102,p253_108,347,170,85
27,103,p253_109,216,100,87
27,104,p253_110,233,120,52
27,105,p253_111,174,67,36
27,106,p253_112,107,26,70
27,107,p253_113,182,83,75
27,108,p253_114,91,35,4
27,109,p253_115,118,42,63
27,110,p253_116,123,30,57
27,111,p253_117,257,118,73
27,112,p253_118,110,37,42
27,113,p253_119,91,41,18
27,114,p253_120,133,60,52
27,115,p253_121,253,135,78
27,116,p253_122,142,57,53
27,117,p253_123,239,130,79
27,118,p253_124,179,87,76
27,119,p253_125,165,73,60
27,120,p253_126,105,42,29
27,121,p253_127,162,78,36
27,122,p253_128,222,137,25
27,123,p253_129,137,57,48
27,124,p253_130,149,57,73
27,125,p253_131,134,59,59
27,126,p253_132,225,130,76
27,127,p253_133,160,65,69
27,128,p253_134,139,45,73
27,129,p253_135,199,97,77
27,130,p253_136,293,155,92
27,131,p253_138,113,28,30
27,132,p253_139,139,61,62
27,133,p253_140,286,114,128
27,134,p253_141,142,54,78
27,135,p253_142,205,53,113
27,136,p253_143,331,142,133
27,137,p253_144,294,119,118
27,138,p253_145,113,37,44
27,139,p253_146,99,28,52
27,140,p253_147,302,154,55
27,141,p253_148,179,66,32
27,142,p253_149,259,134,43
27,143,p253_150,163,74,5
27,144,p253_151,123,26,83
27,145,p253_152,232,127,76
27,146,p253_153,159,53,80
27,147,p253_154,142,50,63
27,148,p253_156,121,55,56
27,149,p253_157,246,139,40
27,150,p253_158,143,62,39
27,151,p253_160,132,44,67
27,152,p253_161,118,55,55
27,153,p253_162,153,69,66
27,154,p253_163,144,64,56
27,155,p253_164,145,56,50
27,156,p253_165,177,67,81
27,157,p253_167,265,144,72
27,158,p253_168,174,85,60
27,159,p253_169,150,59,57
27,160,p253_170,169,60,86
27,161,p253_171,135,52,67
27,162,p253_173,133,53,65
27,163,p253_175,151,42,77
27,164,p253_176,119,34,55
27,165,p253_177,159,51,69
27,166,p253_178,242,126,40
27,167,p253_179,112,33,63
27,168,p253_180,255,130,96
27,169,p253_181,114,43,39
27,170,p253_182,225,115,79
27,171,p253_183,158,66,38
27,172,p253_184,192,81,74
27,173,p253_185,253,154,47
27,174,p253_186,110,43,5
27,175,p253_187,148,61,66
27,176,p253_188,171,91,56
27,177,p253_189,251,145,53
27,178,p253_190,175,49,109
27,179,p253_191,269,142,30
27,180,p253_192,147,63,21
27,181,p253_194,110,33,56
27,182,p253_195,99,21,41
27,183,p253_196,164,69,69
27,184,p253_197,293,143,77
27,185,p253_198,113,20,60
27,186,p253_199,266,119,98
27,187,p253_200,129,38,64
27,188,p253_201,185,87,73
27,189,p253_202,141,51,70
27,190,p253_203,143,50,49
27,191,p253_205,165,71,82
27,192,p253_206,102,29,69
27,193,p253_207,267,113,93
27,194,p253_208,167,66,81
27,195,p253_209,157,66,60
27,196,p253_211,143,31,94
27,197,p253_212,262,144,59
27,198,p253_213,257,135,76
27,199,p253_214,255,139,64
27,200,p253_215,222,115,78
28,1,p254_001,129,55,24
28,2,p254_002,222,110,57
28,3,p254_003,446,255,82
28,4,p254_004,323,158,74
28,5,p254_005,409,278,24
28,6,p254_006,332,196,82
28,7,p254_007,287,174,73
28,8,p254_008,457,274,77
28,9,p254_009,291,169,75
28,10,p254_010,195,101,59
28,11,p254_011,454,296,90
28,12,p254_012,279,173,64
28,13,p254_013,265,161,61
28,14,p254_014,313,186,74
28,15,p254_015,344,243,51
28,16,p254_016,446,258,114
28,17,p254_017,232,131,61
28,18,p254_018,360,207,66
28,19,p254_019,449,282,75
28,20,p254_020,249,147,55
28,21,p254_021,564,342,96
28,22,p254_022,419,224,116
28,23,p254_023,625,393,113
28,24,p254_024,440,281,63
28,25,p254_025,143,57,53
28,26,p254_026,99,56,3
28,27,p254_027,107,51,34
28,28,p254_028,233,105,74
28,29,p254_029,233,146,44
28,30,p254_030,253,156,11
28,31,p254_031,257,140,48
28,32,p254_032,248,135,52
28,33,p254_033,147,57,26
28,34,p254_034,254,138,75
28,35,p254_035,180,73,75
28,36,p254_037,219,127,53
28,37,p254_038,223,121,36
28,38,p254_039,124,44,48
28,39,p254_040,113,40,36
28,40,p254_041,164,71,64
28,41,p254_042,233,132,59
28,42,p254_043,118,43,38
28,43,p254_044,294,155,91
28,44,p254_045,180,92,65
28,45,p254_046,151,64,67
28,46,p254_047,206,73,71
28,47,p254_048,174,89,66
28,48,p254_049,191,68,80
28,49,p254_050,134,68,26
28,50,p254_051,225,146,51
28,51,p254_052,116,45,10
28,52,p254_053,115,55,10
28,53,p254_054,139,53,38
28,54,p254_055,134,58,11
28,55,p254_056,123,45,30
28,56,p254_057,214,103,64
28,57,p254_058,140,65,12
28,58,p254_059,105,44,20
28,59,p254_060,142,48,50
28,60,p254_061,142,64,45
28,61,p254_062,141,57,47
28,62,p254_063,195,99,42
28,63,p254_064,168,64,69
28,64,p254_065,129,53,25
28,65,p254_066,206,91,82
28,66,p254_067,254,176,64
28,67,p254_068,223,128,53
28,68,p254_069,142,65,30
28,69,p254_070,241,136,60
28,70,p254_071,122,60,15
28,71,p254_072,162,63,79
28,72,p254_073,137,58,17
28,73,p254_074,161,50,57
28,74,p254_075,178,102,29
28,75,p254_076,163,84,62
28,76,p254_077,186,91,67
28,77,p254_078,142,58,61
28,78,p254_079,230,128,68
28,79,p254_080,174,103,33
28,80,p254_081,142,50,66
28,81,p254_082,177,88,22
28,82,p254_083,163,84,34
28,83,p254_084,160,62,57
28,84,p254_085,118,66,10
28,85,p254_086,137,67,38
28,86,p254_087,117,46,34
28,87,p254_088,138,62,28
28,88,p254_090,227,147,25
28,89,p254_091,132,62,7
28,90,p254_092,228,139,61
28,91,p254_093,193,121,54
28,92,p254_094,179,109,22
28,93,p254_095,169,77,54
28,94,p254_096,121,55,47
28,95,p254_097,104,32,29
28,96,p254_098,271,164,65
28,97,p254_099,142,72,19
28,98,p254_100,159,87,37
28,99,p254_101,166,92,28
28,100,p254_102,209,134,29
28,101,p254_103,217,149,29
28,102,p254_104,123,50,30
28,103,p254_105,278,153,71
28,104,p254_106,222,134,59
28,105,p254_107,264,153,72
28,106,p254_108,217,124,38
28,107,p254_109,152,70,6
28,108,p254_110,118,48,30
28,109,p254_111,115,68,2
28,110,p254_112,159,70,23
28,111,p254_113,251,93,93
28,112,p254_114,163,96,35
28,113,p254_115,108,47,8
28,114,p254_116,161,87,51
28,115,p254_117,110,56,12
28,116,p254_118,256,163,47
28,117,p254_119,129,49,42
28,118,p254_120,129,64,28
28,119,p254_121,161,70,74
28,120,p254_122,195,110,22
28,121,p254_123,265,174,61
28,122,p254_124,254,158,34
28,123,p254_125,207,108,32
28,124,p254_126,123,58,11
28,125,p254_127,105,40,31
28,126,p254_128,250,125,62
28,127,p254_129,157,83,24
28,128,p254_130,253,155,52
28,129,p254_131,118,56,16
28,130,p254_132,161,77,47
28,131,p254_133,235,152,55
28,132,p254_134,163,83,15
28,133,p254_135,208,103,26
28,134,p254_136,185,101,55
28,135,p254_137,185,83,33
28,136,p254_138,173,88,2
28,137,p254_139,271,164,30
28,138,p254_140,238,165,18
28,139,p254_141,195,106,23
28,140,p254_143,210,79,84
28,141,p254_144,131,68,12
28,142,p254_145,267,175,27
28,143,p254_146,110,58,3
28,144,p254_147,168,65,14
28,145,p254_148,151,62,36
28,146,p254_149,178,83,50
28,147,p254_150,267,145,44
28,148,p254_151,284,127,60
28,149,p254_152,143,53,69
28,150,p254_153,279,162,55
28,151,p254_154,110,38,24
28,152,p254_155,139,69,4
28,153,p254_156,229,141,30
28,154,p254_157,121,71,16
28,155,p254_158,137,61,26
28,156,p254_159,183,104,2
28,157,p254_160,187,91,23
28,158,p254_161,161,98,24
28,159,p254_162,123,52,13
28,160,p254_163,147,60,8
28,161,p254_164,134,63,9
28,162,p254_165,147,75,19
28,163,p254_166,131,46,22
28,164,p254_167,257,136,19
28,165,p254_168,209,127,10
28,166,p254_169,214,117,50
28,167,p254_170,185,100,29
28,168,p254_171,118,58,44
28,169,p254_172,207,118,42
28,170,p254_173,204,102,53
28,171,p254_174,250,147,14
28,172,p254_175,179,97,55
28,173,p254_176,235,149,40
28,174,p254_177,123,61,25
28,175,p254_178,158,87,44
28,176,p254_179,123,55,23
28,177,p254_180,147,74,1
28,178,p254_181,123,58,16
28,179,p254_182,139,74,20
28,180,p254_183,254,133,65
28,181,p254_184,196,97,48
28,182,p254_185,169,72,72
28,183,p254_186,209,115,60
28,184,p254_187,110,45,6
28,185,p254_188,271,140,78
28,186,p254_189,171,85,57
28,187,p254_190,114,30,54
28,188,p254_191,251,156,72
28,189,p254_192,91,23,36
28,190,p254_193,155,61,43
28,191,p254_194,210,90,65
28,192,p254_195,210,119,54
28,193,p254_196,249,137,66
28,194,p254_197,161,75,43
28,195,p254_198,232,128,42
28,196,p254_199,142,51,37
28,197,p254_200,228,124,53
28,198,p254_201,166,81,45
28,199,p254_202,140,45,69
28,200,p254_203,131,63,46
29,1,p255_001,140,70,5
29,2,p255_002,215,138,9
29,3,p255_003,523,291,29
29,4,p255_004,364,179,32
29,5,p255_005,429,261,29
29,6,p255_006,366,227,17
29,7,p255_007,267,171,31
29,8,p255_008,488,311,27
29,9,p255_009,315,177,23
29,10,p255_010,194,88,32
29,11,p255_011,409,255,31
29,12,p255_012,297,189,3
29,13,p255_013,298,153,42
29,14,p255_014,335,213,7
29,15,p255_015,395,221,69
29,16,p255_016,433,255,68
29,17,p255_017,216,118,16
29,18,p255_018,349,207,44
29,19,p255_019,439,244,36
29,20,p255_020,249,163,19
29,21,p255_021,573,327,48
29,22,p255_022,472,273,69
29,23,p255_023,801,452,84
29,24,p255_024,436,279,21
29,25,p255_025,147,75,28
29,26,p255_026,216,111,30
29,27,p255_027,125,58,11
29,28,p255_028,275,158,0
29,29,p255_029,292,188,23
29,30,p255_030,152,70,23
29,31,p255_031,304,179,48
29,32,p255_032,198,73,21
29,33,p255_033,206,114,31
29,34,p255_034,221,110,19
29,35,p255_035,312,175,18
29,36,p255_036,190,94,6
29,37,p255_037,153,74,11
29,38,p255_038,308,184,5
29,39,p255_039,145,69,0
29,40,p255_040,217,112,23
29,41,p255_041,163,55,14
29,42,p255_042,273,134,32
29,43,p255_043,257,150,45
29,44,p255_044,194,88,51
29,45,p255_045,158,65,9
29,46,p255_046,129,32,19
29,47,p255_047,283,156,23
29,48,p255_048,259,171,3
29,49,p255_049,196,73,24
29,50,p255_050,269,144,31
29,51,p255_051,273,144,13
29,52,p255_052,168,55,3
29,53,p255_053,176,60,19
29,54,p255_054,151,43,16
29,55,p255_055,161,64,17
29,56,p255_057,315,225,4
29,57,p255_058,203,105,22
29,58,p255_059,176,81,18
29,59,p255_060,228,106,33
29,60,p255_061,375,183,50
29,61,p255_062,262,188,5
29,62,p255_063,123,50,0
29,63,p255_064,195,109,33
29,64,p255_065,191,107,7
29,65,p255_066,260,141,20
29,66,p255_067,203,141,15
29,67,p255_068,164,47,15
29,68,p255_069,187,74,10
29,69,p255_070,206,79,20
29,70,p255_071,166,101,0
29,71,p255_072,126,47,5
29,72,p255_073,174,79,27
29,73,p255_074,140,61,2
29,74,p255_075,259,153,37
29,75,p255_076,134,56,7
29,76,p255_077,280,143,22
29,77,p255_078,189,94,16
29,78,p255_079,156,34,4
29,79,p255_080,155,76,1
29,80,p255_081,148,64,10
29,81,p255_082,167,69,22
29,82,p255_083,267,162,25
29,83,p255_084,145,55,0
29,84,p255_085,215,111,8
29,85,p255_086,197,96,10
29,86,p255_087,137,49,5
29,87,p255_088,196,97,34
29,88,p255_089,183,54,43
29,89,p255_090,282,155,7
29,90,p255_091,155,73,14
29,91,p255_092,172,76,28
29,92,p255_093,139,52,5
29,93,p255_094,279,142,39
29,94,p255_095,175,82,26
29,95,p255_096,122,38,14
29,96,p255_097,152,64,11
29,97,p255_098,145,52,16
29,98,p255_099,149,73,14
29,99,p255_100,213,94,24
29,100,p255_101,184,84,13
29,101,p255_102,153,66,48
29,102,p255_103,198,82,17
29,103,p255_104,182,69,21
29,104,p255_105,267,137,37
29,105,p255_106,265,154,36
29,106,p255_107,209,123,7
29,107,p255_108,154,65,18
29,108,p255_109,163,70,2
29,109,p255_110,302,174,15
29,110,p255_111,249,162,5
29,111,p255_112,170,71,17
29,112,p255_113,171,66,3
29,113,p255_114,261,127,11
29,114,p255_115,137,50,9
29,115,p255_116,123,44,3
29,116,p255_117,244,144,8
29,117,p255_118,259,159,8
29,118,p255_119,279,180,10
29,119,p255_120,293,167,13
29,120,p255_121,178,97,18
29,121,p255_122,225,121,1
29,122,p255_123,174,114,0
29,123,p255_124,247,147,7
29,124,p255_125,263,166,3
29,125,p255_126,335,148,22
29,126,p255_127,142,72,2
29,127,p255_128,172,70,35
29,128,p255_129,222,96,21
29,129,p255_130,291,167,13
29,130,p255_131,167,92,1
29,131,p255_132,142,64,11
29,132,p255_133,284,163,29
29,133,p255_134,228,141,3
29,134,p255_135,190,99,5
29,135,p255_136,300,165,11
29,136,p255_137,174,80,3
29,137,p255_138,154,82,3
29,138,p255_139,233,110,40
29,139,p255_140,258,127,27
29,140,p255_141,186,57,33
29,141,p255_142,174,87,31
29,142,p255_143,197,110,12
29,143,p255_144,121,53,2
29,144,p255_145,137,59,7
29,145,p255_146,326,157,22
29,146,p255_147,134,60,1
29,147,p255_148,166,71,5
29,148,p255_149,138,49,10
29,149,p255_150,162,89,3
29,150,p255_151,325,180,27
29,151,p255_152,145,70,8
29,152,p255_153,189,92,9
29,153,p255_154,141,81,4
29,154,p255_155,165,63,18
29,155,p255_156,227,177,0
29,156,p255_157,234,128,13
29,157,p255_158,260,132,21
29,158,p255_159,222,113,7
29,159,p255_160,123,70,1
29,160,p255_161,240,107,56
29,161,p255_162,174,66,13
29,162,p255_163,217,119,31
29,163,p255_164,143,65,1
29,164,p255_165,130,58,1
29,165,p255_166,177,91,9
29,166,p255_167,209,111,34
29,167,p255_168,162,60,8
29,168,p255_169,319,193,19
29,169,p255_170,147,45,11
29,170,p255_171,197,101,8
29,171,p255_172,205,103,20
29,172,p255_173,186,94,9
29,173,p255_174,168,72,21
29,174,p255_175,305,138,56
29,175,p255_176,164,70,5
29,176,p255_177,221,118,12
29,177,p255_178,235,120,60
29,178,p255_179,195,85,17
29,179,p255_180,144,52,17
29,180,p255_181,142,53,21
29,181,p255_182,186,99,10
29,182,p255_183,276,146,12
29,183,p255_184,144,50,7
29,184,p255_185,246,167,11
29,185,p255_186,208,118,0
29,186,p255_187,137,50,23
29,187,p255_188,141,61,14
29,188,p255_189,259,155,32
29,189,p255_190,145,45,30
29,190,p255_191,162,91,14
29,191,p255_192,288,201,3
29,192,p255_193,169,67,56
29,193,p255_194,267,180,17
29,194,p255_195,284,166,20
29,195,p255_196,148,65,7
29,196,p255_197,170,90,24
29,197,p255_198,231,123,8
29,198,p255_199,211,109,34
29,199,p255_200,128,51,9
29,200,p255_201,157,73,9
30,1,p256_001,156,60,13
30,2,p256_002,258,132,56
30,3,p256_003,461,281,47
30,4,p256_004,409,164,146
30,5,p256_005,455,264,65
30,6,p256_006,401,227,90
30,7,p256_007,346,176,114
30,8,p256_008,476,330,64
30,9,p256_009,348,185,103
30,10,p256_010,221,93,100
30,11,p256_011,483,321,85
30,12,p256_012,357,184,109
30,13,p256_013,306,160,58
30,14,p256_014,376,220,81
30,15,p256_015,424,251,94
30,16,p256_016,421,259,87
30,17,p256_017,269,127,81
30,18,p256_018,383,221,109
30,19,p256_019,481,299,74
30,20,p256_020,324,165,106
30,21,p256_021,640,361,122
30,22,p256_022,448,261,41
30,23,p256_023,777,465,125
30,24,p256_024,487,301,106
30,25,p256_025,290,162,15
30,26,p256_026,300,129,108
30,27,p256_027,162,68,22
30,28,p256_028,275,139,75
30,29,p256_029,175,63,32
30,30,p256_030,166,61,51
30,31,p256_031,338,164,70
30,32,p256_032,319,159,82
30,33,p256_033,243,92,74
30,34,p256_034,235,111,40
30,35,p256_035,267,114,79
30,36,p256_036,304,161,85
30,37,p256_037,266,146,53
30,38,p256_038,184,45,64
30,39,p256_039,207,46,72
30,40,p256_040,398,195,125
30,41,p256_041,263,75,95
30,42,p256_042,278,66,55
30,43,p256_043,207,109,11
30,44,p256_044,216,92,54
30,45,p256_045,254,110,40
30,46,p256_046,186,74,80
30,47,p256_047,157,53,48
30,48,p256_048,187,71,33
30,49,p256_049,289,73,138
30,50,p256_050,223,35,70
30,51,p256_051,204,47,118
30,52,p256_052,234,115,72
30,53,p256_053,204,91,97
30,54,p256_054,319,163,67
30,55,p256_055,194,68,28
30,56,p256_056,176,59,59
30,57,p256_057,293,123,65
30,58,p256_058,159,51,71
30,59,p256_059,327,138,129
30,60,p256_060,177,31,115
30,61,p256_061,243,92,124
30,62,p256_062,328,155,106
30,63,p256_063,284,152,56
30,64,p256_064,242,96,49
30,65,p256_065,223,59,106
30,66,p256_066,359,170,114
30,67,p256_067,368,208,43
30,68,p256_068,246,102,55
30,69,p256_069,204,55,111
30,70,p256_070,163,49,51
30,71,p256_071,336,194,55
30,72,p256_072,305,166,35
30,73,p256_073,209,74,48
30,74,p256_074,250,121,96
30,75,p256_075,211,91,35
30,76,p256_076,344,155,51
30,77,p256_077,230,101,100
30,78,p256_078,266,110,44
30,79,p256_079,358,182,91
30,80,p256_080,200,77,23
30,81,p256_081,171,52,38
30,82,p256_082,203,117,20
30,83,p256_083,283,130,81
30,84,p256_084,309,144,90
30,85,p256_085,202,70,69
30,86,p256_086,206,77,53
30,87,p256_087,257,98,69
30,88,p256_088,247,92,18
30,89,p256_089,170,53,13
30,90,p256_090,171,58,12
30,91,p256_091,334,100,128
30,92,p256_092,276,159,63
30,93,p256_093,289,105,143
30,94,p256_094,271,145,54
30,95,p256_095,190,66,29
30,96,p256_096,294,125,117
30,97,p256_097,206,60,104
30,98,p256_098,218,61,123
30,99,p256_099,151,58,17
30,100,p256_100,235,57,103
30,101,p256_101,224,82,92
30,102,p256_102,167,65,50
30,103,p256_103,269,131,96
30,104,p256_104,191,74,58
30,105,p256_105,336,162,77
30,106,p256_106,123,44,29
30,107,p256_107,166,54,76
30,108,p256_108,223,92,75
30,109,p256_109,269,123,85
30,110,p256_110,231,83,64
30,111,p256_111,204,89,82
30,112,p256_112,199,77,84
30,113,p256_113,181,68,17
30,114,p256_114,180,40,40
30,115,p256_115,183,68,46
30,116,p256_116,203,49,86
30,117,p256_117,144,45,38
30,118,p256_118,318,149,108
30,119,p256_119,204,54,79
30,120,p256_120,165,56,16
30,121,p256_121,210,67,77
30,122,p256_122,301,160,70
30,123,p256_123,276,131,93
30,124,p256_124,272,130,78
30,125,p256_125,294,145,73
30,126,p256_126,269,90,108
30,127,p256_127,281,110,99
30,128,p256_128,247,99,58
30,129,p256_129,280,153,79
30,130,p256_130,214,89,89
30,131,p256_131,273,102,85
30,132,p256_132,237,76,107
30,133,p256_133,187,47,4
30,134,p256_134,295,143,55
30,135,p256_135,294,144,82
30,136,p256_136,186,78,42
30,137,p256_137,203,87,46
30,138,p256_138,299,136,98
30,139,p256_139,274,121,83
30,140,p256_140,217,95,85
30,141,p256_141,227,69,82
30,142,p256_142,323,175,91
30,143,p256_143,251,106,96
30,144,p256_144,218,71,49
30,145,p256_145,357,155,118
30,146,p256_146,218,84,50
30,147,p256_147,219,85,61
30,148,p256_148,175,60,93
30,149,p256_149,255,138,8
30,150,p256_150,155,65,49
30,151,p256_151,232,125,20
30,152,p256_152,265,114,74
30,153,p256_153,212,64,86
30,154,p256_154,306,149,115
30,155,p256_155,229,76,36
30,156,p256_156,336,142,106
30,157,p256_157,220,73,70
30,158,p256_158,275,105,97
30,159,p256_159,196,82,51
30,160,p256_160,169,70,23
30,161,p256_161,318,157,95
30,162,p256_162,189,58,31
30,163,p256_163,176,76,29
30,164,p256_164,195,65,75
30,165,p256_165,203,99,31
30,166,p256_166,392,186,115
30,167,p256_167,331,163,145
30,168,p256_168,335,152,132
30,169,p256_169,215,86,59
30,170,p256_170,192,66,82
30,171,p256_171,258,136,59
30,172,p256_172,186,61,80
30,173,p256_173,215,78,69
30,174,p256_174,306,164,98
30,175,p256_175,240,65,125
30,176,p256_176,209,95,53
30,177,p256_177,306,160,70
30,178,p256_178,158,45,45
30,179,p256_179,335,120,152
30,180,p256_180,263,124,125
30,181,p256_181,162,45,80
30,182,p256_182,211,64,70
30,183,p256_183,184,73,54
30,184,p256_184,242,110,79
30,185,p256_185,212,83,31
30,186,p256_186,207,77,34
30,187,p256_187,292,107,27
30,188,p256_188,297,169,32
30,189,p256_189,194,65,73
30,190,p256_190,246,121,109
30,191,p256_191,199,65,84
30,192,p256_192,220,65,51
30,193,p256_193,192,78,86
30,194,p256_194,284,130,105
30,195,p256_195,298,147,107
30,196,p256_196,219,96,43
30,197,p256_197,220,91,99
30,198,p256_198,319,140,83
30,199,p256_199,184,61,70
30,200,p256_200,172,48,65
31,1,p257_001,129,63,1
31,2,p257_002,185,123,6
31,3,p257_003,370,219,21
31,4,p257_004,227,95,60
31,5,p257_005,294,192,10
31,6,p257_006,291,186,34
31,7,p257_007,227,140,39
31,8,p257_008,369,267,13
31,9,p257_009,230,146,32
31,10,p257_010,158,73,56
31,11,p257_011,334,211,22
31,12,p257_012,238,121,37
31,13,p257_013,217,118,15
31,14,p257_014,241,132,45
31,15,p257_015,299,184,20
31,16,p257_016,353,167,81
31,17,p257_017,201,88,70
31,18,p257_018,297,166,47
31,19,p257_019,361,219,20
31,20,p257_020,235,117,65
31,21,p257_021,414,255,30
31,22,p257_022,328,182,67
31,23,p257_023,539,328,48
31,24,p257_024,318,213,53
31,25,p257_025,196,86,63
31,26,p257_026,115,29,19
31,27,p257_027,206,128,13
31,28,p257_028,115,67,2
31,29,p257_029,142,64,46
31,30,p257_030,206,91,39
31,31,p257_031,83,43,0
31,32,p257_032,206,66,83
31,33,p257_033,118,51,10
31,34,p257_034,126,60,33
31,35,p257_035,217,100,65
31,36,p257_036,113,46,16
31,37,p257_037,91,41,1
31,38,p257_038,219,140,11
31,39,p257_039,179,86,25
31,40,p257_040,177,85,45
31,41,p257_041,107,52,9
31,42,p257_042,115,37,28
31,43,p257_043,134,64,19
31,44,p257_044,113,49,7
31,45,p257_045,102,28,45
31,46,p257_046,97,45,0
31,47,p257_047,180,80,54
31,48,p257_048,110,47,16
31,49,p257_049,206,118,27
31,50,p257_050,121,45,17
31,51,p257_051,182,102,16
31,52,p257_052,137,63,60
31,53,p257_053,169,78,68
31,54,p257_054,145,48,24
31,55,p257_055,166,69,7
31,56,p257_056,99,47,3
31,57,p257_057,195,79,56
31,58,p257_058,129,52,33
31,59,p257_059,254,114,69
31,60,p257_060,107,50,6
31,61,p257_061,134,50,46
31,62,p257_062,169,78,26
31,63,p257_063,134,55,12
31,64,p257_064,139,47,32
31,65,p257_065,177,82,43
31,66,p257_066,203,93,25
31,67,p257_067,113,54,11
31,68,p257_068,131,48,16
31,69,p257_069,187,80,19
31,70,p257_070,155,58,45
31,71,p257_071,243,127,36
31,72,p257_072,121,63,7
31,73,p257_073,158,74,19
31,74,p257_074,110,57,2
31,75,p257_075,126,54,24
31,76,p257_076,110,53,11
31,77,p257_077,137,68,12
31,78,p257_078,209,95,25
31,79,p257_079,190,99,34
31,80,p257_080,233,123,30
31,81,p257_081,129,43,25
31,82,p257_082,195,94,51
31,83,p257_083,142,94,9
31,84,p257_084,190,90,58
31,85,p257_085,174,91,15
31,86,p257_086,105,43,8
31,87,p257_087,171,83,40
31,88,p257_088,217,119,36
31,89,p257_089,195,90,47
31,90,p257_090,123,44,36
31,91,p257_091,123,46,21
31,92,p257_092,171,72,23
31,93,p257_093,110,24,62
31,94,p257_094,153,55,30
31,95,p257_095,230,155,38
31,96,p257_096,174,66,34
31,97,p257_097,179,80,44
31,98,p257_098,137,40,30
31,99,p257_099,177,85,32
31,100,p257_100,94,43,3
31,101,p257_101,273,134,81
31,102,p257_102,169,95,28
31,103,p257_103,129,53,30
31,104,p257_104,156,63,53
31,105,p257_105,123,66,11
31,106,p257_106,169,88,13
31,107,p257_107,121,63,5
31,108,p257_108,142,43,48
31,109,p257_109,142,81,2
31,110,p257_110,105,53,1
31,111,p257_111,161,64,13
31,112,p257_112,134,62,18
31,113,p257_113,107,43,1
31,114,p257_114,102,34,22
31,115,p257_115,139,63,40
31,116,p257_116,211,90,60
31,117,p257_117,161,79,15
31,118,p257_118,235,131,57
31,119,p257_119,123,52,6
31,120,p257_120,89,50,9
31,121,p257_121,227,123,19
31,122,p257_122,97,30,20
31,123,p257_123,145,63,29
31,124,p257_124,110,53,11
31,125,p257_125,123,45,8
31,126,p257_126,147,58,29
31,127,p257_127,214,107,51
31,128,p257_128,177,81,17
31,129,p257_129,179,87,54
31,130,p257_130,219,89,57
31,131,p257_131,99,38,19
31,132,p257_132,201,86,53
31,133,p257_133,166,73,73
31,134,p257_134,97,54,0
31,135,p257_135,230,122,28
31,136,p257_136,158,81,9
31,137,p257_137,129,62,11
31,138,p257_138,148,58,51
31,139,p257_139,113,46,19
31,140,p257_140,121,47,8
31,141,p257_141,137,59,38
31,142,p257_142,243,129,7
31,143,p257_143,158,107,0
31,144,p257_144,185,114,5
31,145,p257_145,227,103,14
31,146,p257_146,129,59,7
31,147,p257_147,201,118,6
31,148,p257_148,129,58,3
31,149,p257_149,177,56,35
31,150,p257_150,139,73,15
31,151,p257_151,153,72,32
31,152,p257_152,99,46,8
31,153,p257_153,137,70,11
31,154,p257_154,217,124,28
31,155,p257_155,134,46,38
31,156,p257_156,150,62,51
31,157,p257_157,203,115,34
31,158,p257_158,91,32,13
31,159,p257_159,113,65,2
31,160,p257_160,158,73,1
31,161,p257_161,139,83,0
31,162,p257_162,195,101,14
31,163,p257_163,155,68,29
31,164,p257_164,233,122,65
31,165,p257_165,113,40,9
31,166,p257_166,155,66,38
31,167,p257_167,194,108,62
31,168,p257_168,206,115,29
31,169,p257_169,174,72,60
31,170,p257_170,142,51,42
31,171,p257_171,129,71,35
31,172,p257_172,150,96,10
31,173,p257_173,153,87,26
31,174,p257_174,150,61,55
31,175,p257_175,217,85,77
31,176,p257_176,123,36,48
31,177,p257_177,177,96,19
31,178,p257_178,211,93,52
31,179,p257_179,126,44,47
31,180,p257_180,169,58,1
31,181,p257_181,153,64,27
31,182,p257_182,161,68,64
31,183,p257_183,110,44,32
31,184,p257_184,206,101,27
31,185,p257_185,145,67,19
31,186,p257_186,257,133,51
31,187,p257_187,113,38,23
31,188,p257_188,198,98,24
31,189,p257_189,145,66,22
31,190,p257_190,142,69,28
31,191,p257_191,195,100,21
31,192,p257_192,102,33,17
31,193,p257_193,169,74,51
31,194,p257_194,169,90,6
31,195,p257_195,129,48,31
31,196,p257_196,206,100,59
31,197,p257_197,110,49,12
31,198,p257_198,206,121,20
31,199,p257_199,150,52,85
31,200,p257_200,163,75,36
32,1,p258_001,116,56,0
32,2,p258_002,221,130,20
32,3,p258_003,441,285,21
32,4,p258_004,295,188,6
32,5,p258_005,389,250,34
32,6,p258_006,351,218,37
32,7,p258_007,281,167,8
32,8,p258_008,482,280,61
32,9,p258_009,305,175,33
32,10,p258_010,190,71,84
32,11,p258_011,389,280,55
32,12,p258_012,261,159,58
32,13,p258_013,279,162,61
32,14,p258_014,299,178,73
32,15,p258_015,452,210,193
32,16,p258_016,395,284,26
32,17,p258_017,221,113,18
32,18,p258_018,340,214,66
32,19,p258_019,421,278,65
32,20,p258_020,259,162,58
32,21,p258_021,524,373,18
32,22,p258_022,411,241,93
32,23,p258_023,676,414,135
32,24,p258_024,391,241,84
32,25,p258_025,153,60,26
32,26,p258_026,118,72,0
32,27,p258_027,223,111,29
32,28,p258_028,124,56,15
32,29,p258_029,195,90,35
32,30,p258_030,216,116,76
32,31,p258_031,129,61,21
32,32,p258_032,170,82,51
32,33,p258_033,267,154,54
32,34,p258_034,174,79,41
32,35,p258_035,97,28,52
32,36,p258_036,166,75,64
32,37,p258_037,149,68,37
32,38,p258_038,107,37,18
32,39,p258_039,113,43,37
32,40,p258_040,263,142,67
32,41,p258_041,107,21,62
32,42,p258_042,121,37,23
32,43,p258_043,126,25,58
32,44,p258_044,107,40,25
32,45,p258_045,110,44,23
32,46,p258_046,142,59,46
32,47,p258_047,131,65,24
32,48,p258_048,247,134,71
32,49,p258_049,190,79,71
32,50,p258_050,115,37,62
32,51,p258_051,150,61,19
32,52,p258_052,199,116,51
32,53,p258_053,181,71,35
32,54,p258_054,147,47,42
32,55,p258_055,269,157,61
32,56,p258_056,251,74,142
32,57,p258_057,147,30,82
32,58,p258_058,139,49,53
32,59,p258_059,189,96,67
32,60,p258_060,110,52,39
32,61,p258_061,205,84,72
32,62,p258_062,152,49,34
32,63,p258_063,200,113,67
32,64,p258_064,188,67,81
32,65,p258_065,124,41,45
32,66,p258_066,163,70,58
32,67,p258_067,299,149,71
32,68,p258_068,165,83,68
32,69,p258_069,272,135,90
32,70,p258_070,220,121,51
32,71,p258_071,129,56,26
32,72,p258_072,174,85,69
32,73,p258_073,211,118,65
32,74,p258_074,213,126,48
32,75,p258_075,227,137,50
32,76,p258_076,143,58,54
32,77,p258_077,182,84,51
32,78,p258_078,143,65,54
32,79,p258_079,189,90,72
32,80,p258_080,170,53,92
32,81,p258_081,245,143,0
32,82,p258_082,236,143,46
32,83,p258_083,134,58,63
32,84,p258_084,137,50,14
32,85,p258_085,148,83,11
32,86,p258_086,164,63,52
32,87,p258_087,281,170,61
32,88,p258_088,113,48,17
32,89,p258_089,121,44,38
32,90,p258_090,221,122,60
32,91,p258_091,223,138,49
32,92,p258_092,223,103,72
32,93,p258_093,155,59,52
32,94,p258_094,110,43,14
32,95,p258_095,201,95,70
32,96,p258_096,178,82,62
32,97,p258_097,161,65,61
32,98,p258_098,170,72,66
32,99,p258_099,271,149,62
32,100,p258_100,129,28,18
32,101,p258_101,158,68,57
32,102,p258_102,126,48,26
32,103,p258_103,245,124,34
32,104,p258_104,250,126,77
32,105,p258_105,182,74,65
32,106,p258_106,224,90,91
32,107,p258_107,134,51,21
32,108,p258_108,252,152,56
32,109,p258_110,170,80,11
32,110,p258_111,158,83,4
32,111,p258_112,225,129,44
32,112,p258_113,118,40,27
32,113,p258_114,224,112,27
32,114,p258_115,117,30,12
32,115,p258_116,161,70,26
32,116,p258_117,166,74,24
32,117,p258_118,185,96,63
32,118,p258_119,228,110,70
32,119,p258_120,213,103,63
32,120,p258_121,206,102,66
32,121,p258_122,174,67,43
32,122,p258_123,129,51,56
32,123,p258_124,190,98,45
32,124,p258_125,227,117,73
32,125,p258_126,205,86,81
32,126,p258_127,256,139,64
32,127,p258_128,209,127,4
32,128,p258_129,186,77,12
32,129,p258_130,139,64,47
32,130,p258_131,171,69,65
32,131,p258_132,195,95,33
32,132,p258_133,307,143,73
32,133,p258_134,158,71,0
32,134,p258_135,171,80,4
32,135,p258_136,198,115,45
32,136,p258_137,262,146,56
32,137,p258_138,254,159,27
32,138,p258_139,121,41,17
32,139,p258_140,286,170,53
32,140,p258_141,291,172,45
32,141,p258_142,182,82,29
32,142,p258_143,94,42,11
32,143,p258_144,190,77,70
32,144,p258_145,169,70,49
32,145,p258_146,161,65,62
32,146,p258_147,195,78,65
32,147,p258_148,131,68,4
32,148,p258_149,205,111,23
32,149,p258_150,155,74,46
32,150,p258_151,145,68,61
32,151,p258_152,134,54,62
32,152,p258_153,200,90,70
32,153,p258_154,251,135,83
32,154,p258_155,269,147,63
32,155,p258_156,211,96,68
32,156,p258_157,268,162,75
32,157,p258_158,143,46,48
32,158,p258_159,286,162,79
32,159,p258_160,142,47,42
32,160,p258_161,134,42,42
32,161,p258_162,129,59,0
32,162,p258_163,183,90,0
32,163,p258_164,226,93,61
32,164,p258_165,115,49,9
32,165,p258_166,155,68,59
32,166,p258_167,164,72,70
32,167,p258_168,214,105,71
32,168,p258_169,236,110,76
32,169,p258_170,164,60,63
32,170,p258_171,265,124,76
32,171,p258_172,158,59,48
32,172,p258_173,105,47,4
32,173,p258_174,222,120,62
32,174,p258_175,131,49,54
32,175,p258_176,237,130,64
32,176,p258_177,94,24,27
32,177,p258_178,113,48,23
32,178,p258_179,153,72,49
32,179,p258_180,183,92,53
32,180,p258_181,158,68,77
32,181,p258_182,190,101,62
32,182,p258_183,241,135,64
32,183,p258_184,155,56,51
32,184,p258_185,121,48,49
32,185,p258_186,237,135,40
32,186,p258_187,185,80,77
32,187,p258_188,161,60,89
32,188,p258_189,155,75,4
32,189,p258_190,161,64,32
32,190,p258_191,217,113,64
32,191,p258_192,217,112,34
32,192,p258_193,240,133,56
32,193,p258_194,139,79,3
32,194,p258_195,231,113,67
32,195,p258_196,110,43,15
32,196,p258_197,142,61,25
32,197,p258_198,174,70,73
32,198,p258_199,110,44,40
32,199,p258_200,160,67,0
32,200,p258_201,215,124,17
33,1,p259_001,134,55,36
33,2,p259_002,236,122,25
33,3,p259_003,507,294,85
33,4,p259_004,303,136,57
33,5,p259_005,451,271,14
33,6,p259_006,364,243,36
33,7,p259_007,297,187,53
33,8,p259_008,488,299,49
33,9,p259_009,380,179,113
33,10,p259_010,195,94,44
33,11,p259_011,460,315,67
33,12,p259_012,311,191,60
33,13,p259_013,281,178,29
33,14,p259_014,302,204,13
33,15,p259_015,434,268,18
33,16,p259_016,444,285,36
33,17,p259_017,306,148,41
33,18,p259_018,457,253,102
33,19,p259_019,465,282,70
33,20,p259_020,262,156,55
33,21,p259_021,600,381,113
33,22,p259_022,418,279,74
33,23,p259_023,701,467,94
33,24,p259_024,430,299,62
33,25,p259_025,187,78,57
33,26,p259_026,195,91,50
33,27,p259_027,272,160,72
33,28,p259_028,189,72,55
33,29,p259_029,195,105,64
33,30,p259_030,163,42,77
33,31,p259_031,174,92,57
33,32,p259_032,246,127,48
33,33,p259_033,186,60,40
33,34,p259_034,228,124,49
33,35,p259_035,164,72,57
33,36,p259_036,288,166,72
33,37,p259_037,186,80,56
33,38,p259_038,285,97,131
33,39,p259_039,222,118,32
33,40,p259_040,240,110,87
33,41,p259_041,176,67,57
33,42,p259_042,222,100,88
33,43,p259_043,249,114,96
33,44,p259_044,182,80,86
33,45,p259_045,258,93,115
33,46,p259_046,222,104,98
33,47,p259_047,167,65,57
33,48,p259_048,163,50,58
33,49,p259_049,187,88,59
33,50,p259_050,220,98,78
33,51,p259_051,181,60,74
33,52,p259_052,239,135,67
33,53,p259_053,159,69,54
33,54,p259_054,234,137,67
33,55,p259_055,215,106,51
33,56,p259_056,207,101,42
33,57,p259_057,153,52,55
33,58,p259_058,168,64,46
33,59,p259_059,193,90,47
33,60,p259_060,279,164,79
33,61,p259_061,186,91,67
33,62,p259_062,185,104,37
33,63,p259_063,182,88,51
33,64,p259_064,170,68,84
33,65,p259_065,257,142,18
33,66,p259_066,291,166,33
33,67,p259_067,181,95,56
33,68,p259_068,172,74,58
33,69,p259_069,276,154,61
33,70,p259_070,153,59,29
33,71,p259_071,174,99,61
33,72,p259_072,244,119,25
33,73,p259_073,175,88,52
33,74,p259_074,195,89,5
33,75,p259_075,211,65,90
33,76,p259_076,158,65,40
33,77,p259_077,182,73,57
33,78,p259_078,190,89,74
33,79,p259_079,219,105,58
33,80,p259_080,153,69,59
33,81,p259_081,169,84,42
33,82,p259_082,269,176,24
33,83,p259_083,259,118,48
33,84,p259_084,179,63,59
33,85,p259_085,245,82,70
33,86,p259_086,126,49,16
33,87,p259_087,206,46,77
33,88,p259_088,211,50,80
33,89,p259_089,174,40,74
33,90,p259_090,154,54,58
33,91,p259_091,200,95,71
33,92,p259_092,235,143,67
33,93,p259_093,323,236,36
33,94,p259_094,346,219,73
33,95,p259_095,256,156,76
33,96,p259_096,181,84,77
33,97,p259_097,177,80,55
33,98,p259_098,207,121,67
33,99,p259_099,248,150,62
33,100,p259_100,147,74,24
33,101,p259_101,158,82,15
33,102,p259_102,270,151,68
33,103,p259_103,158,54,55
33,104,p259_104,215,121,59
33,105,p259_105,200,87,85
33,106,p259_106,221,102,60
33,107,p259_107,205,88,74
33,108,p259_108,154,68,46
33,109,p259_109,211,137,34
33,110,p259_110,217,119,66
33,111,p259_111,300,148,96
33,112,p259_112,237,134,63
33,113,p259_113,153,73,40
33,114,p259_114,178,65,84
33,115,p259_115,161,85,60
33,116,p259_116,174,68,42
33,117,p259_117,339,207,87
33,118,p259_118,278,174,86
33,119,p259_119,162,81,18
33,120,p259_120,297,143,69
33,121,p259_121,204,94,29
33,122,p259_122,241,115,72
33,123,p259_123,249,82,125
33,124,p259_124,263,106,63
33,125,p259_125,224,122,44
33,126,p259_126,174,57,86
33,127,p259_127,220,109,79
33,128,p259_128,185,98,47
33,129,p259_129,173,77,58
33,130,p259_130,280,155,84
33,131,p259_131,188,94,49
33,132,p259_132,209,90,84
33,133,p259_133,171,75,62
33,134,p259_134,238,109,77
33,135,p259_135,204,91,74
33,136,p259_136,229,132,58
33,137,p259_137,196,86,64
33,138,p259_138,226,106,48
33,139,p259_139,257,92,74
33,140,p259_140,246,55,149
33,141,p259_141,160,73,51
33,142,p259_142,150,62,63
33,143,p259_143,145,47,64
33,144,p259_144,123,44,50
33,145,p259_145,126,31,74
33,146,p259_146,201,90,41
33,147,p259_147,135,42,48
33,148,p259_148,140,57,39
33,149,p259_149,231,137,45
33,150,p259_150,201,95,84
33,151,p259_151,207,96,68
33,152,p259_152,166,67,41
33,153,p259_153,215,82,86
33,154,p259_154,249,123,81
33,155,p259_155,212,93,67
33,156,p259_156,186,52,20
33,157,p259_157,331,164,112
33,158,p259_158,205,110,74
33,159,p259_159,203,83,39
33,160,p259_160,205,99,50
33,161,p259_161,169,67,80
33,162,p259_162,189,98,47
33,163,p259_163,185,65,85
33,164,p259_164,160,60,55
33,165,p259_165,174,72,58
33,166,p259_166,157,52,71
33,167,p259_167,167,63,75
33,168,p259_168,182,135,12
33,169,p259_169,216,119,53
33,170,p259_170,230,126,46
33,171,p259_171,195,89,37
33,172,p259_172,290,191,25
33,173,p259_173,167,74,52
33,174,p259_174,206,116,47
33,175,p259_175,279,168,40
33,176,p259_176,247,109,79
33,177,p259_177,196,65,59
33,178,p259_178,182,83,71
33,179,p259_179,373,136,144
33,180,p259_180,207,101,49
33,181,p259_181,185,70,73
33,182,p259_182,211,79,101
33,183,p259_183,203,101,87
33,184,p259_184,198,69,88
33,185,p259_185,231,86,88
33,186,p259_186,201,77,55
33,187,p259_187,158,70,30
33,188,p259_188,170,68,36
33,189,p259_189,161,98,27
33,190,p259_190,173,64,49
33,191,p259_191,182,68,80
33,192,p259_192,198,95,72
33,193,p259_193,145,53,64
33,194,p259_194,185,84,65
33,195,p259_195,187,80,44
33,196,p259_196,183,81,69
33,197,p259_197,194,108,29
33,198,p259_198,188,76,57
33,199,p259_199,218,105,84
33,200,p259_200,326,207,57
34,1,p260_001,123,43,62
34,2,p260_002,219,85,97
34,3,p260_003,419,209,143
34,4,p260_004,276,134,89
34,5,p260_005,341,223,59
34,6,p260_006,317,202,86
34,7,p260_007,256,139,81
34,8,p260_008,373,231,93
34,9,p260_009,291,129,116
34,10,p260_010,227,73,119
34,11,p260_011,369,241,91
34,12,p260_012,257,131,90
34,13,p260_013,257,126,74
34,14,p260_014,308,159,121
34,15,p260_015,306,202,64
34,16,p260_016,373,235,75
34,17,p260_017,203,98,24
34,18,p260_018,346,194,97
34,19,p260_019,414,248,84
34,20,p260_020,263,142,92
34,21,p260_021,539,298,116
34,22,p260_022,387,219,95
34,23,p260_023,627,345,154
34,24,p260_024,455,260,147
34,25,p260_025,271,156,74
34,26,p260_026,129,43,75
34,27,p260_027,113,34,67
34,28,p260_028,217,99,85
34,29,p260_029,126,48,71
34,30,p260_030,195,95,74
34,31,p260_031,128,42,71
34,32,p260_032,126,45,66
34,33,p260_033,118,35,68
34,34,p260_034,274,150,86
34,35,p260_035,241,115,78
34,36,p260_036,170,67,81
34,37,p260_037,145,14,112
34,38,p260_038,245,124,74
34,39,p260_039,222,109,77
34,40,p260_040,243,133,58
34,41,p260_041,158,47,97
34,42,p260_042,251,146,65
34,43,p260_043,139,38,60
34,44,p260_044,242,142,63
34,45,p260_045,170,82,58
34,46,p260_046,132,36,73
34,47,p260_047,212,89,92
34,48,p260_048,131,48,63
34,49,p260_049,118,31,79
34,50,p260_050,213,95,79
34,51,p260_051,169,59,79
34,52,p260_052,226,94,110
34,53,p260_053,160,66,80
34,54,p260_054,152,47,67
34,55,p260_055,217,114,63
34,56,p260_056,158,60,65
34,57,p260_057,137,41,43
34,58,p260_058,119,40,48
34,59,p260_059,211,104,69
34,60,p260_060,247,132,71
34,61,p260_061,285,174,75
34,62,p260_062,131,45,58
34,63,p260_063,107,38,63
34,64,p260_064,158,68,63
34,65,p260_065,306,150,63
34,66,p260_066,155,74,59
34,67,p260_067,167,77,76
34,68,p260_068,121,52,4
34,69,p260_069,195,91,74
34,70,p260_070,166,90,66
34,71,p260_071,157,60,70
34,72,p260_072,118,35,65
34,73,p260_073,315,128,102
34,74,p260_074,246,137,48
34,75,p260_075,146,60,72
34,76,p260_076,127,34,75
34,77,p260_077,140,53,66
34,78,p260_078,165,75,74
34,79,p260_079,165,66,51
34,80,p260_080,123,40,69
34,81,p260_081,181,62,97
34,82,p260_082,171,102,6
34,83,p260_083,184,82,72
34,84,p260_084,148,43,83
34,85,p260_085,222,133,66
34,86,p260_086,254,143,82
34,87,p260_087,200,102,69
34,88,p260_088,138,46,65
34,89,p260_089,219,99,90
34,90,p260_090,217,94,94
34,91,p260_091,185,84,76
34,92,p260_092,211,108,73
34,93,p260_093,138,50,62
34,94,p260_094,114,41,21
34,95,p260_095,121,44,66
34,96,p260_096,267,146,76
34,97,p260_097,155,69,35
34,98,p260_098,133,45,79
34,99,p260_099,316,177,79
34,100,p260_100,144,45,76
34,101,p260_101,127,43,69
34,102,p260_102,196,79,74
34,103,p260_103,374,170,139
34,104,p260_104,133,34,74
34,105,p260_105,155,70,77
34,106,p260_106,191,71,41
34,107,p260_107,131,47,55
34,108,p260_108,329,175,99
34,109,p260_109,222,88,111
34,110,p260_110,144,49,37
34,111,p260_111,238,112,72
34,112,p260_112,181,68,83
34,113,p260_113,136,45,84
34,114,p260_114,201,85,82
34,115,p260_115,135,52,9
34,116,p260_116,231,111,85
34,117,p260_117,223,121,55
34,118,p260_118,290,141,101
34,119,p260_119,144,40,67
34,120,p260_120,234,109,77
34,121,p260_121,138,42,68
34,122,p260_122,258,132,78
34,123,p260_123,172,70,80
34,124,p260_124,167,76,60
34,125,p260_125,174,73,80
34,126,p260_126,196,103,61
34,127,p260_127,128,36,8
34,128,p260_128,171,56,82
34,129,p260_129,192,92,86
34,130,p260_130,155,72,58
34,131,p260_131,286,129,117
34,132,p260_132,277,135,97
34,133,p260_133,314,151,121
34,134,p260_134,296,145,117
34,135,p260_135,142,55,56
34,136,p260_136,174,87,70
34,137,p260_137,216,119,69
34,138,p260_138,180,78,75
34,139,p260_139,138,37,47
34,140,p260_140,129,47,58
34,141,p260_141,196,87,66
34,142,p260_142,264,130,81
34,143,p260_143,161,64,84
34,144,p260_144,131,32,24
34,145,p260_145,153,42,98
34,146,p260_146,233,137,56
34,147,p260_147,265,102,106
34,148,p260_148,161,51,86
34,149,p260_149,210,92,84
34,150,p260_150,230,123,60
34,151,p260_151,145,42,98
34,152,p260_152,150,50,75
34,153,p260_153,170,67,82
34,154,p260_154,141,54,74
34,155,p260_155,136,37,58
34,156,p260_156,210,106,64
34,157,p260_157,133,74,2
34,158,p260_158,168,70,81
34,159,p260_159,141,56,55
34,160,p260_160,176,74,59
34,161,p260_161,267,141,42
34,162,p260_162,148,54,35
34,163,p260_163,199,100,70
34,164,p260_164,259,108,110
34,165,p260_165,137,59,68
34,166,p260_166,130,47,27
34,167,p260_167,136,45,73
34,168,p260_168,165,72,69
34,169,p260_169,144,42,84
34,170,p260_170,155,25,31
34,171,p260_171,278,123,76
34,172,p260_172,219,114,77
34,173,p260_173,203,83,95
34,174,p260_174,143,55,47
34,175,p260_175,141,43,66
34,176,p260_176,255,118,83
34,177,p260_177,131,26,91
34,178,p260_178,152,63,67
34,179,p260_179,199,85,100
34,180,p260_180,190,90,80
34,181,p260_181,169,77,60
34,182,p260_182,218,119,77
34,183,p260_183,178,63,70
34,184,p260_184,241,126,70
34,185,p260_185,109,37,48
34,186,p260_186,115,40,16
34,187,p260_187,255,87,121
34,188,p260_188,126,62,28
34,189,p260_189,243,144,61
34,190,p260_190,138,27,89
34,191,p260_191,114,31,61
34,192,p260_192,99,34,17
34,193,p260_193,172,99,61
34,194,p260_194,212,103,76
34,195,p260_195,169,97,61
34,196,p260_196,167,57,23
34,197,p260_197,138,50,44
34,198,p260_198,180,90,56
34,199,p260_199,227,116,44
34,200,p260_200,140,43,46
35,1,p261_001,145,65,9
35,2,p261_002,249,111,35
35,3,p261_003,471,233,28
35,4,p261_004,278,132,64
35,5,p261_005,393,250,57
35,6,p261_006,345,218,16
35,7,p261_007,262,168,47
35,8,p261_008,464,269,69
35,9,p261_009,286,178,6
35,10,p261_010,179,82,60
35,11,p261_011,411,249,50
35,12,p261_012,363,172,30
35,13,p261_013,262,132,8
35,14,p261_014,291,176,15
35,15,p261_015,355,228,29
35,16,p261_016,443,278,51
35,17,p261_017,259,116,34
35,18,p261_018,339,219,42
35,19,p261_019,480,267,62
35,20,p261_020,257,145,27
35,21,p261_021,542,308,61
35,22,p261_022,390,235,73
35,23,p261_023,614,392,67
35,24,p261_024,379,308,0
35,25,p261_025,217,99,95
35,26,p261_026,179,90,54
35,27,p261_027,129,60,41
35,28,p261_028,161,62,68
35,29,p261_029,211,109,65
35,30,p261_030,139,49,27
35,31,p261_031,190,99,44
35,32,p261_032,137,54,21
35,33,p261_033,164,82,69
35,34,p261_034,166,84,0
35,35,p261_035,155,47,17
35,36,p261_036,193,82,48
35,37,p261_037,171,91,34
35,38,p261_038,209,81,41
35,39,p261_039,186,85,50
35,40,p261_040,179,87,71
35,41,p261_041,171,79,49
35,42,p261_042,228,93,93
35,43,p261_043,262,116,100
35,44,p261_044,193,93,46
35,45,p261_045,159,55,66
35,46,p261_046,222,104,55
35,47,p261_047,248,127,52
35,48,p261_048,202,72,109
35,49,p261_049,209,101,54
35,50,p261_050,142,60,25
35,51,p261_051,142,39,42
35,52,p261_052,129,64,33
35,53,p261_053,177,98,47
35,54,p261_054,275,161,44
35,55,p261_055,270,154,37
35,56,p261_056,155,58,66
35,57,p261_057,169,76,65
35,58,p261_058,142,41,83
35,59,p261_059,137,46,73
35,60,p261_060,129,42,60
35,61,p261_061,121,38,52
35,62,p261_062,187,98,68
35,63,p261_063,185,96,41
35,64,p261_064,219,103,60
35,65,p261_065,185,73,51
35,66,p261_066,211,88,21
35,67,p261_067,174,75,43
35,68,p261_068,153,33,38
35,69,p261_069,158,50,52
35,70,p261_070,233,107,80
35,71,p261_071,158,68,43
35,72,p261_072,296,155,83
35,73,p261_073,171,68,34
35,74,p261_074,171,82,45
35,75,p261_075,185,65,41
35,76,p261_076,222,109,32
35,77,p261_077,126,43,34
35,78,p261_078,201,75,75
35,79,p261_079,227,115,44
35,80,p261_080,174,78,76
35,81,p261_081,134,67,50
35,82,p261_082,224,103,77
35,83,p261_083,161,65,18
35,84,p261_084,158,68,67
35,85,p261_085,161,61,64
35,86,p261_086,174,84,61
35,87,p261_087,246,119,13
35,88,p261_088,145,48,28
35,89,p261_089,219,106,50
35,90,p261_090,251,139,36
35,91,p261_091,179,74,37
35,92,p261_092,161,73,20
35,93,p261_093,137,44,58
35,94,p261_094,172,80,59
35,95,p261_095,150,57,57
35,96,p261_096,217,95,69
35,97,p261_097,275,118,94
35,98,p261_098,163,55,95
35,99,p261_099,177,65,85
35,100,p261_100,161,52,83
35,101,p261_101,193,67,102
35,102,p261_102,195,89,77
35,103,p261_103,134,55,53
35,104,p261_104,131,54,50
35,105,p261_105,145,54,83
35,106,p261_106,201,79,94
35,107,p261_107,142,49,68
35,108,p261_108,173,65,91
35,109,p261_109,107,28,33
35,110,p261_110,195,98,68
35,111,p261_111,217,111,58
35,112,p261_112,163,68,42
35,113,p261_113,163,53,64
35,114,p261_114,163,58,88
35,115,p261_115,163,61,84
35,116,p261_116,185,59,94
35,117,p261_117,142,38,34
35,118,p261_118,150,58,59
35,119,p261_119,209,82,98
35,120,p261_120,230,128,13
35,121,p261_121,198,81,68
35,122,p261_122,131,53,47
35,123,p261_123,222,119,44
35,124,p261_124,147,55,67
35,125,p261_125,185,79,73
35,126,p261_126,166,62,77
35,127,p261_127,179,77,73
35,128,p261_128,147,62,59
35,129,p261_129,134,71,53
35,130,p261_130,171,79,41
35,131,p261_131,170,57,84
35,132,p261_132,161,61,64
35,133,p261_133,259,145,63
35,134,p261_134,163,68,44
35,135,p261_135,227,110,75
35,136,p261_136,131,57,66
35,137,p261_137,179,73,50
35,138,p261_138,134,39,81
35,139,p261_139,211,112,54
35,140,p261_140,235,109,87
35,141,p261_141,228,119,3
35,142,p261_142,222,110,43
35,143,p261_143,183,94,64
35,144,p261_144,156,53,74
35,145,p261_145,150,72,44
35,146,p261_146,166,69,71
35,147,p261_147,249,136,60
35,148,p261_148,214,113,69
35,149,p261_149,254,131,86
35,150,p261_150,145,55,82
35,151,p261_151,174,90,53
35,152,p261_152,153,58,34
35,153,p261_153,161,34,102
35,154,p261_154,209,102,72
35,155,p261_155,187,82,67
35,156,p261_156,137,63,29
35,157,p261_157,137,57,58
35,158,p261_158,134,48,66
35,159,p261_159,236,100,67
35,160,p261_160,195,83,88
35,161,p261_161,182,98,42
35,162,p261_162,177,78,50
35,163,p261_163,163,56,82
35,164,p261_164,182,91,43
35,165,p261_165,233,101,71
35,166,p261_166,174,73,29
35,167,p261_167,123,40,55
35,168,p261_168,129,53,58
35,169,p261_169,118,48,14
35,170,p261_170,107,40,43
35,171,p261_171,118,42,56
35,172,p261_172,153,63,45
35,173,p261_173,177,80,40
35,174,p261_174,187,73,85
35,175,p261_175,277,116,61
35,176,p261_176,129,52,63
35,177,p261_177,115,51,42
35,178,p261_178,259,138,74
35,179,p261_179,174,86,55
35,180,p261_180,211,108,65
35,181,p261_181,190,92,69
35,182,p261_182,102,48,33
35,183,p261_183,118,45,24
35,184,p261_184,209,91,66
35,185,p261_185,160,61,36
35,186,p261_186,166,72,72
35,187,p261_187,139,55,51
35,188,p261_188,147,64,62
35,189,p261_189,195,98,52
35,190,p261_190,209,100,38
35,191,p261_191,134,75,33
35,192,p261_192,153,50,70
35,193,p261_193,198,93,67
35,194,p261_194,203,108,54
35,195,p261_195,254,131,66
35,196,p261_196,193,92,15
35,197,p261_197,211,105,54
35,198,p261_198,150,71,37
35,199,p261_199,302,168,48
35,200,p261_200,161,82,0
36,1,p262_001,147,119,0
36,2,p262_002,290,185,1
36,3,p262_003,515,329,44
36,4,p262_004,315,164,19
36,5,p262_005,433,346,0
36,6,p262_006,408,263,23
36,7,p262_007,299,188,7
36,8,p262_008,554,438,3
36,9,p262_009,353,231,7
36,10,p262_010,209,105,4
36,11,p262_011,451,331,15
36,12,p262_012,290,164,28
36,13,p262_013,328,195,14
36,14,p262_014,364,244,0
36,15,p262_015,434,295,7
36,16,p262_016,435,298,6
36,17,p262_017,243,107,51
36,18,p262_018,385,258,14
36,19,p262_019,510,284,57
36,20,p262_020,279,168,14
36,21,p262_021,593,366,38
36,22,p262_022,455,260,10
36,23,p262_023,700,466,39
36,24,p262_024,471,311,36
36,25,p262_025,271,174,10
36,26,p262_026,314,191,31
36,27,p262_027,217,116,36
36,28,p262_028,255,116,39
36,29,p262_029,299,159,26
36,30,p262_030,324,186,39
36,31,p262_031,171,100,0
36,32,p262_032,158,46,36
36,33,p262_033,187,82,19
36,34,p262_034,168,89,15
36,35,p262_035,173,82,25
36,36,p262_036,270,158,45
36,37,p262_037,121,54,0
36,38,p262_038,167,52,18
36,39,p262_039,123,48,1
36,40,p262_040,341,217,23
36,41,p262_041,266,157,2
36,42,p262_042,129,48,8
36,43,p262_043,174,78,3
36,44,p262_044,172,68,15
36,45,p262_045,271,130,21
36,46,p262_046,134,51,8
36,47,p262_047,186,107,19
36,48,p262_048,170,107,0
36,49,p262_049,153,91,3
36,50,p262_050,190,100,16
36,51,p262_051,194,78,8
36,52,p262_052,233,115,47
36,53,p262_053,151,50,4
36,54,p262_054,314,159,64
36,55,p262_055,219,86,5
36,56,p262_056,282,156,16
36,57,p262_057,518,120,57
36,58,p262_058,151,63,29
36,59,p262_059,175,80,16
36,60,p262_060,145,57,7
36,61,p262_061,144,60,5
36,62,p262_062,288,207,20
36,63,p262_063,190,106,1
36,64,p262_064,123,56,2
36,65,p262_065,283,148,35
36,66,p262_066,215,126,5
36,67,p262_067,225,120,3
36,68,p262_068,145,60,3
36,69,p262_069,190,80,45
36,70,p262_070,175,76,21
36,71,p262_071,192,100,14
36,72,p262_072,158,105,0
36,73,p262_073,237,141,5
36,74,p262_074,177,68,8
36,75,p262_075,160,63,16
36,76,p262_076,187,118,2
36,77,p262_077,182,63,7
36,78,p262_078,140,36,9
36,79,p262_079,211,50,135
36,80,p262_080,208,117,8
36,81,p262_081,144,90,1
36,82,p262_082,134,41,18
36,83,p262_083,230,150,11
36,84,p262_084,205,115,3
36,85,p262_085,249,120,45
36,86,p262_086,162,77,14
36,87,p262_087,332,224,8
36,88,p262_088,286,175,20
36,89,p262_089,275,150,22
36,90,p262_090,148,74,3
36,91,p262_091,220,94,46
36,92,p262_092,162,73,2
36,93,p262_093,193,98,5
36,94,p262_094,309,191,9
36,95,p262_095,195,79,48
36,96,p262_096,260,142,11
36,97,p262_097,190,101,8
36,98,p262_098,314,182,24
36,99,p262_099,174,74,3
36,100,p262_100,174,87,24
36,101,p262_101,162,77,1
36,102,p262_102,137,73,1
36,103,p262_103,132,53,13
36,104,p262_104,234,129,7
36,105,p262_105,150,77,3
36,106,p262_106,129,54,1
36,107,p262_107,110,42,0
36,108,p262_108,305,158,7
36,109,p262_109,215,108,24
36,110,p262_110,157,67,1
36,111,p262_111,204,82,35
36,112,p262_112,326,216,2
36,113,p262_113,266,152,19
36,114,p262_114,253,155,15
36,115,p262_115,273,174,6
36,116,p262_116,125,48,26
36,117,p262_117,220,88,74
36,118,p262_118,214,105,40
36,119,p262_119,254,140,21
36,120,p262_120,186,93,8
36,121,p262_121,251,118,50
36,122,p262_122,162,68,22
36,123,p262_123,195,84,21
36,124,p262_124,150,82,9
36,125,p262_125,129,38,40
36,126,p262_126,214,93,45
36,127,p262_127,307,172,40
36,128,p262_128,216,108,57
36,129,p262_129,160,74,10
36,130,p262_130,221,105,12
36,131,p262_131,241,122,15
36,132,p262_132,134,41,28
36,133,p262_133,209,69,14
36,134,p262_134,195,115,4
36,135,p262_135,162,86,0
36,136,p262_136,232,94,21
36,137,p262_137,334,204,33
36,138,p262_138,196,116,29
36,139,p262_139,254,148,6
36,140,p262_140,121,86,0
36,141,p262_141,253,119,34
36,142,p262_142,300,164,55
36,143,p262_143,243,146,27
36,144,p262_144,161,84,1
36,145,p262_145,213,91,71
36,146,p262_146,205,119,5
36,147,p262_147,131,77,2
36,148,p262_148,212,82,56
36,149,p262_149,152,63,15
36,150,p262_150,197,88,54
36,151,p262_151,251,127,21
36,152,p262_152,179,85,23
36,153,p262_153,125,56,26
36,154,p262_154,240,110,45
36,155,p262_155,267,148,19
36,156,p262_156,168,61,22
36,157,p262_157,188,81,50
36,158,p262_158,246,136,17
36,159,p262_159,175,61,26
36,160,p262_160,157,59,15
36,161,p262_161,215,112,31
36,162,p262_162,299,191,39
36,163,p262_163,167,40,71
36,164,p262_164,211,113,21
36,165,p262_165,299,160,11
36,166,p262_166,163,79,6
36,167,p262_167,268,150,6
36,168,p262_168,177,74,8
36,169,p262_169,257,146,7
36,170,p262_170,296,169,40
36,171,p262_171,161,81,6
36,172,p262_172,223,106,12
36,173,p262_173,142,45,42
36,174,p262_174,205,104,68
36,175,p262_175,194,93,52
36,176,p262_176,145,59,20
36,177,p262_177,353,180,33
36,178,p262_178,256,143,11
36,179,p262_179,170,64,20
36,180,p262_180,177,67,50
36,181,p262_181,155,61,20
36,182,p262_182,302,148,72
36,183,p262_183,215,77,26
36,184,p262_184,227,81,51
36,185,p262_185,150,67,7
36,186,p262_186,152,53,49
36,187,p262_187,224,102,52
36,188,p262_188,249,162,6
36,189,p262_189,188,97,13
36,190,p262_190,129,43,13
36,191,p262_191,181,88,3
36,192,p262_192,301,166,7
36,193,p262_193,177,71,19
36,194,p262_194,225,107,30
36,195,p262_195,155,64,3
36,196,p262_196,213,80,54
36,197,p262_197,284,185,9
36,198,p262_198,248,121,20
36,199,p262_199,294,169,11
36,200,p262_200,257,116,45
37,1,p263_001,133,61,9
37,2,p263_002,242,120,42
37,3,p263_003,430,232,77
37,4,p263_004,331,135,80
37,5,p263_005,379,245,25
37,6,p263_006,337,225,49
37,7,p263_007,278,170,33
37,8,p263_008,432,301,38
37,9,p263_009,286,185,73
37,10,p263_010,203,88,78
37,11,p263_011,411,272,80
37,12,p263_012,296,154,107
37,13,p263_013,341,158,135
37,14,p263_014,283,172,54
37,15,p263_015,342,221,68
37,16,p263_016,390,264,58
37,17,p263_017,230,108,73
37,18,p263_018,407,209,104
37,19,p263_019,446,283,54
37,20,p263_020,251,151,58
37,21,p263_021,531,320,88
37,22,p263_022,382,252,66
37,23,p263_023,658,427,118
37,24,p263_024,391,280,28
37,25,p263_025,187,97,20
37,26,p263_026,138,49,1
37,27,p263_027,150,55,27
37,28,p263_028,137,49,61
37,29,p263_029,117,40,13
37,30,p263_030,241,139,74
37,31,p263_031,289,152,88
37,32,p263_032,231,119,80
37,33,p263_033,185,86,66
37,34,p263_034,137,81,42
37,35,p263_035,110,49,19
37,36,p263_036,164,66,60
37,37,p263_037,262,146,71
37,38,p263_038,182,69,77
37,39,p263_039,203,105,19
37,40,p263_040,217,117,30
37,41,p263_041,142,53,50
37,42,p263_042,286,146,74
37,43,p263_043,183,86,43
37,44,p263_044,129,56,34
37,45,p263_045,179,95,15
37,46,p263_046,235,132,69
37,47,p263_047,278,170,61
37,48,p263_048,179,101,43
37,49,p263_049,222,133,40
37,50,p263_050,255,144,66
37,51,p263_051,169,74,78
37,52,p263_052,145,59,31
37,53,p263_053,145,73,48
37,54,p263_054,251,116,98
37,55,p263_055,255,145,77
37,56,p263_056,147,56,78
37,57,p263_057,201,107,46
37,58,p263_058,171,86,51
37,59,p263_059,142,53,18
37,60,p263_060,182,72,86
37,61,p263_061,171,53,57
37,62,p263_062,174,85,29
37,63,p263_063,182,105,61
37,64,p263_064,147,65,61
37,65,p263_065,225,100,82
37,66,p263_066,214,112,79
37,67,p263_067,201,112,40
37,68,p263_068,225,149,63
37,69,p263_069,175,92,48
37,70,p263_070,185,100,54
37,71,p263_071,115,51,29
37,72,p263_072,179,91,48
37,73,p263_073,155,70,48
37,74,p263_074,161,77,44
37,75,p263_075,201,100,48
37,76,p263_076,142,62,24
37,77,p263_077,177,86,64
37,78,p263_078,153,59,45
37,79,p263_079,167,62,83
37,80,p263_080,97,29,25
37,81,p263_081,153,69,18
37,82,p263_082,273,157,82
37,83,p263_083,206,129,0
37,84,p263_084,238,141,22
37,85,p263_085,211,134,49
37,86,p263_086,209,96,40
37,87,p263_087,171,82,31
37,88,p263_088,158,62,28
37,89,p263_089,230,101,70
37,90,p263_090,219,110,41
37,91,p263_091,203,110,53
37,92,p263_092,233,135,51
37,93,p263_093,145,51,3
37,94,p263_094,249,151,43
37,95,p263_095,142,64,52
37,96,p263_096,201,89,73
37,97,p263_097,164,95,2
37,98,p263_098,145,55,25
37,99,p263_099,217,134,51
37,100,p263_100,277,157,97
37,101,p263_101,269,143,96
37,102,p263_102,153,82,42
37,103,p263_103,155,53,75
37,104,p263_104,203,126,44
37,105,p263_105,176,82,43
37,106,p263_106,209,108,29
37,107,p263_107,195,111,50
37,108,p263_108,166,68,58
37,109,p263_109,115,55,52
37,110,p263_110,179,96,40
37,111,p263_111,185,116,30
37,112,p263_112,173,74,86
37,113,p263_113,153,73,60
37,114,p263_114,206,107,72
37,115,p263_115,249,149,46
37,116,p263_116,195,99,45
37,117,p263_117,153,72,56
37,118,p263_118,196,106,75
37,119,p263_119,254,142,42
37,120,p263_120,134,74,47
37,121,p263_121,177,76,32
37,122,p263_122,158,65,72
37,123,p263_123,186,95,68
37,124,p263_124,211,117,67
37,125,p263_125,147,84,22
37,126,p263_126,231,133,77
37,127,p263_127,214,111,55
37,128,p263_128,155,50,76
37,129,p263_129,260,160,37
37,130,p263_130,257,140,76
37,131,p263_131,147,72,58
37,132,p263_132,177,105,46
37,133,p263_133,136,56,46
37,134,p263_134,263,144,72
37,135,p263_135,225,114,70
37,136,p263_136,233,152,2
37,137,p263_137,186,74,43
37,138,p263_138,201,89,73
37,139,p263_139,150,51,77
37,140,p263_140,107,36,24
37,141,p263_141,158,70,51
37,142,p263_142,123,55,39
37,143,p263_143,129,49,56
37,144,p263_144,222,140,23
37,145,p263_145,212,148,10
37,146,p263_146,182,83,47
37,147,p263_147,201,112,27
37,148,p263_148,150,98,30
37,149,p263_149,254,156,47
37,150,p263_150,155,80,51
37,151,p263_151,129,70,19
37,152,p263_152,155,70,44
37,153,p263_153,225,130,43
37,154,p263_154,210,93,56
37,155,p263_155,137,51,41
37,156,p263_156,219,112,79
37,157,p263_157,227,132,65
37,158,p263_158,190,126,39
37,159,p263_159,166,77,73
37,160,p263_160,115,51,14
37,161,p263_161,131,59,44
37,162,p263_162,158,83,22
37,163,p263_163,273,167,62
37,164,p263_164,161,71,13
37,165,p263_165,201,116,54
37,166,p263_166,278,174,56
37,167,p263_167,210,98,79
37,168,p263_168,238,160,59
37,169,p263_169,239,102,92
37,170,p263_170,169,82,39
37,171,p263_171,171,84,32
37,172,p263_172,158,74,35
37,173,p263_173,155,98,13
37,174,p263_174,250,130,80
37,175,p263_175,155,76,48
37,176,p263_176,206,98,62
37,177,p263_177,225,129,43
37,178,p263_178,289,192,60
37,179,p263_179,137,47,19
37,180,p263_180,230,134,17
37,181,p263_181,214,118,8
37,182,p263_182,123,59,24
37,183,p263_183,301,183,71
37,184,p263_184,195,99,47
37,185,p263_185,203,114,13
37,186,p263_186,145,71,26
37,187,p263_187,163,78,29
37,188,p263_188,294,166,44
37,189,p263_189,166,103,0
37,190,p263_190,177,108,0
37,191,p263_191,198,134,0
37,192,p263_192,211,133,0
37,193,p263_193,137,76,14
37,194,p263_194,123,50,4
37,195,p263_195,182,93,30
37,196,p263_196,211,130,9
37,197,p263_197,220,94,90
37,198,p263_198,118,54,25
37,199,p263_199,227,140,41
37,200,p263_200,241,144,46
38,1,p264_001,171,150,0
38,2,p264_002,249,211,0
38,3,p264_003,536,346,6
38,4,p264_004,331,177,7
38,5,p264_005,486,281,1
38,6,p264_006,393,252,7
38,7,p264_007,342,200,5
38,8,p264_008,513,347,1
38,9,p264_009,417,204,10
38,10,p264_010,241,108,4
38,11,p264_011,442,289,20
38,12,p264_012,330,170,3
38,13,p264_013,361,160,1
38,14,p264_014,355,234,13
38,15,p264_015,417,243,64
38,16,p264_016,403,256,37
38,17,p264_018,390,204,43
38,18,p264_019,502,229,89
38,19,p264_020,360,160,33
38,20,p264_021,579,283,78
38,21,p264_023,815,407,152
38,22,p264_024,543,346,16
38,23,p264_025,363,167,7
38,24,p264_026,321,118,95
38,25,p264_027,246,115,12
38,26,p264_028,227,92,41
38,27,p264_029,249,111,3
38,28,p264_030,241,99,22
38,29,p264_031,263,83,88
38,30,p264_032,203,82,14
38,31,p264_033,158,56,23
38,32,p264_034,190,87,13
38,33,p264_035,174,74,1
38,34,p264_036,179,68,40
38,35,p264_037,177,73,4
38,36,p264_038,163,86,2
38,37,p264_039,179,96,4
38,38,p264_040,224,149,1
38,39,p264_041,307,136,27
38,40,p264_042,158,66,35
38,41,p264_043,209,124,8
38,42,p264_044,169,41,33
38,43,p264_045,238,109,4
38,44,p264_046,281,156,14
38,45,p264_047,305,114,75
38,46,p264_048,250,106,21
38,47,p264_049,177,72,9
38,48,p264_050,230,110,15
38,49,p264_051,193,82,24
38,50,p264_053,229,86,34
38,51,p264_054,166,58,12
38,52,p264_055,180,89,0
38,53,p264_056,208,51,6
38,54,p264_057,177,46,12
38,55,p264_058,177,47,4
38,56,p264_059,196,52,34
38,57,p264_060,230,81,31
38,58,p264_061,195,72,1
38,59,p264_062,195,65,22
38,60,p264_063,166,57,11
38,61,p264_064,172,93,3
38,62,p264_065,212,87,40
38,63,p264_066,203,81,17
38,64,p264_067,211,84,22
38,65,p264_068,203,61,23
38,66,p264_069,155,58,12
38,67,p264_070,147,49,61
38,68,p264_071,203,83,33
38,69,p264_072,235,115,27
38,70,p264_073,214,86,38
38,71,p264_074,217,86,9
38,72,p264_075,165,58,18
38,73,p264_076,171,62,53
38,74,p264_077,190,86,6
38,75,p264_078,174,53,39
38,76,p264_079,190,92,24
38,77,p264_080,246,82,60
38,78,p264_081,321,116,106
38,79,p264_082,161,46,15
38,80,p264_083,155,49,77
38,81,p264_084,161,50,78
38,82,p264_085,185,70,34
38,83,p264_086,230,114,4
38,84,p264_087,247,105,14
38,85,p264_088,238,65,71
38,86,p264_089,179,68,36
38,87,p264_090,251,106,22
38,88,p264_091,243,77,38
38,89,p264_092,198,94,18
38,90,p264_093,144,52,41
38,91,p264_094,182,55,3
38,92,p264_096,225,78,63
38,93,p264_097,169,66,17
38,94,p264_098,171,41,69
38,95,p264_099,163,52,103
38,96,p264_100,305,143,36
38,97,p264_101,192,68,74
38,98,p264_102,177,95,19
38,99,p264_103,214,131,0
38,100,p264_104,243,118,3
38,101,p264_105,201,125,0
38,102,p264_106,182,54,21
38,103,p264_107,166,82,6
38,104,p264_108,249,95,0
38,105,p264_109,305,131,26
38,106,p264_110,233,111,12
38,107,p264_112,182,94,8
38,108,p264_113,209,86,19
38,109,p264_114,193,63,14
38,110,p264_115,219,43,11
38,111,p264_116,206,91,8
38,112,p264_117,369,141,42
38,113,p264_118,243,101,4
38,114,p264_119,201,63,62
38,115,p264_120,188,48,8
38,116,p264_121,198,55,92
38,117,p264_122,225,84,19
38,118,p264_123,230,89,3
38,119,p264_124,233,84,42
38,120,p264_125,171,47,15
38,121,p264_126,257,106,19
38,122,p264_127,238,92,7
38,123,p264_128,190,47,75
38,124,p264_129,235,85,8
38,125,p264_130,230,91,43
38,126,p264_131,243,124,21
38,127,p264_132,225,74,32
38,128,p264_133,227,64,82
38,129,p264_134,247,127,32
38,130,p264_135,275,123,49
38,131,p264_136,441,168,103
38,132,p264_137,311,109,73
38,133,p264_138,219,58,87
38,134,p264_139,273,106,56
38,135,p264_140,217,61,50
38,136,p264_141,203,63,18
38,137,p264_142,291,138,18
38,138,p264_143,225,90,45
38,139,p264_144,238,78,62
38,140,p264_145,171,52,31
38,141,p264_146,198,71,15
38,142,p264_147,190,52,4
38,143,p264_148,171,63,19
38,144,p264_149,188,64,9
38,145,p264_150,155,36,10
38,146,p264_151,187,61,8
38,147,p264_152,134,23,54
38,148,p264_153,219,87,40
38,149,p264_154,265,122,34
38,150,p264_155,174,85,8
38,151,p264_156,171,44,37
38,152,p264_157,174,52,68
38,153,p264_158,206,88,47
38,154,p264_159,233,37,52
38,155,p264_160,222,73,51
38,156,p264_161,227,74,59
38,157,p264_162,182,43,47
38,158,p264_163,241,86,33
38,159,p264_164,179,68,16
38,160,p264_165,198,88,10
38,161,p264_166,322,123,74
38,162,p264_167,350,179,26
38,163,p264_168,307,71,122
38,164,p264_169,270,73,90
38,165,p264_170,185,59,111
38,166,p264_171,251,70,17
38,167,p264_172,302,83,52
38,168,p264_173,243,92,64
38,169,p264_174,206,66,66
38,170,p264_176,393,75,129
38,171,p264_177,331,65,114
38,172,p264_178,371,109,67
38,173,p264_179,315,109,13
38,174,p264_180,366,92,56
38,175,p264_181,257,89,98
38,176,p264_182,283,131,29
38,177,p264_183,283,83,110
38,178,p264_184,267,83,43
38,179,p264_185,451,198,29
38,180,p264_186,203,80,11
38,181,p264_187,187,74,22
38,182,p264_188,390,147,91
38,183,p264_189,398,101,98
38,184,p264_190,305,90,92
38,185,p264_191,329,73,24
38,186,p264_192,321,62,76
38,187,p264_193,315,87,59
38,188,p264_194,201,69,30
38,189,p264_195,203,63,22
38,190,p264_196,180,67,2
38,191,p264_197,145,28,50
38,192,p264_198,126,42,18
38,193,p264_199,158,60,31
38,194,p264_200,246,103,13
38,195,p264_201,273,106,119
38,196,p264_202,252,123,57
38,197,p264_203,288,124,28
38,198,p264_204,300,135,21
38,199,p264_205,198,81,14
38,200,p264_206,294,143,47
39,1,p265_002,290,138,25
39,2,p265_003,561,285,74
39,3,p265_004,388,176,71
39,4,p265_005,490,274,13
39,5,p265_006,468,286,43
39,6,p265_007,321,182,51
39,7,p265_008,566,307,92
39,8,p265_010,231,107,17
39,9,p265_011,513,292,75
39,10,p265_012,363,196,34
39,11,p265_013,328,199,2
39,12,p265_014,367,210,13
39,13,p265_015,518,306,32
39,14,p265_016,484,303,55
39,15,p265_017,283,146,22
39,16,p265_018,445,267,60
39,17,p265_019,566,267,54
39,18,p265_020,325,190,19
39,19,p265_021,664,415,46
39,20,p265_022,511,319,49
39,21,p265_023,920,506,207
39,22,p265_024,569,338,103
39,23,p265_025,137,51,11
39,24,p265_026,284,134,107
39,25,p265_027,366,195,39
39,26,p265_028,130,58,6
39,27,p265_029,183,78,20
39,28,p265_030,119,38,8
39,29,p265_031,306,139,107
39,30,p265_032,123,48,16
39,31,p265_033,135,59,18
39,32,p265_034,297,145,58
39,33,p265_035,159,63,20
39,34,p265_036,329,135,108
39,35,p265_037,145,61,45
39,36,p265_038,330,179,41
39,37,p265_039,152,56,32
39,38,p265_040,225,100,60
39,39,p265_041,130,43,31
39,40,p265_042,233,116,56
39,41,p265_043,144,65,1
39,42,p265_044,180,83,13
39,43,p265_045,188,82,39
39,44,p265_046,159,62,15
39,45,p265_047,127,33,15
39,46,p265_048,185,80,19
39,47,p265_049,158,49,87
39,48,p265_050,314,150,69
39,49,p265_051,308,163,74
39,50,p265_052,163,55,43
39,51,p265_053,121,45,34
39,52,p265_054,203,88,37
39,53,p265_055,410,175,149
39,54,p265_056,335,142,41
39,55,p265_057,298,110,96
39,56,p265_058,264,135,37
39,57,p265_059,212,100,30
39,58,p265_060,197,95,37
39,59,p265_061,293,192,32
39,60,p265_063,265,124,17
39,61,p265_064,147,51,21
39,62,p265_065,264,140,53
39,63,p265_066,170,69,75
39,64,p265_067,336,164,78
39,65,p265_068,169,54,31
39,66,p265_069,372,157,121
39,67,p265_070,302,150,49
39,68,p265_071,128,36,43
39,69,p265_072,257,136,78
39,70,p265_073,208,102,18
39,71,p265_074,181,73,55
39,72,p265_075,230,103,71
39,73,p265_076,208,101,47
39,74,p265_077,314,179,58
39,75,p265_078,164,65,41
39,76,p265_079,143,38,14
39,77,p265_080,293,166,43
39,78,p265_081,277,141,29
39,79,p265_082,142,57,15
39,80,p265_083,207,100,67
39,81,p265_084,329,186,53
39,82,p265_085,122,43,21
39,83,p265_086,153,51,79
39,84,p265_087,219,120,39
39,85,p265_088,158,58,62
39,86,p265_089,146,52,50
39,87,p265_090,163,82,41
39,88,p265_091,147,56,17
39,89,p265_092,395,208,45
39,90,p265_093,183,65,38
39,91,p265_094,152,64,5
39,92,p265_095,193,84,61
39,93,p265_096,196,90,66
39,94,p265_097,126,36,53
39,95,p265_098,159,47,23
39,96,p265_099,380,186,96
39,97,p265_100,229,106,29
39,98,p265_101,239,121,35
39,99,p265_102,317,143,62
39,100,p265_103,266,121,22
39,101,p265_104,112,42,12
39,102,p265_105,147,51,8
39,103,p265_106,250,137,54
39,104,p265_107,144,52,35
39,105,p265_108,121,41,44
39,106,p265_109,155,68,46
39,107,p265_110,313,181,52
39,108,p265_111,291,138,48
39,109,p265_112,139,50,27
39,110,p265_113,144,56,33
39,111,p265_114,205,85,96
39,112,p265_115,330,168,28
39,113,p265_116,201,84,66
39,114,p265_117,245,115,63
39,115,p265_118,227,104,27
39,116,p265_119,153,32,66
39,117,p265_120,158,64,68
39,118,p265_121,142,60,39
39,119,p265_122,245,115,59
39,120,p265_123,319,198,38
39,121,p265_124,380,190,47
39,122,p265_125,120,26,31
39,123,p265_126,165,64,33
39,124,p265_127,129,34,71
39,125,p265_128,169,72,41
39,126,p265_129,238,118,49
39,127,p265_130,322,184,28
39,128,p265_131,148,70,39
39,129,p265_132,185,62,89
39,130,p265_133,337,167,39
39,131,p265_134,162,57,54
39,132,p265_135,276,99,51
39,133,p265_136,374,184,30
39,134,p265_137,395,165,119
39,135,p265_138,132,39,68
39,136,p265_139,127,45,17
39,137,p265_140,285,146,58
39,138,p265_141,362,166,118
39,139,p265_142,171,74,47
39,140,p265_143,177,66,25
39,141,p265_144,268,126,47
39,142,p265_145,298,149,70
39,143,p265_146,261,91,61
39,144,p265_147,180,58,67
39,145,p265_148,129,50,30
39,146,p265_149,235,115,56
39,147,p265_150,339,154,98
39,148,p265_151,234,92,85
39,149,p265_152,159,61,65
39,150,p265_153,322,201,53
39,151,p265_154,161,60,20
39,152,p265_155,266,130,47
39,153,p265_156,339,175,82
39,154,p265_157,152,65,57
39,155,p265_158,177,69,35
39,156,p265_159,341,180,57
39,157,p265_160,290,103,85
39,158,p265_161,290,131,89
39,159,p265_162,183,65,69
39,160,p265_163,355,170,88
39,161,p265_164,379,140,147
39,162,p265_165,327,172,76
39,163,p265_166,159,55,58
39,164,p265_167,256,126,41
39,165,p265_168,341,172,105
39,166,p265_169,170,87,62
39,167,p265_170,139,46,30
39,168,p265_171,130,48,38
39,169,p265_172,353,158,83
39,170,p265_173,339,181,52
39,171,p265_174,281,125,85
39,172,p265_175,203,86,16
39,173,p265_176,250,106,85
39,174,p265_177,137,51,13
39,175,p265_178,149,63,45
39,176,p265_179,173,71,58
39,177,p265_180,323,167,64
39,178,p265_181,230,108,50
39,179,p265_182,328,187,53
39,180,p265_183,132,42,17
39,181,p265_184,136,46,17
39,182,p265_185,326,151,26
39,183,p265_186,233,84,60
39,184,p265_187,145,55,13
39,185,p265_188,238,91,59
39,186,p265_189,306,138,51
39,187,p265_190,319,155,44
39,188,p265_191,238,134,18
39,189,p265_192,274,116,23
39,190,p265_193,277,143,51
39,191,p265_194,207,105,68
39,192,p265_195,188,65,22
39,193,p265_196,263,123,48
39,194,p265_197,160,61,45
39,195,p265_198,269,101,96
39,196,p265_199,368,169,68
39,197,p265_200,232,77,27
39,198,p265_201,175,74,12
39,199,p265_202,282,124,45
39,200,p265_203,189,81,8
40,1,p266_001,124,51,14
40,2,p266_002,225,90,68
40,3,p266_003,393,203,15
40,4,p266_004,281,138,46
40,5,p266_005,353,261,18
40,6,p266_006,345,199,62
40,7,p266_007,282,166,27
40,8,p266_008,428,301,12
40,9,p266_009,270,172,28
40,10,p266_010,184,80,55
40,11,p266_011,384,230,69
40,12,p266_012,275,173,17
40,13,p266_013,275,153,75
40,14,p266_014,293,173,22
40,15,p266_015,338,221,22
40,16,p266_016,393,263,18
40,17,p266_017,285,130,36
40,18,p266_018,359,204,44
40,19,p266_019,443,321,16
40,20,p266_020,269,145,16
40,21,p266_021,544,389,8
40,22,p266_022,380,257,31
40,23,p266_023,669,429,25
40,24,p266_024,410,278,46
40,25,p266_025,139,55,13
40,26,p266_026,264,180,23
40,27,p266_027,118,60,1
40,28,p266_028,193,85,28
40,29,p266_029,137,51,3
40,30,p266_030,257,185,0
40,31,p266_031,150,67,12
40,32,p266_032,180,96,18
40,33,p266_033,238,158,1
40,34,p266_034,193,118,9
40,35,p266_035,102,51,0
40,36,p266_036,208,125,4
40,37,p266_037,110,76,0
40,38,p266_038,222,128,16
40,39,p266_039,219,117,16
40,40,p266_040,129,57,33
40,41,p266_041,102,53,3
40,42,p266_042,256,132,25
40,43,p266_043,238,174,1
40,44,p266_044,118,66,2
40,45,p266_045,172,88,1
40,46,p266_046,122,53,2
40,47,p266_047,195,93,19
40,48,p266_048,210,136,5
40,49,p266_049,228,129,27
40,50,p266_050,163,102,1
40,51,p266_051,283,163,35
40,52,p266_052,225,154,2
40,53,p266_053,156,59,8
40,54,p266_054,134,70,0
40,55,p266_055,230,139,22
40,56,p266_056,121,45,13
40,57,p266_057,263,184,14
40,58,p266_058,241,178,6
40,59,p266_059,110,57,2
40,60,p266_060,182,113,9
40,61,p266_061,177,84,37
40,62,p266_062,114,66,0
40,63,p266_063,134,64,12
40,64,p266_064,208,118,5
40,65,p266_065,163,99,4
40,66,p266_066,158,81,2
40,67,p266_067,131,59,2
40,68,p266_068,142,67,19
40,69,p266_069,164,72,11
40,70,p266_070,279,158,17
40,71,p266_071,124,59,0
40,72,p266_072,163,94,10
40,73,p266_073,126,52,0
40,74,p266_074,129,51,17
40,75,p266_075,141,68,5
40,76,p266_076,152,65,4
40,77,p266_077,177,120,7
40,78,p266_078,105,57,0
40,79,p266_079,129,52,5
40,80,p266_080,158,80,22
40,81,p266_081,202,117,8
40,82,p266_082,123,42,0
40,83,p266_083,155,94,3
40,84,p266_084,206,135,4
40,85,p266_085,121,78,0
40,86,p266_086,255,163,4
40,87,p266_087,131,65,2
40,88,p266_088,142,75,1
40,89,p266_089,118,50,4
40,90,p266_090,283,165,1
40,91,p266_091,107,38,18
40,92,p266_092,222,145,11
40,93,p266_093,251,174,17
40,94,p266_094,107,47,7
40,95,p266_095,262,210,0
40,96,p266_096,161,93,2
40,97,p266_097,113,78,0
40,98,p266_098,211,154,3
40,99,p266_099,126,73,0
40,100,p266_100,143,80,0
40,101,p266_101,206,144,2
40,102,p266_102,164,95,6
40,103,p266_103,121,58,5
40,104,p266_104,161,72,9
40,105,p266_105,110,51,0
40,106,p266_106,113,58,0
40,107,p266_107,254,161,26
40,108,p266_108,332,240,2
40,109,p266_109,257,181,7
40,110,p266_110,195,116,14
40,111,p266_111,118,63,0
40,112,p266_112,238,157,1
40,113,p266_113,102,30,22
40,114,p266_114,181,104,13
40,115,p266_115,171,93,7
40,116,p266_116,91,70,0
40,117,p266_117,115,61,3
40,118,p266_118,203,114,0
40,119,p266_119,195,101,0
40,120,p266_120,312,214,10
40,121,p266_121,185,103,11
40,122,p266_122,99,42,0
40,123,p266_123,259,158,7
40,124,p266_124,155,83,14
40,125,p266_125,102,65,0
40,126,p266_126,214,144,3
40,127,p266_127,121,67,1
40,128,p266_128,187,104,2
40,129,p266_129,201,117,7
40,130,p266_130,118,65,2
40,131,p266_131,174,117,22
40,132,p266_132,223,155,0
40,133,p266_133,227,151,26
40,134,p266_134,259,180,17
40,135,p266_135,285,173,3
40,136,p266_136,91,73,0
40,137,p266_137,245,194,0
40,138,p266_138,89,45,1
40,139,p266_139,163,85,2
40,140,p266_140,243,142,8
40,141,p266_141,115,39,5
40,142,p266_142,118,78,2
40,143,p266_143,153,72,10
40,144,p266_144,282,176,7
40,145,p266_145,129,95,0
40,146,p266_146,193,86,8
40,147,p266_147,291,200,2
40,148,p266_148,161,95,0
40,149,p266_149,304,208,13
40,150,p266_150,158,66,3
40,151,p266_151,256,172,7
40,152,p266_152,142,74,3
40,153,p266_153,275,169,1
40,154,p266_154,139,72,2
40,155,p266_155,115,55,13
40,156,p266_156,219,132,6
40,157,p266_157,139,69,7
40,158,p266_158,235,163,20
40,159,p266_159,218,128,10
40,160,p266_160,105,48,1
40,161,p266_161,159,75,5
40,162,p266_162,182,102,6
40,163,p266_163,272,160,0
40,164,p266_164,155,99,16
40,165,p266_165,176,91,42
40,166,p266_166,283,185,3
40,167,p266_167,137,97,0
40,168,p266_168,187,107,28
40,169,p266_169,238,163,4
40,170,p266_170,231,149,11
40,171,p266_171,209,148,3
40,172,p266_172,171,92,18
40,173,p266_173,244,156,3
40,174,p266_174,180,114,5
40,175,p266_175,150,81,2
40,176,p266_176,126,72,13
40,177,p266_177,102,72,0
40,178,p266_178,253,167,5
40,179,p266_179,154,75,2
40,180,p266_180,246,171,0
40,181,p266_181,105,56,0
40,182,p266_182,259,181,1
40,183,p266_183,187,114,18
40,184,p266_184,182,107,6
40,185,p266_186,201,101,1
40,186,p266_187,145,83,1
40,187,p266_188,123,60,0
40,188,p266_189,313,220,6
40,189,p266_190,254,170,6
40,190,p266_191,217,184,0
40,191,p266_192,158,79,3
40,192,p266_193,254,179,6
40,193,p266_194,99,60,0
40,194,p266_195,225,135,0
40,195,p266_196,123,108,0
40,196,p266_197,222,166,2
40,197,p266_198,126,62,2
40,198,p266_199,230,160,9
40,199,p266_200,89,48,0
40,200,p266_201,157,86,11
41,1,p267_001,137,73,7
41,2,p267_002,233,174,0
41,3,p267_003,447,308,10
41,4,p267_004,336,173,10
41,5,p267_005,350,293,2
41,6,p267_006,329,254,2
41,7,p267_007,243,169,2
41,8,p267_008,432,286,11
41,9,p267_009,294,212,0
41,10,p267_010,223,108,15
41,11,p267_011,425,306,12
41,12,p267_012,293,164,51
41,13,p267_013,277,215,0
41,14,p267_014,302,211,1
41,15,p267_015,358,307,2
41,16,p267_016,401,311,6
41,17,p267_017,239,173,7
41,18,p267_018,355,262,2
41,19,p267_019,417,315,4
41,20,p267_020,323,194,0
41,21,p267_021,571,394,4
41,22,p267_022,410,273,9
41,23,p267_023,711,495,5
41,24,p267_024,433,323,12
41,25,p267_025,212,94,43
41,26,p267_026,208,138,2
41,27,p267_027,146,69,9
41,28,p267_028,234,137,9
41,29,p267_029,140,86,2
41,30,p267_030,137,71,38
41,31,p267_031,131,115,0
41,32,p267_032,195,131,5
41,33,p267_033,328,174,10
41,34,p267_034,203,127,6
41,35,p267_035,201,116,19
41,36,p267_036,203,100,8
41,37,p267_037,209,106,19
41,38,p267_038,205,147,0
41,39,p267_039,201,103,18
41,40,p267_040,153,79,10
41,41,p267_041,198,122,3
41,42,p267_042,137,123,0
41,43,p267_043,150,85,3
41,44,p267_044,166,109,1
41,45,p267_045,134,87,1
41,46,p267_046,169,106,0
41,47,p267_047,219,149,4
41,48,p267_048,147,95,0
41,49,p267_049,195,157,2
41,50,p267_050,163,100,2
41,51,p267_051,202,118,6
41,52,p267_052,147,88,2
41,53,p267_053,233,135,9
41,54,p267_054,170,61,30
41,55,p267_055,142,76,9
41,56,p267_056,220,143,6
41,57,p267_057,169,107,2
41,58,p267_058,166,110,1
41,59,p267_059,205,111,10
41,60,p267_060,177,121,2
41,61,p267_061,155,103,0
41,62,p267_062,147,86,8
41,63,p267_063,178,96,2
41,64,p267_064,125,56,8
41,65,p267_065,134,42,26
41,66,p267_066,131,52,0
41,67,p267_067,147,91,1
41,68,p267_068,225,153,1
41,69,p267_069,190,159,0
41,70,p267_070,207,141,0
41,71,p267_071,257,208,0
41,72,p267_072,182,124,0
41,73,p267_073,234,174,0
41,74,p267_074,145,90,0
41,75,p267_075,142,76,4
41,76,p267_076,174,150,0
41,77,p267_077,198,131,4
41,78,p267_078,153,107,0
41,79,p267_079,174,97,2
41,80,p267_080,150,88,0
41,81,p267_081,142,80,1
41,82,p267_082,195,126,1
41,83,p267_083,194,114,4
41,84,p267_084,214,147,1
41,85,p267_085,238,163,3
41,86,p267_086,187,131,0
41,87,p267_087,249,161,3
41,88,p267_088,166,108,4
41,89,p267_089,193,122,3
41,90,p267_090,183,85,3
41,91,p267_091,169,94,0
41,92,p267_092,142,62,6
41,93,p267_093,214,110,4
41,94,p267_094,153,81,0
41,95,p267_095,182,131,0
41,96,p267_096,197,119,0
41,97,p267_097,209,126,0
41,98,p267_098,139,48,2
41,99,p267_099,139,102,0
41,100,p267_100,145,71,4
41,101,p267_102,181,98,2
41,102,p267_103,182,114,2
41,103,p267_104,147,78,4
41,104,p267_105,147,66,4
41,105,p267_106,161,85,9
41,106,p267_107,163,121,0
41,107,p267_108,179,121,0
41,108,p267_109,150,117,0
41,109,p267_110,158,84,0
41,110,p267_111,161,112,0
41,111,p267_112,137,94,1
41,112,p267_113,123,85,0
41,113,p267_114,123,87,0
41,114,p267_115,206,107,5
41,115,p267_116,193,133,0
41,116,p267_117,185,143,0
41,117,p267_118,166,78,1
41,118,p267_119,146,80,0
41,119,p267_120,150,87,0
41,120,p267_121,137,92,0
41,121,p267_122,166,104,0
41,122,p267_123,185,119,0
41,123,p267_124,155,116,0
41,124,p267_125,142,102,0
41,125,p267_126,262,146,11
41,126,p267_127,254,149,9
41,127,p267_128,203,157,0
41,128,p267_129,145,93,0
41,129,p267_130,204,82,18
41,130,p267_131,254,135,3
41,131,p267_132,243,118,12
41,132,p267_133,145,101,3
41,133,p267_134,173,91,1
41,134,p267_135,153,72,10
41,135,p267_136,179,99,3
41,136,p267_137,171,127,1
41,137,p267_138,233,166,2
41,138,p267_139,126,93,0
41,139,p267_140,163,109,1
41,140,p267_141,209,135,4
41,141,p267_142,169,143,0
41,142,p267_143,179,119,3
41,143,p267_144,145,82,1
41,144,p267_145,145,86,2
41,145,p267_146,236,156,1
41,146,p267_147,163,79,10
41,147,p267_148,162,153,0
41,148,p267_149,204,173,0
41,149,p267_150,214,132,5
41,150,p267_151,187,109,1
41,151,p267_152,150,79,2
41,152,p267_153,166,108,0
41,153,p267_154,137,83,5
41,154,p267_155,187,146,0
41,155,p267_156,210,151,0
41,156,p267_157,174,101,0
41,157,p267_158,200,125,0
41,158,p267_159,203,116,2
41,159,p267_160,166,101,0
41,160,p267_161,163,91,0
41,161,p267_162,102,29,6
41,162,p267_163,134,65,0
41,163,p267_164,123,72,0
41,164,p267_165,178,103,6
41,165,p267_166,129,106,0
41,166,p267_167,137,76,0
41,167,p267_168,163,84,14
41,168,p267_169,209,146,0
41,169,p267_170,178,116,0
41,170,p267_171,147,69,8
41,171,p267_172,222,136,0
41,172,p267_173,190,132,10
41,173,p267_174,128,88,1
41,174,p267_175,134,93,0
41,175,p267_176,139,90,0
41,176,p267_177,161,87,0
41,177,p267_178,184,97,2
41,178,p267_179,200,109,3
41,179,p267_180,177,139,0
41,180,p267_181,150,88,1
41,181,p267_182,136,67,0
41,182,p267_183,155,109,0
41,183,p267_184,222,152,2
41,184,p267_185,147,99,0
41,185,p267_186,161,108,0
41,186,p267_187,150,80,1
41,187,p267_188,161,105,0
41,188,p267_189,238,168,0
41,189,p267_190,169,103,0
41,190,p267_191,217,144,0
41,191,p267_192,171,115,0
41,192,p267_193,130,81,0
41,193,p267_194,159,116,0
41,194,p267_195,147,95,2
41,195,p267_196,174,78,0
41,196,p267_197,150,99,0
41,197,p267_198,259,152,13
41,198,p267_199,169,98,0
41,199,p267_200,182,91,7
41,200,p267_201,193,136,6
42,1,p268_001,171,47,69
42,2,p268_002,251,78,99
42,3,p268_003,541,228,129
42,4,p268_004,334,125,131
42,5,p268_005,474,241,87
42,6,p268_006,444,198,168
42,7,p268_007,363,146,156
42,8,p268_009,499,155,276
42,9,p268_010,243,87,131
42,10,p268_011,493,242,150
42,11,p268_012,327,157,116
42,12,p268_013,325,141,102
42,13,p268_014,403,204,142
42,14,p268_015,377,202,105
42,15,p268_016,472,247,139
42,16,p268_017,269,108,95
42,17,p268_018,385,190,129
42,18,p268_019,508,239,161
42,19,p268_020,288,140,97
42,20,p268_021,625,303,171
42,21,p268_022,459,219,151
42,22,p268_024,554,272,196
42,23,p268_025,221,58,120
42,24,p268_026,210,57,133
42,25,p268_027,245,83,91
42,26,p268_028,346,159,121
42,27,p268_029,201,49,98
42,28,p268_030,209,64,103
42,29,p268_031,227,93,100
42,30,p268_032,215,103,76
42,31,p268_033,214,85,88
42,32,p268_034,238,95,109
42,33,p268_035,218,66,107
42,34,p268_036,204,71,105
42,35,p268_037,188,55,79
42,36,p268_038,198,73,97
42,37,p268_039,166,38,119
42,38,p268_040,176,43,116
42,39,p268_041,192,47,130
42,40,p268_042,143,40,74
42,41,p268_043,175,62,95
42,42,p268_044,232,103,83
42,43,p268_045,267,125,88
42,44,p268_046,174,62,85
42,45,p268_047,209,91,88
42,46,p268_048,216,82,98
42,47,p268_049,184,64,87
42,48,p268_050,278,118,102
42,49,p268_051,190,74,97
42,50,p268_052,301,130,119
42,51,p268_053,295,147,91
42,52,p268_054,201,80,62
42,53,p268_055,216,79,70
42,54,p268_056,266,85,159
42,55,p268_057,313,71,214
42,56,p268_058,237,52,165
42,57,p268_059,174,55,57
42,58,p268_060,237,66,134
42,59,p268_061,222,69,118
42,60,p268_062,203,48,126
42,61,p268_063,213,67,115
42,62,p268_064,218,51,127
42,63,p268_065,188,61,103
42,64,p268_066,233,85,120
42,65,p268_067,159,41,80
42,66,p268_068,263,101,125
42,67,p268_069,213,81,117
42,68,p268_070,356,141,161
42,69,p268_071,315,90,166
42,70,p268_072,238,56,156
42,71,p268_073,236,62,139
42,72,p268_074,234,84,140
42,73,p268_075,210,48,138
42,74,p268_076,250,86,140
42,75,p268_077,310,51,229
42,76,p268_078,215,55,136
42,77,p268_079,250,79,139
42,78,p268_080,231,80,119
42,79,p268_081,403,138,162
42,80,p268_082,193,88,59
42,81,p268_083,280,109,126
42,82,p268_084,228,87,111
42,83,p268_085,247,89,109
42,84,p268_086,236,86,128
42,85,p268_087,185,57,109
42,86,p268_088,265,82,146
42,87,p268_089,237,67,131
42,88,p268_090,207,60,124
42,89,p268_091,243,71,148
42,90,p268_092,248,85,111
42,91,p268_093,270,87,130
42,92,p268_094,234,76,116
42,93,p268_095,166,52,77
42,94,p268_096,208,61,119
42,95,p268_097,141,21,95
42,96,p268_098,179,50,93
42,97,p268_099,134,41,77
42,98,p268_100,169,67,51
42,99,p268_101,155,46,95
42,100,p268_102,180,68,97
42,101,p268_103,215,101,86
42,102,p268_104,179,70,85
42,103,p268_105,185,66,99
42,104,p268_106,250,87,93
42,105,p268_107,239,83,112
42,106,p268_108,231,88,109
42,107,p268_109,296,126,115
42,108,p268_110,223,86,106
42,109,p268_111,189,65,101
42,110,p268_112,201,75,91
42,111,p268_113,298,138,109
42,112,p268_114,195,49,120
42,113,p268_115,216,62,133
42,114,p268_116,246,88,135
42,115,p268_117,227,72,118
42,116,p268_118,216,74,109
42,117,p268_119,301,79,160
42,118,p268_120,219,87,50
42,119,p268_121,166,51,48
42,120,p268_122,283,104,134
42,121,p268_123,241,80,138
42,122,p268_124,215,97,109
42,123,p268_125,241,72,132
42,124,p268_126,214,63,113
42,125,p268_127,237,73,120
42,126,p268_128,233,81,119
42,127,p268_129,193,58,102
42,128,p268_130,228,106,95
42,129,p268_131,225,60,132
42,130,p268_132,281,123,94
42,131,p268_133,239,80,109
42,132,p268_134,271,94,141
42,133,p268_135,326,105,167
42,134,p268_137,233,86,112
42,135,p268_138,247,72,127
42,136,p268_139,269,113,122
42,137,p268_140,269,96,127
42,138,p268_141,315,131,103
42,139,p268_142,322,129,129
42,140,p268_143,199,70,114
42,141,p268_144,204,30,149
42,142,p268_145,201,62,115
42,143,p268_146,180,43,121
42,144,p268_147,168,35,106
42,145,p268_148,301,101,150
42,146,p268_149,341,155,118
42,147,p268_150,240,95,113
42,148,p268_151,254,96,124
42,149,p268_152,220,53,127
42,150,p268_153,228,69,128
42,151,p268_154,214,66,114
42,152,p268_155,280,98,124
42,153,p268_156,206,81,93
42,154,p268_157,308,119,119
42,155,p268_158,223,74,118
42,156,p268_160,311,150,106
42,157,p268_161,251,88,127
42,158,p268_162,213,86,104
42,159,p268_163,306,115,132
42,160,p268_164,197,72,106
42,161,p268_165,210,62,120
42,162,p268_166,193,81,99
42,163,p268_167,175,64,92
42,164,p268_168,224,75,119
42,165,p268_169,219,96,89
42,166,p268_170,201,41,140
42,167,p268_171,281,74,6
42,168,p268_172,315,45,121
42,169,p268_173,215,51,120
42,170,p268_174,295,150,109
42,171,p268_175,203,57,120
42,172,p268_176,243,113,102
42,173,p268_177,297,124,123
42,174,p268_178,185,65,103
42,175,p268_179,279,117,108
42,176,p268_180,405,171,166
42,177,p268_181,206,65,112
42,178,p268_182,346,127,145
42,179,p268_183,207,86,91
42,180,p268_184,189,50,113
42,181,p268_185,260,95,110
42,182,p268_186,198,43,133
42,183,p268_187,251,68,151
42,184,p268_188,208,67,111
42,185,p268_189,266,101,135
42,186,p268_190,221,67,123
42,187,p268_191,250,95,104
42,188,p268_192,221,67,114
42,189,p268_193,236,98,105
42,190,p268_194,210,84,104
42,191,p268_195,218,102,95
42,192,p268_196,219,73,105
42,193,p268_197,176,43,104
42,194,p268_198,254,97,122
42,195,p268_199,203,77,98
42,196,p268_200,245,95,89
42,197,p268_201,187,67,105
42,198,p268_202,243,59,148
42,199,p268_203,210,68,115
42,200,p268_204,214,71,96
43,1,p269_001,141,63,4
43,2,p269_002,230,106,68
43,3,p269_003,391,235,60
43,4,p269_004,297,144,77
43,5,p269_005,350,250,13
43,6,p269_006,323,215,30
43,7,p269_007,256,159,32
43,8,p269_008,439,268,58
43,9,p269_009,295,176,13
43,10,p269_010,195,118,8
43,11,p269_011,396,273,49
43,12,p269_012,285,162,68
43,13,p269_013,261,145,21
43,14,p269_014,315,193,17
43,15,p269_015,357,238,6
43,16,p269_016,367,259,20
43,17,p269_017,238,131,43
43,18,p269_018,330,186,23
43,19,p269_019,409,242,71
43,20,p269_020,262,159,40
43,21,p269_021,505,312,87
43,22,p269_022,390,223,51
43,23,p269_023,652,406,94
43,24,p269_024,455,260,122
43,25,p269_025,261,151,61
43,26,p269_026,102,45,10
43,27,p269_027,205,126,4
43,28,p269_028,197,92,41
43,29,p269_029,273,176,18
43,30,p269_030,115,41,6
43,31,p269_031,121,35,35
43,32,p269_032,152,64,7
43,33,p269_033,171,82,17
43,34,p269_034,276,181,7
43,35,p269_035,129,45,3
43,36,p269_036,182,93,15
43,37,p269_037,215,113,30
43,38,p269_038,250,141,13
43,39,p269_039,118,53,12
43,40,p269_040,286,181,53
43,41,p269_041,191,78,53
43,42,p269_042,123,45,1
43,43,p269_043,115,39,49
43,44,p269_044,212,112,26
43,45,p269_045,198,114,3
43,46,p269_046,226,140,32
43,47,p269_047,121,41,6
43,48,p269_048,132,53,5
43,49,p269_049,209,124,15
43,50,p269_050,173,73,10
43,51,p269_051,259,154,68
43,52,p269_052,119,42,11
43,53,p269_053,149,58,23
43,54,p269_054,271,181,26
43,55,p269_055,226,100,35
43,56,p269_056,138,67,4
43,57,p269_057,158,81,5
43,58,p269_058,151,74,4
43,59,p269_059,128,47,5
43,60,p269_060,142,62,5
43,61,p269_061,149,58,17
43,62,p269_062,174,86,6
43,63,p269_063,150,48,26
43,64,p269_064,114,40,30
43,65,p269_065,162,86,8
43,66,p269_066,329,190,8
43,67,p269_067,237,127,19
43,68,p269_068,133,60,16
43,69,p269_069,176,93,10
43,70,p269_070,186,91,35
43,71,p269_071,92,31,3
43,72,p269_072,137,51,30
43,73,p269_073,149,61,33
43,74,p269_074,191,85,39
43,75,p269_075,182,77,55
43,76,p269_076,174,91,52
43,77,p269_077,241,145,14
43,78,p269_078,163,86,35
43,79,p269_079,177,63,38
43,80,p269_080,155,73,16
43,81,p269_081,170,91,15
43,82,p269_082,223,128,14
43,83,p269_083,172,84,11
43,84,p269_084,142,60,2
43,85,p269_085,249,144,8
43,86,p269_086,146,61,17
43,87,p269_087,144,50,9
43,88,p269_088,192,104,50
43,89,p269_089,114,34,16
43,90,p269_090,200,93,38
43,91,p269_091,234,137,27
43,92,p269_092,265,168,4
43,93,p269_093,149,63,23
43,94,p269_094,152,66,37
43,95,p269_096,207,113,37
43,96,p269_097,307,174,35
43,97,p269_098,284,170,48
43,98,p269_099,314,191,30
43,99,p269_100,160,64,14
43,100,p269_101,179,101,26
43,101,p269_102,162,83,21
43,102,p269_103,211,128,26
43,103,p269_104,262,108,9
43,104,p269_105,142,43,11
43,105,p269_106,243,122,56
43,106,p269_107,175,65,0
43,107,p269_108,149,52,18
43,108,p269_109,195,91,28
43,109,p269_110,186,93,15
43,110,p269_111,204,89,0
43,111,p269_112,141,50,7
43,112,p269_113,267,158,15
43,113,p269_114,239,118,40
43,114,p269_115,161,69,8
43,115,p269_116,137,55,4
43,116,p269_117,244,141,2
43,117,p269_118,280,141,9
43,118,p269_119,150,84,2
43,119,p269_121,275,162,35
43,120,p269_122,121,51,22
43,121,p269_123,179,89,16
43,122,p269_124,217,133,10
43,123,p269_125,226,124,4
43,124,p269_126,245,142,43
43,125,p269_127,254,133,44
43,126,p269_128,230,141,33
43,127,p269_129,209,102,43
43,128,p269_130,220,136,18
43,129,p269_131,195,101,40
43,130,p269_132,121,40,35
43,131,p269_133,160,78,17
43,132,p269_134,172,83,7
43,133,p269_135,261,132,26
43,134,p269_136,225,103,56
43,135,p269_137,126,59,0
43,136,p269_138,198,96,21
43,137,p269_139,135,46,30
43,138,p269_140,274,150,51
43,139,p269_141,254,160,6
43,140,p269_142,147,60,25
43,141,p269_143,221,106,12
43,142,p269_144,211,102,22
43,143,p269_145,227,158,45
43,144,p269_146,163,66,43
43,145,p269_147,257,132,42
43,146,p269_148,126,36,34
43,147,p269_149,139,66,4
43,148,p269_150,133,60,12
43,149,p269_151,197,84,22
43,150,p269_152,265,178,7
43,151,p269_153,236,137,12
43,152,p269_154,173,55,14
43,153,p269_155,192,62,11
43,154,p269_156,227,98,2
43,155,p269_157,185,89,3
43,156,p269_158,225,113,1
43,157,p269_159,192,50,5
43,158,p269_160,188,109,1
43,159,p269_161,237,134,0
43,160,p269_162,169,78,18
43,161,p269_163,191,113,10
43,162,p269_164,131,55,4
43,163,p269_165,164,87,1
43,164,p269_166,190,91,6
43,165,p269_167,251,148,39
43,166,p269_168,140,70,5
43,167,p269_169,256,160,18
43,168,p269_170,143,55,8
43,169,p269_171,182,80,17
43,170,p269_172,126,47,4
43,171,p269_173,264,165,4
43,172,p269_174,242,142,26
43,173,p269_175,237,101,39
43,174,p269_176,170,69,33
43,175,p269_177,214,100,12
43,176,p269_179,222,120,9
43,177,p269_180,190,106,26
43,178,p269_181,239,137,30
43,179,p269_182,206,109,27
43,180,p269_183,135,60,14
43,181,p269_184,302,148,22
43,182,p269_185,176,62,63
43,183,p269_186,110,45,0
43,184,p269_187,131,63,12
43,185,p269_188,182,78,27
43,186,p269_189,171,74,19
43,187,p269_190,126,81,0
43,188,p269_191,286,145,20
43,189,p269_193,198,96,11
43,190,p269_194,244,157,3
43,191,p269_195,216,125,8
43,192,p269_196,155,84,4
43,193,p269_197,249,140,16
43,194,p269_198,196,101,45
43,195,p269_199,182,67,8
43,196,p269_200,164,53,3
43,197,p269_201,248,136,12
43,198,p269_202,229,121,12
43,199,p269_203,118,32,48
43,200,p269_204,260,135,11
44,1,p270_001,153,93,0
44,2,p270_002,296,192,22
44,3,p270_003,539,302,40
44,4,p270_004,370,247,3
44,5,p270_005,478,365,13
44,6,p270_006,405,261,17
44,7,p270_007,313,231,30
44,8,p270_008,526,356,6
44,9,p270_009,339,209,19
44,10,p270_010,203,136,3
44,11,p270_011,508,361,22
44,12,p270_012,315,203,15
44,13,p270_013,319,228,2
44,14,p270_014,331,218,26
44,15,p270_015,382,272,22
44,16,p270_016,470,344,1
44,17,p270_017,283,166,5
44,18,p270_018,390,252,62
44,19,p270_019,474,328,33
44,20,p270_020,294,198,5
44,21,p270_021,606,390,56
44,22,p270_022,446,322,6
44,23,p270_023,809,546,58
44,24,p270_024,774,527,23
44,25,p270_025,254,142,19
44,26,p270_026,163,130,0
44,27,p270_027,188,123,0
44,28,p270_028,179,106,27
44,29,p270_029,193,96,17
44,30,p270_030,195,129,2
44,31,p270_031,173,98,1
44,32,p270_032,206,129,8
44,33,p270_033,164,92,0
44,34,p270_034,306,167,28
44,35,p270_035,176,99,2
44,36,p270_036,139,82,5
44,37,p270_037,238,141,0
44,38,p270_038,231,135,3
44,39,p270_039,182,123,1
44,40,p270_040,166,97,16
44,41,p270_041,166,99,1
44,42,p270_042,171,126,7
44,43,p270_043,199,96,1
44,44,p270_044,169,94,0
44,45,p270_045,230,107,5
44,46,p270_046,195,100,3
44,47,p270_047,174,93,0
44,48,p270_048,289,191,10
44,49,p270_049,201,90,0
44,50,p270_050,211,139,2
44,51,p270_051,161,97,0
44,52,p270_052,137,58,0
44,53,p270_053,126,52,1
44,54,p270_054,187,114,7
44,55,p270_055,254,127,9
44,56,p270_056,193,79,0
44,57,p270_057,169,105,0
44,58,p270_058,249,165,2
44,59,p270_059,203,125,2
44,60,p270_060,166,91,0
44,61,p270_061,260,166,6
44,62,p270_062,211,132,0
44,63,p270_063,172,99,7
44,64,p270_064,233,160,1
44,65,p270_065,259,197,0
44,66,p270_066,246,132,13
44,67,p270_067,179,90,0
44,68,p270_068,226,132,0
44,69,p270_069,225,131,4
44,70,p270_070,326,215,0
44,71,p270_071,291,204,7
44,72,p270_072,334,187,1
44,73,p270_073,241,162,1
44,74,p270_074,167,88,0
44,75,p270_075,201,125,0
44,76,p270_076,185,130,0
44,77,p270_077,203,124,0
44,78,p270_078,187,106,2
44,79,p270_079,190,102,0
44,80,p270_080,241,174,0
44,81,p270_081,195,102,0
44,82,p270_082,264,157,0
44,83,p270_083,292,209,0
44,84,p270_084,201,137,0
44,85,p270_085,238,169,0
44,86,p270_086,332,285,0
44,87,p270_087,267,181,3
44,88,p270_088,171,92,0
44,89,p270_089,153,80,0
44,90,p270_090,273,155,0
44,91,p270_091,308,195,1
44,92,p270_092,198,127,2
44,93,p270_093,214,144,4
44,94,p270_094,343,217,10
44,95,p270_095,249,180,0
44,96,p270_096,305,198,1
44,97,p270_097,195,112,0
44,98,p270_098,182,117,0
44,99,p270_099,190,105,2
44,100,p270_100,203,127,14
44,101,p270_101,291,172,3
44,102,p270_102,214,143,0
44,103,p270_103,254,183,0
44,104,p270_104,226,127,0
44,105,p270_105,195,118,0
44,106,p270_106,244,162,0
44,107,p270_107,249,180,0
44,108,p270_108,191,109,1
44,109,p270_109,182,114,0
44,110,p270_110,144,68,0
44,111,p270_111,198,120,1
44,112,p270_112,145,83,0
44,113,p270_113,297,182,0
44,114,p270_114,241,214,0
44,115,p270_115,262,182,0
44,116,p270_116,169,104,3
44,117,p270_117,206,145,0
44,118,p270_118,182,120,0
44,119,p270_119,195,132,4
44,120,p270_120,153,100,0
44,121,p270_121,137,64,1
44,122,p270_122,182,112,0
44,123,p270_123,179,106,0
44,124,p270_124,179,112,0
44,125,p270_125,222,135,0
44,126,p270_126,214,139,2
44,127,p270_127,249,164,0
44,128,p270_128,177,98,0
44,129,p270_129,118,77,0
44,130,p270_130,102,52,0
44,131,p270_131,118,57,2
44,132,p270_132,134,62,0
44,133,p270_133,172,111,0
44,134,p270_134,139,64,0
44,135,p270_135,201,127,2
44,136,p270_136,246,186,0
44,137,p270_137,137,93,0
44,138,p270_138,206,132,2
44,139,p270_139,190,103,1
44,140,p270_140,190,147,0
44,141,p270_141,161,95,0
44,142,p270_142,145,99,1
44,143,p270_143,121,66,35
44,144,p270_144,169,120,0
44,145,p270_145,201,140,3
44,146,p270_146,190,124,0
44,147,p270_147,241,202,0
44,148,p270_148,305,231,3
44,149,p270_149,168,85,11
44,150,p270_150,166,111,11
44,151,p270_151,235,148,2
44,152,p270_152,267,181,9
44,153,p270_153,147,74,0
44,154,p270_154,153,95,11
44,155,p270_155,169,112,7
44,156,p270_156,139,90,0
44,157,p270_157,137,68,3
44,158,p270_158,187,101,11
44,159,p270_159,139,76,6
44,160,p270_160,137,75,15
44,161,p270_161,134,69,12
44,162,p270_162,185,142,0
44,163,p270_163,254,211,1
44,164,p270_164,139,79,0
44,165,p270_165,190,115,2
44,166,p270_166,206,146,0
44,167,p270_167,161,86,0
44,168,p270_168,193,122,1
44,169,p270_169,185,101,1
44,170,p270_170,147,81,0
44,171,p270_171,169,96,6
44,172,p270_172,222,157,5
44,173,p270_173,153,73,2
44,174,p270_174,163,98,8
44,175,p270_175,214,138,0
44,176,p270_176,121,66,0
44,177,p270_177,198,113,0
44,178,p270_178,134,62,0
44,179,p270_179,179,105,3
44,180,p270_180,177,118,0
44,181,p270_181,230,156,1
44,182,p270_182,177,116,2
44,183,p270_183,182,105,2
44,184,p270_184,275,187,7
44,185,p270_185,206,123,3
44,186,p270_186,225,160,5
44,187,p270_187,219,135,5
44,188,p270_188,163,97,1
44,189,p270_189,187,108,6
44,190,p270_190,161,84,1
44,191,p270_191,185,99,9
44,192,p270_192,134,74,0
44,193,p270_193,180,97,1
44,194,p270_194,265,196,1
44,195,p270_195,169,124,11
44,196,p270_196,190,122,0
44,197,p270_197,155,91,6
44,198,p270_198,195,153,7
44,199,p270_199,139,83,6
44,200,p270_200,171,108,0
45,1,p271_001,154,54,32
45,2,p271_002,243,120,62
45,3,p271_003,545,260,124
45,4,p271_004,367,177,61
45,5,p271_005,459,287,38
45,6,p271_006,398,259,16
45,7,p271_007,329,225,30
45,8,p271_008,587,337,143
45,9,p271_009,324,200,53
45,10,p271_010,211,103,31
45,11,p271_011,545,357,65
45,12,p271_012,317,204,57
45,13,p271_013,355,194,50
45,14,p271_014,339,221,41
45,15,p271_015,465,320,27
45,16,p271_016,449,325,51
45,17,p271_017,267,130,76
45,18,p271_018,499,277,74
45,19,p271_019,566,328,82
45,20,p271_020,273,167,58
45,21,p271_021,657,444,45
45,22,p271_022,601,418,13
45,23,p271_023,1035,544,233
45,24,p271_024,501,375,44
45,25,p271_025,143,65,38
45,26,p271_026,233,145,50
45,27,p271_027,312,217,14
45,28,p271_028,241,173,0
45,29,p271_029,134,69,49
45,30,p271_030,243,193,1
45,31,p271_031,238,146,6
45,32,p271_032,131,58,10
45,33,p271_033,128,55,12
45,34,p271_034,198,115,42
45,35,p271_035,161,79,51
45,36,p271_036,235,128,0
45,37,p271_037,147,86,10
45,38,p271_038,129,63,4
45,39,p271_039,258,164,32
45,40,p271_040,275,160,50
45,41,p271_041,327,181,62
45,42,p271_042,112,46,23
45,43,p271_043,133,53,56
45,44,p271_044,164,76,53
45,45,p271_045,180,94,59
45,46,p271_046,167,50,59
45,47,p271_047,158,77,61
45,48,p271_048,161,82,7
45,49,p271_049,198,124,33
45,50,p271_050,228,117,59
45,51,p271_051,238,144,25
45,52,p271_052,118,54,2
45,53,p271_053,225,120,55
45,54,p271_054,147,93,23
45,55,p271_055,161,66,52
45,56,p271_056,210,110,49
45,57,p271_057,125,54,61
45,58,p271_058,115,45,34
45,59,p271_059,110,44,17
45,60,p271_060,183,80,44
45,61,p271_061,123,27,63
45,62,p271_062,107,40,50
45,63,p271_063,270,168,26
45,64,p271_064,161,71,37
45,65,p271_065,135,43,54
45,66,p271_066,102,40,39
45,67,p271_067,183,100,23
45,68,p271_068,278,182,48
45,69,p271_069,126,49,20
45,70,p271_070,209,139,42
45,71,p271_071,125,40,61
45,72,p271_072,240,137,38
45,73,p271_073,163,76,19
45,74,p271_074,138,48,68
45,75,p271_075,135,68,13
45,76,p271_076,181,86,44
45,77,p271_077,391,220,75
45,78,p271_078,111,44,24
45,79,p271_079,186,67,95
45,80,p271_080,161,51,9
45,81,p271_081,176,83,3
45,82,p271_082,136,59,6
45,83,p271_083,125,36,56
45,84,p271_084,173,79,64
45,85,p271_085,254,121,58
45,86,p271_086,129,43,24
45,87,p271_087,191,103,45
45,88,p271_088,282,192,6
45,89,p271_089,142,68,34
45,90,p271_090,294,168,32
45,91,p271_091,301,170,80
45,92,p271_092,118,54,25
45,93,p271_093,193,116,31
45,94,p271_094,130,44,46
45,95,p271_095,302,191,58
45,96,p271_096,131,39,32
45,97,p271_097,159,89,1
45,98,p271_098,123,49,10
45,99,p271_099,139,53,55
45,100,p271_100,161,76,34
45,101,p271_101,188,94,33
45,102,p271_102,147,53,50
45,103,p271_103,257,131,81
45,104,p271_104,182,76,43
45,105,p271_105,151,50,78
45,106,p271_106,250,126,51
45,107,p271_107,141,60,47
45,108,p271_108,186,104,63
45,109,p271_109,145,52,37
45,110,p271_110,153,51,47
45,111,p271_111,194,105,20
45,112,p271_112,349,235,28
45,113,p271_113,237,136,34
45,114,p271_114,120,49,4
45,115,p271_115,211,132,40
45,116,p271_116,161,59,23
45,117,p271_117,223,132,10
45,118,p271_118,126,56,23
45,119,p271_119,151,60,54
45,120,p271_120,113,49,2
45,121,p271_121,311,199,37
45,122,p271_122,314,182,47
45,123,p271_123,121,41,27
45,124,p271_124,302,181,79
45,125,p271_125,278,172,37
45,126,p271_126,123,51,33
45,127,p271_127,312,191,39
45,128,p271_128,265,151,7
45,129,p271_129,201,118,16
45,130,p271_130,136,63,13
45,131,p271_131,133,49,33
45,132,p271_132,287,183,62
45,133,p271_133,257,153,16
45,134,p271_134,299,195,72
45,135,p271_135,175,92,2
45,136,p271_136,111,21,17
45,137,p271_137,144,63,19
45,138,p271_138,139,54,30
45,139,p271_139,102,42,23
45,140,p271_140,326,217,53
45,141,p271_141,240,116,2
45,142,p271_142,239,141,31
45,143,p271_143,307,194,41
45,144,p271_144,138,69,1
45,145,p271_145,167,75,22
45,146,p271_146,277,175,51
45,147,p271_147,138,50,18
45,148,p271_148,330,185,61
45,149,p271_149,123,42,23
45,150,p271_150,161,62,49
45,151,p271_151,326,205,75
45,152,p271_152,268,175,37
45,153,p271_153,224,141,50
45,154,p271_154,193,78,69
45,155,p271_155,245,159,25
45,156,p271_156,134,39,59
45,157,p271_157,123,63,51
45,158,p271_158,275,156,46
45,159,p271_159,152,68,34
45,160,p271_160,192,104,3
45,161,p271_161,153,58,10
45,162,p271_162,161,76,32
45,163,p271_163,157,71,25
45,164,p271_164,270,194,44
45,165,p271_165,136,56,11
45,166,p271_166,190,98,37
45,167,p271_167,157,67,27
45,168,p271_168,352,232,39
45,169,p271_169,154,68,26
45,170,p271_170,370,207,86
45,171,p271_171,130,63,19
45,172,p271_172,285,192,31
45,173,p271_173,153,67,30
45,174,p271_174,262,163,63
45,175,p271_175,172,67,51
45,176,p271_176,281,185,0
45,177,p271_177,145,70,17
45,178,p271_178,150,59,55
45,179,p271_179,266,134,66
45,180,p271_180,183,91,35
45,181,p271_181,133,40,31
45,182,p271_182,350,168,91
45,183,p271_183,266,160,47
45,184,p271_184,177,84,41
45,185,p271_185,245,138,59
45,186,p271_186,307,196,15
45,187,p271_187,129,52,20
45,188,p271_188,113,44,18
45,189,p271_189,375,232,17
45,190,p271_190,238,135,8
45,191,p271_191,225,116,64
45,192,p271_192,222,101,16
45,193,p271_193,134,56,31
45,194,p271_194,319,234,32
45,195,p271_195,208,102,46
45,196,p271_196,286,187,47
45,197,p271_197,336,203,29
45,198,p271_198,277,171,39
45,199,p271_199,159,48,72
45,200,p271_200,254,135,39
46,1,p272_002,253,122,77
46,2,p272_003,459,267,29
46,3,p272_004,289,152,44
46,4,p272_005,390,247,31
46,5,p272_006,355,232,31
46,6,p272_007,270,183,23
46,7,p272_008,441,279,71
46,8,p272_009,297,169,68
46,9,p272_010,182,92,37
46,10,p272_011,390,278,35
46,11,p272_012,310,178,52
46,12,p272_013,227,161,9
46,13,p272_014,273,185,8
46,14,p272_015,363,237,20
46,15,p272_016,358,249,56
46,16,p272_017,222,123,49
46,17,p272_018,323,212,50
46,18,p272_019,411,272,57
46,19,p272_020,241,148,30
46,20,p272_021,526,367,58
46,21,p272_022,390,243,52
46,22,p272_023,635,453,45
46,23,p272_024,385,270,38
46,24,p272_025,238,138,64
46,25,p272_026,115,85,0
46,26,p272_027,118,69,3
46,27,p272_028,203,114,3
46,28,p272_029,185,113,0
46,29,p272_030,131,54,3
46,30,p272_031,118,53,4
46,31,p272_032,161,84,6
46,32,p272_033,286,165,78
46,33,p272_034,243,142,58
46,34,p272_035,182,71,31
46,35,p272_036,107,35,33
46,36,p272_037,254,139,34
46,37,p272_038,225,122,56
46,38,p272_039,211,120,15
46,39,p272_040,139,47,22
46,40,p272_041,302,181,24
46,41,p272_042,229,123,65
46,42,p272_043,142,63,30
46,43,p272_044,217,130,7
46,44,p272_045,176,74,23
46,45,p272_046,294,180,51
46,46,p272_047,286,184,17
46,47,p272_048,153,45,46
46,48,p272_049,297,171,11
46,49,p272_050,185,80,23
46,50,p272_051,113,48,27
46,51,p272_052,139,71,12
46,52,p272_053,126,46,18
46,53,p272_054,224,119,39
46,54,p272_055,161,73,0
46,55,p272_056,155,87,8
46,56,p272_057,139,61,3
46,57,p272_058,233,156,12
46,58,p272_059,115,38,22
46,59,p272_060,218,116,18
46,60,p272_061,179,82,4
46,61,p272_062,161,59,28
46,62,p272_063,113,46,10
46,63,p272_064,118,42,2
46,64,p272_065,105,39,39
46,65,p272_066,225,142,0
46,66,p272_067,161,88,3
46,67,p272_068,259,207,0
46,68,p272_069,286,224,7
46,69,p272_070,118,52,2
46,70,p272_071,302,171,7
46,71,p272_072,171,95,11
46,72,p272_073,171,43,9
46,73,p272_074,165,71,8
46,74,p272_075,131,59,6
46,75,p272_076,145,60,1
46,76,p272_077,187,104,5
46,77,p272_078,190,95,0
46,78,p272_079,163,63,2
46,79,p272_080,166,77,0
46,80,p272_081,115,66,2
46,81,p272_082,265,177,5
46,82,p272_083,163,86,37
46,83,p272_084,259,150,6
46,84,p272_085,134,66,4
46,85,p272_086,150,71,0
46,86,p272_087,121,46,1
46,87,p272_088,201,117,27
46,88,p272_089,198,90,47
46,89,p272_090,195,100,14
46,90,p272_091,118,60,4
46,91,p272_092,182,91,28
46,92,p272_093,243,160,5
46,93,p272_094,105,42,5
46,94,p272_095,203,105,43
46,95,p272_096,155,64,4
46,96,p272_097,278,143,68
46,97,p272_098,145,74,7
46,98,p272_099,230,107,34
46,99,p272_100,238,107,18
46,100,p272_101,102,41,0
46,101,p272_102,121,51,0
46,102,p272_103,115,43,4
46,103,p272_104,118,48,24
46,104,p272_105,286,169,24
46,105,p272_106,190,93,8
46,106,p272_107,190,99,0
46,107,p272_108,257,154,11
46,108,p272_109,231,145,2
46,109,p272_110,110,31,8
46,110,p272_111,257,117,35
46,111,p272_112,154,80,30
46,112,p272_113,113,48,4
46,113,p272_114,126,50,8
46,114,p272_115,165,84,18
46,115,p272_116,323,203,46
46,116,p272_117,233,117,63
46,117,p272_118,190,87,13
46,118,p272_119,291,129,79
46,119,p272_120,105,48,5
46,120,p272_121,137,47,15
46,121,p272_122,102,42,17
46,122,p272_123,246,129,13
46,123,p272_124,243,123,35
46,124,p272_125,142,32,18
46,125,p272_126,190,87,34
46,126,p272_127,177,106,11
46,127,p272_128,107,46,21
46,128,p272_129,155,64,29
46,129,p272_130,219,129,27
46,130,p272_131,254,152,6
46,131,p272_132,145,61,14
46,132,p272_133,163,94,23
46,133,p272_134,233,107,25
46,134,p272_135,258,111,45
46,135,p272_136,174,112,27
46,136,p272_137,222,130,13
46,137,p272_138,230,144,4
46,138,p272_139,265,185,5
46,139,p272_140,275,150,23
46,140,p272_141,158,79,12
46,141,p272_142,145,53,15
46,142,p272_143,214,116,26
46,143,p272_144,270,141,32
46,144,p272_145,121,44,3
46,145,p272_146,121,58,1
46,146,p272_147,153,62,12
46,147,p272_148,195,112,11
46,148,p272_149,137,62,26
46,149,p272_150,347,196,40
46,150,p272_151,142,51,6
46,151,p272_152,267,136,34
46,152,p272_153,248,136,25
46,153,p272_154,121,55,6
46,154,p272_155,286,128,5
46,155,p272_156,298,155,73
46,156,p272_157,166,89,17
46,157,p272_158,158,80,9
46,158,p272_159,131,58,3
46,159,p272_160,131,60,5
46,160,p272_161,121,56,30
46,161,p272_162,147,63,0
46,162,p272_163,137,53,11
46,163,p272_164,100,44,6
46,164,p272_165,232,95,4
46,165,p272_166,275,173,8
46,166,p272_167,131,51,24
46,167,p272_168,129,54,12
46,168,p272_169,309,147,66
46,169,p272_170,137,58,27
46,170,p272_171,249,133,36
46,171,p272_172,145,57,22
46,172,p272_173,259,156,16
46,173,p272_174,217,92,15
46,174,p272_175,121,37,13
46,175,p272_176,126,59,1
46,176,p272_177,275,179,5
46,177,p272_178,281,146,20
46,178,p272_179,270,123,18
46,179,p272_180,183,83,16
46,180,p272_181,243,119,25
46,181,p272_182,187,89,27
46,182,p272_183,155,78,6
46,183,p272_184,246,169,2
46,184,p272_185,193,90,27
46,185,p272_186,337,184,16
46,186,p272_187,262,171,28
46,187,p272_188,161,73,10
46,188,p272_189,105,33,17
46,189,p272_190,278,204,10
46,190,p272_191,185,100,42
46,191,p272_192,246,117,21
46,192,p272_193,153,71,9
46,193,p272_194,280,146,24
46,194,p272_195,150,41,10
46,195,p272_196,254,110,76
46,196,p272_197,166,61,19
46,197,p272_198,203,93,28
46,198,p272_199,188,77,23
46,199,p272_200,217,123,10
46,200,p272_201,185,104,10
47,1,p273_002,217,119,42
47,2,p273_003,468,220,155
47,3,p273_004,333,149,94
47,4,p273_005,442,254,83
47,5,p273_006,372,203,84
47,6,p273_007,294,159,78
47,7,p273_008,525,283,138
47,8,p273_009,343,170,69
47,9,p273_010,194,87,52
47,10,p273_011,413,274,26
47,11,p273_012,283,184,46
47,12,p273_013,264,152,54
47,13,p273_014,323,189,40
47,14,p273_015,370,239,66
47,15,p273_016,446,282,91
47,16,p273_017,240,121,64
47,17,p273_018,334,216,38
47,18,p273_019,467,268,78
47,19,p273_020,237,150,38
47,20,p273_021,576,323,58
47,21,p273_022,432,273,21
47,22,p273_023,778,494,67
47,23,p273_024,486,277,101
47,24,p273_025,234,114,9
47,25,p273_026,182,109,0
47,26,p273_027,145,74,6
47,27,p273_028,194,113,8
47,28,p273_029,199,100,45
47,29,p273_030,196,101,14
47,30,p273_031,219,131,56
47,31,p273_032,151,57,35
47,32,p273_033,150,63,8
47,33,p273_034,206,104,40
47,34,p273_035,172,84,33
47,35,p273_036,179,85,6
47,36,p273_037,240,111,21
47,37,p273_038,139,73,5
47,38,p273_039,161,71,11
47,39,p273_040,182,93,29
47,40,p273_041,231,110,53
47,41,p273_042,190,81,31
47,42,p273_043,230,139,16
47,43,p273_044,166,75,7
47,44,p273_045,195,106,9
47,45,p273_046,210,115,33
47,46,p273_047,153,76,0
47,47,p273_048,139,49,12
47,48,p273_049,181,96,5
47,49,p273_050,131,51,12
47,50,p273_051,150,45,25
47,51,p273_052,143,44,67
47,52,p273_053,152,38,42
47,53,p273_054,240,125,42
47,54,p273_055,144,47,32
47,55,p273_056,153,73,9
47,56,p273_057,289,176,37
47,57,p273_058,150,58,19
47,58,p273_059,193,80,24
47,59,p273_060,193,113,10
47,60,p273_061,179,93,38
47,61,p273_062,204,95,18
47,62,p273_063,213,109,26
47,63,p273_064,166,74,36
47,64,p273_065,182,109,12
47,65,p273_066,203,93,69
47,66,p273_067,179,86,30
47,67,p273_068,182,68,34
47,68,p273_069,230,147,13
47,69,p273_070,160,64,22
47,70,p273_071,237,130,10
47,71,p273_072,212,139,17
47,72,p273_073,184,94,15
47,73,p273_074,263,120,38
47,74,p273_075,179,65,60
47,75,p273_076,175,66,43
47,76,p273_077,234,120,68
47,77,p273_078,161,95,0
47,78,p273_079,212,129,0
47,79,p273_080,139,57,36
47,80,p273_081,137,86,4
47,81,p273_082,156,98,4
47,82,p273_083,182,103,42
47,83,p273_084,181,102,7
47,84,p273_085,231,138,16
47,85,p273_086,270,204,0
47,86,p273_087,236,162,19
47,87,p273_088,177,95,5
47,88,p273_089,163,90,4
47,89,p273_090,223,121,0
47,90,p273_091,206,126,33
47,91,p273_092,151,48,33
47,92,p273_093,195,99,40
47,93,p273_094,193,106,28
47,94,p273_095,163,102,10
47,95,p273_096,213,99,51
47,96,p273_097,183,88,64
47,97,p273_098,231,114,31
47,98,p273_099,167,87,9
47,99,p273_100,177,101,14
47,100,p273_101,182,102,20
47,101,p273_102,217,129,23
47,102,p273_103,158,81,44
47,103,p273_104,151,89,0
47,104,p273_105,131,51,39
47,105,p273_106,139,79,3
47,106,p273_107,163,88,3
47,107,p273_108,147,63,24
47,108,p273_109,150,81,19
47,109,p273_110,165,81,45
47,110,p273_111,214,71,18
47,111,p273_112,272,158,33
47,112,p273_113,169,95,40
47,113,p273_114,141,49,39
47,114,p273_115,171,68,52
47,115,p273_116,165,73,49
47,116,p273_117,148,92,3
47,117,p273_118,143,51,33
47,118,p273_119,147,70,8
47,119,p273_120,256,160,28
47,120,p273_121,168,85,16
47,121,p273_122,147,76,2
47,122,p273_123,153,78,5
47,123,p273_124,163,79,14
47,124,p273_125,166,115,2
47,125,p273_126,142,57,13
47,126,p273_127,185,78,18
47,127,p273_128,232,175,3
47,128,p273_129,147,82,9
47,129,p273_130,219,118,23
47,130,p273_131,145,80,16
47,131,p273_132,171,102,7
47,132,p273_133,159,74,28
47,133,p273_134,179,114,22
47,134,p273_135,137,63,22
47,135,p273_136,131,79,16
47,136,p273_137,188,143,12
47,137,p273_138,175,145,0
47,138,p273_139,185,107,3
47,139,p273_140,142,57,36
47,140,p273_141,129,57,19
47,141,p273_142,181,80,7
47,142,p273_143,133,67,14
47,143,p273_144,142,64,48
47,144,p273_145,99,36,10
47,145,p273_146,129,54,7
47,146,p273_147,122,47,47
47,147,p273_148,203,118,34
47,148,p273_149,145,58,6
47,149,p273_150,209,122,20
47,150,p273_151,165,77,17
47,151,p273_152,169,80,23
47,152,p273_153,243,156,58
47,153,p273_154,190,121,14
47,154,p273_155,140,58,10
47,155,p273_156,176,77,26
47,156,p273_157,193,87,11
47,157,p273_158,172,93,13
47,158,p273_159,113,64,3
47,159,p273_160,145,79,18
47,160,p273_161,167,97,6
47,161,p273_162,144,78,4
47,162,p273_163,273,194,26
47,163,p273_164,203,120,33
47,164,p273_165,121,56,6
47,165,p273_166,174,77,64
47,166,p273_167,150,76,18
47,167,p273_168,228,125,41
47,168,p273_169,129,52,9
47,169,p273_170,166,89,28
47,170,p273_171,171,85,20
47,171,p273_172,203,126,5
47,172,p273_173,167,69,36
47,173,p273_174,150,70,36
47,174,p273_175,148,85,21
47,175,p273_176,209,122,23
47,176,p273_177,141,69,26
47,177,p273_178,142,84,6
47,178,p273_179,145,82,14
47,179,p273_180,153,65,8
47,180,p273_181,143,107,0
47,181,p273_182,110,75,2
47,182,p273_183,131,28,32
47,183,p273_184,152,84,2
47,184,p273_185,168,101,5
47,185,p273_186,164,90,15
47,186,p273_187,126,98,0
47,187,p273_188,162,113,2
47,188,p273_189,214,91,18
47,189,p273_190,178,91,12
47,190,p273_191,225,145,3
47,191,p273_192,182,114,6
47,192,p273_193,150,75,5
47,193,p273_194,190,98,3
47,194,p273_195,167,105,0
47,195,p273_196,241,190,1
47,196,p273_197,126,66,1
47,197,p273_198,236,161,10
47,198,p273_199,161,92,11
47,199,p273_200,160,85,14
47,200,p273_201,159,75,14
48,1,p274_002,259,144,20
48,2,p274_003,483,309,28
48,3,p274_004,347,193,63
48,4,p274_005,451,240,67
48,5,p274_006,385,238,63
48,6,p274_007,307,221,49
48,7,p274_008,531,381,1
48,8,p274_009,323,201,27
48,9,p274_010,209,105,22
48,10,p274_011,498,303,96
48,11,p274_012,312,183,49
48,12,p274_013,307,176,35
48,13,p274_014,327,192,52
48,14,p274_015,384,243,53
48,15,p274_016,435,274,39
48,16,p274_017,255,140,55
48,17,p274_018,387,222,90
48,18,p274_019,493,289,80
48,19,p274_020,267,202,7
48,20,p274_021,648,355,88
48,21,p274_022,497,301,48
48,22,p274_023,737,456,101
48,23,p274_024,453,300,48
48,24,p274_025,180,89,42
48,25,p274_026,224,118,30
48,26,p274_027,171,71,33
48,27,p274_028,177,81,33
48,28,p274_029,179,91,1
48,29,p274_030,249,122,30
48,30,p274_031,279,186,29
48,31,p274_032,199,78,44
48,32,p274_033,224,93,95
48,33,p274_034,217,110,76
48,34,p274_035,301,91,172
48,35,p274_036,222,79,124
48,36,p274_037,180,58,88
48,37,p274_038,174,98,64
48,38,p274_039,204,108,58
48,39,p274_040,171,66,58
48,40,p274_041,165,66,73
48,41,p274_042,187,77,82
48,42,p274_043,171,81,1
48,43,p274_044,196,112,2
48,44,p274_045,166,85,52
48,45,p274_046,187,93,57
48,46,p274_047,177,68,74
48,47,p274_048,206,102,58
48,48,p274_049,228,120,64
48,49,p274_050,241,123,60
48,50,p274_051,232,113,58
48,51,p274_052,185,71,69
48,52,p274_053,179,64,72
48,53,p274_054,190,77,44
48,54,p274_055,292,152,63
48,55,p274_056,302,174,65
48,56,p274_057,198,93,74
48,57,p274_058,172,65,91
48,58,p274_059,219,125,48
48,59,p274_060,196,92,83
48,60,p274_061,207,100,77
48,61,p274_062,199,97,73
48,62,p274_063,203,93,74
48,63,p274_064,158,54,79
48,64,p274_065,177,78,76
48,65,p274_066,174,87,63
48,66,p274_067,153,51,94
48,67,p274_068,182,39,122
48,68,p274_069,158,50,93
48,69,p274_070,123,43,72
48,70,p274_071,131,53,55
48,71,p274_072,209,88,73
48,72,p274_073,277,112,92
48,73,p274_074,242,129,67
48,74,p274_075,209,80,55
48,75,p274_076,294,121,53
48,76,p274_077,188,78,46
48,77,p274_078,248,68,142
48,78,p274_079,241,138,67
48,79,p274_080,241,105,92
48,80,p274_081,206,79,99
48,81,p274_082,199,83,89
48,82,p274_083,166,66,74
48,83,p274_084,171,65,72
48,84,p274_085,190,73,87
48,85,p274_086,233,97,81
48,86,p274_087,161,74,63
48,87,p274_088,373,225,87
48,88,p274_089,212,89,67
48,89,p274_090,366,174,119
48,90,p274_091,211,97,66
48,91,p274_092,163,72,74
48,92,p274_093,196,62,103
48,93,p274_094,193,62,89
48,94,p274_095,288,116,122
48,95,p274_096,219,104,81
48,96,p274_097,217,113,76
48,97,p274_098,207,96,75
48,98,p274_099,300,120,111
48,99,p274_100,193,91,77
48,100,p274_101,177,55,97
48,101,p274_102,189,87,56
48,102,p274_103,188,84,78
48,103,p274_104,255,113,91
48,104,p274_105,289,139,88
48,105,p274_106,249,125,83
48,106,p274_107,195,74,89
48,107,p274_108,185,72,88
48,108,p274_109,346,177,104
48,109,p274_110,193,79,86
48,110,p274_111,195,91,78
48,111,p274_112,179,52,68
48,112,p274_113,219,101,67
48,113,p274_114,173,68,81
48,114,p274_115,193,89,76
48,115,p274_116,166,70,75
48,116,p274_117,202,75,105
48,117,p274_118,182,77,74
48,118,p274_119,142,53,80
48,119,p274_120,264,123,97
48,120,p274_121,163,57,82
48,121,p274_122,199,86,84
48,122,p274_123,154,55,78
48,123,p274_124,153,48,87
48,124,p274_125,150,45,96
48,125,p274_126,129,41,80
48,126,p274_127,162,65,76
48,127,p274_128,155,59,77
48,128,p274_129,169,31,108
48,129,p274_130,228,69,138
48,130,p274_131,233,103,8
48,131,p274_132,193,82,66
48,132,p274_133,230,119,44
48,133,p274_134,177,86,11
48,134,p274_135,185,79,53
48,135,p274_136,265,149,56
48,136,p274_137,180,53,82
48,137,p274_138,200,95,57
48,138,p274_139,155,65,15
48,139,p274_140,211,65,75
48,140,p274_141,166,67,61
48,141,p274_142,207,76,86
48,142,p274_143,302,121,127
48,143,p274_144,190,114,58
48,144,p274_145,315,162,83
48,145,p274_146,193,89,82
48,146,p274_147,179,62,81
48,147,p274_148,190,102,63
48,148,p274_149,206,94,60
48,149,p274_150,286,152,78
48,150,p274_151,217,97,69
48,151,p274_152,176,55,98
48,152,p274_153,166,82,61
48,153,p274_154,211,121,42
48,154,p274_155,171,75,69
48,155,p274_156,230,111,80
48,156,p274_157,177,41,101
48,157,p274_158,222,97,84
48,158,p274_159,212,85,71
48,159,p274_160,214,91,65
48,160,p274_161,155,52,77
48,161,p274_162,219,82,94
48,162,p274_163,243,126,63
48,163,p274_164,192,92,62
48,164,p274_165,222,96,71
48,165,p274_166,177,54,86
48,166,p274_167,246,101,89
48,167,p274_168,150,51,53
48,168,p274_169,265,124,76
48,169,p274_170,232,97,77
48,170,p274_171,222,63,104
48,171,p274_173,187,60,28
48,172,p274_174,255,97,96
48,173,p274_175,292,134,67
48,174,p274_176,141,52,60
48,175,p274_177,171,65,36
48,176,p274_178,199,77,71
48,177,p274_179,199,65,64
48,178,p274_180,182,69,87
48,179,p274_181,195,58,85
48,180,p274_182,134,46,39
48,181,p274_183,208,83,26
48,182,p274_184,177,75,61
48,183,p274_185,237,113,19
48,184,p274_186,243,113,59
48,185,p274_187,206,97,67
48,186,p274_188,219,111,26
48,187,p274_189,174,73,27
48,188,p274_190,174,77,44
48,189,p274_191,267,138,34
48,190,p274_192,193,113,16
48,191,p274_193,228,96,67
48,192,p274_194,343,192,55
48,193,p274_195,183,89,12
48,194,p274_196,241,116,39
48,195,p274_197,265,147,39
48,196,p274_198,212,89,57
48,197,p274_199,190,76,46
48,198,p274_200,217,108,25
48,199,p274_201,189,89,49
48,200,p274_202,224,94,51
49,1,p275_001,124,65,2
49,2,p275_002,216,142,1
49,3,p275_003,447,256,43
49,4,p275_004,283,185,8
49,5,p275_006,366,224,21
49,6,p275_007,265,146,26
49,7,p275_008,434,276,17
49,8,p275_009,317,162,52
49,9,p275_010,181,91,7
49,10,p275_011,419,281,8
49,11,p275_012,307,172,17
49,12,p275_013,258,150,0
49,13,p275_014,298,230,0
49,14,p275_015,338,248,1
49,15,p275_016,432,294,13
49,16,p275_017,244,134,14
49,17,p275_018,322,231,4
49,18,p275_019,448,258,45
49,19,p275_020,267,186,2
49,20,p275_022,414,251,57
49,21,p275_023,674,383,68
49,22,p275_024,390,252,10
49,23,p275_025,118,42,2
49,24,p275_026,248,148,3
49,25,p275_027,206,91,57
49,26,p275_028,278,222,6
49,27,p275_029,216,122,10
49,28,p275_030,290,167,15
49,29,p275_031,146,76,0
49,30,p275_032,150,108,0
49,31,p275_033,245,160,10
49,32,p275_034,179,67,68
49,33,p275_035,253,135,9
49,34,p275_036,198,113,41
49,35,p275_037,142,68,2
49,36,p275_038,273,179,10
49,37,p275_039,144,54,8
49,38,p275_040,152,53,14
49,39,p275_041,139,65,19
49,40,p275_042,250,152,45
49,41,p275_043,140,64,6
49,42,p275_044,252,158,34
49,43,p275_045,171,74,36
49,44,p275_046,254,164,1
49,45,p275_047,164,114,1
49,46,p275_048,211,118,9
49,47,p275_049,146,65,7
49,48,p275_050,119,29,18
49,49,p275_051,184,67,61
49,50,p275_052,250,152,6
49,51,p275_053,115,40,15
49,52,p275_054,123,36,15
49,53,p275_055,115,48,11
49,54,p275_056,219,144,1
49,55,p275_057,243,169,7
49,56,p275_058,287,206,8
49,57,p275_059,139,63,1
49,58,p275_060,174,88,32
49,59,p275_061,154,79,22
49,60,p275_062,242,160,9
49,61,p275_063,234,116,34
49,62,p275_064,190,108,23
49,63,p275_065,109,44,3
49,64,p275_066,203,135,28
49,65,p275_067,155,67,13
49,66,p275_068,215,104,19
49,67,p275_069,154,70,44
49,68,p275_070,131,40,34
49,69,p275_071,137,67,16
49,70,p275_072,197,104,13
49,71,p275_073,114,30,55
49,72,p275_074,133,40,47
49,73,p275_075,247,178,10
49,74,p275_076,258,128,33
49,75,p275_077,110,48,24
49,76,p275_078,137,63,6
49,77,p275_079,156,51,45
49,78,p275_080,110,38,13
49,79,p275_081,196,86,16
49,80,p275_082,185,113,3
49,81,p275_083,142,76,29
49,82,p275_084,228,171,0
49,83,p275_085,195,121,24
49,84,p275_086,147,53,13
49,85,p275_087,228,130,24
49,86,p275_088,216,153,4
49,87,p275_089,297,172,13
49,88,p275_090,107,52,0
49,89,p275_091,131,70,10
49,90,p275_092,259,145,5
49,91,p275_093,125,53,23
49,92,p275_094,142,79,0
49,93,p275_095,165,85,1
49,94,p275_096,323,239,0
49,95,p275_097,266,160,34
49,96,p275_098,275,152,16
49,97,p275_099,168,88,7
49,98,p275_100,174,106,15
49,99,p275_101,126,46,17
49,100,p275_102,127,41,8
49,101,p275_103,272,168,15
49,102,p275_104,328,203,46
49,103,p275_105,235,197,15
49,104,p275_106,198,133,9
49,105,p275_108,190,103,19
49,106,p275_109,134,56,1
49,107,p275_110,150,82,10
49,108,p275_111,151,90,5
49,109,p275_112,125,61,4
49,110,p275_113,245,191,4
49,111,p275_114,121,58,8
49,112,p275_115,208,96,40
49,113,p275_116,132,60,27
49,114,p275_117,243,152,20
49,115,p275_118,126,54,22
49,116,p275_119,139,49,36
49,117,p275_120,224,138,11
49,118,p275_121,244,115,49
49,119,p275_122,113,55,0
49,120,p275_123,116,43,2
49,121,p275_124,181,117,9
49,122,p275_125,321,185,21
49,123,p275_126,153,100,0
49,124,p275_127,135,93,1
49,125,p275_128,187,119,0
49,126,p275_129,115,50,3
49,127,p275_130,146,75,14
49,128,p275_131,164,98,11
49,129,p275_132,134,80,1
49,130,p275_133,194,108,13
49,131,p275_134,164,73,44
49,132,p275_135,125,48,29
49,133,p275_136,102,35,13
49,134,p275_137,196,131,1
49,135,p275_138,230,168,6
49,136,p275_139,178,102,10
49,137,p275_140,264,163,19
49,138,p275_141,111,23,25
49,139,p275_142,239,158,13
49,140,p275_143,195,95,5
49,141,p275_144,265,171,19
49,142,p275_145,106,34,27
49,143,p275_146,234,154,34
49,144,p275_147,143,68,5
49,145,p275_148,265,163,8
49,146,p275_149,125,52,16
49,147,p275_150,189,105,15
49,148,p275_151,272,154,20
49,149,p275_152,284,203,14
49,150,p275_153,165,82,13
49,151,p275_154,134,65,6
49,152,p275_155,247,160,4
49,153,p275_156,241,146,25
49,154,p275_157,153,78,21
49,155,p275_158,234,149,29
49,156,p275_159,135,56,45
49,157,p275_160,173,90,23
49,158,p275_161,135,61,46
49,159,p275_162,244,166,13
49,160,p275_163,250,155,18
49,161,p275_164,225,150,3
49,162,p275_165,150,66,3
49,163,p275_166,162,78,38
49,164,p275_167,178,66,4
49,165,p275_168,177,96,3
49,166,p275_169,145,63,16
49,167,p275_170,120,58,10
49,168,p275_171,192,105,21
49,169,p275_172,216,143,4
49,170,p275_173,141,65,16
49,171,p275_174,134,55,10
49,172,p275_175,182,87,5
49,173,p275_176,145,48,13
49,174,p275_177,117,55,1
49,175,p275_178,256,182,11
49,176,p275_179,250,168,9
49,177,p275_180,133,56,6
49,178,p275_181,276,177,13
49,179,p275_182,128,59,9
49,180,p275_183,250,130,58
49,181,p275_184,286,164,53
49,182,p275_185,129,66,4
49,183,p275_186,130,56,2
49,184,p275_187,250,131,16
49,185,p275_188,150,92,11
49,186,p275_189,187,94,22
49,187,p275_190,168,89,8
49,188,p275_191,208,108,17
49,189,p275_192,110,42,38
49,190,p275_193,127,47,17
49,191,p275_194,241,126,35
49,192,p275_195,163,74,33
49,193,p275_196,163,70,35
49,194,p275_197,257,176,13
49,195,p275_198,121,43,34
49,196,p275_199,213,112,21
49,197,p275_200,139,63,17
49,198,p275_201,131,48,32
49,199,p275_203,125,64,2
49,200,p275_205,264,172,36
50,1,p276_002,249,144,15
50,2,p276_003,481,344,9
50,3,p276_004,331,151,76
50,4,p276_005,450,280,34
50,5,p276_006,403,220,64
50,6,p276_007,341,175,101
50,7,p276_008,524,347,30
50,8,p276_009,315,173,59
50,9,p276_010,240,119,40
50,10,p276_011,473,287,68
50,11,p276_012,321,205,29
50,12,p276_013,330,164,82
50,13,p276_014,331,200,48
50,14,p276_015,406,253,50
50,15,p276_016,485,278,80
50,16,p276_017,273,137,46
50,17,p276_018,406,205,86
50,18,p276_019,492,305,46
50,19,p276_020,293,162,56
50,20,p276_021,604,403,38
50,21,p276_022,436,292,65
50,22,p276_023,704,452,74
50,23,p276_024,442,292,49
50,24,p276_025,192,89,30
50,25,p276_026,134,51,43
50,26,p276_027,141,49,44
50,27,p276_028,166,56,36
50,28,p276_029,165,47,19
50,29,p276_030,205,80,53
50,30,p276_031,183,104,24
50,31,p276_032,220,129,12
50,32,p276_033,255,144,5
50,33,p276_034,335,190,35
50,34,p276_035,189,85,18
50,35,p276_036,139,52,30
50,36,p276_037,203,101,5
50,37,p276_038,217,106,24
50,38,p276_039,211,104,42
50,39,p276_040,223,99,39
50,40,p276_041,273,108,104
50,41,p276_042,211,91,27
50,42,p276_043,196,102,32
50,43,p276_044,204,104,28
50,44,p276_045,183,75,24
50,45,p276_046,215,122,36
50,46,p276_047,258,113,51
50,47,p276_048,171,91,20
50,48,p276_049,287,149,70
50,49,p276_050,209,84,21
50,50,p276_051,220,123,10
50,51,p276_052,253,107,45
50,52,p276_053,276,149,43
50,53,p276_054,257,133,32
50,54,p276_055,217,86,51
50,55,p276_056,229,119,44
50,56,p276_057,204,89,61
50,57,p276_058,184,71,62
50,58,p276_059,191,79,51
50,59,p276_060,302,184,29
50,60,p276_061,246,111,59
50,61,p276_062,220,90,14
50,62,p276_063,195,72,21
50,63,p276_064,183,68,76
50,64,p276_065,208,98,23
50,65,p276_066,180,74,35
50,66,p276_067,193,82,64
50,67,p276_068,279,139,70
50,68,p276_069,193,86,37
50,69,p276_070,314,173,43
50,70,p276_071,190,82,35
50,71,p276_072,171,67,26
50,72,p276_073,208,81,65
50,73,p276_074,201,101,50
50,74,p276_075,248,132,44
50,75,p276_076,220,122,28
50,76,p276_077,200,85,69
50,77,p276_078,250,129,39
50,78,p276_079,207,80,18
50,79,p276_080,186,69,62
50,80,p276_081,209,85,59
50,81,p276_082,177,79,6
50,82,p276_083,187,88,28
50,83,p276_084,211,124,16
50,84,p276_085,228,121,17
50,85,p276_086,204,106,60
50,86,p276_087,190,89,18
50,87,p276_088,327,220,31
50,88,p276_089,190,82,62
50,89,p276_090,224,117,45
50,90,p276_091,257,147,45
50,91,p276_092,265,131,29
50,92,p276_093,187,86,20
50,93,p276_094,177,82,8
50,94,p276_095,194,92,53
50,95,p276_096,230,117,33
50,96,p276_097,216,113,56
50,97,p276_098,193,109,15
50,98,p276_099,214,154,14
50,99,p276_100,196,86,59
50,100,p276_101,187,89,24
50,101,p276_102,198,84,33
50,102,p276_103,182,71,21
50,103,p276_104,206,112,47
50,104,p276_105,150,51,38
50,105,p276_106,237,117,38
50,106,p276_107,210,93,46
50,107,p276_108,239,149,15
50,108,p276_109,180,74,47
50,109,p276_110,197,92,26
50,110,p276_111,174,93,15
50,111,p276_112,256,151,43
50,112,p276_113,255,146,36
50,113,p276_114,177,79,26
50,114,p276_115,211,87,46
50,115,p276_116,174,83,17
50,116,p276_117,189,112,1
50,117,p276_118,201,103,26
50,118,p276_119,222,100,65
50,119,p276_120,153,55,20
50,120,p276_121,169,86,5
50,121,p276_122,209,116,30
50,122,p276_123,200,138,4
50,123,p276_124,238,126,4
50,124,p276_125,267,168,8
50,125,p276_126,236,119,37
50,126,p276_127,248,146,37
50,127,p276_128,233,131,24
50,128,p276_129,150,71,32
50,129,p276_130,183,67,38
50,130,p276_131,165,82,40
50,131,p276_132,158,70,22
50,132,p276_133,248,153,25
50,133,p276_134,195,115,5
50,134,p276_135,198,96,32
50,135,p276_136,272,123,40
50,136,p276_137,233,128,11
50,137,p276_138,243,149,19
50,138,p276_139,243,118,41
50,139,p276_140,256,152,24
50,140,p276_141,209,109,14
50,141,p276_142,299,191,10
50,142,p276_143,213,108,6
50,143,p276_144,242,120,7
50,144,p276_145,281,154,11
50,145,p276_146,291,185,9
50,146,p276_147,164,79,30
50,147,p276_148,155,65,5
50,148,p276_149,162,68,22
50,149,p276_150,127,50,29
50,150,p276_151,132,60,17
50,151,p276_152,97,53,3
50,152,p276_153,158,95,2
50,153,p276_154,188,132,0
50,154,p276_155,249,148,5
50,155,p276_156,252,142,12
50,156,p276_157,185,102,15
50,157,p276_158,225,109,20
50,158,p276_159,257,167,0
50,159,p276_160,211,141,0
50,160,p276_161,248,142,4
50,161,p276_162,178,84,17
50,162,p276_163,177,93,5
50,163,p276_164,215,129,26
50,164,p276_165,234,120,24
50,165,p276_166,163,65,23
50,166,p276_167,198,98,24
50,167,p276_168,195,99,1
50,168,p276_169,195,64,18
50,169,p276_170,205,126,5
50,170,p276_171,248,189,0
50,171,p276_172,201,108,1
50,172,p276_173,232,137,7
50,173,p276_174,206,109,6
50,174,p276_175,265,171,14
50,175,p276_176,219,105,10
50,176,p276_177,171,82,14
50,177,p276_178,206,95,45
50,178,p276_179,163,74,4
50,179,p276_180,198,99,15
50,180,p276_181,161,69,5
50,181,p276_182,171,72,10
50,182,p276_183,229,123,28
50,183,p276_184,163,111,2
50,184,p276_185,255,142,20
50,185,p276_186,194,88,9
50,186,p276_187,338,189,29
50,187,p276_188,169,50,20
50,188,p276_189,181,100,15
50,189,p276_190,180,75,30
50,190,p276_191,134,62,11
50,191,p276_192,213,135,5
50,192,p276_193,288,200,5
50,193,p276_194,172,103,2
50,194,p276_195,219,120,13
50,195,p276_196,213,112,38
50,196,p276_197,223,122,6
50,197,p276_198,195,123,8
50,198,p276_199,281,187,9
50,199,p276_200,187,122,0
50,200,p276_201,242,127,27
51,1,p277_002,219,124,38
51,2,p277_003,469,238,75
51,3,p277_004,293,147,60
51,4,p277_005,406,299,2
51,5,p277_006,381,216,94
51,6,p277_007,296,174,52
51,7,p277_008,518,345,22
51,8,p277_009,334,177,101
51,9,p277_010,190,90,28
51,10,p277_011,452,290,21
51,11,p277_012,301,167,57
51,12,p277_013,291,169,26
51,13,p277_014,348,216,20
51,14,p277_015,382,261,23
51,15,p277_016,417,246,35
51,16,p277_017,237,109,35
51,17,p277_018,396,237,50
51,18,p277_019,477,263,64
51,19,p277_020,275,182,37
51,20,p277_021,587,345,36
51,21,p277_022,468,305,26
51,22,p277_023,764,432,148
51,23,p277_024,469,301,47
51,24,p277_025,249,146,0
51,25,p277_026,129,59,5
51,26,p277_027,139,85,1
51,27,p277_028,230,104,71
51,28,p277_029,198,99,35
51,29,p277_030,150,67,23
51,30,p277_031,137,70,20
51,31,p277_032,155,75,1
51,32,p277_033,297,186,11
51,33,p277_034,246,154,32
51,34,p277_035,179,85,61
51,35,p277_036,123,66,3
51,36,p277_037,281,150,65
51,37,p277_038,225,130,16
51,38,p277_039,229,125,38
51,39,p277_040,118,38,36
51,40,p277_041,308,181,59
51,41,p277_042,287,116,107
51,42,p277_043,147,64,8
51,43,p277_044,219,113,35
51,44,p277_045,150,78,9
51,45,p277_046,333,179,59
51,46,p277_047,307,177,12
51,47,p277_048,134,97,0
51,48,p277_049,293,162,41
51,49,p277_050,179,83,46
51,50,p277_051,121,52,5
51,51,p277_052,137,62,38
51,52,p277_053,138,62,12
51,53,p277_054,273,138,88
51,54,p277_055,177,60,41
51,55,p277_056,193,80,71
51,56,p277_057,163,70,32
51,57,p277_058,252,142,38
51,58,p277_059,128,43,15
51,59,p277_060,194,101,29
51,60,p277_061,139,83,1
51,61,p277_062,155,54,72
51,62,p277_063,115,53,1
51,63,p277_064,107,33,31
51,64,p277_065,97,41,25
51,65,p277_066,230,153,16
51,66,p277_067,173,98,47
51,67,p277_068,249,152,27
51,68,p277_069,294,166,43
51,69,p277_070,94,42,3
51,70,p277_071,353,175,88
51,71,p277_072,147,74,42
51,72,p277_073,107,56,0
51,73,p277_074,142,60,37
51,74,p277_075,149,57,61
51,75,p277_076,150,63,30
51,76,p277_077,217,97,62
51,77,p277_078,193,91,29
51,78,p277_079,150,64,9
51,79,p277_080,161,84,4
51,80,p277_081,121,58,7
51,81,p277_082,337,165,92
51,82,p277_083,177,103,0
51,83,p277_084,271,130,32
51,84,p277_085,164,99,0
51,85,p277_086,147,64,40
51,86,p277_087,118,49,38
51,87,p277_088,219,128,18
51,88,p277_089,192,90,63
51,89,p277_090,161,85,33
51,90,p277_091,140,51,12
51,91,p277_092,174,92,70
51,92,p277_093,257,142,34
51,93,p277_094,118,50,33
51,94,p277_095,206,113,51
51,95,p277_096,137,71,21
51,96,p277_097,277,136,66
51,97,p277_098,163,65,53
51,98,p277_099,246,131,28
51,99,p277_100,217,114,37
51,100,p277_101,97,45,2
51,101,p277_102,107,55,2
51,102,p277_103,105,44,41
51,103,p277_104,105,46,5
51,104,p277_105,275,168,38
51,105,p277_106,194,111,32
51,106,p277_107,195,83,28
51,107,p277_108,281,166,23
51,108,p277_109,245,129,42
51,109,p277_110,105,43,1
51,110,p277_111,217,105,70
51,111,p277_112,150,77,12
51,112,p277_113,134,48,3
51,113,p277_114,137,66,20
51,114,p277_115,161,91,7
51,115,p277_116,346,182,65
51,116,p277_117,204,103,80
51,117,p277_118,161,79,38
51,118,p277_119,270,170,34
51,119,p277_120,121,64,5
51,120,p277_121,137,71,5
51,121,p277_122,105,62,6
51,122,p277_123,262,130,67
51,123,p277_124,209,114,50
51,124,p277_125,102,44,4
51,125,p277_126,185,86,58
51,126,p277_127,171,100,30
51,127,p277_128,115,58,4
51,128,p277_129,158,72,3
51,129,p277_130,281,146,49
51,130,p277_131,288,153,56
51,131,p277_132,155,78,17
51,132,p277_133,209,67,27
51,133,p277_134,215,105,26
51,134,p277_135,245,136,17
51,135,p277_136,217,134,57
51,136,p277_137,230,137,10
51,137,p277_138,251,150,30
51,138,p277_139,281,134,61
51,139,p277_140,310,172,61
51,140,p277_141,158,77,21
51,141,p277_142,145,61,2
51,142,p277_143,235,138,47
51,143,p277_144,265,144,77
51,144,p277_145,121,39,14
51,145,p277_146,137,70,44
51,146,p277_147,155,76,12
51,147,p277_148,274,111,101
51,148,p277_149,155,119,0
51,149,p277_150,320,184,44
51,150,p277_151,131,45,57
51,151,p277_152,251,186,10
51,152,p277_153,275,144,63
51,153,p277_154,121,59,6
51,154,p277_155,225,130,2
51,155,p277_156,286,204,0
51,156,p277_157,171,107,11
51,157,p277_158,161,82,61
51,158,p277_159,131,65,1
51,159,p277_160,129,63,37
51,160,p277_161,123,61,21
51,161,p277_162,126,63,48
51,162,p277_163,153,58,20
51,163,p277_164,123,49,30
51,164,p277_165,179,101,39
51,165,p277_166,278,141,67
51,166,p277_167,115,51,8
51,167,p277_168,147,55,40
51,168,p277_169,251,148,50
51,169,p277_170,113,55,36
51,170,p277_171,225,139,16
51,171,p277_172,150,61,70
51,172,p277_173,273,193,0
51,173,p277_174,257,104,58
51,174,p277_175,139,49,23
51,175,p277_176,150,65,2
51,176,p277_177,321,162,25
51,177,p277_178,255,136,83
51,178,p277_179,222,156,1
51,179,p277_180,172,79,22
51,180,p277_181,214,97,41
51,181,p277_182,194,77,74
51,182,p277_183,158,75,60
51,183,p277_184,269,152,11
51,184,p277_185,201,97,59
51,185,p277_186,334,201,48
51,186,p277_187,286,170,21
51,187,p277_188,150,60,3
51,188,p277_189,102,48,0
51,189,p277_190,275,142,71
51,190,p277_191,214,106,37
51,191,p277_192,235,123,77
51,192,p277_193,145,62,59
51,193,p277_194,262,151,70
51,194,p277_195,137,64,4
51,195,p277_196,219,122,71
51,196,p277_197,171,71,13
51,197,p277_198,203,84,29
51,198,p277_199,205,89,77
51,199,p277_200,211,113,24
51,200,p277_201,241,116,16
52,1,p278_002,233,114,38
52,2,p278_003,474,232,158
52,3,p278_004,312,152,107
52,4,p278_005,452,229,144
52,5,p278_006,375,209,108
52,6,p278_007,355,156,165
52,7,p278_008,494,284,160
52,8,p278_009,304,155,105
52,9,p278_010,213,72,111
52,10,p278_011,390,236,76
52,11,p278_012,338,153,144
52,12,p278_013,273,151,67
52,13,p278_014,308,158,105
52,14,p278_015,373,219,97
52,15,p278_016,402,223,111
52,16,p278_017,224,113,28
52,17,p278_018,333,202,48
52,18,p278_019,431,254,90
52,19,p278_020,238,140,60
52,20,p278_021,563,326,120
52,21,p278_022,412,233,103
52,22,p278_023,691,363,208
52,23,p278_024,427,261,112
52,24,p278_025,286,77,182
52,25,p278_026,280,76,176
52,26,p278_027,184,62,77
52,27,p278_028,221,108,90
52,28,p278_029,223,97,93
52,29,p278_030,170,45,99
52,30,p278_031,223,92,85
52,31,p278_032,241,103,68
52,32,p278_033,152,56,54
52,33,p278_034,257,153,72
52,34,p278_035,207,88,83
52,35,p278_036,222,85,99
52,36,p278_037,170,67,86
52,37,p278_038,185,88,86
52,38,p278_039,230,70,137
52,39,p278_040,161,61,88
52,40,p278_041,280,143,100
52,41,p278_042,189,76,74
52,42,p278_043,173,60,68
52,43,p278_044,165,51,87
52,44,p278_045,170,69,86
52,45,p278_046,132,37,71
52,46,p278_047,129,42,77
52,47,p278_048,160,55,88
52,48,p278_049,134,63,60
52,49,p278_050,163,55,26
52,50,p278_051,205,72,110
52,51,p278_052,174,78,61
52,52,p278_053,186,75,49
52,53,p278_054,265,165,25
52,54,p278_055,151,46,81
52,55,p278_056,154,70,62
52,56,p278_057,158,66,77
52,57,p278_058,164,37,97
52,58,p278_059,250,124,82
52,59,p278_060,187,68,80
52,60,p278_061,169,91,54
52,61,p278_062,180,81,82
52,62,p278_063,150,68,33
52,63,p278_064,191,92,75
52,64,p278_065,142,56,81
52,65,p278_066,326,143,123
52,66,p278_067,153,40,82
52,67,p278_068,251,107,106
52,68,p278_069,166,42,108
52,69,p278_070,164,59,59
52,70,p278_071,189,74,86
52,71,p278_072,193,57,118
52,72,p278_073,242,110,109
52,73,p278_074,195,71,91
52,74,p278_075,200,84,94
52,75,p278_076,224,86,120
52,76,p278_077,175,92,3
52,77,p278_078,166,41,92
52,78,p278_079,198,68,95
52,79,p278_080,307,124,140
52,80,p278_081,192,71,89
52,81,p278_082,247,130,92
52,82,p278_083,266,133,115
52,83,p278_084,170,68,85
52,84,p278_085,143,49,73
52,85,p278_086,165,61,85
52,86,p278_087,190,90,68
52,87,p278_088,166,74,54
52,88,p278_089,183,63,81
52,89,p278_090,295,186,64
52,90,p278_091,198,92,77
52,91,p278_092,214,82,97
52,92,p278_093,253,119,109
52,93,p278_094,200,91,101
52,94,p278_095,181,85,84
52,95,p278_096,200,75,80
52,96,p278_097,171,65,36
52,97,p278_098,155,46,92
52,98,p278_099,191,66,87
52,99,p278_100,171,54,94
52,100,p278_101,177,79,72
52,101,p278_102,119,26,69
52,102,p278_103,145,53,82
52,103,p278_104,114,42,51
52,104,p278_105,256,90,141
52,105,p278_106,275,121,132
52,106,p278_107,202,87,37
52,107,p278_108,153,50,36
52,108,p278_109,210,93,91
52,109,p278_110,187,108,48
52,110,p278_111,159,64,75
52,111,p278_112,163,73,67
52,112,p278_113,192,69,98
52,113,p278_114,157,52,84
52,114,p278_115,204,103,85
52,115,p278_116,214,67,134
52,116,p278_117,168,41,115
52,117,p278_118,322,166,104
52,118,p278_119,167,69,86
52,119,p278_120,154,71,65
52,120,p278_121,205,93,84
52,121,p278_122,202,91,77
52,122,p278_123,155,83,41
52,123,p278_124,170,68,83
52,124,p278_125,166,76,55
52,125,p278_126,218,112,87
52,126,p278_127,168,69,75
52,127,p278_128,180,79,85
52,128,p278_129,178,75,83
52,129,p278_130,268,113,116
52,130,p278_131,235,108,102
52,131,p278_132,328,159,129
52,132,p278_133,227,65,145
52,133,p278_134,222,48,160
52,134,p278_135,314,117,167
52,135,p278_136,273,94,129
52,136,p278_137,183,60,114
52,137,p278_138,168,42,102
52,138,p278_139,196,59,107
52,139,p278_140,152,52,65
52,140,p278_141,172,73,73
52,141,p278_142,126,57,59
52,142,p278_143,161,62,87
52,143,p278_144,153,66,65
52,144,p278_145,214,61,34
52,145,p278_146,193,97,84
52,146,p278_147,186,60,112
52,147,p278_148,183,85,93
52,148,p278_149,227,101,112
52,149,p278_150,224,83,100
52,150,p278_151,152,51,74
52,151,p278_152,265,137,101
52,152,p278_153,276,136,107
52,153,p278_154,184,50,123
52,154,p278_155,137,43,81
52,155,p278_156,149,55,83
52,156,p278_157,231,114,84
52,157,p278_158,161,65,76
52,158,p278_159,263,82,138
52,159,p278_160,203,98,14
52,160,p278_161,214,104,39
52,161,p278_162,138,37,38
52,162,p278_163,166,56,75
52,163,p278_164,259,142,87
52,164,p278_165,155,60,73
52,165,p278_166,187,81,84
52,166,p278_167,236,108,87
52,167,p278_168,258,125,81
52,168,p278_169,224,104,95
52,169,p278_170,158,86,47
52,170,p278_171,158,60,79
52,171,p278_172,156,53,83
52,172,p278_173,155,66,77
52,173,p278_174,123,44,75
52,174,p278_175,126,38,77
52,175,p278_176,110,38,64
52,176,p278_177,167,64,89
52,177,p278_178,174,62,90
52,178,p278_179,169,66,71
52,179,p278_180,246,125,66
52,180,p278_181,224,103,90
52,181,p278_182,203,97,102
52,182,p278_183,191,101,24
52,183,p278_184,182,87,67
52,184,p278_185,198,110,62
52,185,p278_186,233,122,92
52,186,p278_187,147,49,33
52,187,p278_188,196,63,107
52,188,p278_189,174,76,72
52,189,p278_190,142,42,87
52,190,p278_191,195,88,80
52,191,p278_192,161,62,76
52,192,p278_193,176,65,87
52,193,p278_194,173,58,85
52,194,p278_195,230,119,94
52,195,p278_196,159,45,85
52,196,p278_197,203,88,103
52,197,p278_198,152,73,71
52,198,p278_199,218,63,130
52,199,p278_200,177,53,107
52,200,p278_201,202,86,94
53,1,p279_002,209,98,57
53,2,p279_003,392,162,124
53,3,p279_004,249,123,55
53,4,p279_005,299,193,38
53,5,p279_006,290,187,60
53,6,p279_007,241,156,57
53,7,p279_008,403,234,92
53,8,p279_009,246,115,80
53,9,p279_010,179,74,55
53,10,p279_011,364,185,101
53,11,p279_012,252,124,85
53,12,p279_013,256,138,80
53,13,p279_014,265,167,46
53,14,p279_015,337,209,77
53,15,p279_016,332,197,56
53,16,p279_017,198,78,83
53,17,p279_018,310,184,85
53,18,p279_019,407,232,87
53,19,p279_020,238,132,60
53,20,p279_021,504,271,90
53,21,p279_022,357,200,86
53,22,p279_023,570,334,109
53,23,p279_024,361,220,91
53,24,p279_025,215,102,78
53,25,p279_026,223,79,110
53,26,p279_027,211,113,23
53,27,p279_028,147,43,27
53,28,p279_029,121,28,47
53,29,p279_030,205,93,72
53,30,p279_031,143,44,45
53,31,p279_032,165,36,103
53,32,p279_033,159,60,65
53,33,p279_034,161,64,75
53,34,p279_035,258,111,125
53,35,p279_036,206,86,82
53,36,p279_037,134,37,41
53,37,p279_038,202,69,85
53,38,p279_039,273,121,83
53,39,p279_040,163,78,58
53,40,p279_041,167,67,70
53,41,p279_042,131,29,72
53,42,p279_043,157,46,88
53,43,p279_044,145,42,74
53,44,p279_045,256,126,74
53,45,p279_046,107,35,45
53,46,p279_047,160,56,87
53,47,p279_048,129,43,62
53,48,p279_049,214,85,60
53,49,p279_050,115,31,62
53,50,p279_051,264,130,93
53,51,p279_052,209,109,61
53,52,p279_053,102,35,54
53,53,p279_054,145,46,75
53,54,p279_055,212,84,75
53,55,p279_056,123,40,66
53,56,p279_057,257,134,76
53,57,p279_058,212,118,73
53,58,p279_059,105,24,38
53,59,p279_060,176,73,73
53,60,p279_061,109,29,60
53,61,p279_062,150,56,59
53,62,p279_063,161,42,106
53,63,p279_064,175,55,70
53,64,p279_065,194,80,90
53,65,p279_066,131,31,61
53,66,p279_067,129,46,24
53,67,p279_068,211,74,110
53,68,p279_069,125,43,71
53,69,p279_070,150,43,55
53,70,p279_071,275,163,53
53,71,p279_072,158,50,86
53,72,p279_073,120,26,80
53,73,p279_074,143,56,48
53,74,p279_075,178,85,61
53,75,p279_076,183,79,49
53,76,p279_077,147,67,35
53,77,p279_078,174,74,64
53,78,p279_079,131,37,55
53,79,p279_080,106,28,45
53,80,p279_081,206,76,103
53,81,p279_082,166,72,0
53,82,p279_083,178,76,66
53,83,p279_084,146,55,36
53,84,p279_085,139,36,85
53,85,p279_086,203,47,23
53,86,p279_087,185,82,58
53,87,p279_088,299,141,119
53,88,p279_089,277,122,34
53,89,p279_090,177,85,34
53,90,p279_091,236,104,77
53,91,p279_092,161,52,70
53,92,p279_093,267,125,59
53,93,p279_094,129,42,27
53,94,p279_095,252,131,53
53,95,p279_096,129,69,5
53,96,p279_097,138,55,42
53,97,p279_098,161,60,45
53,98,p279_099,181,86,54
53,99,p279_100,242,146,40
53,100,p279_101,215,117,54
53,101,p279_102,210,96,83
53,102,p279_103,246,80,66
53,103,p279_104,156,78,25
53,104,p279_105,155,45,68
53,105,p279_106,150,61,50
53,106,p279_107,184,66,62
53,107,p279_108,146,56,65
53,108,p279_109,200,106,34
53,109,p279_110,139,53,42
53,110,p279_111,209,103,74
53,111,p279_112,238,116,57
53,112,p279_113,133,52,11
53,113,p279_114,153,40,30
53,114,p279_115,233,114,56
53,115,p279_116,177,70,70
53,116,p279_117,138,42,48
53,117,p279_118,126,38,65
53,118,p279_119,216,109,63
53,119,p279_120,229,104,72
53,120,p279_121,110,35,12
53,121,p279_122,225,116,63
53,122,p279_123,156,70,37
53,123,p279_124,151,60,65
53,124,p279_125,197,100,62
53,125,p279_126,221,102,79
53,126,p279_127,123,48,33
53,127,p279_128,167,67,56
53,128,p279_129,222,95,92
53,129,p279_130,201,94,66
53,130,p279_131,158,57,25
53,131,p279_132,279,125,88
53,132,p279_133,196,87,55
53,133,p279_134,141,47,74
53,134,p279_135,210,100,56
53,135,p279_136,140,55,35
53,136,p279_137,119,41,56
53,137,p279_138,135,53,53
53,138,p279_139,222,148,0
53,139,p279_140,164,47,40
53,140,p279_141,228,95,90
53,141,p279_142,222,123,31
53,142,p279_143,240,129,52
53,143,p279_144,130,36,74
53,144,p279_145,230,113,63
53,145,p279_146,132,39,60
53,146,p279_147,160,69,77
53,147,p279_148,126,42,56
53,148,p279_149,119,34,24
53,149,p279_150,167,76,67
53,150,p279_151,173,84,49
53,151,p279_152,238,109,68
53,152,p279_153,141,53,54
53,153,p279_154,163,75,53
53,154,p279_155,209,85,63
53,155,p279_156,190,85,63
53,156,p279_157,150,66,62
53,157,p279_158,159,68,22
53,158,p279_159,152,76,35
53,159,p279_160,188,98,52
53,160,p279_161,241,144,66
53,161,p279_162,180,53,58
53,162,p279_163,140,50,69
53,163,p279_164,206,112,74
53,164,p279_165,145,51,72
53,165,p279_166,180,82,21
53,166,p279_167,243,108,78
53,167,p279_168,231,121,76
53,168,p279_169,175,86,63
53,169,p279_170,145,58,52
53,170,p279_171,163,70,63
53,171,p279_172,179,62,35
53,172,p279_173,133,35,50
53,173,p279_174,153,70,61
53,174,p279_175,188,82,49
53,175,p279_176,206,128,28
53,176,p279_177,140,56,53
53,177,p279_178,171,65,42
53,178,p279_179,136,56,51
53,179,p279_180,149,51,32
53,180,p279_181,203,95,62
53,181,p279_182,211,112,58
53,182,p279_183,159,63,43
53,183,p279_184,151,65,27
53,184,p279_185,248,116,66
53,185,p279_186,222,85,66
53,186,p279_187,107,30,19
53,187,p279_188,116,37,30
53,188,p279_189,188,74,78
53,189,p279_190,217,115,7
53,190,p279_191,167,68,31
53,191,p279_192,156,46,76
53,192,p279_193,203,100,59
53,193,p279_194,183,87,14
53,194,p279_195,196,98,40
53,195,p279_196,238,134,54
53,196,p279_197,118,43,15
53,197,p279_198,187,63,54
53,198,p279_199,200,72,77
53,199,p279_200,105,36,51
53,200,p279_201,139,55,53
54,1,p281_002,222,131,8
54,2,p281_003,480,366,0
54,3,p281_004,353,250,0
54,4,p281_005,483,382,1
54,5,p281_006,455,350,2
54,6,p281_007,284,247,0
54,7,p281_008,494,403,1
54,8,p281_009,359,235,0
54,9,p281_010,203,134,0
54,10,p281_011,449,354,3
54,11,p281_012,280,233,3
54,12,p281_013,296,255,0
54,13,p281_014,262,224,0
54,14,p281_015,369,289,0
54,15,p281_016,436,370,0
54,16,p281_017,260,204,0
54,17,p281_018,376,278,1
54,18,p281_019,519,430,0
54,19,p281_020,267,232,0
54,20,p281_021,672,494,15
54,21,p281_022,400,347,0
54,22,p281_023,709,552,0
54,23,p281_024,465,319,2
54,24,p281_025,272,198,0
54,25,p281_026,209,174,0
54,26,p281_027,235,155,0
54,27,p281_028,189,139,0
54,28,p281_029,187,141,0
54,29,p281_030,163,107,1
54,30,p281_031,141,108,0
54,31,p281_032,154,144,0
54,32,p281_033,262,245,0
54,33,p281_034,162,142,0
54,34,p281_035,166,151,0
54,35,p281_036,223,135,5
54,36,p281_037,157,93,0
54,37,p281_038,172,119,0
54,38,p281_039,191,127,4
54,39,p281_040,170,121,0
54,40,p281_041,212,164,0
54,41,p281_042,160,106,0
54,42,p281_043,218,143,0
54,43,p281_044,301,166,2
54,44,p281_045,182,129,0
54,45,p281_046,253,152,3
54,46,p281_047,154,130,0
54,47,p281_048,177,105,0
54,48,p281_049,300,240,2
54,49,p281_050,174,149,0
54,50,p281_051,185,124,1
54,51,p281_052,193,140,0
54,52,p281_053,149,91,0
54,53,p281_054,196,101,10
54,54,p281_055,172,85,12
54,55,p281_056,162,102,3
54,56,p281_057,339,217,30
54,57,p281_058,160,93,0
54,58,p281_059,182,94,16
54,59,p281_060,269,200,10
54,60,p281_061,161,98,1
54,61,p281_062,347,214,3
54,62,p281_063,168,96,6
54,63,p281_064,215,123,7
54,64,p281_065,177,112,4
54,65,p281_066,181,92,18
54,66,p281_067,153,102,0
54,67,p281_068,169,74,4
54,68,p281_069,134,100,0
54,69,p281_070,164,88,14
54,70,p281_071,170,83,4
54,71,p281_072,143,68,4
54,72,p281_073,134,74,1
54,73,p281_074,149,78,5
54,74,p281_075,221,135,9
54,75,p281_076,166,93,5
54,76,p281_077,195,101,34
54,77,p281_078,267,202,11
54,78,p281_079,173,99,7
54,79,p281_080,133,70,2
54,80,p281_081,163,84,11
54,81,p281_082,196,91,15
54,82,p281_083,212,127,4
54,83,p281_084,231,117,44
54,84,p281_085,263,176,3
54,85,p281_086,181,110,0
54,86,p281_087,247,119,3
54,87,p281_088,195,117,0
54,88,p281_089,183,95,18
54,89,p281_090,180,100,5
54,90,p281_091,176,108,2
54,91,p281_092,223,128,27
54,92,p281_093,180,116,1
54,93,p281_094,158,89,1
54,94,p281_095,178,105,0
54,95,p281_096,143,74,6
54,96,p281_097,197,88,24
54,97,p281_098,173,97,0
54,98,p281_099,170,102,7
54,99,p281_100,191,92,13
54,100,p281_101,233,117,25
54,101,p281_102,179,98,6
54,102,p281_103,199,172,0
54,103,p281_104,336,226,8
54,104,p281_105,202,124,0
54,105,p281_106,130,88,0
54,106,p281_107,144,53,8
54,107,p281_108,142,74,15
54,108,p281_109,205,120,19
54,109,p281_110,181,96,7
54,110,p281_111,176,115,4
54,111,p281_112,178,102,2
54,112,p281_113,136,58,4
54,113,p281_114,224,129,9
54,114,p281_115,211,146,0
54,115,p281_116,200,125,0
54,116,p281_117,194,97,19
54,117,p281_118,232,150,1
54,118,p281_119,165,88,7
54,119,p281_120,188,104,6
54,120,p281_121,147,87,0
54,121,p281_122,238,159,7
54,122,p281_123,187,113,6
54,123,p281_124,182,100,4
54,124,p281_125,147,76,8
54,125,p281_126,195,135,8
54,126,p281_127,177,84,32
54,127,p281_128,153,82,4
54,128,p281_129,187,108,2
54,129,p281_130,165,99,2
54,130,p281_131,173,102,0
54,131,p281_132,161,111,0
54,132,p281_133,168,99,1
54,133,p281_134,183,87,5
54,134,p281_135,186,94,2
54,135,p281_136,230,135,9
54,136,p281_137,168,106,5
54,137,p281_138,290,211,0
54,138,p281_139,200,166,0
54,139,p281_140,231,173,12
54,140,p281_141,196,94,2
54,141,p281_142,207,131,4
54,142,p281_143,279,184,3
54,143,p281_144,193,101,4
54,144,p281_145,189,119,0
54,145,p281_146,152,88,11
54,146,p281_147,230,150,0
54,147,p281_148,180,105,3
54,148,p281_149,163,100,0
54,149,p281_150,219,94,47
54,150,p281_151,171,78,7
54,151,p281_152,212,144,1
54,152,p281_153,130,78,1
54,153,p281_154,167,123,0
54,154,p281_155,97,79,0
54,155,p281_156,132,84,0
54,156,p281_157,128,78,0
54,157,p281_158,264,148,6
54,158,p281_159,206,112,6
54,159,p281_160,196,137,0
54,160,p281_161,179,107,0
54,161,p281_162,139,88,8
54,162,p281_163,260,194,0
54,163,p281_164,145,66,23
54,164,p281_165,142,63,47
54,165,p281_166,176,114,3
54,166,p281_167,157,70,6
54,167,p281_168,219,156,2
54,168,p281_169,172,121,0
54,169,p281_170,135,62,1
54,170,p281_171,239,155,5
54,171,p281_172,139,77,0
54,172,p281_173,246,132,12
54,173,p281_174,219,157,0
54,174,p281_175,168,117,11
54,175,p281_176,135,69,8
54,176,p281_177,201,124,7
54,177,p281_178,186,117,9
54,178,p281_179,179,101,14
54,179,p281_180,244,162,14
54,180,p281_181,163,81,4
54,181,p281_182,168,89,0
54,182,p281_183,180,97,0
54,183,p281_184,148,78,1
54,184,p281_185,153,81,5
54,185,p281_186,154,102,0
54,186,p281_187,119,80,0
54,187,p281_188,245,166,0
54,188,p281_189,201,145,0
54,189,p281_190,175,90,4
54,190,p281_191,183,106,8
54,191,p281_192,152,51,15
54,192,p281_193,174,119,0
54,193,p281_194,242,132,5
54,194,p281_195,208,129,2
54,195,p281_196,190,108,1
54,196,p281_197,158,91,1
54,197,p281_198,195,103,5
54,198,p281_199,162,85,3
54,199,p281_200,242,145,5
54,200,p281_201,337,218,0
55,1,p282_002,201,102,39
55,2,p282_003,430,193,77
55,3,p282_004,363,115,101
55,4,p282_005,371,224,42
55,5,p282_006,307,194,37
55,6,p282_007,299,197,16
55,7,p282_009,330,164,25
55,8,p282_010,153,78,0
55,9,p282_011,461,257,63
55,10,p282_012,288,169,7
55,11,p282_013,254,167,8
55,12,p282_014,288,193,12
55,13,p282_015,324,229,19
55,14,p282_016,385,245,20
55,15,p282_017,724,102,403
55,16,p282_018,321,192,59
55,17,p282_020,250,156,36
55,18,p282_021,528,322,32
55,19,p282_022,363,215,44
55,20,p282_023,659,409,59
55,21,p282_024,972,381,338
55,22,p282_025,132,38,8
55,23,p282_026,287,120,127
55,24,p282_027,314,146,70
55,25,p282_028,233,124,39
55,26,p282_029,233,97,91
55,27,p282_030,118,50,24
55,28,p282_031,121,49,51
55,29,p282_032,120,52,16
55,30,p282_033,154,73,53
55,31,p282_034,117,50,52
55,32,p282_035,235,137,61
55,33,p282_036,217,117,33
55,34,p282_037,136,35,40
55,35,p282_038,131,43,39
55,36,p282_039,133,56,7
55,37,p282_040,250,118,66
55,38,p282_041,273,127,61
55,39,p282_042,146,70,9
55,40,p282_043,187,104,61
55,41,p282_044,227,134,56
55,42,p282_045,129,66,8
55,43,p282_046,129,62,3
55,44,p282_047,167,46,76
55,45,p282_048,276,157,11
55,46,p282_049,226,122,38
55,47,p282_050,102,32,41
55,48,p282_051,131,49,57
55,49,p282_052,159,88,58
55,50,p282_053,271,116,46
55,51,p282_054,193,87,69
55,52,p282_055,139,61,58
55,53,p282_056,119,37,48
55,54,p282_057,123,41,19
55,55,p282_058,202,106,73
55,56,p282_059,203,68,77
55,57,p282_060,265,147,66
55,58,p282_061,123,47,17
55,59,p282_062,145,61,52
55,60,p282_063,107,34,2
55,61,p282_064,111,58,2
55,62,p282_065,120,51,12
55,63,p282_066,138,34,50
55,64,p282_067,178,80,60
55,65,p282_068,239,158,43
55,66,p282_069,262,129,35
55,67,p282_070,137,63,42
55,68,p282_071,198,66,43
55,69,p282_072,171,84,63
55,70,p282_073,263,144,67
55,71,p282_074,142,66,34
55,72,p282_075,261,116,80
55,73,p282_076,242,105,58
55,74,p282_077,168,86,59
55,75,p282_078,124,45,59
55,76,p282_079,173,93,31
55,77,p282_080,253,126,57
55,78,p282_081,136,65,22
55,79,p282_082,111,47,11
55,80,p282_083,109,42,45
55,81,p282_084,155,74,36
55,82,p282_085,184,95,57
55,83,p282_086,217,113,65
55,84,p282_087,276,119,49
55,85,p282_088,191,81,51
55,86,p282_089,245,144,63
55,87,p282_090,270,135,68
55,88,p282_091,193,98,51
55,89,p282_092,142,58,26
55,90,p282_093,222,119,63
55,91,p282_094,288,160,16
55,92,p282_095,140,47,47
55,93,p282_096,150,51,17
55,94,p282_097,146,60,55
55,95,p282_098,160,85,21
55,96,p282_099,225,128,41
55,97,p282_100,221,59,34
55,98,p282_101,250,113,9
55,99,p282_102,197,92,29
55,100,p282_103,153,77,29
55,101,p282_104,119,45,63
55,102,p282_105,141,61,43
55,103,p282_106,161,81,55
55,104,p282_107,153,58,64
55,105,p282_108,301,158,70
55,106,p282_109,168,91,55
55,107,p282_110,240,122,63
55,108,p282_111,174,76,68
55,109,p282_112,107,30,57
55,110,p282_113,178,74,81
55,111,p282_114,109,45,11
55,112,p282_115,98,30,33
55,113,p282_117,248,146,35
55,114,p282_118,105,30,17
55,115,p282_119,116,60,5
55,116,p282_120,144,57,54
55,117,p282_121,217,124,65
55,118,p282_122,129,64,26
55,119,p282_123,241,135,35
55,120,p282_124,195,92,60
55,121,p282_125,174,98,37
55,122,p282_126,150,68,73
55,123,p282_127,155,74,51
55,124,p282_128,219,139,33
55,125,p282_129,129,71,11
55,126,p282_130,129,56,40
55,127,p282_131,133,66,37
55,128,p282_132,198,114,61
55,129,p282_133,111,38,49
55,130,p282_134,184,45,70
55,131,p282_135,242,94,90
55,132,p282_136,264,154,48
55,133,p282_137,254,153,47
55,134,p282_138,124,29,13
55,135,p282_139,168,62,75
55,136,p282_140,247,110,57
55,137,p282_141,154,76,23
55,138,p282_142,177,54,87
55,139,p282_143,256,129,70
55,140,p282_144,279,130,39
55,141,p282_145,161,55,17
55,142,p282_146,123,33,79
55,143,p282_147,310,144,89
55,144,p282_148,168,72,18
55,145,p282_149,257,128,73
55,146,p282_150,184,73,70
55,147,p282_151,136,40,66
55,148,p282_152,267,119,74
55,149,p282_153,193,67,59
55,150,p282_154,159,65,5
55,151,p282_155,244,120,42
55,152,p282_156,161,66,77
55,153,p282_157,277,139,76
55,154,p282_158,152,60,57
55,155,p282_159,228,115,65
55,156,p282_160,173,52,81
55,157,p282_161,192,60,62
55,158,p282_162,175,81,43
55,159,p282_163,164,70,67
55,160,p282_164,173,74,43
55,161,p282_165,177,76,69
55,162,p282_166,149,61,80
55,163,p282_167,249,141,62
55,164,p282_168,206,107,60
55,165,p282_169,173,55,85
55,166,p282_170,182,81,53
55,167,p282_171,150,62,72
55,168,p282_172,273,137,21
55,169,p282_173,144,62,13
55,170,p282_174,220,108,54
55,171,p282_175,175,51,56
55,172,p282_176,139,38,28
55,173,p282_177,192,58,74
55,174,p282_178,238,107,35
55,175,p282_179,127,42,40
55,176,p282_180,241,118,80
55,177,p282_181,105,42,2
55,178,p282_182,222,115,69
55,179,p282_183,173,83,23
55,180,p282_184,213,93,72
55,181,p282_185,267,160,58
55,182,p282_186,131,49,59
55,183,p282_187,177,84,24
55,184,p282_188,184,94,45
55,185,p282_189,261,139,63
55,186,p282_190,162,60,5
55,187,p282_191,273,140,70
55,188,p282_192,164,78,10
55,189,p282_193,144,35,84
55,190,p282_194,125,39,40
55,191,p282_195,108,20,29
55,192,p282_196,143,67,34
55,193,p282_197,243,119,52
55,194,p282_198,139,53,5
55,195,p282_199,267,123,68
55,196,p282_200,144,42,64
55,197,p282_201,175,91,40
55,198,p282_202,161,63,32
55,199,p282_203,146,52,52
55,200,p282_204,256,114,65
56,1,p283_001,138,62,7
56,2,p283_002,226,142,7
56,3,p283_003,441,275,5
56,4,p283_004,327,172,8
56,5,p283_005,389,284,3
56,6,p283_006,361,244,3
56,7,p283_007,283,177,8
56,8,p283_008,459,293,6
56,9,p283_009,281,190,0
56,10,p283_010,201,115,6
56,11,p283_011,430,325,16
56,12,p283_012,294,183,3
56,13,p283_013,323,208,4
56,14,p283_014,302,192,3
56,15,p283_015,450,276,11
56,16,p283_016,435,260,34
56,17,p283_017,248,102,64
56,18,p283_018,361,238,37
56,19,p283_019,481,310,22
56,20,p283_020,324,250,0
56,21,p283_021,546,336,41
56,22,p283_022,410,249,17
56,23,p283_023,731,475,37
56,24,p283_024,424,325,2
56,25,p283_025,212,121,14
56,26,p283_026,155,73,6
56,27,p283_027,159,78,6
56,28,p283_028,152,73,13
56,29,p283_029,161,64,21
56,30,p283_030,152,77,4
56,31,p283_031,230,135,8
56,32,p283_032,175,63,8
56,33,p283_033,278,140,8
56,34,p283_034,197,105,14
56,35,p283_035,145,57,47
56,36,p283_036,199,83,29
56,37,p283_037,172,84,23
56,38,p283_038,193,86,51
56,39,p283_039,169,80,38
56,40,p283_040,197,95,20
56,41,p283_041,179,93,15
56,42,p283_042,145,86,14
56,43,p283_043,229,117,25
56,44,p283_044,216,155,4
56,45,p283_045,176,118,0
56,46,p283_046,178,67,31
56,47,p283_047,238,120,44
56,48,p283_048,216,97,52
56,49,p283_049,198,114,8
56,50,p283_050,180,95,44
56,51,p283_051,198,102,22
56,52,p283_052,182,75,38
56,53,p283_053,182,75,50
56,54,p283_054,193,110,6
56,55,p283_055,171,67,60
56,56,p283_056,209,120,13
56,57,p283_057,146,66,26
56,58,p283_058,164,90,4
56,59,p283_059,131,49,12
56,60,p283_060,145,60,39
56,61,p283_061,148,60,30
56,62,p283_062,125,47,40
56,63,p283_063,171,87,20
56,64,p283_064,204,95,48
56,65,p283_065,166,74,14
56,66,p283_066,179,62,57
56,67,p283_067,165,81,16
56,68,p283_068,200,111,11
56,69,p283_069,193,116,5
56,70,p283_070,147,78,29
56,71,p283_071,166,63,25
56,72,p283_072,164,83,11
56,73,p283_073,255,141,34
56,74,p283_074,262,174,9
56,75,p283_075,163,56,21
56,76,p283_076,189,106,13
56,77,p283_077,240,117,31
56,78,p283_078,209,104,46
56,79,p283_079,166,97,0
56,80,p283_080,196,82,45
56,81,p283_081,245,123,37
56,82,p283_082,257,123,6
56,83,p283_083,207,95,5
56,84,p283_084,294,158,35
56,85,p283_085,151,65,38
56,86,p283_086,150,72,15
56,87,p283_087,172,83,9
56,88,p283_088,198,102,8
56,89,p283_089,187,70,57
56,90,p283_090,160,60,10
56,91,p283_091,163,44,60
56,92,p283_092,185,101,11
56,93,p283_093,161,90,18
56,94,p283_094,126,58,8
56,95,p283_095,134,78,6
56,96,p283_096,142,66,27
56,97,p283_097,131,56,4
56,98,p283_098,137,66,5
56,99,p283_099,161,91,20
56,100,p283_100,201,109,25
56,101,p283_101,259,119,47
56,102,p283_102,236,144,24
56,103,p283_103,171,78,29
56,104,p283_104,146,61,38
56,105,p283_105,123,47,40
56,106,p283_106,189,98,7
56,107,p283_107,139,68,0
56,108,p283_108,165,72,35
56,109,p283_109,105,50,1
56,110,p283_110,236,131,28
56,111,p283_111,147,52,36
56,112,p283_112,206,142,5
56,113,p283_113,190,129,9
56,114,p283_114,145,75,19
56,115,p283_115,201,89,43
56,116,p283_116,254,140,57
56,117,p283_117,182,103,48
56,118,p283_118,173,92,10
56,119,p283_119,152,56,52
56,120,p283_120,190,95,27
56,121,p283_121,147,64,29
56,122,p283_122,214,106,52
56,123,p283_123,265,146,14
56,124,p283_124,193,100,22
56,125,p283_125,131,50,38
56,126,p283_126,195,106,33
56,127,p283_127,113,74,5
56,128,p283_128,180,48,87
56,129,p283_129,139,37,54
56,130,p283_130,146,49,38
56,131,p283_131,175,99,11
56,132,p283_132,141,47,56
56,133,p283_133,264,145,55
56,134,p283_134,158,85,5
56,135,p283_135,176,82,23
56,136,p283_136,196,117,17
56,137,p283_137,164,72,35
56,138,p283_138,222,126,15
56,139,p283_139,147,58,41
56,140,p283_140,179,97,17
56,141,p283_141,174,85,36
56,142,p283_142,166,88,8
56,143,p283_143,151,56,53
56,144,p283_144,161,71,37
56,145,p283_145,179,96,31
56,146,p283_146,154,71,15
56,147,p283_147,215,125,2
56,148,p283_148,172,97,0
56,149,p283_149,158,75,18
56,150,p283_150,232,113,37
56,151,p283_151,225,125,8
56,152,p283_152,177,92,0
56,153,p283_153,174,92,10
56,154,p283_154,209,122,47
56,155,p283_155,231,162,2
56,156,p283_156,169,112,0
56,157,p283_157,199,92,12
56,158,p283_158,178,72,22
56,159,p283_159,176,87,3
56,160,p283_160,182,126,1
56,161,p283_161,244,133,33
56,162,p283_162,217,119,12
56,163,p283_163,200,121,5
56,164,p283_164,165,57,46
56,165,p283_165,134,65,1
56,166,p283_166,143,59,3
56,167,p283_167,113,47,0
56,168,p283_168,163,82,10
56,169,p283_169,148,80,15
56,170,p283_170,169,83,11
56,171,p283_171,158,99,2
56,172,p283_172,150,68,31
56,173,p283_173,185,95,20
56,174,p283_174,150,72,3
56,175,p283_175,232,139,0
56,176,p283_176,143,61,11
56,177,p283_177,165,97,2
56,178,p283_178,145,69,5
56,179,p283_179,187,104,20
56,180,p283_180,139,60,1
56,181,p283_181,139,122,0
56,182,p283_182,145,75,14
56,183,p283_183,227,146,1
56,184,p283_184,129,55,6
56,185,p283_185,153,65,13
56,186,p283_186,159,78,6
56,187,p283_187,163,73,24
56,188,p283_188,217,165,3
56,189,p283_189,155,63,10
56,190,p283_190,198,129,5
56,191,p283_191,157,101,0
56,192,p283_192,223,136,6
56,193,p283_193,160,70,11
56,194,p283_194,161,117,1
56,195,p283_195,187,141,3
56,196,p283_196,177,108,7
56,197,p283_197,253,153,16
56,198,p283_198,205,90,1
56,199,p283_199,163,95,1
56,200,p283_200,190,111,3
57,1,p284_001,142,39,59
57,2,p284_002,278,73,112
57,3,p284_003,344,181,68
57,4,p284_004,244,131,1
57,5,p284_005,319,183,43
57,6,p284_006,275,166,37
57,7,p284_007,233,130,60
57,8,p284_008,392,225,82
57,9,p284_009,249,131,80
57,10,p284_010,153,65,61
57,11,p284_011,331,216,72
57,12,p284_012,237,117,79
57,13,p284_013,230,114,74
57,14,p284_014,234,139,71
57,15,p284_015,339,194,104
57,16,p284_016,373,203,114
57,17,p284_017,206,106,64
57,18,p284_018,286,147,83
57,19,p284_019,422,224,110
57,20,p284_020,219,115,66
57,21,p284_021,476,235,137
57,22,p284_022,362,206,93
57,23,p284_023,598,365,144
57,24,p284_024,503,271,102
57,25,p284_025,236,112,84
57,26,p284_026,110,39,64
57,27,p284_027,113,27,47
57,28,p284_028,193,85,70
57,29,p284_029,131,43,72
57,30,p284_030,224,97,77
57,31,p284_031,116,37,58
57,32,p284_032,131,44,69
57,33,p284_033,113,40,63
57,34,p284_034,270,128,101
57,35,p284_035,235,116,73
57,36,p284_036,145,48,59
57,37,p284_037,129,27,51
57,38,p284_038,235,100,89
57,39,p284_039,193,80,70
57,40,p284_040,249,94,94
57,41,p284_041,147,55,53
57,42,p284_042,225,103,67
57,43,p284_043,132,43,20
57,44,p284_044,261,122,93
57,45,p284_045,175,78,69
57,46,p284_046,97,39,43
57,47,p284_047,190,73,71
57,48,p284_048,110,42,52
57,49,p284_049,97,20,65
57,50,p284_050,190,81,82
57,51,p284_051,145,52,58
57,52,p284_052,177,86,69
57,53,p284_053,158,68,29
57,54,p284_054,129,34,67
57,55,p284_055,218,130,60
57,56,p284_056,153,38,75
57,57,p284_057,147,40,68
57,58,p284_058,113,41,49
57,59,p284_059,222,109,72
57,60,p284_060,238,109,66
57,61,p284_061,289,169,24
57,62,p284_062,123,31,53
57,63,p284_063,115,44,57
57,64,p284_064,178,69,58
57,65,p284_065,298,116,111
57,66,p284_066,139,69,27
57,67,p284_067,153,76,27
57,68,p284_068,121,55,9
57,69,p284_069,179,88,58
57,70,p284_070,163,79,63
57,71,p284_071,129,54,53
57,72,p284_072,113,58,3
57,73,p284_073,259,128,68
57,74,p284_074,222,120,51
57,75,p284_075,132,55,59
57,76,p284_076,121,29,71
57,77,p284_077,123,49,44
57,78,p284_078,177,79,70
57,79,p284_079,142,58,47
57,80,p284_080,121,29,77
57,81,p284_081,153,58,69
57,82,p284_082,177,64,71
57,83,p284_083,155,79,65
57,84,p284_084,123,48,49
57,85,p284_085,243,108,98
57,86,p284_086,263,131,32
57,87,p284_087,171,88,50
57,88,p284_088,107,42,42
57,89,p284_089,193,95,61
57,90,p284_090,195,83,72
57,91,p284_091,158,78,39
57,92,p284_092,219,121,61
57,93,p284_093,137,60,52
57,94,p284_094,105,43,22
57,95,p284_095,115,44,50
57,96,p284_096,235,121,78
57,97,p284_097,134,56,52
57,98,p284_098,113,40,37
57,99,p284_099,283,117,115
57,100,p284_100,161,68,41
57,101,p284_101,123,33,78
57,102,p284_102,195,77,60
57,103,p284_103,302,140,90
57,104,p284_104,121,26,71
57,105,p284_105,155,70,62
57,106,p284_106,155,74,49
57,107,p284_107,143,34,34
57,108,p284_108,297,152,76
57,109,p284_109,210,88,89
57,110,p284_110,113,42,61
57,111,p284_111,226,89,90
57,112,p284_112,169,54,74
57,113,p284_113,131,57,46
57,114,p284_114,219,79,109
57,115,p284_115,144,62,31
57,116,p284_116,234,119,70
57,117,p284_117,198,96,69
57,118,p284_118,304,128,121
57,119,p284_119,123,51,10
57,120,p284_120,256,123,92
57,121,p284_121,121,43,63
57,122,p284_122,257,121,93
57,123,p284_123,155,61,76
57,124,p284_124,161,69,66
57,125,p284_125,171,57,69
57,126,p284_126,239,123,54
57,127,p284_127,126,42,59
57,128,p284_128,155,62,69
57,129,p284_129,197,78,83
57,130,p284_130,184,65,95
57,131,p284_131,272,141,90
57,132,p284_132,221,117,64
57,133,p284_133,265,134,73
57,134,p284_134,278,132,81
57,135,p284_135,202,50,134
57,136,p284_136,208,81,81
57,137,p284_137,260,130,95
57,138,p284_138,179,79,63
57,139,p284_139,107,37,15
57,140,p284_140,137,53,61
57,141,p284_141,207,66,78
57,142,p284_142,295,145,81
57,143,p284_143,153,65,58
57,144,p284_144,150,42,65
57,145,p284_145,133,32,81
57,146,p284_146,249,131,69
57,147,p284_147,256,119,81
57,148,p284_148,137,55,55
57,149,p284_149,230,105,82
57,150,p284_150,310,133,118
57,151,p284_151,120,45,10
57,152,p284_152,159,58,32
57,153,p284_153,142,68,51
57,154,p284_154,113,45,49
57,155,p284_155,126,29,48
57,156,p284_156,217,102,67
57,157,p284_157,113,48,40
57,158,p284_158,165,54,71
57,159,p284_159,155,71,64
57,160,p284_160,203,76,82
57,161,p284_161,347,123,160
57,162,p284_162,150,45,78
57,163,p284_163,201,87,75
57,164,p284_164,228,104,73
57,165,p284_165,134,54,64
57,166,p284_166,146,54,67
57,167,p284_167,135,48,62
57,168,p284_168,166,65,85
57,169,p284_169,122,37,72
57,170,p284_170,110,41,19
57,171,p284_171,251,95,92
57,172,p284_172,262,139,68
57,173,p284_173,190,72,74
57,174,p284_174,162,58,79
57,175,p284_175,161,51,73
57,176,p284_176,252,128,79
57,177,p284_177,117,31,78
57,178,p284_178,169,61,85
57,179,p284_179,209,82,89
57,180,p284_180,213,110,81
57,181,p284_181,188,71,86
57,182,p284_182,267,121,101
57,183,p284_183,170,81,56
57,184,p284_184,248,129,71
57,185,p284_185,121,35,57
57,186,p284_186,123,56,13
57,187,p284_187,245,111,79
57,188,p284_188,145,60,77
57,189,p284_189,285,112,115
57,190,p284_190,146,29,81
57,191,p284_191,115,47,56
57,192,p284_192,131,42,45
57,193,p284_193,184,95,67
57,194,p284_194,225,100,91
57,195,p284_195,198,107,80
57,196,p284_196,159,47,98
57,197,p284_197,169,47,104
57,198,p284_198,223,93,88
57,199,p284_199,267,83,123
57,200,p284_200,150,45,62
58,1,p285_001,123,51,38
58,2,p285_002,206,85,51
58,3,p285_003,406,248,4
58,4,p285_004,283,149,47
58,5,p285_005,338,233,39
58,6,p285_006,321,186,49
58,7,p285_007,240,140,59
58,8,p285_008,433,268,64
58,9,p285_009,290,172,12
58,10,p285_010,176,79,46
58,11,p285_011,375,223,32
58,12,p285_012,269,163,54
58,13,p285_013,257,134,33
58,14,p285_014,300,184,32
58,15,p285_015,368,234,18
58,16,p285_016,377,242,44
58,17,p285_017,223,92,40
58,18,p285_018,326,234,19
58,19,p285_019,401,232,6
58,20,p285_020,227,131,30
58,21,p285_021,498,336,52
58,22,p285_022,387,237,47
58,23,p285_023,618,439,35
58,24,p285_024,396,260,22
58,25,p285_025,233,144,19
58,26,p285_026,195,97,33
58,27,p285_027,294,172,60
58,28,p285_028,207,96,71
58,29,p285_029,229,96,75
58,30,p285_030,302,150,78
58,31,p285_031,137,50,9
58,32,p285_032,129,59,24
58,33,p285_033,142,58,54
58,34,p285_034,273,151,59
58,35,p285_035,251,152,52
58,36,p285_036,247,105,42
58,37,p285_037,125,40,59
58,38,p285_038,113,35,46
58,39,p285_039,123,45,43
58,40,p285_040,201,101,12
58,41,p285_041,250,137,49
58,42,p285_042,145,53,41
58,43,p285_043,153,74,24
58,44,p285_044,144,51,55
58,45,p285_045,217,141,27
58,46,p285_046,137,50,41
58,47,p285_047,203,117,62
58,48,p285_048,113,40,29
58,49,p285_049,97,41,35
58,50,p285_050,102,41,25
58,51,p285_051,110,41,45
58,52,p285_052,129,51,40
58,53,p285_053,254,154,66
58,54,p285_054,118,28,47
58,55,p285_055,177,83,42
58,56,p285_056,227,124,50
58,57,p285_057,147,59,10
58,58,p285_058,135,35,35
58,59,p285_059,113,40,48
58,60,p285_060,235,154,47
58,61,p285_061,107,49,31
58,62,p285_062,155,67,68
58,63,p285_063,161,73,47
58,64,p285_064,158,88,38
58,65,p285_065,137,44,42
58,66,p285_066,179,58,46
58,67,p285_067,131,46,36
58,68,p285_068,195,124,9
58,69,p285_069,275,133,82
58,70,p285_070,153,57,71
58,71,p285_071,166,66,2
58,72,p285_072,214,116,57
58,73,p285_073,126,39,57
58,74,p285_074,195,104,27
58,75,p285_075,116,46,37
58,76,p285_076,105,44,25
58,77,p285_077,139,71,51
58,78,p285_078,99,48,25
58,79,p285_079,113,42,34
58,80,p285_080,262,120,86
58,81,p285_081,107,43,0
58,82,p285_082,118,47,38
58,83,p285_083,107,35,26
58,84,p285_084,139,67,14
58,85,p285_085,195,113,20
58,86,p285_086,198,102,69
58,87,p285_087,127,41,37
58,88,p285_088,102,46,13
58,89,p285_089,195,94,65
58,90,p285_090,171,87,57
58,91,p285_091,123,59,11
58,92,p285_092,246,141,67
58,93,p285_093,107,42,43
58,94,p285_094,144,64,54
58,95,p285_095,121,55,37
58,96,p285_096,270,151,67
58,97,p285_097,129,44,50
58,98,p285_098,217,103,66
58,99,p285_099,150,78,46
58,100,p285_100,155,73,57
58,101,p285_101,169,72,78
58,102,p285_102,177,102,36
58,103,p285_103,121,33,41
58,104,p285_104,147,82,33
58,105,p285_105,166,107,46
58,106,p285_106,174,94,31
58,107,p285_107,161,64,11
58,108,p285_108,123,29,32
58,109,p285_109,177,92,46
58,110,p285_110,121,35,67
58,111,p285_111,190,97,40
58,112,p285_112,113,40,39
58,113,p285_113,230,120,41
58,114,p285_114,174,94,38
58,115,p285_115,102,48,17
58,116,p285_116,134,60,30
58,117,p285_117,126,63,16
58,118,p285_118,118,57,13
58,119,p285_119,174,94,50
58,120,p285_120,142,73,38
58,121,p285_121,145,61,38
58,122,p285_122,139,81,1
58,123,p285_123,118,61,21
58,124,p285_124,158,77,47
58,125,p285_125,142,63,21
58,126,p285_126,182,79,62
58,127,p285_127,126,61,46
58,128,p285_128,134,54,41
58,129,p285_129,97,38,32
58,130,p285_130,204,81,56
58,131,p285_131,217,132,58
58,132,p285_132,249,131,53
58,133,p285_133,201,100,68
58,134,p285_134,249,139,70
58,135,p285_135,190,97,73
58,136,p285_136,219,86,92
58,137,p285_137,233,138,35
58,138,p285_138,110,36,36
58,139,p285_139,238,130,36
58,140,p285_140,107,39,50
58,141,p285_141,175,65,48
58,142,p285_142,257,128,65
58,143,p285_143,155,66,7
58,144,p285_144,201,121,19
58,145,p285_145,217,121,39
58,146,p285_146,134,70,33
58,147,p285_147,185,113,26
58,148,p285_148,113,58,18
58,149,p285_149,157,88,41
58,150,p285_150,147,74,34
58,151,p285_151,171,94,42
58,152,p285_152,206,127,33
58,153,p285_153,115,56,41
58,154,p285_154,211,117,42
58,155,p285_155,169,80,50
58,156,p285_156,131,68,27
58,157,p285_157,131,55,57
58,158,p285_158,110,38,41
58,159,p285_159,253,145,0
58,160,p285_160,222,153,20
58,161,p285_161,147,58,57
58,162,p285_162,244,128,51
58,163,p285_163,249,141,41
58,164,p285_164,121,44,51
58,165,p285_165,124,40,57
58,166,p285_166,166,87,50
58,167,p285_167,238,151,11
58,168,p285_168,235,137,56
58,169,p285_169,123,61,39
58,170,p285_170,113,56,34
58,171,p285_171,171,76,48
58,172,p285_172,137,82,38
58,173,p285_173,94,30,30
58,174,p285_174,230,119,54
58,175,p285_175,211,138,41
58,176,p285_176,118,54,26
58,177,p285_177,139,64,51
58,178,p285_178,241,145,49
58,179,p285_179,105,39,48
58,180,p285_180,134,69,17
58,181,p285_181,102,37,41
58,182,p285_182,246,147,46
58,183,p285_183,126,72,21
58,184,p285_184,187,118,35
58,185,p285_185,169,87,54
58,186,p285_186,166,112,36
58,187,p285_187,202,79,83
58,188,p285_188,233,119,52
58,189,p285_189,126,42,55
58,190,p285_190,171,92,30
58,191,p285_191,275,183,40
58,192,p285_192,145,50,56
58,193,p285_193,214,129,40
58,194,p285_194,83,17,12
58,195,p285_195,177,68,61
58,196,p285_196,243,132,49
58,197,p285_197,163,70,71
58,198,p285_198,171,101,49
58,199,p285_199,246,123,60
58,200,p285_200,169,69,75
59,1,p286_001,133,44,74
59,2,p286_002,234,117,82
59,3,p286_003,441,204,159
59,4,p286_004,289,171,68
59,5,p286_005,418,203,138
59,6,p286_006,361,201,101
59,7,p286_007,299,167,99
59,8,p286_008,486,286,142
59,9,p286_009,313,159,100
59,10,p286_010,219,97,91
59,11,p286_011,470,261,143
59,12,p286_012,300,154,110
59,13,p286_013,288,154,86
59,14,p286_014,337,210,75
59,15,p286_015,377,243,62
59,16,p286_016,449,285,73
59,17,p286_017,245,115,89
59,18,p286_018,364,210,62
59,19,p286_019,505,283,118
59,20,p286_020,265,163,62
59,21,p286_021,584,335,130
59,22,p286_022,457,241,139
59,23,p286_023,771,489,148
59,24,p286_024,448,290,106
59,25,p286_025,197,112,53
59,26,p286_026,174,71,58
59,27,p286_027,179,79,76
59,28,p286_028,161,62,18
59,29,p286_030,222,108,86
59,30,p286_031,205,114,68
59,31,p286_032,243,119,89
59,32,p286_033,246,106,93
59,33,p286_034,246,101,93
59,34,p286_035,222,92,80
59,35,p286_036,285,127,95
59,36,p286_037,177,70,65
59,37,p286_038,195,101,73
59,38,p286_039,203,91,74
59,39,p286_040,177,77,70
59,40,p286_041,202,92,78
59,41,p286_042,162,65,79
59,42,p286_043,142,69,32
59,43,p286_044,222,123,50
59,44,p286_045,166,67,83
59,45,p286_046,185,98,74
59,46,p286_047,158,79,59
59,47,p286_048,249,129,88
59,48,p286_049,233,112,96
59,49,p286_050,166,62,92
59,50,p286_051,174,86,59
59,51,p286_052,211,75,100
59,52,p286_053,169,38,122
59,53,p286_054,144,41,83
59,54,p286_055,131,48,74
59,55,p286_056,163,72,72
59,56,p286_057,236,97,94
59,57,p286_058,171,72,80
59,58,p286_059,214,125,57
59,59,p286_060,227,83,78
59,60,p286_061,243,113,93
59,61,p286_062,155,67,59
59,62,p286_063,145,48,73
59,63,p286_064,169,81,66
59,64,p286_065,286,150,67
59,65,p286_066,169,79,60
59,66,p286_067,177,75,71
59,67,p286_068,174,80,77
59,68,p286_069,158,66,68
59,69,p286_070,161,58,83
59,70,p286_071,166,62,83
59,71,p286_072,182,81,76
59,72,p286_073,150,53,82
59,73,p286_074,209,100,83
59,74,p286_075,158,71,65
59,75,p286_076,260,116,103
59,76,p286_077,158,65,80
59,77,p286_078,189,75,80
59,78,p286_079,193,93,74
59,79,p286_080,235,139,71
59,80,p286_081,171,61,81
59,81,p286_082,265,128,78
59,82,p286_083,233,88,119
59,83,p286_084,164,66,59
59,84,p286_085,166,74,84
59,85,p286_086,163,85,53
59,86,p286_087,195,107,63
59,87,p286_088,142,54,68
59,88,p286_089,158,78,67
59,89,p286_090,155,74,65
59,90,p286_091,139,58,70
59,91,p286_092,193,89,76
59,92,p286_093,145,54,73
59,93,p286_094,169,68,80
59,94,p286_095,113,28,55
59,95,p286_096,137,46,72
59,96,p286_097,110,33,72
59,97,p286_098,198,75,78
59,98,p286_099,217,115,61
59,99,p286_100,317,204,67
59,100,p286_101,174,96,72
59,101,p286_102,147,58,60
59,102,p286_103,227,136,63
59,103,p286_104,145,67,53
59,104,p286_105,219,108,67
59,105,p286_106,163,72,67
59,106,p286_107,214,91,87
59,107,p286_108,163,83,60
59,108,p286_109,142,62,72
59,109,p286_110,235,112,89
59,110,p286_111,206,90,83
59,111,p286_112,147,41,78
59,112,p286_113,147,51,78
59,113,p286_114,233,108,98
59,114,p286_115,222,118,74
59,115,p286_116,188,96,71
59,116,p286_117,241,124,62
59,117,p286_118,217,120,64
59,118,p286_119,261,119,91
59,119,p286_120,238,130,80
59,120,p286_121,161,72,67
59,121,p286_122,211,100,80
59,122,p286_123,153,61,77
59,123,p286_124,235,138,62
59,124,p286_125,219,135,56
59,125,p286_126,158,67,74
59,126,p286_127,209,98,71
59,127,p286_128,155,69,62
59,128,p286_129,206,108,68
59,129,p286_130,177,70,77
59,130,p286_131,163,69,75
59,131,p286_132,198,103,73
59,132,p286_133,203,113,67
59,133,p286_134,158,66,66
59,134,p286_135,161,66,69
59,135,p286_136,204,89,93
59,136,p286_137,195,68,103
59,137,p286_138,185,74,88
59,138,p286_139,206,88,46
59,139,p286_140,195,96,77
59,140,p286_141,187,61,106
59,141,p286_142,195,88,87
59,142,p286_143,254,157,67
59,143,p286_144,167,48,89
59,144,p286_145,158,74,72
59,145,p286_146,137,51,68
59,146,p286_147,129,53,54
59,147,p286_148,129,58,58
59,148,p286_149,110,50,45
59,149,p286_150,123,41,72
59,150,p286_151,118,37,73
59,151,p286_152,163,72,71
59,152,p286_153,259,120,107
59,153,p286_154,158,61,83
59,154,p286_155,212,119,68
59,155,p286_156,134,55,59
59,156,p286_157,195,84,75
59,157,p286_158,283,162,80
59,158,p286_159,161,88,69
59,159,p286_160,275,160,62
59,160,p286_161,155,76,46
59,161,p286_162,161,77,50
59,162,p286_163,156,60,70
59,163,p286_164,265,134,77
59,164,p286_165,139,56,68
59,165,p286_166,132,59,65
59,166,p286_167,155,79,60
59,167,p286_168,155,69,71
59,168,p286_169,139,57,59
59,169,p286_170,178,80,71
59,170,p286_171,163,80,54
59,171,p286_172,166,87,54
59,172,p286_173,167,69,74
59,173,p286_174,233,120,71
59,174,p286_175,215,103,83
59,175,p286_176,227,119,74
59,176,p286_177,129,50,57
59,177,p286_178,185,80,58
59,178,p286_179,203,83,81
59,179,p286_180,227,101,82
59,180,p286_181,195,94,73
59,181,p286_182,215,111,7
59,182,p286_183,206,101,55
59,183,p286_184,166,77,66
59,184,p286_185,217,93,85
59,185,p286_186,182,74,77
59,186,p286_187,179,81,67
59,187,p286_188,166,78,1
59,188,p286_189,243,118,79
59,189,p286_190,155,76,58
59,190,p286_191,179,95,65
59,191,p286_192,217,127,71
59,192,p286_193,174,77,74
59,193,p286_194,195,79,78
59,194,p286_195,203,102,56
59,195,p286_196,174,87,43
59,196,p286_197,299,145,95
59,197,p286_198,321,114,50
59,198,p286_199,232,133,21
59,199,p286_200,201,106,22
59,200,p286_201,198,119,49
60,1,p287_001,145,49,29
60,2,p287_002,228,113,68
60,3,p287_003,471,220,156
60,4,p287_004,329,173,59
60,5,p287_005,428,255,24
60,6,p287_006,342,227,26
60,7,p287_007,285,169,80
60,8,p287_008,500,304,65
60,9,p287_009,335,181,54
60,10,p287_010,204,89,83
60,11,p287_011,423,267,80
60,12,p287_012,264,157,74
60,13,p287_013,273,130,72
60,14,p287_014,302,183,38
60,15,p287_015,378,229,61
60,16,p287_016,473,279,91
60,17,p287_017,216,97,78
60,18,p287_018,374,208,114
60,19,p287_019,461,249,118
60,20,p287_020,276,159,63
60,21,p287_021,568,328,120
60,22,p287_022,405,241,54
60,23,p287_023,702,427,163
60,24,p287_024,430,282,107
60,25,p287_025,242,83,102
60,26,p287_026,187,81,10
60,27,p287_027,182,92,19
60,28,p287_028,342,191,13
60,29,p287_029,206,88,44
60,30,p287_030,156,69,70
60,31,p287_031,144,72,21
60,32,p287_032,158,88,25
60,33,p287_033,148,49,20
60,34,p287_034,162,69,73
60,35,p287_035,161,70,57
60,36,p287_036,142,74,34
60,37,p287_037,260,121,73
60,38,p287_038,183,86,71
60,39,p287_039,145,56,42
60,40,p287_040,163,81,58
60,41,p287_041,154,65,37
60,42,p287_042,162,60,50
60,43,p287_043,146,68,52
60,44,p287_044,147,72,49
60,45,p287_045,128,51,46
60,46,p287_046,193,105,41
60,47,p287_047,140,58,24
60,48,p287_048,158,60,28
60,49,p287_049,146,50,38
60,50,p287_050,179,97,40
60,51,p287_051,133,49,50
60,52,p287_052,165,55,77
60,53,p287_053,181,90,69
60,54,p287_054,225,110,58
60,55,p287_055,149,68,50
60,56,p287_056,148,56,48
60,57,p287_057,155,72,26
60,58,p287_058,115,36,21
60,59,p287_059,147,38,66
60,60,p287_060,146,50,52
60,61,p287_061,120,50,3
60,62,p287_062,161,73,24
60,63,p287_063,261,140,27
60,64,p287_064,269,125,91
60,65,p287_065,148,47,59
60,66,p287_066,202,95,63
60,67,p287_067,204,86,83
60,68,p287_068,158,65,18
60,69,p287_069,143,78,5
60,70,p287_070,234,109,38
60,71,p287_071,142,48,34
60,72,p287_072,212,113,51
60,73,p287_073,171,70,20
60,74,p287_074,130,58,40
60,75,p287_075,218,96,67
60,76,p287_076,191,81,62
60,77,p287_077,227,110,48
60,78,p287_078,193,83,67
60,79,p287_079,155,85,5
60,80,p287_080,146,66,13
60,81,p287_081,166,78,39
60,82,p287_082,195,81,57
60,83,p287_083,126,51,23
60,84,p287_084,205,99,67
60,85,p287_085,143,65,27
60,86,p287_086,187,102,23
60,87,p287_087,232,88,109
60,88,p287_088,130,60,46
60,89,p287_089,156,81,31
60,90,p287_090,154,64,54
60,91,p287_091,179,75,34
60,92,p287_092,168,69,62
60,93,p287_093,167,68,46
60,94,p287_094,204,88,57
60,95,p287_095,163,85,21
60,96,p287_096,253,144,42
60,97,p287_097,171,59,52
60,98,p287_098,155,45,47
60,99,p287_099,143,49,58
60,100,p287_100,132,57,31
60,101,p287_101,148,75,40
60,102,p287_102,160,67,24
60,103,p287_103,148,52,10
60,104,p287_104,148,46,59
60,105,p287_105,180,76,54
60,106,p287_106,169,76,29
60,107,p287_107,131,72,3
60,108,p287_108,196,95,43
60,109,p287_109,162,57,66
60,110,p287_110,160,61,44
60,111,p287_111,120,26,58
60,112,p287_112,129,58,6
60,113,p287_113,172,70,49
60,114,p287_114,139,62,34
60,115,p287_115,221,102,73
60,116,p287_116,169,61,74
60,117,p287_117,176,76,34
60,118,p287_118,155,74,38
60,119,p287_119,225,107,72
60,120,p287_120,147,63,44
60,121,p287_121,171,66,39
60,122,p287_122,167,83,63
60,123,p287_123,143,64,23
60,124,p287_124,140,56,58
60,125,p287_125,200,96,45
60,126,p287_126,213,112,47
60,127,p287_127,157,72,19
60,128,p287_128,204,114,32
60,129,p287_129,137,60,16
60,130,p287_130,220,124,56
60,131,p287_131,247,128,55
60,132,p287_132,139,47,37
60,133,p287_133,170,42,87
60,134,p287_134,137,81,14
60,135,p287_135,182,87,43
60,136,p287_136,195,94,26
60,137,p287_137,201,99,40
60,138,p287_138,164,70,61
60,139,p287_139,219,110,49
60,140,p287_140,294,153,87
60,141,p287_141,185,61,51
60,142,p287_142,158,85,0
60,143,p287_143,135,47,58
60,144,p287_144,244,113,58
60,145,p287_145,214,104,21
60,146,p287_146,180,78,56
60,147,p287_147,180,72,42
60,148,p287_148,133,49,36
60,149,p287_149,225,100,49
60,150,p287_150,146,62,52
60,151,p287_151,181,94,24
60,152,p287_152,160,62,36
60,153,p287_153,138,59,19
60,154,p287_154,162,62,71
60,155,p287_155,267,156,37
60,156,p287_156,266,128,83
60,157,p287_157,230,119,33
60,158,p287_158,135,53,17
60,159,p287_159,169,93,44
60,160,p287_160,198,97,61
60,161,p287_161,174,77,31
60,162,p287_162,240,113,72
60,163,p287_163,150,75,37
60,164,p287_164,145,67,8
60,165,p287_165,122,45,12
60,166,p287_166,114,34,38
60,167,p287_167,120,45,13
60,168,p287_168,142,57,29
60,169,p287_169,154,60,68
60,170,p287_170,166,68,28
60,171,p287_171,145,64,15
60,172,p287_172,227,108,72
60,173,p287_173,182,88,54
60,174,p287_174,187,83,57
60,175,p287_175,174,76,21
60,176,p287_176,170,87,18
60,177,p287_177,183,78,35
60,178,p287_178,197,95,49
60,179,p287_179,217,113,52
60,180,p287_180,172,62,76
60,181,p287_181,186,86,56
60,182,p287_182,259,128,26
60,183,p287_183,153,56,23
60,184,p287_184,156,74,25
60,185,p287_185,245,119,65
60,186,p287_186,157,53,48
60,187,p287_187,146,44,52
60,188,p287_188,257,152,25
60,189,p287_189,163,68,50
60,190,p287_190,226,98,59
60,191,p287_191,135,43,32
60,192,p287_192,158,75,25
60,193,p287_193,183,68,74
60,194,p287_194,192,69,69
60,195,p287_195,186,97,29
60,196,p287_196,187,104,29
60,197,p287_197,213,80,76
60,198,p287_198,202,96,49
60,199,p287_199,222,95,69
60,200,p287_200,310,130,90
61,1,p288_001,143,70,3
61,2,p288_002,222,102,29
61,3,p288_003,451,212,21
61,4,p288_004,334,134,98
61,5,p288_005,425,243,71
61,6,p288_006,343,171,76
61,7,p288_007,310,172,70
61,8,p288_008,518,312,49
61,9,p288_009,333,169,69
61,10,p288_010,193,76,55
61,11,p288_011,408,210,74
61,12,p288_012,291,154,66
61,13,p288_013,295,132,54
61,14,p288_014,303,182,22
61,15,p288_015,369,194,42
61,16,p288_016,432,247,49
61,17,p288_017,226,84,56
61,18,p288_018,355,173,80
61,19,p288_019,491,252,60
61,20,p288_020,251,147,14
61,21,p288_021,555,300,26
61,22,p288_022,452,236,78
61,23,p288_023,692,395,90
61,24,p288_024,450,288,56
61,25,p288_025,270,140,15
61,26,p288_026,180,73,17
61,27,p288_027,153,28,64
61,28,p288_028,240,117,76
61,29,p288_029,166,66,16
61,30,p288_030,140,40,68
61,31,p288_031,184,68,66
61,32,p288_032,268,143,68
61,33,p288_033,223,103,46
61,34,p288_034,164,60,39
61,35,p288_035,231,84,45
61,36,p288_036,165,71,64
61,37,p288_037,249,107,93
61,38,p288_038,121,48,20
61,39,p288_039,268,150,73
61,40,p288_040,172,68,57
61,41,p288_041,190,79,50
61,42,p288_042,122,60,17
61,43,p288_043,152,49,46
61,44,p288_044,219,82,64
61,45,p288_045,174,66,32
61,46,p288_046,270,157,58
61,47,p288_047,238,123,49
61,48,p288_048,129,53,38
61,49,p288_049,113,35,33
61,50,p288_050,145,58,67
61,51,p288_051,177,74,52
61,52,p288_052,156,46,67
61,53,p288_053,110,42,35
61,54,p288_054,107,34,13
61,55,p288_055,123,51,12
61,56,p288_056,129,25,36
61,57,p288_057,259,127,38
61,58,p288_058,219,91,57
61,59,p288_059,170,67,54
61,60,p288_060,267,140,45
61,61,p288_061,150,50,56
61,62,p288_062,179,72,37
61,63,p288_063,211,85,42
61,64,p288_064,170,48,51
61,65,p288_065,310,85,108
61,66,p288_066,185,49,69
61,67,p288_067,229,99,72
61,68,p288_068,174,53,81
61,69,p288_069,225,104,47
61,70,p288_070,139,40,61
61,71,p288_071,171,65,45
61,72,p288_072,148,51,37
61,73,p288_073,153,45,59
61,74,p288_074,166,71,63
61,75,p288_075,283,122,86
61,76,p288_076,136,46,49
61,77,p288_077,184,77,60
61,78,p288_078,182,71,76
61,79,p288_079,273,140,43
61,80,p288_080,209,65,100
61,81,p288_081,209,76,54
61,82,p288_082,210,59,63
61,83,p288_083,252,96,82
61,84,p288_084,169,49,91
61,85,p288_085,248,122,57
61,86,p288_086,191,84,71
61,87,p288_087,260,128,69
61,88,p288_088,247,140,59
61,89,p288_089,235,105,73
61,90,p288_090,129,38,74
61,91,p288_091,242,115,74
61,92,p288_092,262,116,78
61,93,p288_093,225,106,71
61,94,p288_094,263,122,71
61,95,p288_095,157,49,71
61,96,p288_096,151,54,52
61,97,p288_097,238,109,63
61,98,p288_098,176,77,59
61,99,p288_099,147,53,43
61,100,p288_100,198,73,65
61,101,p288_101,126,34,61
61,102,p288_102,244,107,82
61,103,p288_103,124,52,27
61,104,p288_104,169,64,68
61,105,p288_105,193,64,65
61,106,p288_106,134,42,43
61,107,p288_107,141,61,64
61,108,p288_108,157,66,61
61,109,p288_109,279,172,54
61,110,p288_110,213,96,43
61,111,p288_111,231,113,70
61,112,p288_112,259,105,68
61,113,p288_113,110,41,25
61,114,p288_114,269,133,69
61,115,p288_115,289,116,81
61,116,p288_116,129,33,46
61,117,p288_117,179,77,58
61,118,p288_118,286,146,66
61,119,p288_119,271,153,61
61,120,p288_120,121,45,31
61,121,p288_121,175,71,48
61,122,p288_122,228,110,66
61,123,p288_123,312,141,60
61,124,p288_124,161,57,49
61,125,p288_125,142,59,66
61,126,p288_126,169,47,57
61,127,p288_127,179,44,71
61,128,p288_128,240,97,77
61,129,p288_129,298,158,81
61,130,p288_130,339,149,83
61,131,p288_131,293,135,92
61,132,p288_132,290,133,60
61,133,p288_133,150,32,58
61,134,p288_134,281,140,22
61,135,p288_135,308,134,70
61,136,p288_136,339,138,138
61,137,p288_137,210,100,65
61,138,p288_138,110,46,49
61,139,p288_139,197,81,81
61,140,p288_140,240,108,84
61,141,p288_141,169,64,61
61,142,p288_142,283,143,77
61,143,p288_143,288,143,85
61,144,p288_144,278,97,113
61,145,p288_145,255,125,90
61,146,p288_146,239,106,75
61,147,p288_147,191,73,68
61,148,p288_148,222,69,109
61,149,p288_149,204,71,79
61,150,p288_150,186,73,68
61,151,p288_151,165,68,54
61,152,p288_152,280,141,67
61,153,p288_153,140,48,61
61,154,p288_154,190,85,69
61,155,p288_155,313,156,92
61,156,p288_156,171,82,79
61,157,p288_157,153,55,69
61,158,p288_158,180,86,51
61,159,p288_159,145,65,40
61,160,p288_160,159,58,67
61,161,p288_161,238,88,114
61,162,p288_162,158,68,12
61,163,p288_163,152,61,39
61,164,p288_164,206,87,63
61,165,p288_165,158,57,67
61,166,p288_166,282,157,71
61,167,p288_167,146,61,48
61,168,p288_168,162,68,73
61,169,p288_169,158,59,53
61,170,p288_170,142,33,81
61,171,p288_171,138,44,63
61,172,p288_172,300,118,127
61,173,p288_173,135,56,63
61,174,p288_174,244,94,88
61,175,p288_175,212,104,72
61,176,p288_176,268,115,91
61,177,p288_177,239,84,90
61,178,p288_178,252,127,68
61,179,p288_179,126,30,36
61,180,p288_180,192,74,70
61,181,p288_181,206,70,77
61,182,p288_182,194,44,62
61,183,p288_183,239,123,70
61,184,p288_184,161,58,71
61,185,p288_185,164,58,82
61,186,p288_186,186,71,79
61,187,p288_187,257,102,102
61,188,p288_188,247,108,65
61,189,p288_189,131,58,13
61,190,p288_190,265,94,64
61,191,p288_191,174,79,66
61,192,p288_192,264,113,89
61,193,p288_193,253,104,78
61,194,p288_194,179,51,78
61,195,p288_195,129,26,78
61,196,p288_196,183,88,73
61,197,p288_197,132,52,65
61,198,p288_198,253,130,78
61,199,p288_199,128,39,71
61,200,p288_200,200,100,65
62,1,p292_001,126,54,1
62,2,p292_013,306,170,7
62,3,p292_014,341,201,0
62,4,p292_015,376,253,41
62,5,p292_016,481,311,6
62,6,p292_017,206,117,28
62,7,p292_020,235,155,4
62,8,p292_021,579,347,36
62,9,p292_022,435,266,13
62,10,p292_023,702,484,45
62,11,p292_024,446,302,13
62,12,p292_025,193,88,4
62,13,p292_026,163,60,1
62,14,p292_027,238,102,22
62,15,p292_028,219,93,2
62,16,p292_029,218,86,17
62,17,p292_030,203,73,5
62,18,p292_031,195,79,9
62,19,p292_032,182,86,4
62,20,p292_033,211,91,36
62,21,p292_034,145,49,0
62,22,p292_035,142,47,13
62,23,p292_036,175,87,17
62,24,p292_037,310,143,5
62,25,p292_038,186,67,1
62,26,p292_039,182,75,28
62,27,p292_040,193,89,30
62,28,p292_041,219,121,7
62,29,p292_042,185,72,24
62,30,p292_043,169,81,2
62,31,p292_044,195,90,4
62,32,p292_045,211,98,49
62,33,p292_046,158,62,20
62,34,p292_047,205,100,19
62,35,p292_048,182,82,58
62,36,p292_049,171,83,9
62,37,p292_050,158,71,26
62,38,p292_051,193,77,1
62,39,p292_052,181,77,60
62,40,p292_053,219,101,24
62,41,p292_054,198,79,51
62,42,p292_055,191,78,29
62,43,p292_056,179,88,7
62,44,p292_057,193,87,19
62,45,p292_058,214,101,21
62,46,p292_059,155,68,0
62,47,p292_060,204,101,0
62,48,p292_061,171,76,10
62,49,p292_062,195,89,8
62,50,p292_063,177,74,5
62,51,p292_064,193,105,6
62,52,p292_065,201,106,9
62,53,p292_066,209,103,4
62,54,p292_067,175,69,35
62,55,p292_068,193,94,32
62,56,p292_069,204,82,0
62,57,p292_070,171,70,2
62,58,p292_071,202,91,2
62,59,p292_072,201,88,7
62,60,p292_073,172,53,64
62,61,p292_074,206,84,13
62,62,p292_075,254,110,25
62,63,p292_076,203,93,9
62,64,p292_077,254,113,19
62,65,p292_078,213,74,32
62,66,p292_079,193,69,24
62,67,p292_080,174,78,11
62,68,p292_081,187,60,76
62,69,p292_082,166,78,16
62,70,p292_083,206,106,11
62,71,p292_084,203,106,21
62,72,p292_085,206,111,2
62,73,p292_086,197,98,19
62,74,p292_087,190,82,1
62,75,p292_088,251,119,15
62,76,p292_089,163,90,17
62,77,p292_090,196,98,8
62,78,p292_091,163,69,14
62,79,p292_092,214,85,24
62,80,p292_093,251,138,17
62,81,p292_094,225,92,25
62,82,p292_095,198,56,29
62,83,p292_096,221,96,6
62,84,p292_097,190,69,84
62,85,p292_098,182,81,7
62,86,p292_099,163,57,31
62,87,p292_100,219,95,41
62,88,p292_101,201,69,53
62,89,p292_102,201,106,41
62,90,p292_103,166,46,14
62,91,p292_104,227,106,17
62,92,p292_105,134,41,33
62,93,p292_106,209,88,15
62,94,p292_107,211,87,90
62,95,p292_108,206,111,20
62,96,p292_109,158,60,29
62,97,p292_110,231,104,68
62,98,p292_111,118,39,24
62,99,p292_112,206,82,61
62,100,p292_113,147,61,16
62,101,p292_114,249,116,80
62,102,p292_115,171,73,32
62,103,p292_116,230,111,25
62,104,p292_117,198,92,39
62,105,p292_118,190,56,39
62,106,p292_119,211,109,13
62,107,p292_120,185,57,60
62,108,p292_121,207,88,37
62,109,p292_122,254,122,58
62,110,p292_123,163,57,47
62,111,p292_124,185,73,6
62,112,p292_125,192,95,2
62,113,p292_126,210,90,20
62,114,p292_127,185,96,7
62,115,p292_128,243,161,8
62,116,p292_129,209,92,7
62,117,p292_130,145,61,3
62,118,p292_131,193,58,13
62,119,p292_132,169,55,49
62,120,p292_133,185,79,46
62,121,p292_134,203,109,27
62,122,p292_135,177,71,8
62,123,p292_136,137,47,4
62,124,p292_137,162,65,25
62,125,p292_138,193,103,18
62,126,p292_139,246,110,20
62,127,p292_140,179,69,43
62,128,p292_141,139,57,7
62,129,p292_142,161,66,22
62,130,p292_143,230,128,25
62,131,p292_144,155,96,0
62,132,p292_145,171,80,8
62,133,p292_146,137,70,12
62,134,p292_147,167,59,5
62,135,p292_148,296,100,116
62,136,p292_149,206,78,81
62,137,p292_150,201,93,43
62,138,p292_151,188,94,28
62,139,p292_152,174,81,5
62,140,p292_153,206,104,9
62,141,p292_154,224,106,34
62,142,p292_155,230,101,14
62,143,p292_156,222,109,30
62,144,p292_157,192,89,43
62,145,p292_158,171,72,1
62,146,p292_159,151,70,13
62,147,p292_160,161,70,9
62,148,p292_161,170,69,26
62,149,p292_162,161,77,25
62,150,p292_163,223,94,18
62,151,p292_164,131,86,5
62,152,p292_165,139,58,30
62,153,p292_166,182,69,24
62,154,p292_167,179,62,7
62,155,p292_168,121,51,0
62,156,p292_169,179,81,4
62,157,p292_170,147,51,27
62,158,p292_171,145,69,8
62,159,p292_172,158,51,11
62,160,p292_173,201,98,18
62,161,p292_174,177,65,12
62,162,p292_175,177,85,8
62,163,p292_176,147,61,7
62,164,p292_177,224,110,4
62,165,p292_178,193,102,23
62,166,p292_179,270,152,34
62,167,p292_180,161,60,34
62,168,p292_181,181,66,17
62,169,p292_182,187,92,22
62,170,p292_183,222,109,20
62,171,p292_184,172,80,16
62,172,p292_185,137,55,2
62,173,p292_186,166,68,0
62,174,p292_187,165,65,1
62,175,p292_188,211,98,4
62,176,p292_189,169,70,2
62,177,p292_190,183,79,4
62,178,p292_191,150,65,2
62,179,p292_192,195,89,32
62,180,p292_193,147,50,17
62,181,p292_194,163,74,10
62,182,p292_195,173,61,13
62,183,p292_196,214,118,1
62,184,p292_197,142,64,1
62,185,p292_198,166,67,2
62,186,p292_199,262,139,18
62,187,p292_200,169,86,20
62,188,p292_201,225,122,25
62,189,p292_202,190,93,7
62,190,p292_203,150,47,9
62,191,p292_204,184,74,25
62,192,p292_205,166,58,28
62,193,p292_206,161,66,12
62,194,p292_207,193,109,3
62,195,p292_208,182,63,8
62,196,p292_209,225,127,18
62,197,p292_210,221,118,41
62,198,p292_211,177,89,10
62,199,p292_212,169,69,23
62,200,p292_213,174,83,1
63,1,p293_001,142,51,8
63,2,p293_002,306,123,10
63,3,p293_003,552,258,9
63,4,p293_004,387,156,1
63,5,p293_005,466,239,41
63,6,p293_006,420,244,22
63,7,p293_007,318,185,16
63,8,p293_008,537,311,34
63,9,p293_009,347,172,7
63,10,p293_010,263,85,63
63,11,p293_011,498,259,39
63,12,p293_012,343,161,41
63,13,p293_013,308,137,20
63,14,p293_014,452,172,62
63,15,p293_015,506,234,39
63,16,p293_016,711,273,78
63,17,p293_018,557,249,73
63,18,p293_019,627,257,72
63,19,p293_020,420,171,44
63,20,p293_021,635,354,58
63,21,p293_022,525,251,27
63,22,p293_023,780,408,50
63,23,p293_024,533,314,29
63,24,p293_025,279,88,54
63,25,p293_026,226,70,58
63,26,p293_027,281,129,29
63,27,p293_028,233,82,3
63,28,p293_029,234,82,18
63,29,p293_030,261,117,10
63,30,p293_032,243,90,18
63,31,p293_033,240,65,26
63,32,p293_034,278,131,48
63,33,p293_035,217,81,17
63,34,p293_036,275,100,33
63,35,p293_037,264,62,60
63,36,p293_038,280,116,47
63,37,p293_039,230,87,45
63,38,p293_040,234,74,39
63,39,p293_041,465,95,36
63,40,p293_042,220,78,10
63,41,p293_043,206,83,44
63,42,p293_044,186,66,71
63,43,p293_045,255,128,13
63,44,p293_046,250,116,27
63,45,p293_047,179,75,69
63,46,p293_048,198,70,55
63,47,p293_049,224,104,21
63,48,p293_050,286,148,36
63,49,p293_051,350,101,74
63,50,p293_052,297,60,27
63,51,p293_053,374,92,88
63,52,p293_054,266,94,55
63,53,p293_055,396,93,121
63,54,p293_056,287,60,26
63,55,p293_057,275,56,60
63,56,p293_058,353,80,157
63,57,p293_059,402,98,188
63,58,p293_060,211,69,16
63,59,p293_061,373,88,9
63,60,p293_062,283,73,110
63,61,p293_063,499,81,29
63,62,p293_064,270,110,30
63,63,p293_065,171,53,0
63,64,p293_066,291,118,2
63,65,p293_067,302,106,84
63,66,p293_068,263,95,46
63,67,p293_069,338,110,66
63,68,p293_070,260,64,21
63,69,p293_071,286,88,70
63,70,p293_072,186,72,38
63,71,p293_073,251,86,9
63,72,p293_074,224,80,3
63,73,p293_075,250,110,5
63,74,p293_076,215,79,2
63,75,p293_077,221,83,76
63,76,p293_078,202,56,7
63,77,p293_079,226,84,26
63,78,p293_080,295,71,23
63,79,p293_081,358,110,11
63,80,p293_082,353,94,24
63,81,p293_083,371,99,60
63,82,p293_084,214,84,13
63,83,p293_085,380,72,16
63,84,p293_086,348,95,55
63,85,p293_087,250,63,27
63,86,p293_088,241,94,16
63,87,p293_089,258,108,75
63,88,p293_090,193,71,12
63,89,p293_091,421,89,111
63,90,p293_092,405,65,97
63,91,p293_093,351,106,19
63,92,p293_094,314,90,19
63,93,p293_095,326,80,48
63,94,p293_096,323,80,76
63,95,p293_097,160,50,1
63,96,p293_098,236,87,10
63,97,p293_099,276,45,22
63,98,p293_100,339,58,91
63,99,p293_101,299,107,3
63,100,p293_102,231,88,7
63,101,p293_103,288,68,81
63,102,p293_104,284,135,22
63,103,p293_105,241,95,52
63,104,p293_106,236,92,1
63,105,p293_107,225,95,35
63,106,p293_108,258,102,24
63,107,p293_109,303,59,52
63,108,p293_110,285,109,10
63,109,p293_111,299,63,49
63,110,p293_112,552,116,52
63,111,p293_113,282,76,13
63,112,p293_114,325,74,35
63,113,p293_115,433,42,25
63,114,p293_116,315,112,45
63,115,p293_117,244,112,8
63,116,p293_118,347,74,21
63,117,p293_119,419,133,33
63,118,p293_120,296,135,8
63,119,p293_121,613,84,80
63,120,p293_122,301,100,99
63,121,p293_123,209,64,15
63,122,p293_124,385,54,15
63,123,p293_125,440,136,5
63,124,p293_126,371,86,42
63,125,p293_127,304,69,21
63,126,p293_128,495,120,143
63,127,p293_129,479,91,98
63,128,p293_130,308,93,26
63,129,p293_131,298,102,15
63,130,p293_132,262,79,21
63,131,p293_133,427,97,133
63,132,p293_134,235,87,23
63,133,p293_135,433,118,73
63,134,p293_136,603,64,116
63,135,p293_137,403,79,35
63,136,p293_138,289,56,34
63,137,p293_139,379,72,9
63,138,p293_140,267,63,29
63,139,p293_141,251,118,73
63,140,p293_142,476,106,55
63,141,p293_143,326,100,3
63,142,p293_144,185,81,1
63,143,p293_145,195,62,3
63,144,p293_146,395,60,31
63,145,p293_147,299,83,17
63,146,p293_148,321,98,23
63,147,p293_149,365,85,47
63,148,p293_150,234,109,48
63,149,p293_151,153,75,7
63,150,p293_152,215,88,23
63,151,p293_153,336,67,113
63,152,p293_154,347,108,28
63,153,p293_155,222,99,29
63,154,p293_156,310,94,115
63,155,p293_157,293,52,101
63,156,p293_158,321,125,51
63,157,p293_159,218,80,25
63,158,p293_160,241,91,37
63,159,p293_161,246,98,2
63,160,p293_162,278,111,1
63,161,p293_163,219,64,6
63,162,p293_164,269,95,25
63,163,p293_165,209,76,39
63,164,p293_166,220,88,6
63,165,p293_167,174,53,2
63,166,p293_168,163,57,9
63,167,p293_169,230,65,6
63,168,p293_170,242,78,47
63,169,p293_171,227,82,15
63,170,p293_172,226,98,13
63,171,p293_173,203,51,5
63,172,p293_174,214,77,21
63,173,p293_175,158,50,13
63,174,p293_176,155,60,5
63,175,p293_177,208,72,10
63,176,p293_178,193,71,0
63,177,p293_179,284,118,65
63,178,p293_180,266,110,59
63,179,p293_181,291,123,1
63,180,p293_182,246,82,6
63,181,p293_183,273,82,14
63,182,p293_184,227,54,9
63,183,p293_185,241,64,38
63,184,p293_186,257,101,5
63,185,p293_187,294,113,2
63,186,p293_188,243,78,70
63,187,p293_189,209,45,2
63,188,p293_190,251,79,39
63,189,p293_191,253,89,35
63,190,p293_192,233,80,21
63,191,p293_193,227,52,8
63,192,p293_194,323,94,57
63,193,p293_195,193,60,0
63,194,p293_196,202,67,3
63,195,p293_197,195,49,0
63,196,p293_198,219,53,1
63,197,p293_199,203,80,4
63,198,p293_200,246,99,13
63,199,p293_201,142,33,9
63,200,p293_202,194,87,3
64,1,p294_001,158,49,36
64,2,p294_002,252,115,68
64,3,p294_003,468,191,123
64,4,p294_004,348,136,135
64,5,p294_005,436,244,44
64,6,p294_006,454,200,187
64,7,p294_007,341,175,69
64,8,p294_008,543,284,121
64,9,p294_009,333,161,116
64,10,p294_010,226,93,50
64,11,p294_011,472,262,84
64,12,p294_012,311,155,97
64,13,p294_013,336,144,118
64,14,p294_014,372,194,85
64,15,p294_015,409,209,101
64,16,p294_016,475,253,76
64,17,p294_017,290,113,102
64,18,p294_018,414,189,164
64,19,p294_019,489,236,132
64,20,p294_020,259,141,73
64,21,p294_021,643,321,141
64,22,p294_022,501,261,133
64,23,p294_023,845,454,242
64,24,p294_024,497,270,157
64,25,p294_025,212,87,104
64,26,p294_026,240,110,107
64,27,p294_027,212,91,72
64,28,p294_028,245,102,71
64,29,p294_029,182,73,24
64,30,p294_030,166,65,64
64,31,p294_031,212,74,113
64,32,p294_032,215,94,39
64,33,p294_033,198,65,66
64,34,p294_034,191,52,45
64,35,p294_035,204,74,68
64,36,p294_036,165,49,77
64,37,p294_037,234,93,99
64,38,p294_038,209,71,70
64,39,p294_039,216,50,115
64,40,p294_040,237,86,119
64,41,p294_041,220,75,109
64,42,p294_042,179,57,45
64,43,p294_043,236,91,72
64,44,p294_044,229,103,52
64,45,p294_045,193,90,87
64,46,p294_046,186,67,95
64,47,p294_047,194,57,24
64,48,p294_048,241,89,34
64,49,p294_049,168,34,109
64,50,p294_050,202,70,102
64,51,p294_051,235,115,73
64,52,p294_052,193,75,62
64,53,p294_053,153,55,10
64,54,p294_054,187,68,93
64,55,p294_055,236,96,71
64,56,p294_056,214,77,49
64,57,p294_057,208,67,121
64,58,p294_058,248,111,67
64,59,p294_059,203,49,84
64,60,p294_060,153,46,54
64,61,p294_061,179,41,100
64,62,p294_062,205,45,101
64,63,p294_063,217,87,59
64,64,p294_064,226,93,83
64,65,p294_065,232,90,63
64,66,p294_066,227,76,112
64,67,p294_067,202,73,104
64,68,p294_068,254,119,95
64,69,p294_069,242,88,52
64,70,p294_070,206,85,91
64,71,p294_071,212,74,95
64,72,p294_072,198,57,52
64,73,p294_073,204,93,60
64,74,p294_074,164,56,35
64,75,p294_075,195,77,25
64,76,p294_076,168,63,13
64,77,p294_077,200,83,59
64,78,p294_078,229,60,121
64,79,p294_079,196,66,49
64,80,p294_080,180,56,13
64,81,p294_081,207,76,69
64,82,p294_082,164,50,20
64,83,p294_083,194,55,72
64,84,p294_084,249,72,108
64,85,p294_085,193,46,79
64,86,p294_086,213,73,107
64,87,p294_087,189,64,66
64,88,p294_088,188,73,26
64,89,p294_089,255,103,92
64,90,p294_090,200,64,82
64,91,p294_091,183,65,68
64,92,p294_092,196,75,85
64,93,p294_093,162,56,14
64,94,p294_094,189,75,45
64,95,p294_095,182,39,113
64,96,p294_096,188,75,28
64,97,p294_097,197,75,103
64,98,p294_098,215,85,47
64,99,p294_099,164,47,27
64,100,p294_100,198,67,100
64,101,p294_101,182,53,42
64,102,p294_102,173,52,22
64,103,p294_103,182,45,65
64,104,p294_104,191,75,56
64,105,p294_105,222,100,73
64,106,p294_106,194,75,25
64,107,p294_107,185,73,88
64,108,p294_108,210,53,116
64,109,p294_109,205,58,117
64,110,p294_110,195,65,38
64,111,p294_111,218,72,91
64,112,p294_112,210,81,34
64,113,p294_113,208,72,35
64,114,p294_114,209,94,13
64,115,p294_115,205,79,13
64,116,p294_116,208,69,28
64,117,p294_117,157,43,11
64,118,p294_118,195,47,85
64,119,p294_119,203,63,86
64,120,p294_120,188,70,60
64,121,p294_121,185,66,66
64,122,p294_122,202,83,25
64,123,p294_123,184,66,49
64,124,p294_124,207,60,70
64,125,p294_125,213,84,28
64,126,p294_126,180,57,71
64,127,p294_127,191,76,42
64,128,p294_128,147,42,27
64,129,p294_129,202,88,25
64,130,p294_130,237,99,78
64,131,p294_131,214,79,13
64,132,p294_132,155,67,9
64,133,p294_133,192,59,24
64,134,p294_134,215,77,75
64,135,p294_135,176,63,29
64,136,p294_136,175,50,7
64,137,p294_137,218,86,49
64,138,p294_138,224,62,119
64,139,p294_139,179,44,55
64,140,p294_140,225,82,40
64,141,p294_141,206,59,56
64,142,p294_142,158,34,27
64,143,p294_143,157,67,5
64,144,p294_144,229,71,70
64,145,p294_145,246,116,35
64,146,p294_146,172,39,48
64,147,p294_147,219,64,65
64,148,p294_148,203,62,92
64,149,p294_149,146,52,48
64,150,p294_150,200,48,60
64,151,p294_151,192,61,72
64,152,p294_152,185,65,26
64,153,p294_153,182,51,69
64,154,p294_154,189,56,59
64,155,p294_155,164,41,59
64,156,p294_156,164,54,90
64,157,p294_157,211,101,26
64,158,p294_158,198,75,66
64,159,p294_159,198,72,35
64,160,p294_160,167,70,7
64,161,p294_161,218,75,71
64,162,p294_162,205,34,126
64,163,p294_163,198,64,61
64,164,p294_164,158,48,95
64,165,p294_165,196,86,46
64,166,p294_166,227,33,105
64,167,p294_167,179,85,79
64,168,p294_168,204,73,39
64,169,p294_169,151,50,11
64,170,p294_170,200,85,80
64,171,p294_171,214,78,105
64,172,p294_172,204,73,81
64,173,p294_173,171,46,12
64,174,p294_174,184,51,17
64,175,p294_175,214,97,83
64,176,p294_176,199,70,105
64,177,p294_177,215,89,86
64,178,p294_178,164,54,91
64,179,p294_179,148,39,34
64,180,p294_180,189,57,83
64,181,p294_181,251,98,60
64,182,p294_182,244,99,40
64,183,p294_183,198,62,19
64,184,p294_184,177,66,18
64,185,p294_185,161,42,20
64,186,p294_186,187,64,95
64,187,p294_187,139,42,28
64,188,p294_188,173,47,33
64,189,p294_189,193,64,51
64,190,p294_190,181,66,45
64,191,p294_191,124,77,7
64,192,p294_192,169,53,24
64,193,p294_193,197,78,18
64,194,p294_194,157,63,44
64,195,p294_195,187,78,29
64,196,p294_196,153,45,44
64,197,p294_197,178,84,40
64,198,p294_198,211,82,54
64,199,p294_199,191,72,16
64,200,p294_200,193,83,36
65,1,p295_002,253,107,8
65,2,p295_003,526,241,53
65,3,p295_004,336,162,12
65,4,p295_005,429,254,10
65,5,p295_006,412,240,25
65,6,p295_007,315,177,6
65,7,p295_008,530,302,13
65,8,p295_009,377,179,16
65,9,p295_010,227,74,18
65,10,p295_011,439,249,71
65,11,p295_012,307,135,79
65,12,p295_013,292,158,4
65,13,p295_014,343,181,20
65,14,p295_015,383,197,64
65,15,p295_016,440,223,16
65,16,p295_017,287,118,5
65,17,p295_018,379,198,8
65,18,p295_019,473,232,138
65,19,p295_020,323,160,45
65,20,p295_021,618,313,161
65,21,p295_022,442,227,44
65,22,p295_025,179,69,21
65,23,p295_026,219,90,0
65,24,p295_027,233,106,44
65,25,p295_028,150,96,3
65,26,p295_029,237,110,1
65,27,p295_030,220,90,96
65,28,p295_031,217,78,46
65,29,p295_032,203,82,73
65,30,p295_033,243,87,124
65,31,p295_034,211,100,36
65,32,p295_035,251,79,130
65,33,p295_036,204,54,116
65,34,p295_037,342,84,118
65,35,p295_038,202,67,57
65,36,p295_039,327,70,80
65,37,p295_040,282,99,68
65,38,p295_041,158,55,9
65,39,p295_042,238,103,103
65,40,p295_043,251,85,50
65,41,p295_044,240,64,0
65,42,p295_045,234,62,106
65,43,p295_046,227,51,1
65,44,p295_048,212,85,23
65,45,p295_049,222,74,85
65,46,p295_050,249,79,67
65,47,p295_051,253,106,69
65,48,p295_052,323,96,5
65,49,p295_053,264,60,126
65,50,p295_054,270,103,41
65,51,p295_055,227,46,25
65,52,p295_056,238,83,56
65,53,p295_057,212,79,21
65,54,p295_058,251,100,31
65,55,p295_059,191,68,27
65,56,p295_060,244,99,11
65,57,p295_061,208,89,2
65,58,p295_062,196,74,39
65,59,p295_063,225,103,68
65,60,p295_064,251,103,106
65,61,p295_065,221,98,98
65,62,p295_066,262,106,115
65,63,p295_067,332,89,102
65,64,p295_068,237,104,95
65,65,p295_069,226,64,139
65,66,p295_070,203,58,124
65,67,p295_071,196,58,118
65,68,p295_072,211,51,58
65,69,p295_073,217,66,65
65,70,p295_074,294,116,117
65,71,p295_075,275,79,102
65,72,p295_076,234,53,129
65,73,p295_077,246,89,107
65,74,p295_078,179,65,95
65,75,p295_079,245,91,94
65,76,p295_080,222,78,45
65,77,p295_081,230,70,122
65,78,p295_082,244,58,160
65,79,p295_083,201,63,70
65,80,p295_084,246,79,78
65,81,p295_085,289,94,160
65,82,p295_086,281,89,59
65,83,p295_087,238,82,122
65,84,p295_088,208,75,114
65,85,p295_089,182,69,29
65,86,p295_090,217,77,34
65,87,p295_091,284,96,6
65,88,p295_092,230,87,88
65,89,p295_093,230,87,27
65,90,p295_094,206,85,16
65,91,p295_095,222,77,92
65,92,p295_096,181,83,87
65,93,p295_097,163,52,48
65,94,p295_098,210,70,100
65,95,p295_099,297,102,108
65,96,p295_100,198,92,11
65,97,p295_101,212,69,123
65,98,p295_102,257,87,139
65,99,p295_103,230,89,96
65,100,p295_104,246,103,113
65,101,p295_105,181,68,93
65,102,p295_106,222,77,79
65,103,p295_107,212,91,110
65,104,p295_108,270,83,161
65,105,p295_109,257,84,139
65,106,p295_110,279,73,161
65,107,p295_111,247,82,68
65,108,p295_112,256,88,82
65,109,p295_113,225,57,145
65,110,p295_114,292,91,159
65,111,p295_115,227,92,72
65,112,p295_116,246,65,34
65,113,p295_117,210,81,77
65,114,p295_118,262,105,130
65,115,p295_119,239,79,127
65,116,p295_120,230,107,71
65,117,p295_121,239,63,137
65,118,p295_122,276,121,109
65,119,p295_123,286,98,145
65,120,p295_124,247,88,139
65,121,p295_125,213,55,105
65,122,p295_126,217,81,94
65,123,p295_127,166,48,42
65,124,p295_128,209,76,103
65,125,p295_129,276,87,115
65,126,p295_130,249,88,134
65,127,p295_131,254,124,104
65,128,p295_132,204,83,97
65,129,p295_133,259,101,119
65,130,p295_134,257,84,147
65,131,p295_135,252,87,148
65,132,p295_137,254,88,145
65,133,p295_138,233,89,122
65,134,p295_139,217,95,105
65,135,p295_140,249,79,141
65,136,p295_141,226,80,111
65,137,p295_142,187,61,106
65,138,p295_143,221,92,112
65,139,p295_144,270,66,158
65,140,p295_145,204,87,87
65,141,p295_146,198,53,76
65,142,p295_147,259,86,143
65,143,p295_148,265,91,61
65,144,p295_149,270,79,160
65,145,p295_150,262,83,116
65,146,p295_151,252,107,108
65,147,p295_152,235,65,143
65,148,p295_153,238,80,79
65,149,p295_154,209,53,112
65,150,p295_155,219,68,81
65,151,p295_156,229,69,134
65,152,p295_157,240,53,104
65,153,p295_158,254,76,124
65,154,p295_159,174,72,63
65,155,p295_160,201,69,31
65,156,p295_161,153,66,64
65,157,p295_162,190,62,21
65,158,p295_163,246,87,63
65,159,p295_164,190,68,95
65,160,p295_165,248,99,91
65,161,p295_166,233,95,18
65,162,p295_167,265,129,64
65,163,p295_168,174,59,27
65,164,p295_169,211,88,80
65,165,p295_170,235,76,90
65,166,p295_171,233,83,65
65,167,p295_172,238,71,147
65,168,p295_173,174,46,123
65,169,p295_174,174,57,66
65,170,p295_175,240,122,50
65,171,p295_176,193,97,40
65,172,p295_177,227,74,102
65,173,p295_178,814,74,715
65,174,p295_179,190,88,23
65,175,p295_180,283,106,51
65,176,p295_181,275,90,130
65,177,p295_182,316,76,109
65,178,p295_183,198,77,67
65,179,p295_184,221,82,20
65,180,p295_185,288,79,86
65,181,p295_186,211,54,7
65,182,p295_187,339,109,57
65,183,p295_188,261,52,155
65,184,p295_189,193,54,51
65,185,p295_190,257,106,122
65,186,p295_191,237,107,19
65,187,p295_192,234,63,62
65,188,p295_193,431,112,123
65,189,p295_194,219,123,2
65,190,p295_195,277,76,47
65,191,p295_196,318,98,21
65,192,p295_197,242,91,90
65,193,p295_198,266,97,151
65,194,p295_199,270,110,14
65,195,p295_200,399,87,244
65,196,p295_201,409,80,158
65,197,p295_202,316,89,163
65,198,p295_203,339,79,159
65,199,p295_204,315,84,127
65,200,p295_205,233,67,14
66,1,p297_001,171,76,14
66,2,p297_002,285,127,64
66,3,p297_003,559,279,64
66,4,p297_004,383,168,52
66,5,p297_005,478,275,97
66,6,p297_006,523,260,67
66,7,p297_007,387,205,106
66,8,p297_008,581,307,146
66,9,p297_009,387,231,115
66,10,p297_010,293,102,136
66,11,p297_011,493,332,24
66,12,p297_012,389,190,145
66,13,p297_013,366,180,86
66,14,p297_014,374,204,101
66,15,p297_015,393,283,21
66,16,p297_016,487,287,77
66,17,p297_017,270,123,70
66,18,p297_018,412,260,60
66,19,p297_019,526,349,14
66,20,p297_020,334,175,57
66,21,p297_021,659,384,117
66,22,p297_023,801,497,155
66,23,p297_024,502,323,94
66,24,p297_025,265,83,142
66,25,p297_026,300,140,143
66,26,p297_027,304,118,78
66,27,p297_028,299,104,66
66,28,p297_029,225,83,58
66,29,p297_030,235,90,51
66,30,p297_031,305,115,96
66,31,p297_032,318,118,159
66,32,p297_033,254,125,80
66,33,p297_034,376,143,175
66,34,p297_035,294,137,21
66,35,p297_036,354,162,98
66,36,p297_037,241,96,33
66,37,p297_038,217,76,36
66,38,p297_039,278,138,54
66,39,p297_040,203,69,10
66,40,p297_041,281,123,52
66,41,p297_042,274,142,19
66,42,p297_043,285,121,96
66,43,p297_044,241,99,42
66,44,p297_045,302,137,34
66,45,p297_046,248,77,132
66,46,p297_047,334,141,45
66,47,p297_048,221,91,48
66,48,p297_049,307,77,72
66,49,p297_050,289,119,85
66,50,p297_051,359,79,197
66,51,p297_052,261,115,123
66,52,p297_053,203,117,50
66,53,p297_054,243,113,32
66,54,p297_055,251,104,35
66,55,p297_056,290,113,148
66,56,p297_057,262,116,45
66,57,p297_058,231,68,11
66,58,p297_059,225,99,66
66,59,p297_060,254,106,79
66,60,p297_061,300,126,70
66,61,p297_062,326,134,98
66,62,p297_063,234,81,131
66,63,p297_065,276,90,115
66,64,p297_066,251,107,105
66,65,p297_067,241,88,123
66,66,p297_068,301,89,155
66,67,p297_069,281,94,9
66,68,p297_070,282,131,116
66,69,p297_071,235,80,103
66,70,p297_072,292,149,50
66,71,p297_074,210,51,146
66,72,p297_075,418,104,247
66,73,p297_076,224,74,85
66,74,p297_077,219,75,25
66,75,p297_078,326,141,68
66,76,p297_079,200,50,96
66,77,p297_080,209,68,40
66,78,p297_081,238,77,135
66,79,p297_082,341,100,166
66,80,p297_083,289,84,164
66,81,p297_084,347,112,175
66,82,p297_085,201,50,69
66,83,p297_086,209,78,75
66,84,p297_087,258,98,63
66,85,p297_088,321,107,53
66,86,p297_090,366,108,164
66,87,p297_091,300,109,164
66,88,p297_092,281,79,101
66,89,p297_093,235,72,79
66,90,p297_094,235,111,28
66,91,p297_095,206,63,29
66,92,p297_096,323,138,140
66,93,p297_097,289,89,157
66,94,p297_098,241,101,103
66,95,p297_099,230,112,14
66,96,p297_100,217,83,84
66,97,p297_101,169,50,44
66,98,p297_102,260,133,40
66,99,p297_103,222,105,108
66,100,p297_104,294,119,42
66,101,p297_105,220,87,88
66,102,p297_106,238,109,51
66,103,p297_107,259,116,71
66,104,p297_108,171,90,26
66,105,p297_109,225,107,31
66,106,p297_110,246,83,136
66,107,p297_111,203,95,45
66,108,p297_112,219,64,121
66,109,p297_113,235,94,105
66,110,p297_114,249,115,31
66,111,p297_115,297,124,72
66,112,p297_116,235,98,55
66,113,p297_117,254,112,30
66,114,p297_118,235,72,64
66,115,p297_119,214,92,39
66,116,p297_120,233,86,96
66,117,p297_121,219,103,36
66,118,p297_122,267,119,57
66,119,p297_123,259,136,48
66,120,p297_124,334,162,85
66,121,p297_125,283,141,99
66,122,p297_126,324,133,37
66,123,p297_127,324,133,95
66,124,p297_128,258,92,68
66,125,p297_129,254,115,64
66,126,p297_130,209,86,21
66,127,p297_131,203,78,11
66,128,p297_132,275,119,59
66,129,p297_133,286,137,121
66,130,p297_134,249,69,160
66,131,p297_135,284,123,135
66,132,p297_136,263,68,178
66,133,p297_137,265,104,120
66,134,p297_138,257,70,158
66,135,p297_139,161,53,70
66,136,p297_140,257,63,82
66,137,p297_141,233,78,22
66,138,p297_142,248,83,152
66,139,p297_143,203,99,68
66,140,p297_144,134,55,27
66,141,p297_145,193,68,73
66,142,p297_146,297,167,59
66,143,p297_147,273,93,143
66,144,p297_148,286,132,107
66,145,p297_149,201,90,80
66,146,p297_150,193,64,57
66,147,p297_151,233,144,35
66,148,p297_152,254,96,119
66,149,p297_153,246,74,63
66,150,p297_154,283,119,125
66,151,p297_155,323,70,202
66,152,p297_156,251,77,147
66,153,p297_157,257,115,35
66,154,p297_158,294,120,146
66,155,p297_159,252,77,141
66,156,p297_160,299,113,109
66,157,p297_161,254,136,58
66,158,p297_162,281,110,136
66,159,p297_163,211,80,60
66,160,p297_164,207,66,122
66,161,p297_165,204,62,124
66,162,p297_166,214,79,110
66,163,p297_167,174,72,44
66,164,p297_168,239,99,52
66,165,p297_169,155,72,59
66,166,p297_170,182,34,91
66,167,p297_171,288,133,84
66,168,p297_172,187,76,33
66,169,p297_173,254,117,77
66,170,p297_174,186,60,115
66,171,p297_175,243,90,110
66,172,p297_176,206,55,123
66,173,p297_177,193,74,102
66,174,p297_178,262,83,139
66,175,p297_179,227,65,129
66,176,p297_180,260,85,155
66,177,p297_181,201,47,117
66,178,p297_182,219,72,118
66,179,p297_183,201,59,74
66,180,p297_184,230,81,97
66,181,p297_185,179,62,10
66,182,p297_186,227,73,135
66,183,p297_187,179,47,52
66,184,p297_188,263,92,152
66,185,p297_189,321,114,170
66,186,p297_190,310,82,200
66,187,p297_191,193,64,62
66,188,p297_192,174,60,45
66,189,p297_193,267,136,90
66,190,p297_194,214,100,96
66,191,p297_195,217,88,37
66,192,p297_196,193,60,66
66,193,p297_197,177,55,72
66,194,p297_198,222,97,27
66,195,p297_199,246,102,57
66,196,p297_200,291,108,102
66,197,p297_201,206,84,13
66,198,p297_202,222,91,116
66,199,p297_203,235,91,31
66,200,p297_204,232,73,136
67,1,p298_001,179,41,51
67,2,p298_002,268,119,17
67,3,p298_003,459,264,16
67,4,p298_004,307,168,1
67,5,p298_005,374,212,36
67,6,p298_006,426,191,15
67,7,p298_007,297,160,13
67,8,p298_008,449,273,7
67,9,p298_009,300,161,14
67,10,p298_010,225,84,8
67,11,p298_011,441,253,15
67,12,p298_012,299,152,19
67,13,p298_013,299,128,1
67,14,p298_014,313,181,8
67,15,p298_015,417,225,6
67,16,p298_016,427,268,19
67,17,p298_017,246,98,67
67,18,p298_018,488,188,100
67,19,p298_019,454,263,23
67,20,p298_020,297,148,13
67,21,p298_021,609,344,58
67,22,p298_022,451,255,31
67,23,p298_023,613,376,29
67,24,p298_024,498,262,21
67,25,p298_025,217,83,43
67,26,p298_026,273,98,83
67,27,p298_027,271,95,36
67,28,p298_028,217,74,17
67,29,p298_029,219,94,51
67,30,p298_030,235,94,52
67,31,p298_031,311,123,109
67,32,p298_032,190,49,49
67,33,p298_033,219,68,4
67,34,p298_034,283,102,20
67,35,p298_035,257,107,17
67,36,p298_036,240,77,32
67,37,p298_037,203,71,23
67,38,p298_038,214,60,33
67,39,p298_039,217,67,65
67,40,p298_040,247,80,42
67,41,p298_041,246,120,8
67,42,p298_042,235,90,10
67,43,p298_043,209,76,2
67,44,p298_044,230,82,65
67,45,p298_045,286,143,14
67,46,p298_046,210,83,72
67,47,p298_047,313,78,115
67,48,p298_048,339,131,80
67,49,p298_049,225,93,61
67,50,p298_050,218,83,84
67,51,p298_051,217,63,59
67,52,p298_052,253,73,156
67,53,p298_053,347,141,86
67,54,p298_054,254,80,94
67,55,p298_055,294,134,88
67,56,p298_056,241,82,93
67,57,p298_057,246,89,54
67,58,p298_058,289,108,42
67,59,p298_059,259,75,75
67,60,p298_060,239,83,30
67,61,p298_061,350,77,108
67,62,p298_062,217,69,79
67,63,p298_063,262,70,44
67,64,p298_064,237,86,34
67,65,p298_065,244,61,77
67,66,p298_066,237,101,82
67,67,p298_067,210,53,27
67,68,p298_068,246,105,11
67,69,p298_069,233,103,33
67,70,p298_070,241,89,29
67,71,p298_071,283,90,44
67,72,p298_072,196,69,71
67,73,p298_073,241,87,104
67,74,p298_074,203,61,39
67,75,p298_075,219,82,35
67,76,p298_076,246,69,51
67,77,p298_077,222,77,85
67,78,p298_078,245,75,48
67,79,p298_079,254,89,28
67,80,p298_080,206,95,20
67,81,p298_081,251,123,22
67,82,p298_082,206,76,99
67,83,p298_083,230,80,122
67,84,p298_084,261,105,50
67,85,p298_085,273,85,114
67,86,p298_086,350,126,42
67,87,p298_087,251,76,4
67,88,p298_088,345,127,52
67,89,p298_089,317,81,79
67,90,p298_090,307,103,79
67,91,p298_091,341,108,77
67,92,p298_092,313,108,64
67,93,p298_093,254,80,7
67,94,p298_094,254,61,46
67,95,p298_095,297,74,91
67,96,p298_096,289,103,50
67,97,p298_097,207,96,56
67,98,p298_098,222,72,19
67,99,p298_099,235,78,41
67,100,p298_100,329,135,43
67,101,p298_101,282,105,77
67,102,p298_102,299,122,22
67,103,p298_103,232,76,20
67,104,p298_104,339,93,117
67,105,p298_105,273,71,104
67,106,p298_106,334,77,124
67,107,p298_107,291,101,142
67,108,p298_108,334,118,84
67,109,p298_109,281,107,46
67,110,p298_110,198,63,43
67,111,p298_111,219,71,66
67,112,p298_112,194,50,48
67,113,p298_113,269,103,53
67,114,p298_114,233,56,141
67,115,p298_115,250,56,95
67,116,p298_116,273,91,104
67,117,p298_117,214,48,92
67,118,p298_118,190,62,50
67,119,p298_119,307,153,19
67,120,p298_120,270,108,129
67,121,p298_121,209,94,25
67,122,p298_122,190,40,90
67,123,p298_123,254,97,56
67,124,p298_124,299,123,51
67,125,p298_125,265,55,186
67,126,p298_126,270,59,118
67,127,p298_127,297,106,57
67,128,p298_128,190,64,69
67,129,p298_129,254,50,75
67,130,p298_130,230,91,80
67,131,p298_131,339,71,168
67,132,p298_132,259,69,105
67,133,p298_133,206,95,38
67,134,p298_134,166,50,65
67,135,p298_135,222,72,16
67,136,p298_136,254,55,131
67,137,p298_137,281,99,124
67,138,p298_138,254,71,159
67,139,p298_139,361,68,269
67,140,p298_140,219,88,56
67,141,p298_141,178,64,87
67,142,p298_142,239,93,82
67,143,p298_143,281,107,77
67,144,p298_144,286,116,105
67,145,p298_145,374,114,164
67,146,p298_146,247,100,104
67,147,p298_147,212,57,90
67,148,p298_148,363,65,159
67,149,p298_149,217,74,42
67,150,p298_150,218,54,50
67,151,p298_151,196,66,109
67,152,p298_152,223,73,99
67,153,p298_153,216,83,83
67,154,p298_154,298,64,132
67,155,p298_155,366,135,138
67,156,p298_156,265,69,39
67,157,p298_157,250,81,53
67,158,p298_158,308,99,169
67,159,p298_159,251,88,104
67,160,p298_160,225,65,95
67,161,p298_161,211,80,88
67,162,p298_162,275,95,98
67,163,p298_163,232,68,69
67,164,p298_164,203,71,34
67,165,p298_165,206,54,46
67,166,p298_166,247,80,113
67,167,p298_167,315,84,128
67,168,p298_168,243,46,51
67,169,p298_169,330,148,75
67,170,p298_170,283,94,86
67,171,p298_171,251,77,25
67,172,p298_172,256,106,76
67,173,p298_173,246,90,133
67,174,p298_174,254,95,79
67,175,p298_175,302,126,114
67,176,p298_176,265,98,90
67,177,p298_177,227,69,127
67,178,p298_178,223,63,118
67,179,p298_179,225,81,40
67,180,p298_180,364,120,125
67,181,p298_181,169,62,86
67,182,p298_182,192,71,97
67,183,p298_183,226,97,45
67,184,p298_184,342,114,120
67,185,p298_185,243,68,137
67,186,p298_186,197,62,109
67,187,p298_187,226,69,111
67,188,p298_188,235,64,75
67,189,p298_189,235,78,101
67,190,p298_190,321,146,68
67,191,p298_191,345,73,256
67,192,p298_192,259,47,101
67,193,p298_193,222,47,63
67,194,p298_194,246,84,120
67,195,p298_195,310,98,111
67,196,p298_196,235,68,128
67,197,p298_197,323,147,100
67,198,p298_198,235,86,133
67,199,p298_199,232,103,31
67,200,p298_200,299,101,156
68,1,p299_001,161,48,20
68,2,p299_002,251,101,65
68,3,p299_003,473,224,136
68,4,p299_004,331,136,95
68,5,p299_005,400,216,55
68,6,p299_006,355,196,55
68,7,p299_007,297,186,19
68,8,p299_008,504,283,69
68,9,p299_009,318,177,82
68,10,p299_010,201,85,91
68,11,p299_011,459,267,122
68,12,p299_012,345,156,149
68,13,p299_013,307,146,91
68,14,p299_014,320,179,69
68,15,p299_015,398,234,89
68,16,p299_016,428,241,72
68,17,p299_017,247,105,98
68,18,p299_018,366,186,104
68,19,p299_019,465,229,142
68,20,p299_020,265,128,102
68,21,p299_021,547,295,134
68,22,p299_022,458,240,144
68,23,p299_023,662,391,166
68,24,p299_024,460,258,151
68,25,p299_025,206,78,111
68,26,p299_026,235,85,87
68,27,p299_027,214,78,105
68,28,p299_028,193,61,122
68,29,p299_029,233,84,102
68,30,p299_030,259,90,111
68,31,p299_031,187,65,87
68,32,p299_032,158,49,59
68,33,p299_033,182,60,106
68,34,p299_034,227,110,82
68,35,p299_035,210,82,101
68,36,p299_036,241,98,102
68,37,p299_037,241,105,81
68,38,p299_038,161,58,16
68,39,p299_039,193,78,94
68,40,p299_040,171,52,100
68,41,p299_041,249,92,109
68,42,p299_042,179,75,81
68,43,p299_043,193,51,125
68,44,p299_044,190,69,99
68,45,p299_045,203,68,59
68,46,p299_046,227,63,118
68,47,p299_047,227,106,58
68,48,p299_048,179,44,32
68,49,p299_049,214,105,63
68,50,p299_050,185,46,115
68,51,p299_051,230,97,91
68,52,p299_052,155,41,92
68,53,p299_053,235,100,109
68,54,p299_054,182,72,81
68,55,p299_055,145,49,32
68,56,p299_056,174,63,54
68,57,p299_057,148,26,93
68,58,p299_058,209,102,83
68,59,p299_059,220,88,106
68,60,p299_060,209,94,87
68,61,p299_061,196,65,91
68,62,p299_062,179,66,91
68,63,p299_063,209,103,90
68,64,p299_064,182,73,61
68,65,p299_065,179,67,92
68,66,p299_066,219,86,109
68,67,p299_067,233,114,87
68,68,p299_068,198,88,52
68,69,p299_069,201,57,126
68,70,p299_070,190,95,87
68,71,p299_071,222,95,96
68,72,p299_072,201,85,64
68,73,p299_073,228,90,113
68,74,p299_074,179,79,69
68,75,p299_075,161,57,81
68,76,p299_076,246,109,89
68,77,p299_077,153,42,96
68,78,p299_078,174,69,90
68,79,p299_079,321,170,107
68,80,p299_080,209,103,88
68,81,p299_081,166,50,73
68,82,p299_082,166,74,73
68,83,p299_083,233,101,89
68,84,p299_084,148,37,94
68,85,p299_085,214,110,78
68,86,p299_086,195,83,98
68,87,p299_087,150,58,79
68,88,p299_088,169,60,80
68,89,p299_089,174,54,93
68,90,p299_090,203,110,76
68,91,p299_091,201,92,68
68,92,p299_092,193,83,50
68,93,p299_093,185,59,109
68,94,p299_094,219,86,81
68,95,p299_095,201,80,102
68,96,p299_096,169,64,79
68,97,p299_097,169,65,91
68,98,p299_098,206,80,101
68,99,p299_099,166,60,80
68,100,p299_100,228,107,82
68,101,p299_101,219,90,113
68,102,p299_102,211,70,89
68,103,p299_103,163,59,91
68,104,p299_104,225,93,107
68,105,p299_105,222,99,96
68,106,p299_106,185,52,121
68,107,p299_107,174,57,100
68,108,p299_108,185,81,93
68,109,p299_109,195,70,97
68,110,p299_110,182,58,94
68,111,p299_111,198,75,96
68,112,p299_112,243,100,99
68,113,p299_113,172,79,65
68,114,p299_114,187,79,93
68,115,p299_115,209,80,97
68,116,p299_116,195,61,87
68,117,p299_117,210,78,91
68,118,p299_118,169,65,71
68,119,p299_119,169,69,85
68,120,p299_120,166,45,70
68,121,p299_121,300,140,108
68,122,p299_122,195,72,104
68,123,p299_123,233,94,107
68,124,p299_124,217,79,83
68,125,p299_125,283,109,124
68,126,p299_126,177,61,100
68,127,p299_127,204,68,114
68,128,p299_128,182,71,84
68,129,p299_129,187,68,81
68,130,p299_130,203,74,109
68,131,p299_131,217,115,71
68,132,p299_132,186,40,102
68,133,p299_133,172,65,87
68,134,p299_134,222,69,135
68,135,p299_135,222,96,81
68,136,p299_136,222,81,91
68,137,p299_137,190,60,91
68,138,p299_138,283,130,108
68,139,p299_139,203,77,112
68,140,p299_140,225,87,117
68,141,p299_141,212,75,110
68,142,p299_142,199,58,91
68,143,p299_143,201,65,86
68,144,p299_144,246,100,97
68,145,p299_145,198,64,107
68,146,p299_146,201,58,73
68,147,p299_147,201,85,95
68,148,p299_148,179,77,72
68,149,p299_149,240,102,116
68,150,p299_150,249,102,108
68,151,p299_151,185,72,88
68,152,p299_152,179,78,79
68,153,p299_153,179,72,84
68,154,p299_154,265,111,103
68,155,p299_155,219,79,110
68,156,p299_156,190,77,88
68,157,p299_157,251,110,112
68,158,p299_158,225,90,112
68,159,p299_159,227,94,92
68,160,p299_160,259,105,108
68,161,p299_161,195,64,68
68,162,p299_162,195,84,77
68,163,p299_163,142,27,75
68,164,p299_164,203,75,26
68,165,p299_165,225,117,79
68,166,p299_166,139,28,64
68,167,p299_167,171,67,81
68,168,p299_168,209,108,83
68,169,p299_169,215,98,90
68,170,p299_170,209,72,109
68,171,p299_171,150,37,75
68,172,p299_172,203,69,96
68,173,p299_173,190,64,106
68,174,p299_174,188,66,103
68,175,p299_175,174,48,88
68,176,p299_176,177,55,102
68,177,p299_177,182,80,80
68,178,p299_178,217,76,117
68,179,p299_179,227,102,91
68,180,p299_180,166,60,91
68,181,p299_181,201,76,88
68,182,p299_182,121,25,54
68,183,p299_183,257,114,109
68,184,p299_184,238,107,72
68,185,p299_185,185,81,88
68,186,p299_186,259,105,122
68,187,p299_187,254,116,92
68,188,p299_188,182,43,102
68,189,p299_189,171,51,91
68,190,p299_190,267,123,107
68,191,p299_191,203,55,116
68,192,p299_192,253,115,116
68,193,p299_193,294,135,116
68,194,p299_194,148,35,99
68,195,p299_195,211,70,110
68,196,p299_196,198,81,76
68,197,p299_197,219,89,100
68,198,p299_198,193,59,106
68,199,p299_199,174,49,114
68,200,p299_200,238,106,104
69,1,p300_001,145,56,6
69,2,p300_002,275,111,64
69,3,p300_003,579,246,154
69,4,p300_004,403,173,117
69,5,p300_005,475,259,36
69,6,p300_006,410,205,93
69,7,p300_007,321,199,75
69,8,p300_008,552,304,89
69,9,p300_009,390,221,55
69,10,p300_010,257,100,80
69,11,p300_011,531,304,63
69,12,p300_012,335,161,68
69,13,p300_013,353,171,61
69,14,p300_014,369,193,108
69,15,p300_015,427,253,75
69,16,p300_016,496,314,59
69,17,p300_017,235,102,63
69,18,p300_018,393,211,77
69,19,p300_019,491,292,55
69,20,p300_020,302,156,98
69,21,p300_021,611,364,115
69,22,p300_022,502,304,87
69,23,p300_023,792,478,153
69,24,p300_024,530,314,124
69,25,p300_025,294,154,40
69,26,p300_026,241,86,52
69,27,p300_027,230,67,57
69,28,p300_028,317,144,57
69,29,p300_029,225,66,113
69,30,p300_030,286,114,104
69,31,p300_031,195,95,33
69,32,p300_032,259,99,115
69,33,p300_033,287,120,70
69,34,p300_034,259,72,100
69,35,p300_035,292,122,40
69,36,p300_036,237,92,113
69,37,p300_037,270,114,95
69,38,p300_038,294,87,108
69,39,p300_039,302,125,69
69,40,p300_040,297,128,91
69,41,p300_041,206,86,77
69,42,p300_042,250,118,70
69,43,p300_043,238,115,83
69,44,p300_044,257,87,128
69,45,p300_045,251,114,77
69,46,p300_046,270,112,64
69,47,p300_047,278,73,171
69,48,p300_048,307,100,160
69,49,p300_049,265,122,59
69,50,p300_050,243,67,84
69,51,p300_051,321,142,89
69,52,p300_052,229,59,52
69,53,p300_053,278,72,65
69,54,p300_054,268,73,143
69,55,p300_055,307,193,17
69,56,p300_056,206,85,36
69,57,p300_057,243,110,48
69,58,p300_058,348,148,112
69,59,p300_059,305,114,56
69,60,p300_060,259,103,77
69,61,p300_061,195,74,21
69,62,p300_062,287,110,92
69,63,p300_063,291,164,29
69,64,p300_064,265,88,106
69,65,p300_065,235,82,71
69,66,p300_066,230,89,77
69,67,p300_067,283,96,12
69,68,p300_068,225,71,76
69,69,p300_069,321,105,110
69,70,p300_070,313,82,195
69,71,p300_071,235,96,9
69,72,p300_072,283,108,62
69,73,p300_073,291,124,32
69,74,p300_074,282,82,96
69,75,p300_075,288,120,85
69,76,p300_076,290,98,102
69,77,p300_077,230,82,55
69,78,p300_078,175,58,17
69,79,p300_079,227,110,60
69,80,p300_080,337,139,162
69,81,p300_081,294,91,111
69,82,p300_082,217,75,14
69,83,p300_083,194,67,22
69,84,p300_084,261,64,65
69,85,p300_085,424,97,138
69,86,p300_086,263,67,36
69,87,p300_087,319,68,12
69,88,p300_088,284,77,95
69,89,p300_089,278,108,109
69,90,p300_090,265,116,2
69,91,p300_091,256,70,97
69,92,p300_092,305,185,2
69,93,p300_093,217,85,20
69,94,p300_094,252,53,107
69,95,p300_095,219,46,49
69,96,p300_096,268,91,8
69,97,p300_097,306,97,142
69,98,p300_098,307,80,77
69,99,p300_099,358,158,115
69,100,p300_100,225,53,79
69,101,p300_101,363,143,52
69,102,p300_102,292,53,103
69,103,p300_103,344,94,114
69,104,p300_104,278,104,84
69,105,p300_105,185,89,7
69,106,p300_106,281,158,19
69,107,p300_107,273,134,18
69,108,p300_108,286,93,103
69,109,p300_109,347,93,80
69,110,p300_110,190,88,23
69,111,p300_111,179,67,0
69,112,p300_112,246,81,70
69,113,p300_113,259,89,117
69,114,p300_114,257,112,54
69,115,p300_115,224,82,27
69,116,p300_116,277,114,31
69,117,p300_117,273,109,23
69,118,p300_118,352,146,48
69,119,p300_119,283,155,7
69,120,p300_120,283,125,93
69,121,p300_121,279,95,85
69,122,p300_122,203,63,33
69,123,p300_123,254,99,29
69,124,p300_124,238,103,51
69,125,p300_125,254,70,128
69,126,p300_126,289,57,80
69,127,p300_127,182,58,87
69,128,p300_128,278,89,24
69,129,p300_129,254,90,40
69,130,p300_130,286,126,72
69,131,p300_131,270,81,111
69,132,p300_132,275,91,42
69,133,p300_133,292,106,61
69,134,p300_134,254,89,36
69,135,p300_135,259,95,83
69,136,p300_136,233,79,110
69,137,p300_137,249,125,48
69,138,p300_138,278,83,33
69,139,p300_139,306,101,80
69,140,p300_140,268,119,78
69,141,p300_141,185,72,28
69,142,p300_142,236,112,19
69,143,p300_143,251,98,27
69,144,p300_144,307,118,53
69,145,p300_145,269,108,31
69,146,p300_146,329,138,68
69,147,p300_147,188,98,0
69,148,p300_148,689,90,245
69,149,p300_149,182,77,38
69,150,p300_150,299,143,29
69,151,p300_151,212,69,42
69,152,p300_152,222,88,10
69,153,p300_153,201,106,17
69,154,p300_154,248,54,108
69,155,p300_156,175,58,98
69,156,p300_157,233,92,13
69,157,p300_158,284,129,40
69,158,p300_159,254,64,53
69,159,p300_160,286,115,34
69,160,p300_161,235,104,19
69,161,p300_162,211,76,81
69,162,p300_163,249,83,32
69,163,p300_164,174,55,16
69,164,p300_165,210,111,3
69,165,p300_166,297,135,24
69,166,p300_167,276,117,104
69,167,p300_168,209,76,31
69,168,p300_169,199,74,21
69,169,p300_170,273,92,73
69,170,p300_171,356,68,83
69,171,p300_172,211,92,27
69,172,p300_173,177,88,3
69,173,p300_174,313,74,157
69,174,p300_175,206,88,96
69,175,p300_176,246,92,83
69,176,p300_177,270,98,37
69,177,p300_178,298,140,20
69,178,p300_179,291,83,33
69,179,p300_180,233,96,12
69,180,p300_181,305,120,43
69,181,p300_182,286,97,78
69,182,p300_183,221,52,87
69,183,p300_184,275,115,12
69,184,p300_185,169,62,32
69,185,p300_186,249,100,35
69,186,p300_187,233,68,79
69,187,p300_188,281,122,49
69,188,p300_189,299,107,47
69,189,p300_190,305,134,80
69,190,p300_191,217,67,103
69,191,p300_192,228,89,30
69,192,p300_193,208,85,31
69,193,p300_194,190,97,3
69,194,p300_195,194,57,21
69,195,p300_196,179,89,38
69,196,p300_197,226,84,104
69,197,p300_198,217,69,88
69,198,p300_199,291,88,65
69,199,p300_200,339,103,104
69,200,p300_201,315,151,87
70,1,p301_001,158,51,65
70,2,p301_002,345,102,208
70,3,p301_003,542,242,199
70,4,p301_004,364,148,151
70,5,p301_005,453,226,107
70,6,p301_006,387,216,107
70,7,p301_007,331,164,135
70,8,p301_008,528,282,182
70,9,p301_009,346,183,130
70,10,p301_010,245,87,134
70,11,p301_011,471,273,118
70,12,p301_012,368,171,172
70,13,p301_013,321,182,77
70,14,p301_014,347,180,136
70,15,p301_015,396,235,126
70,16,p301_016,472,248,165
70,17,p301_017,279,109,136
70,18,p301_018,400,211,147
70,19,p301_019,525,280,183
70,20,p301_020,331,163,134
70,21,p301_021,612,354,155
70,22,p301_022,472,249,159
70,23,p301_023,707,452,190
70,24,p301_024,506,301,161
70,25,p301_025,233,82,117
70,26,p301_026,219,71,125
70,27,p301_027,255,118,113
70,28,p301_028,237,77,139
70,29,p301_029,221,67,104
70,30,p301_030,233,137,76
70,31,p301_031,204,85,92
70,32,p301_032,342,49,255
70,33,p301_033,294,129,145
70,34,p301_034,299,77,198
70,35,p301_035,223,94,110
70,36,p301_036,302,137,129
70,37,p301_037,265,100,98
70,38,p301_038,247,91,133
70,39,p301_039,308,141,149
70,40,p301_040,244,91,128
70,41,p301_041,225,65,149
70,42,p301_042,258,101,146
70,43,p301_043,274,110,107
70,44,p301_044,323,125,160
70,45,p301_045,297,110,142
70,46,p301_046,313,142,90
70,47,p301_047,262,115,137
70,48,p301_048,237,78,135
70,49,p301_049,288,107,162
70,50,p301_050,275,88,142
70,51,p301_051,215,91,111
70,52,p301_052,204,77,103
70,53,p301_053,300,113,124
70,54,p301_054,308,127,104
70,55,p301_055,292,104,134
70,56,p301_056,297,136,134
70,57,p301_057,231,56,135
70,58,p301_058,269,96,142
70,59,p301_059,248,57,142
70,60,p301_060,279,89,165
70,61,p301_061,278,100,154
70,62,p301_062,349,138,182
70,63,p301_063,282,103,137
70,64,p301_064,316,119,153
70,65,p301_065,277,106,145
70,66,p301_066,287,102,167
70,67,p301_067,350,130,194
70,68,p301_068,351,129,196
70,69,p301_069,291,109,124
70,70,p301_070,342,101,184
70,71,p301_071,292,85,186
70,72,p301_072,291,77,158
70,73,p301_073,291,104,60
70,74,p301_074,284,101,159
70,75,p301_075,274,92,153
70,76,p301_076,227,79,122
70,77,p301_077,260,110,122
70,78,p301_078,287,97,162
70,79,p301_079,368,124,201
70,80,p301_080,260,69,173
70,81,p301_081,281,94,151
70,82,p301_082,417,188,186
70,83,p301_083,209,104,89
70,84,p301_084,218,102,103
70,85,p301_085,264,90,110
70,86,p301_086,358,196,112
70,87,p301_087,232,77,145
70,88,p301_088,272,91,151
70,89,p301_089,318,110,186
70,90,p301_090,246,98,127
70,91,p301_091,235,54,150
70,92,p301_092,319,138,148
70,93,p301_093,270,118,134
70,94,p301_094,330,115,150
70,95,p301_095,310,91,168
70,96,p301_096,254,77,157
70,97,p301_097,264,84,160
70,98,p301_098,345,146,147
70,99,p301_099,265,129,65
70,100,p301_100,250,78,144
70,101,p301_101,317,113,184
70,102,p301_102,241,94,118
70,103,p301_103,226,83,127
70,104,p301_104,255,113,129
70,105,p301_105,377,79,218
70,106,p301_106,252,91,137
70,107,p301_107,390,130,175
70,108,p301_108,308,114,134
70,109,p301_109,246,83,145
70,110,p301_110,262,90,134
70,111,p301_111,375,166,111
70,112,p301_112,303,109,178
70,113,p301_113,277,109,164
70,114,p301_114,247,75,163
70,115,p301_115,287,120,158
70,116,p301_116,251,105,110
70,117,p301_117,282,123,138
70,118,p301_118,353,137,181
70,119,p301_119,221,62,100
70,120,p301_120,268,83,173
70,121,p301_121,270,116,103
70,122,p301_122,392,164,175
70,123,p301_123,364,157,153
70,124,p301_124,271,103,136
70,125,p301_125,234,68,138
70,126,p301_126,337,89,238
70,127,p301_127,316,137,129
70,128,p301_128,213,47,145
70,129,p301_129,278,111,149
70,130,p301_130,228,80,106
70,131,p301_131,241,101,120
70,132,p301_132,293,143,128
70,133,p301_133,253,86,101
70,134,p301_134,306,144,119
70,135,p301_135,234,66,157
70,136,p301_136,220,75,122
70,137,p301_137,247,95,121
70,138,p301_138,251,104,105
70,139,p301_139,217,56,146
70,140,p301_140,302,111,173
70,141,p301_141,301,117,159
70,142,p301_142,328,125,180
70,143,p301_143,264,86,155
70,144,p301_144,282,84,182
70,145,p301_145,203,59,115
70,146,p301_146,200,55,80
70,147,p301_147,289,129,134
70,148,p301_148,294,115,144
70,149,p301_149,282,112,146
70,150,p301_150,276,64,191
70,151,p301_151,313,178,94
70,152,p301_152,242,111,82
70,153,p301_153,199,39,138
70,154,p301_154,220,65,140
70,155,p301_155,211,82,102
70,156,p301_156,212,80,38
70,157,p301_157,231,77,127
70,158,p301_158,254,97,124
70,159,p301_159,239,95,115
70,160,p301_160,292,85,108
70,161,p301_161,290,96,146
70,162,p301_162,267,96,100
70,163,p301_163,227,84,132
70,164,p301_164,247,84,143
70,165,p301_165,226,88,115
70,166,p301_166,259,91,141
70,167,p301_167,295,113,145
70,168,p301_168,268,106,124
70,169,p301_169,234,66,141
70,170,p301_170,266,118,120
70,171,p301_171,272,98,142
70,172,p301_172,234,71,136
70,173,p301_173,238,79,147
70,174,p301_174,232,71,141
70,175,p301_175,258,108,71
70,176,p301_176,235,56,166
70,177,p301_177,295,85,180
70,178,p301_178,251,98,134
70,179,p301_179,221,73,127
70,180,p301_180,272,108,121
70,181,p301_181,225,84,103
70,182,p301_182,269,115,118
70,183,p301_183,204,74,102
70,184,p301_184,267,109,124
70,185,p301_185,218,90,100
70,186,p301_186,228,101,99
70,187,p301_187,245,106,108
70,188,p301_188,199,51,120
70,189,p301_189,287,57,195
70,190,p301_190,409,128,233
70,191,p301_191,352,103,217
70,192,p301_192,464,144,255
70,193,p301_193,338,100,211
70,194,p301_194,322,98,181
70,195,p301_195,276,62,204
70,196,p301_196,299,100,143
70,197,p301_197,214,89,86
70,198,p301_198,266,105,119
70,199,p301_199,222,63,139
70,200,p301_200,344,123,197
71,1,p302_001,155,54,71
71,2,p302_002,223,90,77
71,3,p302_003,386,202,105
71,4,p302_004,288,122,111
71,5,p302_005,356,193,91
71,6,p302_006,353,176,120
71,7,p302_007,287,154,74
71,8,p302_008,464,261,134
71,9,p302_009,230,135,65
71,10,p302_010,227,68,131
71,11,p302_011,375,220,84
71,12,p302_012,249,122,96
71,13,p302_014,389,167,67
71,14,p302_015,340,190,112
71,15,p302_016,349,211,65
71,16,p302_017,313,105,88
71,17,p302_018,327,164,113
71,18,p302_019,407,214,117
71,19,p302_020,268,127,104
71,20,p302_021,530,295,141
71,21,p302_022,421,224,145
71,22,p302_023,708,373,243
71,23,p302_024,398,251,106
71,24,p302_025,190,50,125
71,25,p302_026,222,75,126
71,26,p302_027,220,67,118
71,27,p302_028,285,92,166
71,28,p302_029,246,86,128
71,29,p302_030,197,60,121
71,30,p302_031,229,95,106
71,31,p302_032,180,66,110
71,32,p302_033,171,51,91
71,33,p302_034,214,73,119
71,34,p302_035,224,75,94
71,35,p302_036,206,84,85
71,36,p302_037,196,61,69
71,37,p302_038,253,85,133
71,38,p302_039,178,34,120
71,39,p302_040,239,102,101
71,40,p302_041,206,52,126
71,41,p302_042,186,69,72
71,42,p302_043,183,62,91
71,43,p302_044,193,51,106
71,44,p302_045,236,99,103
71,45,p302_046,178,67,32
71,46,p302_047,195,59,89
71,47,p302_048,226,59,153
71,48,p302_049,572,77,417
71,49,p302_050,304,64,145
71,50,p302_051,202,55,72
71,51,p302_052,270,130,94
71,52,p302_053,233,79,123
71,53,p302_054,246,90,103
71,54,p302_055,245,87,129
71,55,p302_056,195,81,84
71,56,p302_057,196,58,111
71,57,p302_058,240,99,81
71,58,p302_059,209,86,97
71,59,p302_060,250,77,127
71,60,p302_061,286,142,116
71,61,p302_062,223,80,119
71,62,p302_063,255,78,147
71,63,p302_064,261,88,145
71,64,p302_065,261,89,157
71,65,p302_066,226,78,112
71,66,p302_067,207,84,105
71,67,p302_068,248,63,157
71,68,p302_069,190,59,62
71,69,p302_070,196,47,127
71,70,p302_071,222,93,79
71,71,p302_072,226,74,65
71,72,p302_073,183,67,91
71,73,p302_074,185,89,77
71,74,p302_075,212,106,80
71,75,p302_076,189,53,47
71,76,p302_077,164,48,93
71,77,p302_078,258,94,100
71,78,p302_079,222,74,109
71,79,p302_080,190,65,93
71,80,p302_081,230,94,108
71,81,p302_082,225,94,109
71,82,p302_083,207,58,124
71,83,p302_084,220,94,94
71,84,p302_085,252,122,102
71,85,p302_086,213,66,94
71,86,p302_087,257,109,128
71,87,p302_088,269,116,124
71,88,p302_089,300,89,181
71,89,p302_090,218,49,139
71,90,p302_091,206,57,91
71,91,p302_092,193,70,89
71,92,p302_093,236,89,118
71,93,p302_094,225,76,104
71,94,p302_095,204,67,88
71,95,p302_096,226,63,134
71,96,p302_097,238,94,110
71,97,p302_098,272,77,181
71,98,p302_099,293,120,162
71,99,p302_100,277,101,128
71,100,p302_101,265,102,136
71,101,p302_102,206,82,111
71,102,p302_103,315,95,146
71,103,p302_104,267,81,139
71,104,p302_105,228,64,107
71,105,p302_106,206,82,99
71,106,p302_107,242,75,113
71,107,p302_108,225,78,115
71,108,p302_109,153,48,34
71,109,p302_110,212,49,102
71,110,p302_111,263,83,153
71,111,p302_112,206,62,53
71,112,p302_114,211,72,78
71,113,p302_115,211,81,96
71,114,p302_116,278,137,86
71,115,p302_117,222,67,138
71,116,p302_118,187,68,100
71,117,p302_119,201,56,69
71,118,p302_120,187,68,90
71,119,p302_121,225,63,55
71,120,p302_122,225,98,63
71,121,p302_123,189,76,76
71,122,p302_124,161,64,35
71,123,p302_125,164,62,33
71,124,p302_126,229,79,16
71,125,p302_127,220,88,90
71,126,p302_128,180,65,100
71,127,p302_129,226,96,54
71,128,p302_130,229,95,93
71,129,p302_131,219,59,103
71,130,p302_132,234,86,123
71,131,p302_133,201,59,114
71,132,p302_134,196,78,63
71,133,p302_135,224,96,65
71,134,p302_136,180,60,45
71,135,p302_137,223,95,104
71,136,p302_138,253,99,115
71,137,p302_139,259,79,143
71,138,p302_140,257,63,176
71,139,p302_141,191,59,118
71,140,p302_142,197,56,94
71,141,p302_143,209,92,85
71,142,p302_144,163,53,71
71,143,p302_145,249,64,145
71,144,p302_146,233,89,132
71,145,p302_147,188,50,110
71,146,p302_148,267,91,135
71,147,p302_149,239,59,145
71,148,p302_150,222,53,159
71,149,p302_151,276,113,93
71,150,p302_152,203,63,125
71,151,p302_153,210,58,88
71,152,p302_154,191,64,82
71,153,p302_155,202,95,84
71,154,p302_156,245,90,108
71,155,p302_157,226,71,116
71,156,p302_158,266,109,117
71,157,p302_159,206,50,132
71,158,p302_160,246,94,62
71,159,p302_161,215,78,107
71,160,p302_162,191,60,104
71,161,p302_163,309,120,159
71,162,p302_164,233,71,148
71,163,p302_165,222,105,80
71,164,p302_166,227,62,111
71,165,p302_167,279,107,156
71,166,p302_168,246,68,113
71,167,p302_169,195,55,68
71,168,p302_170,276,81,143
71,169,p302_171,243,74,137
71,170,p302_172,213,49,84
71,171,p302_173,252,106,94
71,172,p302_174,193,84,95
71,173,p302_175,213,68,96
71,174,p302_176,237,84,127
71,175,p302_177,195,55,77
71,176,p302_179,163,74,26
71,177,p302_180,223,79,96
71,178,p302_181,253,115,62
71,179,p302_182,275,107,127
71,180,p302_183,178,61,44
71,181,p302_184,203,70,109
71,182,p302_185,217,106,21
71,183,p302_186,182,48,68
71,184,p302_187,211,58,85
71,185,p302_188,215,71,47
71,186,p302_189,173,61,50
71,187,p302_190,190,76,76
71,188,p302_191,183,68,92
71,189,p302_192,216,67,116
71,190,p302_193,224,86,118
71,191,p302_194,204,71,107
71,192,p302_195,256,133,57
71,193,p302_196,278,91,175
71,194,p302_197,218,77,49
71,195,p302_198,251,75,81
71,196,p302_199,177,69,91
71,197,p302_200,187,50,82
71,198,p302_201,247,93,101
71,199,p302_202,212,80,88
71,200,p302_203,232,95,101
72,1,p303_001,235,64,18
72,2,p303_002,272,130,28
72,3,p303_003,490,273,94
72,4,p303_004,414,175,59
72,5,p303_005,490,273,83
72,6,p303_006,413,211,64
72,7,p303_007,349,190,56
72,8,p303_008,595,315,148
72,9,p303_009,407,190,111
72,10,p303_010,264,82,108
72,11,p303_011,475,267,107
72,12,p303_012,382,158,168
72,13,p303_013,425,154,155
72,14,p303_014,375,183,151
72,15,p303_015,466,249,146
72,16,p303_016,492,259,149
72,17,p303_017,287,121,83
72,18,p303_018,425,206,91
72,19,p303_019,505,272,84
72,20,p303_020,342,172,40
72,21,p303_021,661,326,115
72,22,p303_022,567,270,123
72,23,p303_023,805,464,200
72,24,p303_024,580,312,193
72,25,p303_025,293,95,97
72,26,p303_026,278,104,116
72,27,p303_027,298,94,76
72,28,p303_028,255,80,86
72,29,p303_029,264,118,15
72,30,p303_030,243,109,84
72,31,p303_031,332,158,56
72,32,p303_032,222,64,127
72,33,p303_033,241,87,58
72,34,p303_034,286,95,152
72,35,p303_035,325,107,171
72,36,p303_036,240,95,12
72,37,p303_037,295,87,89
72,38,p303_038,289,95,179
72,39,p303_039,267,84,81
72,40,p303_040,263,106,116
72,41,p303_041,278,108,128
72,42,p303_042,252,100,54
72,43,p303_043,264,75,136
72,44,p303_044,280,101,154
72,45,p303_045,363,147,109
72,46,p303_046,293,101,49
72,47,p303_047,271,111,136
72,48,p303_048,311,153,115
72,49,p303_049,286,107,104
72,50,p303_050,257,127,76
72,51,p303_051,267,78,86
72,52,p303_052,237,94,49
72,53,p303_053,385,161,154
72,54,p303_054,280,111,114
72,55,p303_055,317,158,86
72,56,p303_056,285,105,121
72,57,p303_057,274,122,133
72,58,p303_058,276,97,100
72,59,p303_059,289,97,84
72,60,p303_060,238,91,105
72,61,p303_061,343,115,116
72,62,p303_062,300,99,57
72,63,p303_063,256,94,90
72,64,p303_064,234,100,78
72,65,p303_065,223,79,94
72,66,p303_066,284,123,50
72,67,p303_067,222,62,124
72,68,p303_068,256,115,80
72,69,p303_069,323,136,108
72,70,p303_070,246,92,70
72,71,p303_071,241,90,103
72,72,p303_072,406,89,112
72,73,p303_073,294,125,75
72,74,p303_074,278,72,63
72,75,p303_075,281,114,85
72,76,p303_076,306,75,153
72,77,p303_077,377,98,104
72,78,p303_078,254,73,86
72,79,p303_079,268,101,3
72,80,p303_080,298,93,114
72,81,p303_081,313,137,128
72,82,p303_082,314,97,120
72,83,p303_083,243,106,35
72,84,p303_084,247,112,47
72,85,p303_085,262,90,113
72,86,p303_086,348,154,57
72,87,p303_087,235,96,56
72,88,p303_088,343,157,68
72,89,p303_089,280,104,89
72,90,p303_090,251,110,25
72,91,p303_091,334,119,78
72,92,p303_092,437,131,119
72,93,p303_093,344,101,188
72,94,p303_094,220,81,89
72,95,p303_095,270,112,66
72,96,p303_096,291,113,54
72,97,p303_097,242,110,45
72,98,p303_098,250,112,38
72,99,p303_099,224,87,61
72,100,p303_100,336,161,131
72,101,p303_101,273,125,96
72,102,p303_102,294,154,51
72,103,p303_103,226,90,62
72,104,p303_104,361,124,176
72,105,p303_105,280,79,155
72,106,p303_106,268,100,132
72,107,p303_107,312,131,145
72,108,p303_108,352,136,175
72,109,p303_109,290,127,97
72,110,p303_110,230,70,127
72,111,p303_111,266,99,33
72,112,p303_112,207,63,38
72,113,p303_113,308,134,84
72,114,p303_114,190,69,103
72,115,p303_115,183,58,91
72,116,p303_116,293,130,108
72,117,p303_117,217,59,80
72,118,p303_118,234,73,45
72,119,p303_119,342,179,27
72,120,p303_120,345,138,141
72,121,p303_121,245,92,112
72,122,p303_122,209,51,51
72,123,p303_123,329,124,102
72,124,p303_124,350,148,156
72,125,p303_125,238,82,44
72,126,p303_126,270,69,174
72,127,p303_127,319,109,161
72,128,p303_128,220,82,114
72,129,p303_129,249,69,17
72,130,p303_130,274,103,97
72,131,p303_131,222,94,88
72,132,p303_132,283,88,151
72,133,p303_133,272,110,44
72,134,p303_134,265,58,118
72,135,p303_135,264,79,107
72,136,p303_136,234,69,123
72,137,p303_137,332,117,125
72,138,p303_138,268,123,60
72,139,p303_139,246,80,97
72,140,p303_140,273,94,90
72,141,p303_141,230,68,76
72,142,p303_142,381,123,113
72,143,p303_143,342,152,39
72,144,p303_144,404,140,180
72,145,p303_145,329,127,94
72,146,p303_146,348,153,143
72,147,p303_147,232,73,103
72,148,p303_148,224,72,104
72,149,p303_149,300,96,34
72,150,p303_150,257,62,170
72,151,p303_151,333,76,184
72,152,p303_152,314,112,111
72,153,p303_153,252,94,82
72,154,p303_154,253,80,63
72,155,p303_155,473,148,159
72,156,p303_156,254,83,59
72,157,p303_157,350,98,103
72,158,p303_158,257,133,49
72,159,p303_159,228,97,52
72,160,p303_160,238,80,96
72,161,p303_161,255,96,98
72,162,p303_162,266,107,109
72,163,p303_163,227,81,75
72,164,p303_164,217,87,69
72,165,p303_165,344,69,155
72,166,p303_166,235,99,55
72,167,p303_167,356,142,131
72,168,p303_168,270,46,114
72,169,p303_169,325,150,48
72,170,p303_170,283,115,91
72,171,p303_171,206,63,33
72,172,p303_172,251,110,59
72,173,p303_173,226,96,60
72,174,p303_174,307,116,30
72,175,p303_175,275,143,68
72,176,p303_176,222,121,26
72,177,p303_177,224,86,35
72,178,p303_178,249,83,68
72,179,p303_179,252,89,57
72,180,p303_180,280,119,55
72,181,p303_181,209,79,111
72,182,p303_182,197,73,88
72,183,p303_183,242,101,99
72,184,p303_184,329,152,82
72,185,p303_185,220,72,91
72,186,p303_186,225,74,42
72,187,p303_187,213,94,105
72,188,p303_188,230,73,86
72,189,p303_189,210,68,91
72,190,p303_190,420,173,97
72,191,p303_191,267,101,136
72,192,p303_192,263,56,129
72,193,p303_193,241,62,108
72,194,p303_194,226,102,58
72,195,p303_195,291,124,103
72,196,p303_196,301,109,111
72,197,p303_197,331,173,84
72,198,p303_198,246,109,112
72,199,p303_199,247,129,93
72,200,p303_200,301,118,118
73,1,p304_001,166,58,61
73,2,p304_002,290,119,109
73,3,p304_003,517,199,192
73,4,p304_004,366,153,140
73,5,p304_005,438,212,138
73,6,p304_006,432,192,181
73,7,p304_007,467,181,240
73,8,p304_008,509,263,160
73,9,p304_009,336,153,128
73,10,p304_010,245,91,127
73,11,p304_011,476,260,138
73,12,p304_012,329,171,119
73,13,p304_013,306,121,125
73,14,p304_014,354,184,132
73,15,p304_015,414,237,83
73,16,p304_016,439,240,84
73,17,p304_017,287,106,146
73,18,p304_018,454,189,204
73,19,p304_019,473,261,115
73,20,p304_020,327,156,137
73,21,p304_021,550,273,152
73,22,p304_022,468,232,151
73,23,p304_023,666,356,191
73,24,p304_024,478,278,153
73,25,p304_025,172,56,96
73,26,p304_026,141,34,94
73,27,p304_027,261,111,117
73,28,p304_028,214,79,106
73,29,p304_029,139,46,80
73,30,p304_030,213,94,98
73,31,p304_031,247,63,154
73,32,p304_032,254,96,137
73,33,p304_033,217,45,160
73,34,p304_034,248,83,132
73,35,p304_035,219,73,125
73,36,p304_036,241,104,111
73,37,p304_037,219,76,121
73,38,p304_038,163,49,101
73,39,p304_039,171,65,76
73,40,p304_040,166,61,87
73,41,p304_041,288,111,165
73,42,p304_042,179,39,122
73,43,p304_043,288,104,155
73,44,p304_044,218,64,114
73,45,p304_045,221,66,134
73,46,p304_046,203,53,121
73,47,p304_047,230,72,126
73,48,p304_048,249,91,135
73,49,p304_049,211,67,120
73,50,p304_050,235,75,128
73,51,p304_051,229,82,109
73,52,p304_052,209,74,86
73,53,p304_053,187,53,115
73,54,p304_054,209,65,131
73,55,p304_055,187,60,96
73,56,p304_056,158,58,89
73,57,p304_057,206,76,94
73,58,p304_058,193,65,88
73,59,p304_059,209,97,101
73,60,p304_060,265,113,125
73,61,p304_061,210,73,120
73,62,p304_062,198,59,95
73,63,p304_063,198,73,70
73,64,p304_064,230,84,115
73,65,p304_065,216,63,126
73,66,p304_066,174,41,108
73,67,p304_067,219,98,100
73,68,p304_068,241,84,135
73,69,p304_069,219,63,125
73,70,p304_070,187,58,108
73,71,p304_071,205,60,116
73,72,p304_072,281,72,156
73,73,p304_073,222,74,91
73,74,p304_074,282,115,132
73,75,p304_075,201,67,110
73,76,p304_076,206,45,130
73,77,p304_077,294,78,162
73,78,p304_078,262,108,120
73,79,p304_079,137,22,58
73,80,p304_080,232,79,131
73,81,p304_081,180,57,104
73,82,p304_082,214,98,94
73,83,p304_083,185,72,96
73,84,p304_084,161,59,64
73,85,p304_085,206,94,90
73,86,p304_086,131,39,85
73,87,p304_087,230,72,120
73,88,p304_088,185,65,80
73,89,p304_089,187,65,96
73,90,p304_090,198,54,127
73,91,p304_091,198,69,98
73,92,p304_092,219,80,106
73,93,p304_093,225,66,121
73,94,p304_094,191,55,105
73,95,p304_095,210,73,103
73,96,p304_096,138,42,71
73,97,p304_097,174,47,71
73,98,p304_098,195,72,78
73,99,p304_099,158,58,73
73,100,p304_100,142,32,92
73,101,p304_101,198,113,7
73,102,p304_102,198,54,122
73,103,p304_103,243,79,94
73,104,p304_104,178,63,52
73,105,p304_105,178,61,83
73,106,p304_106,233,88,127
73,107,p304_107,265,99,127
73,108,p304_108,259,91,130
73,109,p304_109,222,67,128
73,110,p304_110,185,68,94
73,111,p304_111,150,43,59
73,112,p304_112,219,81,113
73,113,p304_113,203,59,119
73,114,p304_114,136,25,91
73,115,p304_115,209,55,125
73,116,p304_116,176,74,88
73,117,p304_117,176,61,86
73,118,p304_118,158,38,113
73,119,p304_119,171,60,59
73,120,p304_120,192,74,102
73,121,p304_121,230,88,112
73,122,p304_122,201,62,109
73,123,p304_123,177,66,81
73,124,p304_124,185,66,47
73,125,p304_125,137,48,66
73,126,p304_126,153,67,70
73,127,p304_127,187,76,89
73,128,p304_128,129,46,57
73,129,p304_129,147,52,70
73,130,p304_130,178,68,19
73,131,p304_131,169,60,82
73,132,p304_132,121,31,86
73,133,p304_133,190,78,94
73,134,p304_134,177,57,104
73,135,p304_135,129,41,64
73,136,p304_136,192,80,93
73,137,p304_137,212,92,95
73,138,p304_138,174,65,54
73,139,p304_139,197,56,109
73,140,p304_140,210,60,119
73,141,p304_141,214,82,104
73,142,p304_142,197,54,115
73,143,p304_143,241,83,116
73,144,p304_144,233,90,107
73,145,p304_145,178,34,119
73,146,p304_146,179,65,68
73,147,p304_147,189,90,74
73,148,p304_148,168,53,79
73,149,p304_149,193,53,115
73,150,p304_150,195,69,66
73,151,p304_151,158,36,25
73,152,p304_152,223,84,103
73,153,p304_153,174,45,108
73,154,p304_154,166,40,105
73,155,p304_155,238,116,51
73,156,p304_156,196,78,91
73,157,p304_157,224,87,109
73,158,p304_158,189,51,119
73,159,p304_159,238,64,142
73,160,p304_160,222,89,108
73,161,p304_161,186,70,46
73,162,p304_162,199,85,92
73,163,p304_163,210,68,109
73,164,p304_164,230,60,145
73,165,p304_165,278,104,117
73,166,p304_166,305,27,133
73,167,p304_167,257,115,67
73,168,p304_168,184,60,105
73,169,p304_169,190,58,114
73,170,p304_170,213,66,114
73,171,p304_171,222,86,112
73,172,p304_172,235,81,128
73,173,p304_174,233,71,118
73,174,p304_175,211,76,88
73,175,p304_176,240,69,153
73,176,p304_177,224,50,150
73,177,p304_178,251,105,91
73,178,p304_179,241,110,108
73,179,p304_180,203,57,83
73,180,p304_181,202,66,104
73,181,p304_182,182,57,77
73,182,p304_183,185,62,56
73,183,p304_184,252,100,91
73,184,p304_185,233,93,125
73,185,p304_186,187,63,93
73,186,p304_187,174,61,85
73,187,p304_188,113,32,68
73,188,p304_189,171,81,75
73,189,p304_190,174,45,116
73,190,p304_191,210,86,99
73,191,p304_192,206,80,84
73,192,p304_193,196,81,84
73,193,p304_194,178,57,94
73,194,p304_195,251,68,159
73,195,p304_196,206,63,126
73,196,p304_197,145,39,62
73,197,p304_198,193,48,123
73,198,p304_199,176,41,105
73,199,p304_200,193,52,104
73,200,p304_201,221,58,144
74,1,p305_001,145,69,6
74,2,p305_002,251,112,49
74,3,p305_003,481,267,63
74,4,p305_004,307,143,87
74,5,p305_005,427,268,33
74,6,p305_006,354,222,58
74,7,p305_007,284,171,71
74,8,p305_008,578,328,148
74,9,p305_009,335,200,19
74,10,p305_010,183,78,59
74,11,p305_011,445,278,66
74,12,p305_012,262,149,81
74,13,p305_013,299,160,58
74,14,p305_014,267,178,5
74,15,p305_015,407,251,47
74,16,p305_016,430,257,65
74,17,p305_017,256,114,105
74,18,p305_018,353,212,69
74,19,p305_019,511,282,138
74,20,p305_020,294,162,46
74,21,p305_021,614,365,74
74,22,p305_022,465,289,77
74,23,p305_023,737,460,195
74,24,p305_024,457,315,48
74,25,p305_025,306,151,121
74,26,p305_026,260,154,85
74,27,p305_027,246,113,68
74,28,p305_028,246,83,51
74,29,p305_029,251,99,39
74,30,p305_030,147,91,37
74,31,p305_031,168,74,59
74,32,p305_032,225,109,42
74,33,p305_033,217,79,99
74,34,p305_034,225,82,107
74,35,p305_035,308,100,78
74,36,p305_036,337,98,144
74,37,p305_037,219,41,71
74,38,p305_038,153,58,48
74,39,p305_039,224,122,28
74,40,p305_040,217,113,52
74,41,p305_041,203,126,46
74,42,p305_042,214,110,48
74,43,p305_043,206,96,24
74,44,p305_044,239,133,36
74,45,p305_045,150,82,28
74,46,p305_046,203,110,73
74,47,p305_047,203,104,35
74,48,p305_048,251,155,61
74,49,p305_049,254,105,118
74,50,p305_050,182,74,39
74,51,p305_051,263,130,91
74,52,p305_052,278,122,67
74,53,p305_053,252,100,115
74,54,p305_054,246,89,15
74,55,p305_055,288,137,43
74,56,p305_056,275,161,3
74,57,p305_057,223,106,37
74,58,p305_058,181,80,72
74,59,p305_059,264,129,57
74,60,p305_060,244,127,42
74,61,p305_061,217,103,78
74,62,p305_062,185,75,49
74,63,p305_063,223,117,84
74,64,p305_064,149,50,34
74,65,p305_065,163,54,79
74,66,p305_066,206,84,95
74,67,p305_067,222,67,50
74,68,p305_068,209,113,63
74,69,p305_069,264,122,98
74,70,p305_070,246,118,84
74,71,p305_071,238,90,50
74,72,p305_072,201,102,47
74,73,p305_073,219,97,46
74,74,p305_074,181,80,60
74,75,p305_075,190,113,30
74,76,p305_076,198,77,25
74,77,p305_077,309,78,76
74,78,p305_078,171,97,52
74,79,p305_079,390,147,112
74,80,p305_080,283,137,110
74,81,p305_081,280,131,77
74,82,p305_082,239,99,45
74,83,p305_083,179,89,49
74,84,p305_084,262,138,34
74,85,p305_085,180,59,64
74,86,p305_086,177,82,61
74,87,p305_087,233,114,102
74,88,p305_088,214,72,100
74,89,p305_089,302,121,126
74,90,p305_090,189,110,35
74,91,p305_091,203,92,75
74,92,p305_092,246,75,123
74,93,p305_093,268,78,153
74,94,p305_094,243,141,27
74,95,p305_095,215,80,29
74,96,p305_096,183,79,56
74,97,p305_097,196,79,15
74,98,p305_098,163,49,79
74,99,p305_099,217,104,89
74,100,p305_100,192,95,64
74,101,p305_101,229,64,125
74,102,p305_102,193,96,50
74,103,p305_103,206,107,67
74,104,p305_104,205,90,22
74,105,p305_105,217,116,19
74,106,p305_106,281,185,12
74,107,p305_107,233,123,13
74,108,p305_108,163,68,52
74,109,p305_109,226,93,28
74,110,p305_110,278,161,22
74,111,p305_111,209,68,30
74,112,p305_112,141,57,14
74,113,p305_113,243,118,47
74,114,p305_114,318,171,73
74,115,p305_115,206,86,55
74,116,p305_116,158,68,46
74,117,p305_117,239,116,29
74,118,p305_118,182,89,21
74,119,p305_119,183,76,80
74,120,p305_120,193,63,30
74,121,p305_121,118,63,19
74,122,p305_122,197,102,24
74,123,p305_123,225,116,35
74,124,p305_124,246,121,41
74,125,p305_125,235,151,53
74,126,p305_126,310,145,114
74,127,p305_127,147,105,21
74,128,p305_128,137,66,30
74,129,p305_129,297,94,172
74,130,p305_130,287,129,107
74,131,p305_131,246,114,64
74,132,p305_132,223,122,43
74,133,p305_133,155,75,46
74,134,p305_134,209,127,29
74,135,p305_135,255,131,38
74,136,p305_136,225,126,56
74,137,p305_137,216,86,66
74,138,p305_138,339,161,104
74,139,p305_139,166,61,61
74,140,p305_140,201,81,98
74,141,p305_141,185,92,84
74,142,p305_142,177,74,18
74,143,p305_143,202,101,54
74,144,p305_144,197,108,33
74,145,p305_145,225,114,20
74,146,p305_146,179,91,42
74,147,p305_147,245,127,12
74,148,p305_148,233,111,32
74,149,p305_149,172,75,30
74,150,p305_150,305,130,89
74,151,p305_151,147,84,13
74,152,p305_152,209,125,11
74,153,p305_153,224,97,51
74,154,p305_154,203,116,10
74,155,p305_155,239,115,81
74,156,p305_156,205,85,53
74,157,p305_157,218,78,124
74,158,p305_158,230,89,116
74,159,p305_159,197,91,49
74,160,p305_160,161,73,22
74,161,p305_161,224,97,69
74,162,p305_162,230,112,82
74,163,p305_163,272,78,117
74,164,p305_164,291,126,127
74,165,p305_165,201,101,60
74,166,p305_166,199,109,20
74,167,p305_167,219,124,33
74,168,p305_168,273,138,85
74,169,p305_169,174,100,48
74,170,p305_170,177,76,43
74,171,p305_171,190,102,61
74,172,p305_172,178,78,78
74,173,p305_173,158,86,17
74,174,p305_174,233,154,34
74,175,p305_175,169,97,61
74,176,p305_176,192,83,14
74,177,p305_177,166,92,13
74,178,p305_178,205,102,31
74,179,p305_179,158,60,11
74,180,p305_180,171,81,6
74,181,p305_181,202,102,46
74,182,p305_182,233,118,27
74,183,p305_183,263,92,35
74,184,p305_184,145,86,1
74,185,p305_185,185,88,25
74,186,p305_186,177,82,71
74,187,p305_187,187,98,6
74,188,p305_188,265,160,14
74,189,p305_189,195,58,29
74,190,p305_190,233,116,72
74,191,p305_191,163,72,0
74,192,p305_192,284,160,21
74,193,p305_193,193,91,23
74,194,p305_194,369,109,127
74,195,p305_195,192,95,48
74,196,p305_196,206,89,82
74,197,p305_197,302,154,29
74,198,p305_198,187,97,36
74,199,p305_199,195,137,13
74,200,p305_200,172,68,12
75,1,p306_001,155,58,17
75,2,p306_002,290,148,35
75,3,p306_003,552,279,119
75,4,p306_004,390,213,33
75,5,p306_005,539,328,43
75,6,p306_006,417,279,46
75,7,p306_007,350,204,46
75,8,p306_008,653,391,55
75,9,p306_009,386,231,47
75,10,p306_010,282,109,92
75,11,p306_011,565,343,90
75,12,p306_012,381,224,65
75,13,p306_013,397,206,84
75,14,p306_014,463,262,90
75,15,p306_015,498,291,42
75,16,p306_016,533,342,37
75,17,p306_017,505,164,169
75,18,p306_018,435,286,51
75,19,p306_019,629,388,58
75,20,p306_020,346,186,99
75,21,p306_021,800,476,69
75,22,p306_022,629,368,168
75,23,p306_023,918,568,192
75,24,p306_024,582,371,106
75,25,p306_025,395,189,100
75,26,p306_026,258,136,8
75,27,p306_027,196,84,16
75,28,p306_028,369,189,40
75,29,p306_029,297,104,36
75,30,p306_030,338,172,58
75,31,p306_031,244,121,29
75,32,p306_032,275,154,37
75,33,p306_033,358,168,59
75,34,p306_034,239,93,67
75,35,p306_035,311,152,92
75,36,p306_036,360,139,53
75,37,p306_037,315,160,11
75,38,p306_038,331,144,38
75,39,p306_039,354,185,43
75,40,p306_040,319,144,39
75,41,p306_041,296,152,19
75,42,p306_042,289,152,11
75,43,p306_043,290,143,9
75,44,p306_044,233,110,10
75,45,p306_045,284,144,18
75,46,p306_046,296,135,98
75,47,p306_047,251,98,62
75,48,p306_048,306,125,87
75,49,p306_049,291,159,57
75,50,p306_050,281,87,42
75,51,p306_051,369,183,81
75,52,p306_052,187,86,21
75,53,p306_053,207,70,101
75,54,p306_054,248,85,106
75,55,p306_055,406,235,79
75,56,p306_056,215,114,40
75,57,p306_057,323,125,104
75,58,p306_058,448,230,72
75,59,p306_059,297,131,69
75,60,p306_060,271,133,55
75,61,p306_061,324,70,100
75,62,p306_062,334,116,127
75,63,p306_063,401,185,168
75,64,p306_064,281,112,90
75,65,p306_065,264,107,95
75,66,p306_066,369,111,139
75,67,p306_067,266,106,85
75,68,p306_068,305,80,145
75,69,p306_069,438,143,123
75,70,p306_070,226,116,35
75,71,p306_071,387,119,160
75,72,p306_072,384,137,40
75,73,p306_073,243,137,58
75,74,p306_074,368,116,51
75,75,p306_075,337,159,64
75,76,p306_076,249,114,32
75,77,p306_077,231,128,27
75,78,p306_078,209,58,6
75,79,p306_079,280,142,66
75,80,p306_080,297,149,74
75,81,p306_081,244,109,85
75,82,p306_082,253,104,33
75,83,p306_083,246,73,17
75,84,p306_084,203,85,82
75,85,p306_085,284,135,33
75,86,p306_086,209,67,50
75,87,p306_087,192,75,27
75,88,p306_088,262,99,55
75,89,p306_089,374,156,96
75,90,p306_090,312,103,98
75,91,p306_091,275,105,27
75,92,p306_092,343,170,19
75,93,p306_093,241,94,84
75,94,p306_094,217,68,77
75,95,p306_095,182,55,41
75,96,p306_096,210,89,47
75,97,p306_097,249,116,67
75,98,p306_098,251,93,85
75,99,p306_099,359,212,42
75,100,p306_100,242,62,68
75,101,p306_101,372,150,87
75,102,p306_102,379,75,15
75,103,p306_103,308,124,59
75,104,p306_104,238,118,16
75,105,p306_105,397,85,58
75,106,p306_106,371,159,16
75,107,p306_107,325,166,5
75,108,p306_108,294,103,6
75,109,p306_109,348,92,49
75,110,p306_110,338,74,13
75,111,p306_111,382,73,30
75,112,p306_112,432,104,68
75,113,p306_113,314,121,65
75,114,p306_115,229,91,22
75,115,p306_116,294,120,48
75,116,p306_117,295,167,7
75,117,p306_118,365,177,84
75,118,p306_119,445,176,115
75,119,p306_120,398,163,165
75,120,p306_121,281,149,50
75,121,p306_122,322,74,157
75,122,p306_123,390,117,33
75,123,p306_124,336,168,38
75,124,p306_125,212,97,94
75,125,p306_126,189,90,12
75,126,p306_127,190,97,9
75,127,p306_128,347,167,14
75,128,p306_129,229,113,5
75,129,p306_130,328,161,43
75,130,p306_131,245,107,28
75,131,p306_132,264,107,58
75,132,p306_133,235,154,12
75,133,p306_134,354,95,59
75,134,p306_135,409,125,94
75,135,p306_136,354,106,125
75,136,p306_137,461,139,209
75,137,p306_138,308,105,76
75,138,p306_139,275,115,92
75,139,p306_141,217,96,19
75,140,p306_142,363,149,27
75,141,p306_143,422,81,164
75,142,p306_144,300,155,25
75,143,p306_145,274,131,37
75,144,p306_146,337,139,68
75,145,p306_147,308,103,3
75,146,p306_153,227,117,19
75,147,p306_154,256,94,12
75,148,p306_155,275,108,10
75,149,p306_156,253,72,42
75,150,p306_157,206,109,9
75,151,p306_158,348,212,12
75,152,p306_159,291,89,125
75,153,p306_160,333,121,6
75,154,p306_161,276,127,17
75,155,p306_162,303,105,20
75,156,p306_163,225,121,13
75,157,p306_164,216,56,0
75,158,p306_165,249,105,1
75,159,p306_166,324,144,66
75,160,p306_167,298,150,41
75,161,p306_168,227,107,9
75,162,p306_169,251,106,33
75,163,p306_171,356,74,52
75,164,p306_172,349,164,33
75,165,p306_173,250,81,34
75,166,p306_174,259,99,40
75,167,p306_175,243,103,5
75,168,p306_176,269,106,50
75,169,p306_177,285,160,8
75,170,p306_178,373,162,41
75,171,p306_179,278,105,52
75,172,p306_180,275,121,17
75,173,p306_181,302,177,8
75,174,p306_182,307,134,17
75,175,p306_183,232,96,18
75,176,p306_184,265,119,14
75,177,p306_185,215,80,25
75,178,p306_186,298,117,63
75,179,p306_187,285,93,103
75,180,p306_188,300,159,63
75,181,p306_189,286,123,118
75,182,p306_190,352,168,63
75,183,p306_191,206,67,73
75,184,p306_192,227,92,17
75,185,p306_193,220,114,13
75,186,p306_194,221,101,16
75,187,p306_195,235,55,26
75,188,p306_196,256,104,72
75,189,p306_197,214,103,25
75,190,p306_198,232,89,19
75,191,p306_199,245,97,32
75,192,p306_201,389,172,76
75,193,p306_202,280,109,87
75,194,p306_203,262,131,47
75,195,p306_204,266,122,112
75,196,p306_205,218,73,23
75,197,p306_206,259,131,19
75,198,p306_207,407,204,73
75,199,p306_208,245,102,76
75,200,p306_209,223,104,38
76,1,p307_001,173,39,12
76,2,p307_002,329,98,54
76,3,p307_003,455,227,38
76,4,p307_005,451,255,15
76,5,p307_006,370,188,47
76,6,p307_007,355,161,43
76,7,p307_008,573,345,63
76,8,p307_009,379,197,42
76,9,p307_010,253,89,91
76,10,p307_011,472,279,82
76,11,p307_012,336,151,114
76,12,p307_013,341,136,149
76,13,p307_014,361,176,124
76,14,p307_015,472,230,92
76,15,p307_016,484,256,52
76,16,p307_017,283,108,102
76,17,p307_018,439,211,116
76,18,p307_019,514,268,120
76,19,p307_020,325,145,138
76,20,p307_021,619,308,165
76,21,p307_022,466,271,115
76,22,p307_023,737,447,177
76,23,p307_024,485,308,94
76,24,p307_025,216,68,110
76,25,p307_026,224,68,124
76,26,p307_027,273,105,69
76,27,p307_028,257,68,168
76,28,p307_029,245,59,140
76,29,p307_030,260,100,19
76,30,p307_031,206,69,119
76,31,p307_032,251,44,125
76,32,p307_033,342,128,157
76,33,p307_034,281,79,142
76,34,p307_035,288,82,187
76,35,p307_036,348,152,151
76,36,p307_037,300,104,159
76,37,p307_038,259,93,97
76,38,p307_039,302,139,121
76,39,p307_040,261,91,90
76,40,p307_041,214,57,116
76,41,p307_042,214,89,113
76,42,p307_043,279,93,73
76,43,p307_044,310,136,142
76,44,p307_045,312,105,171
76,45,p307_046,312,121,160
76,46,p307_047,268,105,145
76,47,p307_048,251,68,143
76,48,p307_049,232,106,83
76,49,p307_050,245,85,42
76,50,p307_051,245,107,61
76,51,p307_052,221,67,56
76,52,p307_053,317,106,95
76,53,p307_054,290,111,81
76,54,p307_055,282,103,79
76,55,p307_056,304,120,119
76,56,p307_057,179,54,41
76,57,p307_058,214,81,50
76,58,p307_059,159,51,51
76,59,p307_060,309,88,201
76,60,p307_061,244,94,125
76,61,p307_062,326,122,157
76,62,p307_063,268,107,121
76,63,p307_064,355,134,101
76,64,p307_065,423,105,201
76,65,p307_066,427,101,225
76,66,p307_067,271,143,62
76,67,p307_068,304,128,113
76,68,p307_069,233,106,59
76,69,p307_070,300,85,161
76,70,p307_071,241,99,27
76,71,p307_072,250,85,110
76,72,p307_073,296,92,76
76,73,p307_074,265,102,95
76,74,p307_075,264,87,133
76,75,p307_076,283,72,144
76,76,p307_077,241,109,39
76,77,p307_078,258,89,50
76,78,p307_079,325,120,124
76,79,p307_080,221,71,106
76,80,p307_081,198,84,43
76,81,p307_082,348,187,109
76,82,p307_083,240,92,110
76,83,p307_084,281,98,98
76,84,p307_085,244,83,90
76,85,p307_086,363,198,107
76,86,p307_087,176,84,75
76,87,p307_088,243,86,133
76,88,p307_089,287,116,135
76,89,p307_090,299,101,148
76,90,p307_091,251,52,178
76,91,p307_092,308,149,133
76,92,p307_093,260,131,39
76,93,p307_094,261,124,98
76,94,p307_095,222,90,96
76,95,p307_096,208,77,96
76,96,p307_097,219,91,90
76,97,p307_098,355,144,114
76,98,p307_099,281,126,118
76,99,p307_100,229,79,105
76,100,p307_101,222,112,63
76,101,p307_102,315,86,139
76,102,p307_103,208,76,67
76,103,p307_104,244,108,108
76,104,p307_105,246,78,135
76,105,p307_106,270,95,50
76,106,p307_107,248,107,44
76,107,p307_108,260,112,8
76,108,p307_109,228,86,28
76,109,p307_110,226,79,53
76,110,p307_111,341,166,24
76,111,p307_112,256,107,81
76,112,p307_113,252,107,122
76,113,p307_114,208,72,106
76,114,p307_115,241,125,93
76,115,p307_116,235,111,70
76,116,p307_117,267,122,119
76,117,p307_118,286,127,29
76,118,p307_119,199,48,109
76,119,p307_120,228,78,90
76,120,p307_121,291,114,37
76,121,p307_122,388,169,131
76,122,p307_123,392,164,84
76,123,p307_124,296,119,133
76,124,p307_125,243,89,80
76,125,p307_126,263,89,113
76,126,p307_127,406,144,97
76,127,p307_128,204,43,101
76,128,p307_129,248,95,126
76,129,p307_130,223,82,74
76,130,p307_131,227,97,107
76,131,p307_132,272,161,41
76,132,p307_133,256,90,98
76,133,p307_134,333,151,107
76,134,p307_135,274,69,177
76,135,p307_136,297,71,186
76,136,p307_137,265,89,133
76,137,p307_138,262,114,120
76,138,p307_139,284,64,192
76,139,p307_140,238,108,58
76,140,p307_141,284,104,149
76,141,p307_142,267,119,113
76,142,p307_143,221,80,94
76,143,p307_144,234,78,89
76,144,p307_145,206,59,101
76,145,p307_146,218,53,108
76,146,p307_147,282,132,127
76,147,p307_148,277,124,89
76,148,p307_149,267,104,68
76,149,p307_150,233,68,91
76,150,p307_151,356,157,163
76,151,p307_152,290,111,140
76,152,p307_153,203,35,58
76,153,p307_154,204,55,128
76,154,p307_155,229,86,75
76,155,p307_156,256,70,133
76,156,p307_157,402,77,258
76,157,p307_158,261,102,70
76,158,p307_159,314,88,202
76,159,p307_160,253,76,110
76,160,p307_161,329,102,183
76,161,p307_162,289,84,111
76,162,p307_163,274,71,142
76,163,p307_164,268,76,167
76,164,p307_165,225,85,92
76,165,p307_166,280,88,150
76,166,p307_167,351,126,193
76,167,p307_168,277,119,130
76,168,p307_169,247,62,151
76,169,p307_170,276,119,94
76,170,p307_171,308,100,172
76,171,p307_172,235,70,61
76,172,p307_173,236,74,145
76,173,p307_174,247,68,102
76,174,p307_175,257,94,44
76,175,p307_176,263,50,200
76,176,p307_177,246,90,104
76,177,p307_178,249,95,115
76,178,p307_179,230,69,80
76,179,p307_180,312,100,154
76,180,p307_181,274,73,138
76,181,p307_182,274,126,20
76,182,p307_183,199,71,102
76,183,p307_184,279,108,132
76,184,p307_185,229,88,76
76,185,p307_186,235,93,101
76,186,p307_187,232,95,61
76,187,p307_188,179,44,82
76,188,p307_189,243,61,145
76,189,p307_190,290,108,139
76,190,p307_191,297,108,143
76,191,p307_192,278,150,94
76,192,p307_193,297,114,147
76,193,p307_194,280,96,97
76,194,p307_195,239,62,139
76,195,p307_196,238,97,109
76,196,p307_197,247,85,115
76,197,p307_198,414,109,213
76,198,p307_199,247,82,132
76,199,p307_200,252,112,115
76,200,p307_201,196,50,132
77,1,p308_001,149,86,0
77,2,p308_002,251,112,9
77,3,p308_003,502,235,0
77,4,p308_004,315,164,7
77,5,p308_005,375,207,22
77,6,p308_006,355,204,18
77,7,p308_007,280,156,4
77,8,p308_008,472,259,66
77,9,p308_009,369,170,34
77,10,p308_010,212,78,10
77,11,p308_011,417,285,1
77,12,p308_012,297,183,5
77,13,p308_013,278,155,1
77,14,p308_014,342,186,18
77,15,p308_015,363,214,3
77,16,p308_016,422,276,4
77,17,p308_017,243,118,9
77,18,p308_018,334,198,4
77,19,p308_019,489,242,32
77,20,p308_020,270,140,21
77,21,p308_021,561,370,5
77,22,p308_022,382,250,1
77,23,p308_023,641,441,2
77,24,p308_024,419,270,3
77,25,p308_025,214,48,13
77,26,p308_026,199,74,70
77,27,p308_027,193,81,0
77,28,p308_028,259,109,38
77,29,p308_029,225,105,6
77,30,p308_030,166,73,2
77,31,p308_031,201,102,9
77,32,p308_032,171,67,37
77,33,p308_033,151,51,31
77,34,p308_034,182,71,15
77,35,p308_035,209,85,51
77,36,p308_036,270,98,8
77,37,p308_037,198,67,10
77,38,p308_038,230,106,3
77,39,p308_039,182,35,50
77,40,p308_040,243,128,49
77,41,p308_041,201,47,11
77,42,p308_042,206,82,2
77,43,p308_043,195,71,29
77,44,p308_044,198,78,88
77,45,p308_045,281,107,31
77,46,p308_046,187,53,20
77,47,p308_047,185,70,17
77,48,p308_048,206,55,10
77,49,p308_049,257,92,12
77,50,p308_050,214,74,22
77,51,p308_051,209,78,4
77,52,p308_052,270,139,7
77,53,p308_053,235,102,12
77,54,p308_054,270,80,46
77,55,p308_055,251,83,32
77,56,p308_056,257,84,50
77,57,p308_057,297,69,19
77,58,p308_058,233,122,5
77,59,p308_059,267,103,14
77,60,p308_060,217,79,3
77,61,p308_061,273,148,12
77,62,p308_062,220,82,25
77,63,p308_063,257,75,46
77,64,p308_064,249,100,6
77,65,p308_065,225,89,28
77,66,p308_066,225,93,47
77,67,p308_067,206,98,8
77,68,p308_068,179,77,8
77,69,p308_069,185,67,4
77,70,p308_070,155,64,0
77,71,p308_071,206,102,5
77,72,p308_072,254,79,4
77,73,p308_073,182,72,36
77,74,p308_074,217,107,31
77,75,p308_075,243,126,5
77,76,p308_076,174,63,24
77,77,p308_077,185,50,11
77,78,p308_078,203,86,26
77,79,p308_079,171,74,8
77,80,p308_080,219,98,0
77,81,p308_081,249,115,5
77,82,p308_082,266,120,2
77,83,p308_083,286,65,11
77,84,p308_084,241,98,14
77,85,p308_085,297,147,37
77,86,p308_086,238,77,1
77,87,p308_087,305,130,9
77,88,p308_088,271,139,2
77,89,p308_089,225,105,2
77,90,p308_090,163,75,2
77,91,p308_091,171,50,1
77,92,p308_092,206,74,24
77,93,p308_093,228,95,27
77,94,p308_094,246,78,6
77,95,p308_095,174,70,4
77,96,p308_096,174,77,1
77,97,p308_097,373,114,62
77,98,p308_098,371,88,27
77,99,p308_099,355,142,6
77,100,p308_100,262,103,10
77,101,p308_101,302,129,16
77,102,p308_102,219,95,6
77,103,p308_103,312,95,17
77,104,p308_104,235,106,12
77,105,p308_105,271,70,43
77,106,p308_106,286,83,47
77,107,p308_107,235,80,20
77,108,p308_108,206,90,2
77,109,p308_109,195,42,20
77,110,p308_110,209,57,38
77,111,p308_111,217,106,7
77,112,p308_112,201,67,13
77,113,p308_113,270,121,8
77,114,p308_114,224,102,8
77,115,p308_115,211,81,22
77,116,p308_116,267,165,4
77,117,p308_117,201,75,21
77,118,p308_118,201,67,50
77,119,p308_119,171,51,0
77,120,p308_120,174,72,16
77,121,p308_121,227,81,5
77,122,p308_122,353,162,3
77,123,p308_123,392,118,117
77,124,p308_124,155,66,0
77,125,p308_125,202,70,0
77,126,p308_126,201,95,0
77,127,p308_127,198,97,4
77,128,p308_128,262,95,37
77,129,p308_129,246,99,15
77,130,p308_130,243,115,13
77,131,p308_131,193,56,16
77,132,p308_132,211,103,3
77,133,p308_133,254,62,3
77,134,p308_134,196,95,11
77,135,p308_135,273,111,11
77,136,p308_136,171,66,26
77,137,p308_137,302,101,28
77,138,p308_138,267,144,0
77,139,p308_139,217,95,16
77,140,p308_140,163,63,39
77,141,p308_141,169,67,34
77,142,p308_142,184,60,4
77,143,p308_143,249,111,10
77,144,p308_144,214,56,1
77,145,p308_145,198,66,1
77,146,p308_146,345,112,12
77,147,p308_147,185,62,10
77,148,p308_148,228,100,33
77,149,p308_149,198,63,55
77,150,p308_150,182,60,27
77,151,p308_151,219,123,9
77,152,p308_152,227,82,29
77,153,p308_153,166,56,5
77,154,p308_154,182,69,6
77,155,p308_155,254,114,25
77,156,p308_156,209,99,8
77,157,p308_157,204,92,19
77,158,p308_158,254,143,1
77,159,p308_159,195,71,4
77,160,p308_160,222,110,17
77,161,p308_161,243,105,5
77,162,p308_162,163,53,45
77,163,p308_163,275,147,15
77,164,p308_164,228,112,2
77,165,p308_165,230,118,33
77,166,p308_166,190,74,18
77,167,p308_167,233,126,19
77,168,p308_168,225,78,17
77,169,p308_169,169,86,0
77,170,p308_170,209,97,3
77,171,p308_171,214,81,3
77,172,p308_172,171,57,1
77,173,p308_173,267,125,20
77,174,p308_174,206,97,23
77,175,p308_175,187,111,1
77,176,p308_176,235,105,26
77,177,p308_177,195,78,3
77,178,p308_178,206,107,0
77,179,p308_179,207,69,88
77,180,p308_180,196,85,1
77,181,p308_181,267,132,26
77,182,p308_182,241,127,16
77,183,p308_183,193,80,4
77,184,p308_184,257,105,7
77,185,p308_185,230,115,17
77,186,p308_186,153,50,1
77,187,p308_187,198,65,84
77,188,p308_188,179,89,18
77,189,p308_189,193,81,33
77,190,p308_190,235,81,39
77,191,p308_191,251,97,15
77,192,p308_192,166,69,61
77,193,p308_193,273,99,52
77,194,p308_194,470,69,48
77,195,p308_195,556,140,88
77,196,p308_196,317,102,9
77,197,p308_197,299,73,66
77,198,p308_198,219,91,5
77,199,p308_199,211,78,5
77,200,p308_200,190,48,5
78,1,p310_001,147,45,1
78,2,p310_002,273,109,34
78,3,p310_003,557,233,82
78,4,p310_004,432,180,106
78,5,p310_005,425,254,34
78,6,p310_006,449,221,83
78,7,p310_007,347,179,38
78,8,p310_008,519,309,63
78,9,p310_009,300,182,20
78,10,p310_010,219,82,78
78,11,p310_011,445,285,52
78,12,p310_012,293,163,51
78,13,p310_013,333,179,20
78,14,p310_014,346,182,17
78,15,p310_015,409,251,8
78,16,p310_016,521,303,85
78,17,p310_017,275,129,51
78,18,p310_018,392,202,13
78,19,p310_019,492,268,65
78,20,p310_020,344,147,24
78,21,p310_021,682,360,106
78,22,p310_022,529,269,148
78,23,p310_023,961,475,163
78,24,p310_024,487,298,18
78,25,p310_025,248,97,27
78,26,p310_026,176,70,33
78,27,p310_027,325,155,19
78,28,p310_028,244,76,17
78,29,p310_029,195,43,2
78,30,p310_030,241,113,78
78,31,p310_031,190,48,32
78,32,p310_032,242,83,62
78,33,p310_033,337,161,61
78,34,p310_034,196,92,26
78,35,p310_035,218,108,18
78,36,p310_036,293,144,98
78,37,p310_037,224,94,97
78,38,p310_038,240,57,92
78,39,p310_039,180,69,93
78,40,p310_040,291,80,104
78,41,p310_041,181,99,34
78,42,p310_042,147,46,24
78,43,p310_043,182,76,78
78,44,p310_044,260,100,41
78,45,p310_045,296,122,112
78,46,p310_046,345,62,130
78,47,p310_047,247,62,81
78,48,p310_048,306,111,136
78,49,p310_049,174,66,6
78,50,p310_050,235,125,17
78,51,p310_051,263,118,88
78,52,p310_052,196,45,82
78,53,p310_053,277,156,73
78,54,p310_054,197,50,22
78,55,p310_055,262,122,49
78,56,p310_056,450,71,135
78,57,p310_057,196,53,26
78,58,p310_058,254,121,12
78,59,p310_059,154,37,28
78,60,p310_060,204,72,34
78,61,p310_061,216,93,20
78,62,p310_062,186,69,47
78,63,p310_063,223,81,12
78,64,p310_064,160,53,25
78,65,p310_065,205,85,74
78,66,p310_066,212,91,41
78,67,p310_067,209,67,32
78,68,p310_068,276,78,42
78,69,p310_069,230,83,26
78,70,p310_070,173,50,67
78,71,p310_071,232,82,43
78,72,p310_072,285,107,114
78,73,p310_073,219,69,45
78,74,p310_074,231,100,68
78,75,p310_075,227,86,25
78,76,p310_076,248,111,21
78,77,p310_077,288,100,32
78,78,p310_078,195,59,81
78,79,p310_079,182,55,35
78,80,p310_080,332,72,186
78,81,p310_081,153,68,38
78,82,p310_082,186,75,84
78,83,p310_083,192,66,77
78,84,p310_084,137,50,22
78,85,p310_085,193,80,56
78,86,p310_086,157,65,14
78,87,p310_087,180,63,10
78,88,p310_088,249,133,31
78,89,p310_089,205,98,7
78,90,p310_090,187,87,7
78,91,p310_091,227,113,27
78,92,p310_092,181,87,4
78,93,p310_093,237,149,5
78,94,p310_094,146,47,5
78,95,p310_095,207,76,60
78,96,p310_096,188,87,6
78,97,p310_097,199,77,23
78,98,p310_098,180,68,72
78,99,p310_099,169,69,13
78,100,p310_100,188,91,34
78,101,p310_101,212,114,48
78,102,p310_102,196,100,39
78,103,p310_103,219,122,22
78,104,p310_104,195,70,59
78,105,p310_105,214,88,0
78,106,p310_106,243,106,24
78,107,p310_107,174,50,104
78,108,p310_108,217,116,0
78,109,p310_109,259,118,32
78,110,p310_110,193,103,16
78,111,p310_111,218,101,66
78,112,p310_112,225,96,26
78,113,p310_113,181,63,6
78,114,p310_114,202,76,32
78,115,p310_115,171,59,46
78,116,p310_116,219,105,60
78,117,p310_117,247,89,90
78,118,p310_118,149,75,8
78,119,p310_119,221,78,45
78,120,p310_120,194,68,14
78,121,p310_121,212,108,19
78,122,p310_122,234,109,18
78,123,p310_123,202,98,24
78,124,p310_124,212,81,97
78,125,p310_125,274,128,47
78,126,p310_126,204,53,37
78,127,p310_127,214,61,85
78,128,p310_128,249,87,104
78,129,p310_129,187,45,124
78,130,p310_130,289,118,58
78,131,p310_131,183,67,29
78,132,p310_132,241,103,27
78,133,p310_133,196,88,24
78,134,p310_134,231,88,32
78,135,p310_135,208,69,28
78,136,p310_136,187,67,0
78,137,p310_137,268,104,11
78,138,p310_138,161,43,5
78,139,p310_139,177,91,22
78,140,p310_140,213,110,49
78,141,p310_141,221,104,6
78,142,p310_142,161,62,36
78,143,p310_143,202,59,44
78,144,p310_144,277,114,45
78,145,p310_145,214,38,41
78,146,p310_146,239,107,39
78,147,p310_147,183,70,11
78,148,p310_148,189,62,29
78,149,p310_149,211,77,12
78,150,p310_150,215,94,52
78,151,p310_151,198,38,80
78,152,p310_152,297,134,79
78,153,p310_153,181,60,67
78,154,p310_154,229,89,40
78,155,p310_155,206,44,113
78,156,p310_156,164,60,13
78,157,p310_157,210,91,24
78,158,p310_158,200,75,10
78,159,p310_159,193,63,43
78,160,p310_160,263,141,14
78,161,p310_161,240,113,19
78,162,p310_162,215,90,15
78,163,p310_163,154,58,18
78,164,p310_164,205,82,38
78,165,p310_165,174,84,2
78,166,p310_166,225,88,51
78,167,p310_167,233,145,21
78,168,p310_168,174,76,10
78,169,p310_169,169,51,69
78,170,p310_170,254,78,35
78,171,p310_171,237,120,22
78,172,p310_172,268,58,124
78,173,p310_173,338,174,39
78,174,p310_174,190,77,36
78,175,p310_175,201,76,44
78,176,p310_176,201,65,59
78,177,p310_177,194,79,18
78,178,p310_178,227,84,99
78,179,p310_179,239,84,93
78,180,p310_180,264,113,30
78,181,p310_181,251,113,7
78,182,p310_182,142,61,11
78,183,p310_183,176,59,75
78,184,p310_185,147,69,10
78,185,p310_186,179,71,54
78,186,p310_187,195,64,79
78,187,p310_188,221,99,38
78,188,p310_189,263,139,67
78,189,p310_190,227,76,53
78,190,p310_191,260,96,80
78,191,p310_192,317,133,98
78,192,p310_193,224,61,39
78,193,p310_194,194,63,38
78,194,p310_195,248,124,51
78,195,p310_196,172,58,58
78,196,p310_197,280,131,30
78,197,p310_198,246,103,35
78,198,p310_199,182,77,39
78,199,p310_200,198,59,31
78,200,p310_201,199,62,35
79,1,p311_001,174,62,15
79,2,p311_002,255,138,11
79,3,p311_003,463,339,30
79,4,p311_004,372,195,16
79,5,p311_005,409,240,75
79,6,p311_006,423,213,126
79,7,p311_007,383,193,157
79,8,p311_008,561,294,190
79,9,p311_009,292,174,99
79,10,p311_010,230,86,100
79,11,p311_011,405,272,88
79,12,p311_012,321,167,116
79,13,p311_013,294,168,71
79,14,p311_014,313,201,70
79,15,p311_015,409,275,21
79,16,p311_016,425,294,87
79,17,p311_017,285,128,107
79,18,p311_018,355,244,61
79,19,p311_019,466,290,102
79,20,p311_020,287,159,102
79,21,p311_021,603,374,137
79,22,p311_022,420,279,98
79,23,p311_023,673,479,107
79,24,p311_024,427,289,94
79,25,p311_025,238,138,77
79,26,p311_026,138,52,69
79,27,p311_027,151,60,68
79,28,p311_028,142,59,71
79,29,p311_029,162,62,68
79,30,p311_030,213,87,89
79,31,p311_031,177,95,64
79,32,p311_032,158,47,79
79,33,p311_033,233,127,91
79,34,p311_034,201,108,80
79,35,p311_035,230,80,115
79,36,p311_036,227,93,105
79,37,p311_037,163,69,78
79,38,p311_038,212,90,83
79,39,p311_039,281,102,122
79,40,p311_040,247,128,87
79,41,p311_041,166,66,84
79,42,p311_042,213,113,64
79,43,p311_043,202,99,74
79,44,p311_044,172,76,84
79,45,p311_045,172,73,78
79,46,p311_046,177,69,93
79,47,p311_047,265,125,116
79,48,p311_048,255,122,101
79,49,p311_049,190,80,85
79,50,p311_050,221,96,105
79,51,p311_051,223,127,51
79,52,p311_052,178,63,89
79,53,p311_053,198,69,109
79,54,p311_054,220,103,98
79,55,p311_055,185,74,71
79,56,p311_056,233,138,39
79,57,p311_057,260,116,47
79,58,p311_058,193,87,26
79,59,p311_059,214,66,103
79,60,p311_060,211,78,80
79,61,p311_061,195,91,91
79,62,p311_062,192,64,53
79,63,p311_063,214,106,58
79,64,p311_064,189,73,81
79,65,p311_065,147,62,36
79,66,p311_066,241,122,99
79,67,p311_067,161,52,102
79,68,p311_068,201,87,106
79,69,p311_069,156,40,77
79,70,p311_070,188,65,88
79,71,p311_071,190,86,16
79,72,p311_072,222,74,105
79,73,p311_073,163,59,65
79,74,p311_074,200,80,95
79,75,p311_075,195,75,70
79,76,p311_076,201,98,59
79,77,p311_077,164,57,91
79,78,p311_078,221,103,94
79,79,p311_079,178,52,95
79,80,p311_080,173,58,106
79,81,p311_081,168,51,102
79,82,p311_082,177,59,79
79,83,p311_083,206,90,92
79,84,p311_084,151,54,66
79,85,p311_085,211,98,99
79,86,p311_086,214,84,97
79,87,p311_087,224,69,131
79,88,p311_088,191,73,98
79,89,p311_089,241,104,115
79,90,p311_090,180,74,83
79,91,p311_091,204,89,88
79,92,p311_092,172,67,85
79,93,p311_093,177,53,106
79,94,p311_094,182,81,84
79,95,p311_095,251,130,102
79,96,p311_096,198,91,89
79,97,p311_097,198,91,48
79,98,p311_098,166,66,82
79,99,p311_099,186,84,51
79,100,p311_100,201,69,84
79,101,p311_101,171,77,71
79,102,p311_102,145,42,66
79,103,p311_103,174,79,69
79,104,p311_104,177,91,46
79,105,p311_105,190,86,99
79,106,p311_106,198,64,103
79,107,p311_107,187,85,88
79,108,p311_108,220,80,102
79,109,p311_109,203,77,95
79,110,p311_110,212,91,99
79,111,p311_111,198,110,71
79,112,p311_112,196,97,62
79,113,p311_113,159,50,84
79,114,p311_114,195,55,106
79,115,p311_115,212,72,115
79,116,p311_116,207,64,113
79,117,p311_117,231,55,160
79,118,p311_118,169,68,83
79,119,p311_119,202,76,105
79,120,p311_120,217,84,118
79,121,p311_121,217,73,108
79,122,p311_122,203,98,65
79,123,p311_123,209,97,108
79,124,p311_124,191,85,71
79,125,p311_125,202,97,84
79,126,p311_126,242,108,104
79,127,p311_127,228,115,85
79,128,p311_128,160,57,30
79,129,p311_129,211,117,78
79,130,p311_130,201,82,94
79,131,p311_131,174,63,97
79,132,p311_132,190,86,96
79,133,p311_133,185,75,101
79,134,p311_134,174,57,108
79,135,p311_135,184,63,82
79,136,p311_136,188,73,100
79,137,p311_137,141,30,85
79,138,p311_138,193,85,60
79,139,p311_139,160,51,84
79,140,p311_140,161,58,65
79,141,p311_141,201,91,85
79,142,p311_142,217,88,109
79,143,p311_143,194,65,121
79,144,p311_144,222,100,102
79,145,p311_145,254,112,88
79,146,p311_146,176,60,107
79,147,p311_147,171,72,44
79,148,p311_148,180,79,86
79,149,p311_149,199,70,104
79,150,p311_150,190,80,83
79,151,p311_151,134,32,83
79,152,p311_152,273,103,142
79,153,p311_153,237,110,116
79,154,p311_154,166,50,83
79,155,p311_155,198,104,40
79,156,p311_156,175,61,48
79,157,p311_157,169,53,68
79,158,p311_158,162,50,92
79,159,p311_159,171,81,70
79,160,p311_160,198,108,51
79,161,p311_161,179,87,76
79,162,p311_162,222,58,141
79,163,p311_163,321,115,137
79,164,p311_164,172,53,102
79,165,p311_165,166,68,62
79,166,p311_166,203,72,93
79,167,p311_167,190,71,85
79,168,p311_168,169,75,62
79,169,p311_169,180,70,89
79,170,p311_170,238,102,115
79,171,p311_171,202,74,106
79,172,p311_172,230,64,122
79,173,p311_173,221,78,99
79,174,p311_174,211,68,127
79,175,p311_175,155,88,41
79,176,p311_176,184,77,58
79,177,p311_177,200,74,99
79,178,p311_178,203,92,75
79,179,p311_179,224,107,85
79,180,p311_180,275,95,162
79,181,p311_181,197,63,118
79,182,p311_182,202,77,104
79,183,p311_183,180,71,92
79,184,p311_184,182,73,92
79,185,p311_185,191,90,61
79,186,p311_186,187,80,42
79,187,p311_187,171,79,50
79,188,p311_188,144,52,75
79,189,p311_189,141,47,55
79,190,p311_190,193,65,96
79,191,p311_191,183,65,93
79,192,p311_192,170,78,76
79,193,p311_193,185,79,59
79,194,p311_194,173,68,80
79,195,p311_195,158,61,79
79,196,p311_196,158,63,78
79,197,p311_197,189,87,58
79,198,p311_198,211,55,111
79,199,p311_199,299,74,205
79,200,p311_200,174,37,133
80,1,p312_002,241,104,95
80,2,p312_003,422,232,109
80,3,p312_004,353,136,152
80,4,p312_005,462,258,142
80,5,p312_006,402,229,119
80,6,p312_007,289,182,77
80,7,p312_008,469,308,85
80,8,p312_009,319,208,80
80,9,p312_010,220,92,112
80,10,p312_011,446,277,113
80,11,p312_012,292,163,84
80,12,p312_013,283,159,84
80,13,p312_014,390,227,121
80,14,p312_015,372,254,78
80,15,p312_016,457,281,118
80,16,p312_017,249,114,93
80,17,p312_018,374,204,85
80,18,p312_019,491,283,137
80,19,p312_020,308,176,99
80,20,p312_021,663,301,251
80,21,p312_022,520,249,199
80,22,p312_023,715,460,161
80,23,p312_024,419,286,87
80,24,p312_025,251,83,137
80,25,p312_026,222,89,112
80,26,p312_027,257,125,108
80,27,p312_028,174,76,81
80,28,p312_029,206,60,126
80,29,p312_030,174,45,107
80,30,p312_031,219,85,111
80,31,p312_032,182,75,92
80,32,p312_033,182,58,101
80,33,p312_034,145,58,77
80,34,p312_035,217,76,111
80,35,p312_036,208,99,88
80,36,p312_037,209,84,96
80,37,p312_038,182,70,95
80,38,p312_039,225,86,125
80,39,p312_040,225,77,127
80,40,p312_041,201,66,117
80,41,p312_042,257,96,128
80,42,p312_043,201,82,90
80,43,p312_044,246,94,133
80,44,p312_045,155,57,85
80,45,p312_046,238,119,93
80,46,p312_047,145,41,89
80,47,p312_048,195,82,79
80,48,p312_049,182,71,89
80,49,p312_050,233,98,67
80,50,p312_051,158,106,47
80,51,p312_052,158,49,83
80,52,p312_053,182,70,85
80,53,p312_054,187,87,79
80,54,p312_055,174,104,52
80,55,p312_056,163,97,46
80,56,p312_057,150,55,80
80,57,p312_058,203,96,80
80,58,p312_059,182,79,84
80,59,p312_060,211,97,73
80,60,p312_061,134,46,82
80,61,p312_062,161,54,79
80,62,p312_063,148,60,79
80,63,p312_064,252,111,119
80,64,p312_065,197,94,98
80,65,p312_066,150,63,71
80,66,p312_067,190,91,76
80,67,p312_068,145,54,79
80,68,p312_069,224,72,118
80,69,p312_070,174,73,74
80,70,p312_071,185,100,66
80,71,p312_072,155,84,64
80,72,p312_073,193,79,91
80,73,p312_074,187,112,56
80,74,p312_075,155,51,96
80,75,p312_076,169,72,85
80,76,p312_077,190,102,40
80,77,p312_078,174,108,49
80,78,p312_079,145,45,61
80,79,p312_080,247,120,110
80,80,p312_081,180,64,94
80,81,p312_082,185,94,71
80,82,p312_083,209,110,75
80,83,p312_084,142,63,73
80,84,p312_085,166,61,88
80,85,p312_086,222,93,101
80,86,p312_087,208,101,90
80,87,p312_088,222,101,84
80,88,p312_089,198,82,96
80,89,p312_090,187,66,89
80,90,p312_091,171,75,78
80,91,p312_092,177,89,64
80,92,p312_093,142,53,74
80,93,p312_094,158,75,51
80,94,p312_095,169,80,77
80,95,p312_096,230,109,81
80,96,p312_097,153,42,102
80,97,p312_098,225,101,94
80,98,p312_099,174,79,61
80,99,p312_100,163,54,96
80,100,p312_101,190,78,47
80,101,p312_102,156,54,43
80,102,p312_103,173,64,34
80,103,p312_104,153,60,68
80,104,p312_105,251,106,123
80,105,p312_106,217,82,119
80,106,p312_107,222,65,149
80,107,p312_108,209,78,115
80,108,p312_109,249,79,125
80,109,p312_110,198,100,46
80,110,p312_111,137,57,52
80,111,p312_112,217,95,104
80,112,p312_113,201,97,68
80,113,p312_114,163,65,81
80,114,p312_115,158,85,43
80,115,p312_116,219,95,98
80,116,p312_117,243,90,121
80,117,p312_118,147,55,44
80,118,p312_119,121,34,23
80,119,p312_120,185,68,87
80,120,p312_121,187,102,57
80,121,p312_122,155,95,37
80,122,p312_123,233,117,84
80,123,p312_124,193,96,70
80,124,p312_125,169,71,86
80,125,p312_126,193,95,74
80,126,p312_127,131,41,78
80,127,p312_128,137,49,61
80,128,p312_129,164,53,53
80,129,p312_130,153,75,69
80,130,p312_131,147,77,51
80,131,p312_132,193,72,88
80,132,p312_133,155,73,65
80,133,p312_134,195,115,67
80,134,p312_135,147,51,85
80,135,p312_136,134,36,56
80,136,p312_137,156,74,33
80,137,p312_138,201,68,101
80,138,p312_139,179,42,101
80,139,p312_140,126,65,45
80,140,p312_141,182,45,121
80,141,p312_142,229,101,89
80,142,p312_143,171,62,66
80,143,p312_144,230,109,82
80,144,p312_145,208,67,107
80,145,p312_146,150,66,67
80,146,p312_147,198,88,90
80,147,p312_148,193,107,60
80,148,p312_149,195,69,91
80,149,p312_150,297,122,161
80,150,p312_151,139,66,39
80,151,p312_152,161,76,69
80,152,p312_153,131,49,74
80,153,p312_154,185,106,66
80,154,p312_155,219,117,68
80,155,p312_156,182,89,77
80,156,p312_157,174,81,78
80,157,p312_158,208,78,78
80,158,p312_159,203,101,90
80,159,p312_160,182,94,69
80,160,p312_161,139,70,27
80,161,p312_162,160,26,100
80,162,p312_163,110,44,43
80,163,p312_164,171,57,95
80,164,p312_165,185,89,70
80,165,p312_166,169,60,99
80,166,p312_167,185,75,101
80,167,p312_168,212,54,134
80,168,p312_169,126,65,42
80,169,p312_170,163,77,52
80,170,p312_171,142,63,56
80,171,p312_172,206,101,73
80,172,p312_173,187,92,41
80,173,p312_174,185,63,83
80,174,p312_175,147,80,37
80,175,p312_176,179,72,86
80,176,p312_177,182,70,93
80,177,p312_178,145,84,26
80,178,p312_179,158,56,35
80,179,p312_180,206,100,60
80,180,p312_181,182,49,122
80,181,p312_182,190,74,87
80,182,p312_183,121,48,58
80,183,p312_184,187,76,69
80,184,p312_185,219,97,89
80,185,p312_186,345,65,192
80,186,p312_187,155,54,78
80,187,p312_188,246,95,138
80,188,p312_189,169,78,76
80,189,p312_190,251,108,118
80,190,p312_191,324,74,233
80,191,p312_192,183,53,115
80,192,p312_193,241,108,70
80,193,p312_194,147,54,77
80,194,p312_195,163,51,99
80,195,p312_196,142,56,72
80,196,p312_197,171,77,58
80,197,p312_198,178,63,81
80,198,p312_199,235,100,109
80,199,p312_200,153,48,83
80,200,p312_201,140,39,79
81,1,p313_001,155,56,32
81,2,p313_002,278,118,17
81,3,p313_003,634,225,146
81,4,p313_004,370,155,43
81,5,p313_005,492,244,52
81,6,p313_006,481,227,26
81,7,p313_007,383,165,88
81,8,p313_008,523,295,54
81,9,p313_009,343,154,83
81,10,p313_010,308,89,130
81,11,p313_011,557,255,105
81,12,p313_012,444,154,191
81,13,p313_013,450,161,111
81,14,p313_014,337,177,68
81,15,p313_015,408,224,36
81,16,p313_016,453,260,39
81,17,p313_017,382,106,104
81,18,p313_018,479,192,102
81,19,p313_019,483,250,50
81,20,p313_020,371,155,102
81,21,p313_021,602,295,84
81,22,p313_022,560,229,125
81,23,p313_023,894,370,176
81,24,p313_024,734,287,105
81,25,p313_025,155,40,19
81,26,p313_026,182,82,21
81,27,p313_027,219,78,87
81,28,p313_028,211,94,52
81,29,p313_029,259,66,84
81,30,p313_030,206,74,6
81,31,p313_031,230,56,63
81,32,p313_032,227,95,8
81,33,p313_033,251,99,38
81,34,p313_034,217,83,40
81,35,p313_035,214,90,55
81,36,p313_036,281,94,67
81,37,p313_037,346,104,57
81,38,p313_038,331,72,98
81,39,p313_039,213,89,8
81,40,p313_040,206,50,54
81,41,p313_041,174,71,38
81,42,p313_042,208,66,41
81,43,p313_043,267,58,62
81,44,p313_044,217,72,11
81,45,p313_045,195,63,34
81,46,p313_046,209,119,23
81,47,p313_047,197,61,48
81,48,p313_048,241,86,38
81,49,p313_049,409,109,53
81,50,p313_050,185,70,45
81,51,p313_051,278,110,86
81,52,p313_052,165,40,63
81,53,p313_053,208,83,43
81,54,p313_054,227,75,129
81,55,p313_055,206,62,54
81,56,p313_056,179,61,29
81,57,p313_057,209,56,72
81,58,p313_058,158,55,79
81,59,p313_059,259,65,65
81,60,p313_060,211,70,51
81,61,p313_061,265,95,48
81,62,p313_062,249,90,10
81,63,p313_063,235,64,44
81,64,p313_064,210,60,35
81,65,p313_065,227,77,46
81,66,p313_066,241,52,59
81,67,p313_067,265,71,39
81,68,p313_068,321,112,91
81,69,p313_069,251,108,30
81,70,p313_070,193,79,21
81,71,p313_071,209,76,49
81,72,p313_072,254,95,34
81,73,p313_073,257,94,21
81,74,p313_074,245,107,39
81,75,p313_075,265,80,23
81,76,p313_076,190,52,95
81,77,p313_077,286,96,66
81,78,p313_078,257,90,6
81,79,p313_079,230,68,48
81,80,p313_080,209,61,60
81,81,p313_081,171,64,38
81,82,p313_082,203,79,14
81,83,p313_083,339,100,90
81,84,p313_084,267,103,12
81,85,p313_085,242,78,39
81,86,p313_086,284,137,4
81,87,p313_087,299,118,56
81,88,p313_088,198,62,30
81,89,p313_089,206,102,1
81,90,p313_090,283,122,8
81,91,p313_091,342,80,66
81,92,p313_092,291,74,69
81,93,p313_093,353,51,92
81,94,p313_094,190,58,34
81,95,p313_095,275,113,24
81,96,p313_096,257,54,41
81,97,p313_097,233,62,104
81,98,p313_098,227,78,16
81,99,p313_099,241,71,82
81,100,p313_100,234,86,26
81,101,p313_101,227,87,36
81,102,p313_102,198,84,27
81,103,p313_103,595,57,358
81,104,p313_104,216,72,53
81,105,p313_105,283,85,65
81,106,p313_106,273,104,66
81,107,p313_107,210,73,11
81,108,p313_108,274,100,41
81,109,p313_109,268,103,68
81,110,p313_110,174,28,84
81,111,p313_111,368,46,160
81,112,p313_112,225,82,87
81,113,p313_113,227,62,27
81,114,p313_114,257,46,12
81,115,p313_115,223,75,50
81,116,p313_116,273,56,67
81,117,p313_117,490,65,132
81,118,p313_118,251,82,72
81,119,p313_119,318,87,112
81,120,p313_120,155,76,8
81,121,p313_121,261,90,49
81,122,p313_122,249,77,20
81,123,p313_123,226,79,57
81,124,p313_124,257,91,56
81,125,p313_125,214,99,42
81,126,p313_126,238,40,36
81,127,p313_127,257,38,17
81,128,p313_128,161,72,22
81,129,p313_129,260,86,60
81,130,p313_130,257,88,68
81,131,p313_131,235,54,26
81,132,p313_132,334,81,70
81,133,p313_133,158,79,18
81,134,p313_134,209,73,51
81,135,p313_135,193,59,25
81,136,p313_136,297,80,11
81,137,p313_137,326,107,31
81,138,p313_138,249,92,26
81,139,p313_139,189,56,35
81,140,p313_140,227,83,38
81,141,p313_141,201,73,48
81,142,p313_142,163,47,24
81,143,p313_143,270,95,88
81,144,p313_144,182,59,72
81,145,p313_145,211,108,17
81,146,p313_146,401,102,17
81,147,p313_147,212,98,2
81,148,p313_148,243,83,74
81,149,p313_149,299,99,74
81,150,p313_150,246,82,16
81,151,p313_151,229,73,130
81,152,p313_152,155,55,12
81,153,p313_153,219,92,60
81,154,p313_154,243,94,32
81,155,p313_155,254,79,25
81,156,p313_156,227,84,61
81,157,p313_157,219,75,22
81,158,p313_158,169,46,107
81,159,p313_159,246,82,40
81,160,p313_160,195,64,37
81,161,p313_161,227,86,18
81,162,p313_162,214,107,3
81,163,p313_163,177,65,26
81,164,p313_164,206,72,82
81,165,p313_165,230,93,7
81,166,p313_166,219,102,8
81,167,p313_167,174,58,4
81,168,p313_168,194,85,3
81,169,p313_169,158,62,40
81,170,p313_170,198,90,3
81,171,p313_171,227,119,4
81,172,p313_172,201,104,0
81,173,p313_173,158,41,55
81,174,p313_174,163,61,37
81,175,p313_175,174,51,2
81,176,p313_176,190,66,31
81,177,p313_177,188,46,20
81,178,p313_178,214,77,64
81,179,p313_179,213,54,60
81,180,p313_180,169,50,13
81,181,p313_181,185,32,36
81,182,p313_182,246,108,1
81,183,p313_183,193,87,14
81,184,p313_184,131,47,0
81,185,p313_185,185,98,8
81,186,p313_186,177,94,10
81,187,p313_187,145,65,12
81,188,p313_188,183,98,3
81,189,p313_189,134,41,18
81,190,p313_190,225,111,19
81,191,p313_191,195,94,25
81,192,p313_192,240,83,5
81,193,p313_193,177,72,38
81,194,p313_194,203,114,2
81,195,p313_195,139,32,40
81,196,p313_196,198,100,7
81,197,p313_197,171,58,26
81,198,p313_198,163,83,17
81,199,p313_199,167,58,16
81,200,p313_200,209,70,81
82,1,p314_001,135,69,0
82,2,p314_002,257,132,16
82,3,p314_003,387,221,14
82,4,p314_004,294,136,15
82,5,p314_005,385,237,36
82,6,p314_006,383,196,82
82,7,p314_007,309,181,42
82,8,p314_008,479,296,27
82,9,p314_009,347,173,17
82,10,p314_010,195,76,62
82,11,p314_011,453,264,101
82,12,p314_012,303,146,71
82,13,p314_013,305,174,45
82,14,p314_014,334,181,38
82,15,p314_015,409,237,48
82,16,p314_016,426,254,44
82,17,p314_017,220,120,45
82,18,p314_018,394,213,44
82,19,p314_019,479,265,67
82,20,p314_020,289,154,26
82,21,p314_021,552,276,123
82,22,p314_022,446,250,98
82,23,p314_023,706,411,152
82,24,p314_024,459,277,101
82,25,p314_025,247,112,92
82,26,p314_026,252,104,110
82,27,p314_027,249,104,55
82,28,p314_028,243,116,49
82,29,p314_029,202,73,31
82,30,p314_030,175,64,24
82,31,p314_031,196,54,92
82,32,p314_032,297,102,91
82,33,p314_033,262,110,47
82,34,p314_034,269,130,75
82,35,p314_035,187,62,58
82,36,p314_036,185,72,28
82,37,p314_037,274,95,97
82,38,p314_038,334,108,129
82,39,p314_039,222,94,45
82,40,p314_040,199,81,94
82,41,p314_041,219,94,59
82,42,p314_042,279,113,69
82,43,p314_043,227,89,109
82,44,p314_044,263,113,101
82,45,p314_045,206,94,49
82,46,p314_046,187,55,24
82,47,p314_047,184,65,96
82,48,p314_048,325,153,121
82,49,p314_049,240,98,83
82,50,p314_050,206,83,47
82,51,p314_051,179,51,12
82,52,p314_052,191,60,39
82,53,p314_053,195,66,81
82,54,p314_054,228,98,103
82,55,p314_055,174,80,19
82,56,p314_056,250,68,42
82,57,p314_057,174,56,59
82,58,p314_058,251,86,95
82,59,p314_059,231,79,102
82,60,p314_060,181,42,18
82,61,p314_061,188,92,69
82,62,p314_062,311,135,58
82,63,p314_063,200,97,22
82,64,p314_064,185,79,65
82,65,p314_065,369,149,177
82,66,p314_066,239,87,87
82,67,p314_067,269,92,122
82,68,p314_068,251,134,65
82,69,p314_069,192,92,43
82,70,p314_070,206,96,32
82,71,p314_071,215,71,67
82,72,p314_072,302,146,76
82,73,p314_073,205,76,70
82,74,p314_074,244,80,115
82,75,p314_075,276,99,74
82,76,p314_076,178,43,33
82,77,p314_077,265,120,60
82,78,p314_078,153,55,26
82,79,p314_079,219,67,99
82,80,p314_080,208,88,17
82,81,p314_081,236,62,47
82,82,p314_082,235,91,52
82,83,p314_083,306,158,14
82,84,p314_084,226,91,105
82,85,p314_085,298,99,99
82,86,p314_086,209,74,22
82,87,p314_087,227,90,86
82,88,p314_088,226,84,117
82,89,p314_089,174,60,34
82,90,p314_090,219,84,44
82,91,p314_091,220,78,85
82,92,p314_092,222,82,53
82,93,p314_093,203,77,40
82,94,p314_094,209,86,42
82,95,p314_095,281,109,42
82,96,p314_096,193,92,13
82,97,p314_097,246,93,96
82,98,p314_098,183,64,17
82,99,p314_099,218,111,25
82,100,p314_100,232,79,59
82,101,p314_101,222,91,54
82,102,p314_102,161,61,53
82,103,p314_103,259,110,105
82,104,p314_104,234,101,74
82,105,p314_105,225,80,80
82,106,p314_106,174,69,86
82,107,p314_107,190,77,53
82,108,p314_108,209,100,36
82,109,p314_109,219,103,56
82,110,p314_110,177,84,41
82,111,p314_111,169,49,57
82,112,p314_112,239,112,54
82,113,p314_113,185,66,71
82,114,p314_114,206,83,81
82,115,p314_115,296,131,123
82,116,p314_116,181,48,65
82,117,p314_117,262,128,34
82,118,p314_118,189,74,67
82,119,p314_119,254,118,85
82,120,p314_120,190,48,91
82,121,p314_121,248,94,70
82,122,p314_122,177,84,23
82,123,p314_123,167,55,94
82,124,p314_124,180,66,87
82,125,p314_125,158,53,65
82,126,p314_126,186,63,77
82,127,p314_127,210,73,109
82,128,p314_128,189,56,60
82,129,p314_129,230,116,80
82,130,p314_130,204,70,93
82,131,p314_131,221,95,8
82,132,p314_132,167,51,11
82,133,p314_133,188,81,35
82,134,p314_134,205,93,44
82,135,p314_135,284,126,115
82,136,p314_136,178,61,85
82,137,p314_137,219,83,51
82,138,p314_138,210,99,65
82,139,p314_139,238,114,76
82,140,p314_140,157,51,76
82,141,p314_141,202,75,86
82,142,p314_142,169,64,27
82,143,p314_143,193,71,20
82,144,p314_144,211,85,95
82,145,p314_145,203,83,99
82,146,p314_146,145,48,73
82,147,p314_147,154,47,42
82,148,p314_148,195,98,43
82,149,p314_149,190,62,83
82,150,p314_150,198,79,24
82,151,p314_151,177,75,20
82,152,p314_152,231,84,83
82,153,p314_153,201,61,89
82,154,p314_154,209,89,20
82,155,p314_155,227,91,42
82,156,p314_156,214,110,40
82,157,p314_157,193,72,11
82,158,p314_158,241,108,49
82,159,p314_159,147,49,3
82,160,p314_160,242,112,23
82,161,p314_161,272,96,39
82,162,p314_162,237,98,51
82,163,p314_163,180,62,40
82,164,p314_164,220,110,25
82,165,p314_165,193,71,50
82,166,p314_166,250,114,48
82,167,p314_167,230,103,65
82,168,p314_168,216,73,86
82,169,p314_169,201,77,41
82,170,p314_170,161,41,82
82,171,p314_171,256,95,72
82,172,p314_172,218,86,98
82,173,p314_173,177,42,63
82,174,p314_174,201,85,88
82,175,p314_175,176,44,42
82,176,p314_176,179,71,25
82,177,p314_177,214,95,45
82,178,p314_178,187,61,35
82,179,p314_179,243,119,59
82,180,p314_180,223,108,17
82,181,p314_181,225,95,28
82,182,p314_182,201,84,25
82,183,p314_183,184,83,51
82,184,p314_184,225,72,30
82,185,p314_185,188,114,15
82,186,p314_186,223,113,73
82,187,p314_187,222,90,38
82,188,p314_188,216,72,79
82,189,p314_189,199,83,74
82,190,p314_190,198,86,1
82,191,p314_191,212,97,45
82,192,p314_192,182,62,19
82,193,p314_193,193,86,33
82,194,p314_194,220,99,53
82,195,p314_195,170,53,24
82,196,p314_196,198,83,35
82,197,p314_197,221,101,91
82,198,p314_198,182,75,75
82,199,p314_199,262,125,88
82,200,p314_200,302,151,75
83,1,p316_001,155,61,2
83,2,p316_002,355,186,5
83,3,p316_003,515,316,8
83,4,p316_004,397,274,0
83,5,p316_005,477,334,8
83,6,p316_006,434,245,14
83,7,p316_007,371,200,7
83,8,p316_008,572,347,34
83,9,p316_009,416,208,22
83,10,p316_010,315,99,16
83,11,p316_011,506,386,1
83,12,p316_012,346,201,3
83,13,p316_013,390,195,44
83,14,p316_014,350,202,37
83,15,p316_015,398,271,25
83,16,p316_016,434,325,4
83,17,p316_017,236,164,6
83,18,p316_018,504,258,2
83,19,p316_019,589,393,13
83,20,p316_020,263,167,3
83,21,p316_021,604,478,0
83,22,p316_022,465,323,0
83,23,p316_023,800,498,23
83,24,p316_025,226,125,27
83,25,p316_026,213,99,15
83,26,p316_027,115,60,26
83,27,p316_028,182,70,29
83,28,p316_029,151,47,30
83,29,p316_030,211,107,3
83,30,p316_031,219,88,3
83,31,p316_032,200,89,16
83,32,p316_033,201,113,0
83,33,p316_034,217,106,24
83,34,p316_035,193,97,9
83,35,p316_036,171,81,0
83,36,p316_037,261,107,31
83,37,p316_038,184,81,5
83,38,p316_039,197,121,1
83,39,p316_040,239,96,36
83,40,p316_041,229,97,5
83,41,p316_042,254,119,26
83,42,p316_043,191,61,18
83,43,p316_044,250,96,18
83,44,p316_045,237,81,37
83,45,p316_046,297,80,15
83,46,p316_047,182,93,4
83,47,p316_048,182,87,2
83,48,p316_049,184,60,3
83,49,p316_050,200,84,7
83,50,p316_051,222,143,4
83,51,p316_052,182,86,2
83,52,p316_053,189,88,3
83,53,p316_054,368,140,4
83,54,p316_055,276,105,0
83,55,p316_056,203,112,10
83,56,p316_057,215,148,0
83,57,p316_058,268,157,12
83,58,p316_059,199,79,7
83,59,p316_060,211,108,17
83,60,p316_061,222,107,11
83,61,p316_062,200,98,23
83,62,p316_063,158,106,1
83,63,p316_064,193,79,11
83,64,p316_065,213,102,28
83,65,p316_066,206,85,15
83,66,p316_067,180,89,7
83,67,p316_068,155,68,1
83,68,p316_069,210,106,34
83,69,p316_070,203,83,14
83,70,p316_071,209,118,0
83,71,p316_072,219,85,0
83,72,p316_073,212,88,10
83,73,p316_074,265,155,13
83,74,p316_075,211,103,12
83,75,p316_076,260,155,25
83,76,p316_077,155,86,5
83,77,p316_078,211,91,49
83,78,p316_079,269,93,28
83,79,p316_080,264,124,10
83,80,p316_081,263,136,4
83,81,p316_082,203,103,38
83,82,p316_083,285,130,6
83,83,p316_084,174,96,12
83,84,p316_085,206,114,35
83,85,p316_086,187,111,13
83,86,p316_087,190,52,40
83,87,p316_088,219,94,41
83,88,p316_089,179,75,19
83,89,p316_090,201,91,8
83,90,p316_091,169,76,3
83,91,p316_092,231,103,5
83,92,p316_093,178,100,1
83,93,p316_094,199,119,7
83,94,p316_095,322,168,12
83,95,p316_096,137,90,12
83,96,p316_097,179,88,1
83,97,p316_098,188,89,7
83,98,p316_099,199,103,24
83,99,p316_100,158,74,5
83,100,p316_101,160,89,9
83,101,p316_102,180,89,10
83,102,p316_103,182,83,2
83,103,p316_104,145,62,0
83,104,p316_105,236,93,32
83,105,p316_106,262,116,24
83,106,p316_107,211,112,10
83,107,p316_108,445,112,40
83,108,p316_109,165,82,6
83,109,p316_110,204,127,0
83,110,p316_111,145,92,3
83,111,p316_112,158,80,2
83,112,p316_113,205,95,19
83,113,p316_114,153,72,5
83,114,p316_115,152,69,6
83,115,p316_116,167,70,18
83,116,p316_117,231,127,12
83,117,p316_118,153,87,10
83,118,p316_119,180,76,9
83,119,p316_120,152,44,41
83,120,p316_121,127,62,15
83,121,p316_122,305,126,28
83,122,p316_123,237,90,13
83,123,p316_124,231,74,8
83,124,p316_125,183,99,3
83,125,p316_126,219,115,25
83,126,p316_127,216,107,9
83,127,p316_128,220,116,8
83,128,p316_129,247,137,9
83,129,p316_130,219,119,5
83,130,p316_131,170,82,31
83,131,p316_132,215,104,14
83,132,p316_133,187,97,40
83,133,p316_134,179,105,3
83,134,p316_135,154,98,14
83,135,p316_136,259,171,7
83,136,p316_137,177,52,17
83,137,p316_138,256,104,32
83,138,p316_139,150,63,23
83,139,p316_140,197,77,16
83,140,p316_141,194,74,10
83,141,p316_142,267,119,36
83,142,p316_143,185,89,2
83,143,p316_144,155,69,15
83,144,p316_145,202,105,7
83,145,p316_146,245,131,15
83,146,p316_147,185,86,32
83,147,p316_148,184,68,33
83,148,p316_149,248,88,10
83,149,p316_150,267,130,18
83,150,p316_151,204,79,20
83,151,p316_152,217,89,33
83,152,p316_153,229,141,9
83,153,p316_154,190,43,9
83,154,p316_155,251,99,3
83,155,p316_156,207,102,16
83,156,p316_157,139,79,4
83,157,p316_158,209,95,28
83,158,p316_159,193,81,16
83,159,p316_160,207,87,16
83,160,p316_161,252,167,6
83,161,p316_162,189,82,17
83,162,p316_163,160,140,0
83,163,p316_164,203,106,2
83,164,p316_165,155,88,2
83,165,p316_166,158,110,0
83,166,p316_167,190,66,38
83,167,p316_168,182,89,8
83,168,p316_169,185,100,2
83,169,p316_170,154,83,7
83,170,p316_171,237,122,2
83,171,p316_172,183,88,0
83,172,p316_173,169,97,6
83,173,p316_174,195,106,1
83,174,p316_175,190,87,1
83,175,p316_176,190,108,10
83,176,p316_177,279,158,15
83,177,p316_178,201,85,27
83,178,p316_179,265,123,38
83,179,p316_180,187,84,9
83,180,p316_181,187,143,1
83,181,p316_182,191,107,0
83,182,p316_183,212,81,36
83,183,p316_184,257,128,3
83,184,p316_185,229,83,21
83,185,p316_186,212,133,4
83,186,p316_187,287,130,15
83,187,p316_188,174,58,70
83,188,p316_189,247,137,17
83,189,p316_190,241,92,7
83,190,p316_191,243,64,10
83,191,p316_192,262,80,51
83,192,p316_193,198,72,12
83,193,p316_194,332,88,28
83,194,p316_195,172,79,2
83,195,p316_196,226,112,7
83,196,p316_197,163,96,12
83,197,p316_198,147,55,7
83,198,p316_199,243,113,32
83,199,p316_200,176,87,2
83,200,p316_201,147,80,13
84,1,p317_001,147,58,1
84,2,p317_002,206,88,41
84,3,p317_003,445,246,5
84,4,p317_004,324,149,1
84,5,p317_005,369,227,2
84,6,p317_006,418,206,20
84,7,p317_007,325,177,0
84,8,p317_008,514,292,6
84,9,p317_009,383,178,33
84,10,p317_010,229,87,8
84,11,p317_011,455,224,48
84,12,p317_012,292,151,10
84,13,p317_013,298,146,26
84,14,p317_014,307,176,19
84,15,p317_015,395,227,8
84,16,p317_016,395,231,23
84,17,p317_017,242,107,52
84,18,p317_018,357,186,56
84,19,p317_019,507,271,18
84,20,p317_020,291,143,4
84,21,p317_021,608,294,42
84,22,p317_022,430,245,41
84,23,p317_023,701,403,81
84,24,p317_024,441,283,31
84,25,p317_025,161,68,4
84,26,p317_026,167,79,7
84,27,p317_027,198,83,44
84,28,p317_028,174,70,3
84,29,p317_029,179,68,76
84,30,p317_030,217,102,2
84,31,p317_031,147,52,10
84,32,p317_032,196,94,3
84,33,p317_033,177,68,1
84,34,p317_034,257,137,9
84,35,p317_035,227,99,27
84,36,p317_036,174,73,7
84,37,p317_037,188,75,46
84,38,p317_038,193,74,1
84,39,p317_039,295,138,55
84,40,p317_040,151,44,85
84,41,p317_041,265,124,31
84,42,p317_042,310,146,69
84,43,p317_043,175,68,2
84,44,p317_044,217,95,89
84,45,p317_045,217,95,68
84,46,p317_046,198,82,19
84,47,p317_047,184,80,1
84,48,p317_048,287,114,106
84,49,p317_049,215,104,6
84,50,p317_050,185,91,12
84,51,p317_051,206,90,6
84,52,p317_052,147,56,19
84,53,p317_053,194,73,74
84,54,p317_054,189,86,14
84,55,p317_055,201,101,4
84,56,p317_056,175,64,65
84,57,p317_057,249,115,34
84,58,p317_058,160,47,54
84,59,p317_059,187,81,11
84,60,p317_060,224,46,21
84,61,p317_061,198,82,13
84,62,p317_062,177,64,4
84,63,p317_063,210,103,47
84,64,p317_064,192,87,13
84,65,p317_065,202,91,16
84,66,p317_066,241,107,77
84,67,p317_067,168,88,20
84,68,p317_068,179,84,19
84,69,p317_069,210,99,73
84,70,p317_070,254,93,20
84,71,p317_071,180,60,24
84,72,p317_072,171,84,9
84,73,p317_073,182,76,7
84,74,p317_074,226,110,33
84,75,p317_075,154,42,74
84,76,p317_076,247,102,37
84,77,p317_077,188,87,27
84,78,p317_078,201,93,31
84,79,p317_079,228,79,91
84,80,p317_080,198,75,32
84,81,p317_081,165,53,58
84,82,p317_082,203,81,61
84,83,p317_083,171,67,82
84,84,p317_084,214,91,55
84,85,p317_085,182,82,63
84,86,p317_086,169,68,8
84,87,p317_087,248,126,19
84,88,p317_088,198,80,40
84,89,p317_089,223,109,32
84,90,p317_090,192,85,20
84,91,p317_091,173,74,41
84,92,p317_092,290,133,16
84,93,p317_093,223,95,9
84,94,p317_094,221,105,7
84,95,p317_095,195,90,40
84,96,p317_096,195,85,20
84,97,p317_097,174,54,38
84,98,p317_098,189,82,17
84,99,p317_099,238,80,76
84,100,p317_100,171,49,42
84,101,p317_101,246,106,24
84,102,p317_102,260,102,69
84,103,p317_103,181,63,35
84,104,p317_104,267,116,91
84,105,p317_105,228,108,67
84,106,p317_106,178,76,72
84,107,p317_107,197,64,43
84,108,p317_108,302,156,0
84,109,p317_109,191,89,12
84,110,p317_110,166,58,4
84,111,p317_111,147,39,31
84,112,p317_112,164,47,87
84,113,p317_113,225,102,4
84,114,p317_114,240,104,68
84,115,p317_115,177,71,59
84,116,p317_116,289,126,78
84,117,p317_117,182,43,36
84,118,p317_118,204,102,63
84,119,p317_119,201,86,74
84,120,p317_120,178,48,2
84,121,p317_121,172,65,26
84,122,p317_122,159,69,39
84,123,p317_123,182,90,12
84,124,p317_124,194,88,21
84,125,p317_125,288,131,70
84,126,p317_126,192,84,0
84,127,p317_127,164,43,77
84,128,p317_128,322,155,114
84,129,p317_129,135,44,10
84,130,p317_130,217,87,88
84,131,p317_131,274,112,66
84,132,p317_132,174,62,24
84,133,p317_133,200,83,24
84,134,p317_134,177,75,17
84,135,p317_135,230,128,15
84,136,p317_136,203,80,10
84,137,p317_137,210,81,15
84,138,p317_138,221,71,44
84,139,p317_139,155,59,64
84,140,p317_140,189,63,25
84,141,p317_141,208,94,26
84,142,p317_142,259,115,25
84,143,p317_143,204,90,16
84,144,p317_144,203,91,33
84,145,p317_145,217,103,10
84,146,p317_146,239,95,1
84,147,p317_147,289,114,44
84,148,p317_148,184,67,10
84,149,p317_149,237,106,14
84,150,p317_150,180,55,71
84,151,p317_151,165,68,14
84,152,p317_152,198,88,54
84,153,p317_153,191,66,20
84,154,p317_154,145,61,16
84,155,p317_155,219,107,61
84,156,p317_156,174,67,13
84,157,p317_157,295,155,53
84,158,p317_158,235,112,28
84,159,p317_159,148,57,17
84,160,p317_160,148,52,84
84,161,p317_161,217,81,12
84,162,p317_162,210,97,45
84,163,p317_163,201,83,3
84,164,p317_164,181,98,14
84,165,p317_165,147,50,48
84,166,p317_166,158,59,23
84,167,p317_167,196,79,19
84,168,p317_168,230,110,2
84,169,p317_169,315,131,42
84,170,p317_170,168,64,0
84,171,p317_171,185,74,5
84,172,p317_172,157,67,10
84,173,p317_173,167,65,85
84,174,p317_174,245,105,50
84,175,p317_175,195,77,14
84,176,p317_176,182,71,84
84,177,p317_177,162,70,42
84,178,p317_178,171,73,30
84,179,p317_179,169,67,3
84,180,p317_180,173,66,0
84,181,p317_181,147,45,21
84,182,p317_182,166,69,8
84,183,p317_183,182,80,34
84,184,p317_184,145,60,6
84,185,p317_185,193,88,3
84,186,p317_186,203,75,5
84,187,p317_187,194,92,5
84,188,p317_188,139,68,22
84,189,p317_189,150,37,14
84,190,p317_190,150,51,3
84,191,p317_191,208,87,51
84,192,p317_192,183,52,18
84,193,p317_193,229,102,30
84,194,p317_194,184,72,81
84,195,p317_195,215,98,49
84,196,p317_196,254,134,62
84,197,p317_197,271,130,33
84,198,p317_198,190,87,50
84,199,p317_199,204,80,37
84,200,p317_200,189,90,28
85,1,p318_001,147,45,56
85,2,p318_002,273,105,100
85,3,p318_005,420,242,57
85,4,p318_006,384,220,59
85,5,p318_007,294,184,53
85,6,p318_008,493,300,95
85,7,p318_009,316,175,66
85,8,p318_010,241,92,90
85,9,p318_011,481,275,100
85,10,p318_012,334,166,117
85,11,p318_013,342,169,119
85,12,p318_014,313,178,61
85,13,p318_015,396,225,65
85,14,p318_016,403,259,58
85,15,p318_017,252,109,103
85,16,p318_018,350,209,53
85,17,p318_019,501,289,88
85,18,p318_020,288,162,30
85,19,p318_021,577,324,75
85,20,p318_022,488,267,159
85,21,p318_023,750,447,172
85,22,p318_024,470,305,115
85,23,p318_025,180,47,45
85,24,p318_026,191,77,87
85,25,p318_027,206,74,100
85,26,p318_028,218,99,49
85,27,p318_029,225,78,93
85,28,p318_030,230,60,151
85,29,p318_031,277,48,198
85,30,p318_032,196,95,79
85,31,p318_033,255,101,51
85,32,p318_034,206,89,66
85,33,p318_035,249,104,124
85,34,p318_036,240,102,77
85,35,p318_037,262,108,118
85,36,p318_038,228,71,116
85,37,p318_039,224,67,67
85,38,p318_040,155,60,48
85,39,p318_041,296,75,81
85,40,p318_042,247,71,155
85,41,p318_043,185,66,96
85,42,p318_044,195,80,75
85,43,p318_045,174,73,76
85,44,p318_046,251,106,116
85,45,p318_047,206,62,57
85,46,p318_048,252,101,90
85,47,p318_049,259,106,120
85,48,p318_050,235,98,103
85,49,p318_051,301,135,121
85,50,p318_052,133,36,75
85,51,p318_053,203,79,66
85,52,p318_054,193,82,41
85,53,p318_055,203,70,95
85,54,p318_056,184,82,28
85,55,p318_057,158,55,48
85,56,p318_058,171,57,82
85,57,p318_059,196,60,105
85,58,p318_060,187,78,73
85,59,p318_061,218,94,95
85,60,p318_062,196,93,79
85,61,p318_063,172,62,96
85,62,p318_064,198,59,86
85,63,p318_065,203,83,83
85,64,p318_066,153,44,93
85,65,p318_067,163,58,87
85,66,p318_068,251,108,104
85,67,p318_069,280,119,143
85,68,p318_070,253,102,101
85,69,p318_071,203,83,97
85,70,p318_072,251,83,139
85,71,p318_073,191,90,79
85,72,p318_074,208,101,68
85,73,p318_075,206,83,78
85,74,p318_076,199,34,131
85,75,p318_077,267,105,32
85,76,p318_078,227,81,49
85,77,p318_079,211,70,83
85,78,p318_080,174,68,73
85,79,p318_081,180,68,85
85,80,p318_082,177,40,113
85,81,p318_083,253,125,101
85,82,p318_084,221,76,119
85,83,p318_085,212,81,72
85,84,p318_086,254,107,85
85,85,p318_087,235,127,56
85,86,p318_088,198,72,60
85,87,p318_089,214,63,106
85,88,p318_090,243,94,124
85,89,p318_091,233,93,74
85,90,p318_092,231,75,87
85,91,p318_093,171,48,65
85,92,p318_094,177,49,87
85,93,p318_095,217,110,56
85,94,p318_096,190,61,50
85,95,p318_097,201,79,106
85,96,p318_098,184,81,66
85,97,p318_099,206,82,106
85,98,p318_100,227,98,69
85,99,p318_101,237,62,141
85,100,p318_102,164,78,9
85,101,p318_103,148,67,29
85,102,p318_104,153,63,58
85,103,p318_105,213,102,90
85,104,p318_106,230,109,84
85,105,p318_107,216,82,95
85,106,p318_108,226,94,86
85,107,p318_109,213,91,94
85,108,p318_110,137,35,75
85,109,p318_111,190,62,90
85,110,p318_112,223,93,91
85,111,p318_113,198,74,95
85,112,p318_114,174,51,97
85,113,p318_115,209,84,96
85,114,p318_116,193,65,56
85,115,p318_117,153,53,84
85,116,p318_118,236,90,72
85,117,p318_119,232,96,89
85,118,p318_120,187,74,63
85,119,p318_121,193,100,37
85,120,p318_122,177,67,74
85,121,p318_123,198,100,50
85,122,p318_124,225,120,76
85,123,p318_125,299,117,124
85,124,p318_126,163,26,97
85,125,p318_127,150,31,100
85,126,p318_128,230,61,89
85,127,p318_129,249,99,82
85,128,p318_130,254,123,69
85,129,p318_131,206,75,111
85,130,p318_132,257,111,69
85,131,p318_133,155,69,67
85,132,p318_134,235,99,99
85,133,p318_135,158,62,36
85,134,p318_136,211,57,103
85,135,p318_137,262,100,106
85,136,p318_138,222,98,82
85,137,p318_139,257,71,165
85,138,p318_140,220,98,105
85,139,p318_141,203,79,104
85,140,p318_142,174,55,82
85,141,p318_143,238,102,57
85,142,p318_144,194,67,93
85,143,p318_145,235,117,98
85,144,p318_146,249,98,96
85,145,p318_147,217,86,100
85,146,p318_148,218,92,95
85,147,p318_149,218,105,81
85,148,p318_150,236,103,72
85,149,p318_151,171,90,71
85,150,p318_152,134,65,38
85,151,p318_153,219,100,92
85,152,p318_154,207,107,71
85,153,p318_155,206,91,84
85,154,p318_156,225,97,101
85,155,p318_157,169,88,43
85,156,p318_158,199,56,65
85,157,p318_159,174,95,37
85,158,p318_160,236,96,96
85,159,p318_161,233,88,117
85,160,p318_162,267,118,90
85,161,p318_163,177,62,71
85,162,p318_164,218,81,84
85,163,p318_165,234,94,107
85,164,p318_166,259,117,105
85,165,p318_167,203,80,39
85,166,p318_168,198,58,105
85,167,p318_169,169,65,88
85,168,p318_170,213,101,78
85,169,p318_171,257,110,56
85,170,p318_172,224,98,114
85,171,p318_173,177,49,79
85,172,p318_174,174,66,51
85,173,p318_175,189,58,102
85,174,p318_176,235,92,123
85,175,p318_177,211,61,108
85,176,p318_178,233,103,94
85,177,p318_179,214,74,111
85,178,p318_180,145,50,64
85,179,p318_181,139,45,52
85,180,p318_182,217,112,79
85,181,p318_183,216,97,89
85,182,p318_184,158,42,89
85,183,p318_185,201,84,40
85,184,p318_186,235,94,116
85,185,p318_187,177,73,94
85,186,p318_188,201,91,73
85,187,p318_189,139,50,43
85,188,p318_190,241,115,60
85,189,p318_191,244,115,73
85,190,p318_192,220,97,101
85,191,p318_193,193,77,101
85,192,p318_194,235,124,86
85,193,p318_195,171,49,61
85,194,p318_196,246,99,118
85,195,p318_197,171,63,85
85,196,p318_198,179,81,34
85,197,p318_199,184,62,104
85,198,p318_200,192,71,103
85,199,p318_201,187,85,10
85,200,p318_202,187,73,73
86,1,p323_001,131,53,51
86,2,p323_002,227,91,97
86,3,p323_003,548,228,210
86,4,p323_004,398,164,160
86,5,p323_005,469,251,131
86,6,p323_006,449,214,160
86,7,p323_007,428,187,185
86,8,p323_008,598,337,144
86,9,p323_009,418,189,156
86,10,p323_010,254,94,125
86,11,p323_011,528,273,162
86,12,p323_012,384,172,150
86,13,p323_013,347,155,115
86,14,p323_014,350,191,69
86,15,p323_015,451,241,143
86,16,p323_016,523,258,194
86,17,p323_017,273,113,111
86,18,p323_018,414,217,132
86,19,p323_019,597,278,198
86,20,p323_020,295,170,63
86,21,p323_021,754,387,219
86,22,p323_022,537,260,170
86,23,p323_023,865,473,236
86,24,p323_024,465,301,75
86,25,p323_025,201,74,81
86,26,p323_026,233,111,94
86,27,p323_027,238,120,49
86,28,p323_028,190,79,81
86,29,p323_029,315,167,92
86,30,p323_030,195,52,102
86,31,p323_031,198,75,83
86,32,p323_032,214,75,101
86,33,p323_033,219,89,102
86,34,p323_034,251,107,65
86,35,p323_035,326,137,133
86,36,p323_036,195,95,71
86,37,p323_037,217,96,75
86,38,p323_038,347,127,132
86,39,p323_039,174,53,75
86,40,p323_040,185,44,113
86,41,p323_041,275,85,149
86,42,p323_042,142,28,92
86,43,p323_043,206,71,106
86,44,p323_044,182,69,86
86,45,p323_045,240,94,108
86,46,p323_046,179,84,78
86,47,p323_047,211,108,68
86,48,p323_048,251,94,117
86,49,p323_049,219,56,148
86,50,p323_050,214,97,88
86,51,p323_051,178,30,131
86,52,p323_052,302,123,142
86,53,p323_053,153,67,62
86,54,p323_054,217,79,97
86,55,p323_055,249,125,79
86,56,p323_056,166,77,53
86,57,p323_057,267,113,98
86,58,p323_058,222,89,111
86,59,p323_059,241,81,117
86,60,p323_060,233,86,109
86,61,p323_061,166,44,95
86,62,p323_062,227,67,105
86,63,p323_063,257,81,136
86,64,p323_064,214,89,103
86,65,p323_065,270,100,116
86,66,p323_066,201,57,108
86,67,p323_067,220,92,95
86,68,p323_068,214,91,81
86,69,p323_069,235,113,83
86,70,p323_070,265,86,123
86,71,p323_071,243,109,101
86,72,p323_072,257,113,100
86,73,p323_073,249,121,96
86,74,p323_074,174,64,82
86,75,p323_075,187,66,100
86,76,p323_076,257,121,97
86,77,p323_077,214,68,102
86,78,p323_078,201,97,75
86,79,p323_079,187,36,109
86,80,p323_080,198,91,94
86,81,p323_081,262,99,130
86,82,p323_082,342,139,151
86,83,p323_083,187,65,70
86,84,p323_084,281,105,141
86,85,p323_085,162,41,106
86,86,p323_086,251,88,115
86,87,p323_087,238,88,112
86,88,p323_088,233,111,83
86,89,p323_089,243,116,96
86,90,p323_090,225,100,93
86,91,p323_091,267,132,87
86,92,p323_092,150,45,83
86,93,p323_093,284,111,118
86,94,p323_094,193,64,95
86,95,p323_095,339,121,144
86,96,p323_096,182,73,80
86,97,p323_097,214,70,55
86,98,p323_098,155,48,86
86,99,p323_099,171,64,85
86,100,p323_100,238,89,118
86,101,p323_101,217,86,99
86,102,p323_102,246,108,99
86,103,p323_103,214,88,77
86,104,p323_104,246,121,88
86,105,p323_105,302,142,114
86,106,p323_106,217,102,85
86,107,p323_107,210,59,102
86,108,p323_108,214,99,94
86,109,p323_109,294,117,128
86,110,p323_110,241,106,104
86,111,p323_111,334,141,148
86,112,p323_112,158,73,49
86,113,p323_113,241,125,90
86,114,p323_114,206,82,84
86,115,p323_115,243,96,107
86,116,p323_116,210,87,94
86,117,p323_117,289,112,134
86,118,p323_118,248,95,123
86,119,p323_119,309,126,127
86,120,p323_120,209,80,107
86,121,p323_121,215,79,91
86,122,p323_122,286,141,100
86,123,p323_123,278,130,102
86,124,p323_124,222,109,59
86,125,p323_125,150,55,77
86,126,p323_126,222,88,51
86,127,p323_127,206,94,70
86,128,p323_128,297,158,108
86,129,p323_129,233,100,103
86,130,p323_130,209,98,89
86,131,p323_131,205,102,72
86,132,p323_132,225,103,79
86,133,p323_133,223,90,82
86,134,p323_134,262,109,93
86,135,p323_135,228,112,67
86,136,p323_136,254,94,125
86,137,p323_137,214,75,109
86,138,p323_138,227,113,91
86,139,p323_139,166,67,77
86,140,p323_140,265,122,97
86,141,p323_141,206,62,102
86,142,p323_142,211,93,99
86,143,p323_143,166,68,70
86,144,p323_144,212,90,88
86,145,p323_145,310,131,112
86,146,p323_146,190,75,97
86,147,p323_147,171,43,100
86,148,p323_148,266,97,124
86,149,p323_149,238,73,118
86,150,p323_150,347,117,165
86,151,p323_151,174,44,109
86,152,p323_152,248,54,155
86,153,p323_153,315,120,141
86,154,p323_154,315,100,158
86,155,p323_155,238,96,67
86,156,p323_156,227,111,88
86,157,p323_157,193,86,93
86,158,p323_158,214,108,56
86,159,p323_159,177,57,79
86,160,p323_160,212,51,127
86,161,p323_161,196,67,90
86,162,p323_162,206,91,84
86,163,p323_163,334,100,177
86,164,p323_164,208,69,114
86,165,p323_165,345,136,142
86,166,p323_166,291,74,135
86,167,p323_167,236,142,18
86,168,p323_168,317,138,108
86,169,p323_169,296,120,148
86,170,p323_170,178,41,120
86,171,p323_171,138,52,64
86,172,p323_172,256,87,134
86,173,p323_173,225,100,94
86,174,p323_174,275,88,135
86,175,p323_175,257,88,141
86,176,p323_176,259,92,133
86,177,p323_177,211,75,108
86,178,p323_178,273,123,109
86,179,p323_179,315,111,146
86,180,p323_180,307,139,126
86,181,p323_181,185,74,66
86,182,p323_182,233,75,136
86,183,p323_183,262,97,104
86,184,p323_184,238,73,131
86,185,p323_185,233,91,102
86,186,p323_186,179,67,88
86,187,p323_187,315,105,155
86,188,p323_188,358,161,148
86,189,p323_189,267,108,111
86,190,p323_190,201,92,69
86,191,p323_191,390,147,185
86,192,p323_192,259,109,99
86,193,p323_193,188,51,90
86,194,p323_194,193,72,72
86,195,p323_195,257,114,105
86,196,p323_196,155,52,84
86,197,p323_197,157,60,69
86,198,p323_198,209,96,72
86,199,p323_199,139,66,58
86,200,p323_200,367,171,129
87,1,p326_001,161,46,27
87,2,p326_002,241,115,67
87,3,p326_003,438,206,78
87,4,p326_004,323,142,53
87,5,p326_005,411,229,28
87,6,p326_006,393,242,40
87,7,p326_007,297,180,49
87,8,p326_008,451,294,71
87,9,p326_009,298,170,46
87,10,p326_010,208,84,41
87,11,p326_011,419,262,52
87,12,p326_012,304,157,63
87,13,p326_013,277,165,19
87,14,p326_014,322,202,25
87,15,p326_015,379,219,55
87,16,p326_016,407,243,43
87,17,p326_017,245,122,49
87,18,p326_018,393,207,60
87,19,p326_019,470,270,24
87,20,p326_020,273,165,31
87,21,p326_021,558,345,35
87,22,p326_022,589,307,88
87,23,p326_023,671,447,29
87,24,p326_024,379,265,23
87,25,p326_025,266,143,14
87,26,p326_026,158,63,8
87,27,p326_027,134,53,1
87,28,p326_028,201,86,4
87,29,p326_029,172,47,15
87,30,p326_030,214,109,32
87,31,p326_031,265,162,44
87,32,p326_032,190,92,0
87,33,p326_033,206,80,1
87,34,p326_034,211,108,21
87,35,p326_035,177,43,10
87,36,p326_036,204,82,1
87,37,p326_037,226,101,28
87,38,p326_038,185,82,4
87,39,p326_039,238,87,30
87,40,p326_040,234,98,10
87,41,p326_041,152,53,17
87,42,p326_042,156,47,22
87,43,p326_043,198,81,17
87,44,p326_044,189,67,5
87,45,p326_045,179,53,2
87,46,p326_046,201,98,22
87,47,p326_047,178,66,7
87,48,p326_048,197,96,4
87,49,p326_049,195,85,52
87,50,p326_050,249,67,7
87,51,p326_051,187,75,36
87,52,p326_052,207,118,12
87,53,p326_053,185,82,34
87,54,p326_054,152,50,15
87,55,p326_055,172,79,16
87,56,p326_056,126,39,9
87,57,p326_057,180,80,19
87,58,p326_058,200,64,26
87,59,p326_059,200,102,43
87,60,p326_060,212,87,4
87,61,p326_061,178,66,14
87,62,p326_062,245,133,23
87,63,p326_063,173,65,4
87,64,p326_064,181,77,14
87,65,p326_065,217,116,0
87,66,p326_066,237,117,24
87,67,p326_067,181,83,4
87,68,p326_068,220,125,3
87,69,p326_069,213,115,0
87,70,p326_070,188,86,0
87,71,p326_071,225,108,6
87,72,p326_072,250,137,8
87,73,p326_073,164,72,32
87,74,p326_074,201,121,4
87,75,p326_075,213,115,0
87,76,p326_076,193,71,8
87,77,p326_077,169,56,16
87,78,p326_078,236,108,9
87,79,p326_079,187,81,1
87,80,p326_080,142,64,4
87,81,p326_081,235,115,5
87,82,p326_082,216,94,6
87,83,p326_083,219,99,8
87,84,p326_084,175,63,2
87,85,p326_085,190,74,11
87,86,p326_086,214,45,22
87,87,p326_087,262,96,44
87,88,p326_088,166,84,15
87,89,p326_089,155,56,18
87,90,p326_090,192,97,4
87,91,p326_091,225,138,12
87,92,p326_092,245,138,55
87,93,p326_093,201,88,6
87,94,p326_094,191,77,6
87,95,p326_095,209,111,13
87,96,p326_096,158,91,2
87,97,p326_097,246,136,4
87,98,p326_098,175,74,16
87,99,p326_099,217,107,36
87,100,p326_100,148,56,11
87,101,p326_101,140,56,8
87,102,p326_102,189,111,3
87,103,p326_103,244,127,3
87,104,p326_104,196,70,25
87,105,p326_105,179,91,2
87,106,p326_106,179,68,3
87,107,p326_107,234,90,5
87,108,p326_108,242,75,8
87,109,p326_109,270,134,5
87,110,p326_110,153,56,33
87,111,p326_111,191,76,29
87,112,p326_112,153,61,6
87,113,p326_113,220,104,52
87,114,p326_114,208,96,78
87,115,p326_115,211,87,10
87,116,p326_116,163,63,8
87,117,p326_117,182,77,42
87,118,p326_118,191,85,14
87,119,p326_119,207,109,4
87,120,p326_120,176,113,3
87,121,p326_121,232,97,17
87,122,p326_122,213,87,12
87,123,p326_123,220,95,4
87,124,p326_124,228,123,9
87,125,p326_125,145,61,1
87,126,p326_126,212,99,6
87,127,p326_127,169,63,14
87,128,p326_128,241,98,61
87,129,p326_129,252,98,0
87,130,p326_130,164,76,6
87,131,p326_131,232,104,48
87,132,p326_132,153,86,8
87,133,p326_133,223,124,6
87,134,p326_134,219,129,1
87,135,p326_135,241,117,0
87,136,p326_136,200,103,0
87,137,p326_137,210,105,0
87,138,p326_138,184,84,8
87,139,p326_139,209,148,6
87,140,p326_140,312,178,23
87,141,p326_141,168,74,4
87,142,p326_142,154,56,2
87,143,p326_143,158,89,0
87,144,p326_144,146,54,0
87,145,p326_145,239,97,1
87,146,p326_146,182,63,3
87,147,p326_147,203,101,3
87,148,p326_148,194,93,13
87,149,p326_149,163,63,2
87,150,p326_150,155,93,0
87,151,p326_151,161,55,15
87,152,p326_152,222,108,4
87,153,p326_153,179,96,14
87,154,p326_154,159,69,2
87,155,p326_155,170,89,6
87,156,p326_156,281,122,10
87,157,p326_157,159,53,22
87,158,p326_158,183,91,0
87,159,p326_159,182,114,2
87,160,p326_160,188,97,3
87,161,p326_161,144,63,0
87,162,p326_162,167,66,0
87,163,p326_163,163,63,6
87,164,p326_164,153,68,10
87,165,p326_165,151,73,6
87,166,p326_166,181,80,4
87,167,p326_167,246,93,10
87,168,p326_168,195,104,5
87,169,p326_169,172,78,0
87,170,p326_170,210,95,14
87,171,p326_171,178,86,8
87,172,p326_172,259,129,5
87,173,p326_173,226,85,12
87,174,p326_174,214,80,4
87,175,p326_175,199,99,0
87,176,p326_176,255,130,4
87,177,p326_177,213,105,0
87,178,p326_178,244,128,10
87,179,p326_179,166,65,14
87,180,p326_180,176,95,0
87,181,p326_181,216,134,5
87,182,p326_182,191,101,0
87,183,p326_183,158,86,4
87,184,p326_184,242,100,15
87,185,p326_185,223,123,13
87,186,p326_186,152,57,6
87,187,p326_187,147,61,0
87,188,p326_188,163,85,0
87,189,p326_189,158,73,3
87,190,p326_190,165,65,0
87,191,p326_191,137,48,4
87,192,p326_192,205,85,1
87,193,p326_193,181,83,7
87,194,p326_194,197,95,26
87,195,p326_195,226,116,6
87,196,p326_196,148,44,15
87,197,p326_197,179,90,1
87,198,p326_198,182,76,5
87,199,p326_199,163,78,3
87,200,p326_200,186,104,3
88,1,p329_001,174,86,2
88,2,p329_002,262,148,6
88,3,p329_003,574,314,39
88,4,p329_004,405,180,66
88,5,p329_005,489,255,29
88,6,p329_006,419,226,125
88,7,p329_007,332,195,37
88,8,p329_008,551,328,31
88,9,p329_009,286,192,6
88,10,p329_010,221,96,52
88,11,p329_011,503,303,40
88,12,p329_012,396,180,45
88,13,p329_013,281,153,69
88,14,p329_014,393,199,6
88,15,p329_015,390,251,33
88,16,p329_016,435,275,42
88,17,p329_017,254,137,26
88,18,p329_018,428,252,8
88,19,p329_019,518,306,26
88,20,p329_020,281,181,1
88,21,p329_021,607,355,30
88,22,p329_022,477,281,27
88,23,p329_023,845,490,137
88,24,p329_024,529,341,41
88,25,p329_025,255,128,25
88,26,p329_026,270,118,19
88,27,p329_027,182,59,27
88,28,p329_028,308,140,67
88,29,p329_029,230,81,70
88,30,p329_030,380,165,19
88,31,p329_031,172,84,7
88,32,p329_032,252,103,12
88,33,p329_033,291,151,18
88,34,p329_034,238,83,63
88,35,p329_035,359,190,56
88,36,p329_036,254,109,31
88,37,p329_037,329,144,68
88,38,p329_038,284,112,40
88,39,p329_039,201,84,14
88,40,p329_040,192,91,50
88,41,p329_041,197,80,43
88,42,p329_042,192,57,80
88,43,p329_043,183,78,20
88,44,p329_044,223,107,30
88,45,p329_045,175,85,15
88,46,p329_046,254,128,31
88,47,p329_047,180,63,54
88,48,p329_048,223,64,26
88,49,p329_049,292,150,42
88,50,p329_050,247,106,39
88,51,p329_051,150,78,1
88,52,p329_052,179,77,46
88,53,p329_053,184,91,11
88,54,p329_054,180,85,52
88,55,p329_055,215,98,12
88,56,p329_056,178,72,25
88,57,p329_057,180,76,27
88,58,p329_058,199,109,17
88,59,p329_059,223,108,34
88,60,p329_060,197,66,23
88,61,p329_061,202,84,25
88,62,p329_062,223,97,8
88,63,p329_063,213,107,16
88,64,p329_064,173,65,46
88,65,p329_065,162,79,8
88,66,p329_066,235,143,22
88,67,p329_067,231,87,6
88,68,p329_068,307,142,21
88,69,p329_069,223,119,7
88,70,p329_070,262,112,21
88,71,p329_071,233,115,66
88,72,p329_072,255,125,49
88,73,p329_073,204,57,43
88,74,p329_074,223,87,72
88,75,p329_075,224,83,49
88,76,p329_076,234,92,14
88,77,p329_077,224,66,20
88,78,p329_078,282,75,136
88,79,p329_079,233,101,13
88,80,p329_080,289,93,63
88,81,p329_081,236,84,44
88,82,p329_082,239,101,21
88,83,p329_083,262,102,18
88,84,p329_084,233,126,24
88,85,p329_085,178,56,73
88,86,p329_086,191,81,60
88,87,p329_087,182,84,35
88,88,p329_088,153,54,18
88,89,p329_089,208,95,55
88,90,p329_090,227,100,37
88,91,p329_091,247,119,39
88,92,p329_092,242,103,59
88,93,p329_093,211,83,14
88,94,p329_094,231,121,23
88,95,p329_095,228,110,37
88,96,p329_096,205,105,23
88,97,p329_097,212,85,61
88,98,p329_098,233,132,6
88,99,p329_099,326,116,49
88,100,p329_100,300,103,137
88,101,p329_101,214,88,97
88,102,p329_102,234,77,43
88,103,p329_103,225,61,41
88,104,p329_104,185,123,5
88,105,p329_105,289,115,90
88,106,p329_106,263,147,21
88,107,p329_107,287,106,103
88,108,p329_108,220,51,118
88,109,p329_109,228,101,9
88,110,p329_110,235,70,101
88,111,p329_111,202,51,19
88,112,p329_112,176,58,10
88,113,p329_113,235,54,20
88,114,p329_114,275,125,13
88,115,p329_115,363,195,29
88,116,p329_116,207,86,20
88,117,p329_117,286,94,49
88,118,p329_118,252,98,76
88,119,p329_119,221,84,56
88,120,p329_120,196,100,16
88,121,p329_121,360,145,50
88,122,p329_122,258,63,48
88,123,p329_123,225,120,19
88,124,p329_124,217,114,12
88,125,p329_125,279,123,29
88,126,p329_126,220,115,19
88,127,p329_127,176,67,12
88,128,p329_128,212,83,40
88,129,p329_129,183,77,32
88,130,p329_130,131,64,13
88,131,p329_131,219,114,4
88,132,p329_132,221,131,15
88,133,p329_133,321,145,83
88,134,p329_134,218,58,69
88,135,p329_135,217,76,46
88,136,p329_136,221,104,9
88,137,p329_137,319,89,89
88,138,p329_138,224,103,65
88,139,p329_139,213,51,46
88,140,p329_140,318,155,7
88,141,p329_141,198,81,10
88,142,p329_142,245,74,22
88,143,p329_143,291,104,86
88,144,p329_144,275,131,27
88,145,p329_145,215,99,6
88,146,p329_146,322,80,36
88,147,p329_147,240,127,6
88,148,p329_148,265,143,16
88,149,p329_149,195,93,18
88,150,p329_150,240,114,2
88,151,p329_151,295,162,3
88,152,p329_152,193,84,19
88,153,p329_153,265,162,34
88,154,p329_154,213,104,12
88,155,p329_155,199,69,49
88,156,p329_156,281,125,10
88,157,p329_157,224,113,3
88,158,p329_158,243,81,68
88,159,p329_159,345,159,70
88,160,p329_160,219,107,25
88,161,p329_161,142,54,34
88,162,p329_162,219,112,59
88,163,p329_163,199,88,1
88,164,p329_164,243,106,25
88,165,p329_165,172,49,6
88,166,p329_166,250,118,18
88,167,p329_167,228,126,2
88,168,p329_168,153,64,9
88,169,p329_169,182,63,4
88,170,p329_170,158,72,4
88,171,p329_171,183,80,7
88,172,p329_172,190,100,48
88,173,p329_173,234,132,7
88,174,p329_174,219,109,13
88,175,p329_175,175,72,23
88,176,p329_176,217,101,13
88,177,p329_177,256,121,33
88,178,p329_178,347,147,91
88,179,p329_179,186,73,3
88,180,p329_180,216,88,87
88,181,p329_181,251,133,54
88,182,p329_182,244,108,58
88,183,p329_183,320,139,15
88,184,p329_184,176,77,7
88,185,p329_185,186,70,9
88,186,p329_186,284,158,20
88,187,p329_187,196,81,3
88,188,p329_188,201,92,35
88,189,p329_189,159,59,4
88,190,p329_190,169,72,1
88,191,p329_191,228,114,13
88,192,p329_192,256,126,16
88,193,p329_193,217,109,36
88,194,p329_194,278,164,28
88,195,p329_195,176,51,5
88,196,p329_196,164,75,26
88,197,p329_197,192,81,46
88,198,p329_198,305,127,31
88,199,p329_199,143,45,15
88,200,p329_200,170,60,3
89,1,p330_001,154,70,7
89,2,p330_002,246,138,7
89,3,p330_003,486,314,13
89,4,p330_004,409,239,5
89,5,p330_005,443,315,3
89,6,p330_006,429,317,1
89,7,p330_007,336,208,6
89,8,p330_008,538,357,8
89,9,p330_009,350,212,17
89,10,p330_010,229,125,1
89,11,p330_011,490,348,4
89,12,p330_012,342,224,7
89,13,p330_013,338,230,3
89,14,p330_014,347,286,0
89,15,p330_015,400,329,0
89,16,p330_016,440,346,2
89,17,p330_017,251,164,7
89,18,p330_018,374,230,17
89,19,p330_019,512,348,12
89,20,p330_020,303,173,30
89,21,p330_021,679,393,37
89,22,p330_022,475,314,14
89,23,p330_023,766,491,34
89,24,p330_024,462,324,8
89,25,p330_025,229,118,30
89,26,p330_026,184,86,0
89,27,p330_027,259,164,5
89,28,p330_028,244,138,0
89,29,p330_029,191,80,12
89,30,p330_030,192,98,24
89,31,p330_031,262,147,9
89,32,p330_032,255,171,11
89,33,p330_033,350,115,9
89,34,p330_034,218,107,22
89,35,p330_035,240,95,50
89,36,p330_036,316,162,23
89,37,p330_037,389,143,87
89,38,p330_038,220,79,4
89,39,p330_039,212,110,2
89,40,p330_040,322,135,33
89,41,p330_041,244,111,15
89,42,p330_042,215,115,5
89,43,p330_043,344,157,18
89,44,p330_044,226,96,3
89,45,p330_045,261,124,39
89,46,p330_046,202,83,9
89,47,p330_047,266,148,18
89,48,p330_048,218,109,42
89,49,p330_049,247,147,12
89,50,p330_050,280,126,22
89,51,p330_051,232,105,23
89,52,p330_052,219,113,10
89,53,p330_053,230,137,0
89,54,p330_054,244,126,38
89,55,p330_055,197,85,8
89,56,p330_056,180,97,1
89,57,p330_057,217,123,3
89,58,p330_058,201,93,17
89,59,p330_059,237,125,11
89,60,p330_060,171,79,2
89,61,p330_061,186,93,0
89,62,p330_062,242,142,6
89,63,p330_063,218,172,0
89,64,p330_064,366,215,11
89,65,p330_065,164,102,1
89,66,p330_066,202,96,25
89,67,p330_067,181,102,5
89,68,p330_068,221,119,1
89,69,p330_069,193,90,0
89,70,p330_070,217,130,2
89,71,p330_071,185,102,2
89,72,p330_072,208,131,0
89,73,p330_073,369,202,3
89,74,p330_074,181,46,30
89,75,p330_075,187,98,0
89,76,p330_076,184,103,2
89,77,p330_077,190,90,35
89,78,p330_078,221,108,10
89,79,p330_079,179,88,0
89,80,p330_080,215,112,8
89,81,p330_081,243,155,0
89,82,p330_082,166,80,11
89,83,p330_083,294,167,2
89,84,p330_084,164,70,1
89,85,p330_085,252,113,9
89,86,p330_086,215,136,8
89,87,p330_087,262,133,0
89,88,p330_088,267,145,31
89,89,p330_089,270,163,4
89,90,p330_090,253,119,4
89,91,p330_091,260,141,15
89,92,p330_092,297,136,5
89,93,p330_093,214,111,0
89,94,p330_094,387,115,172
89,95,p330_095,266,108,23
89,96,p330_096,224,118,0
89,97,p330_097,323,199,1
89,98,p330_098,265,151,3
89,99,p330_099,158,69,10
89,100,p330_100,337,181,0
89,101,p330_101,288,158,14
89,102,p330_102,171,86,17
89,103,p330_103,263,162,4
89,104,p330_104,203,146,0
89,105,p330_105,258,133,2
89,106,p330_106,243,154,2
89,107,p330_107,207,106,13
89,108,p330_108,255,112,5
89,109,p330_109,236,129,4
89,110,p330_110,200,99,18
89,111,p330_111,161,83,3
89,112,p330_112,250,103,31
89,113,p330_113,213,114,4
89,114,p330_114,187,67,27
89,115,p330_115,244,96,48
89,116,p330_116,270,132,2
89,117,p330_117,278,179,3
89,118,p330_118,285,131,34
89,119,p330_119,351,226,7
89,120,p330_120,336,206,0
89,121,p330_121,295,155,6
89,122,p330_122,294,189,0
89,123,p330_123,316,214,0
89,124,p330_124,236,151,3
89,125,p330_125,248,97,1
89,126,p330_126,213,79,18
89,127,p330_127,307,69,7
89,128,p330_128,362,82,5
89,129,p330_129,283,125,4
89,130,p330_130,245,88,11
89,131,p330_131,251,138,4
89,132,p330_132,212,129,2
89,133,p330_133,201,104,5
89,134,p330_134,234,142,2
89,135,p330_135,238,162,1
89,136,p330_136,211,114,8
89,137,p330_137,208,111,12
89,138,p330_138,169,83,5
89,139,p330_139,168,82,0
89,140,p330_140,204,99,8
89,141,p330_141,193,111,2
89,142,p330_142,185,87,11
89,143,p330_143,200,114,15
89,144,p330_144,185,97,15
89,145,p330_145,233,114,11
89,146,p330_146,198,106,2
89,147,p330_147,159,79,0
89,148,p330_148,183,80,2
89,149,p330_149,243,124,0
89,150,p330_150,294,158,4
89,151,p330_151,181,84,1
89,152,p330_152,206,70,12
89,153,p330_153,207,113,6
89,154,p330_154,287,153,25
89,155,p330_155,246,135,2
89,156,p330_156,289,134,22
89,157,p330_157,219,88,1
89,158,p330_158,206,104,4
89,159,p330_159,205,102,12
89,160,p330_160,228,141,1
89,161,p330_161,316,198,2
89,162,p330_162,185,101,2
89,163,p330_163,213,145,0
89,164,p330_164,282,188,0
89,165,p330_165,309,226,4
89,166,p330_166,219,142,0
89,167,p330_167,197,80,7
89,168,p330_168,353,238,0
89,169,p330_169,261,185,2
89,170,p330_170,225,169,0
89,171,p330_171,327,158,8
89,172,p330_172,214,111,12
89,173,p330_173,249,149,0
89,174,p330_174,245,140,11
89,175,p330_175,208,111,8
89,176,p330_176,227,113,5
89,177,p330_177,196,85,4
89,178,p330_178,273,132,7
89,179,p330_179,251,140,7
89,180,p330_180,262,151,5
89,181,p330_181,255,103,1
89,182,p330_182,259,113,14
89,183,p330_183,332,131,10
89,184,p330_184,238,137,7
89,185,p330_185,268,163,8
89,186,p330_186,201,141,1
89,187,p330_187,184,125,2
89,188,p330_188,275,138,3
89,189,p330_189,269,164,5
89,190,p330_190,234,143,0
89,191,p330_191,191,91,1
89,192,p330_192,231,95,16
89,193,p330_193,264,159,0
89,194,p330_194,210,97,7
89,195,p330_195,195,100,5
89,196,p330_196,306,146,6
89,197,p330_197,175,100,1
89,198,p330_198,217,139,4
89,199,p330_199,289,170,0
89,200,p330_200,203,169,1
90,1,p333_001,145,59,48
90,2,p333_002,259,109,106
90,3,p333_003,414,202,109
90,4,p333_004,273,130,55
90,5,p333_005,399,235,89
90,6,p333_006,419,215,138
90,7,p333_007,291,184,33
90,8,p333_008,451,276,96
90,9,p333_009,265,166,80
90,10,p333_010,169,71,64
90,11,p333_011,395,259,34
90,12,p333_012,277,142,87
90,13,p333_013,251,155,38
90,14,p333_014,315,193,54
90,15,p333_015,345,229,15
90,16,p333_016,366,224,77
90,17,p333_017,214,108,44
90,18,p333_018,326,192,76
90,19,p333_019,417,274,53
90,20,p333_020,211,133,28
90,21,p333_021,526,312,75
90,22,p333_022,398,241,66
90,23,p333_023,625,423,99
90,24,p333_024,411,264,92
90,25,p333_025,195,89,29
90,26,p333_026,228,119,77
90,27,p333_027,179,59,83
90,28,p333_028,222,115,48
90,29,p333_030,153,48,92
90,30,p333_031,203,109,40
90,31,p333_032,153,84,23
90,32,p333_033,265,84,128
90,33,p333_034,182,89,40
90,34,p333_035,177,77,82
90,35,p333_036,185,64,82
90,36,p333_037,211,97,73
90,37,p333_038,223,108,76
90,38,p333_039,169,82,51
90,39,p333_040,137,64,49
90,40,p333_041,150,64,43
90,41,p333_042,150,64,73
90,42,p333_043,225,118,88
90,43,p333_044,150,55,65
90,44,p333_045,161,76,68
90,45,p333_046,166,50,85
90,46,p333_047,147,69,52
90,47,p333_048,187,92,56
90,48,p333_049,150,84,42
90,49,p333_050,158,62,12
90,50,p333_051,129,62,51
90,51,p333_052,139,59,30
90,52,p333_053,174,77,69
90,53,p333_054,139,59,45
90,54,p333_055,211,119,63
90,55,p333_056,150,47,66
90,56,p333_057,185,108,50
90,57,p333_058,209,88,82
90,58,p333_059,121,47,52
90,59,p333_060,201,92,86
90,60,p333_061,187,80,60
90,61,p333_062,147,66,46
90,62,p333_063,137,59,35
90,63,p333_064,187,95,39
90,64,p333_065,198,78,76
90,65,p333_066,166,63,82
90,66,p333_067,158,63,5
90,67,p333_068,161,73,76
90,68,p333_069,158,66,45
90,69,p333_070,145,51,75
90,70,p333_071,171,82,66
90,71,p333_072,182,94,75
90,72,p333_073,169,77,63
90,73,p333_074,150,64,67
90,74,p333_075,198,86,83
90,75,p333_076,177,77,69
90,76,p333_077,123,52,21
90,77,p333_078,177,89,64
90,78,p333_079,155,75,64
90,79,p333_080,169,71,37
90,80,p333_081,155,83,40
90,81,p333_082,158,88,54
90,82,p333_083,105,33,64
90,83,p333_084,129,57,59
90,84,p333_085,139,71,45
90,85,p333_086,170,76,73
90,86,p333_087,166,67,73
90,87,p333_088,187,98,62
90,88,p333_089,224,107,63
90,89,p333_090,126,42,43
90,90,p333_091,147,69,61
90,91,p333_092,254,133,79
90,92,p333_093,193,101,70
90,93,p333_094,158,66,72
90,94,p333_095,198,109,60
90,95,p333_096,131,55,20
90,96,p333_097,155,70,61
90,97,p333_098,99,48,42
90,98,p333_099,246,112,90
90,99,p333_100,139,65,58
90,100,p333_101,169,96,56
90,101,p333_102,195,90,68
90,102,p333_103,126,64,55
90,103,p333_104,147,61,70
90,104,p333_105,126,58,38
90,105,p333_106,147,60,73
90,106,p333_107,139,71,29
90,107,p333_108,164,58,82
90,108,p333_109,227,119,81
90,109,p333_110,142,79,51
90,110,p333_111,182,90,67
90,111,p333_112,195,98,55
90,112,p333_113,142,79,43
90,113,p333_114,177,89,66
90,114,p333_115,126,47,61
90,115,p333_116,145,83,45
90,116,p333_117,163,68,72
90,117,p333_118,171,63,86
90,118,p333_119,195,101,75
90,119,p333_120,193,92,61
90,120,p333_121,193,77,59
90,121,p333_122,129,50,30
90,122,p333_123,259,152,71
90,123,p333_124,182,75,63
90,124,p333_125,190,110,51
90,125,p333_126,150,75,59
90,126,p333_127,126,54,64
90,127,p333_128,219,131,30
90,128,p333_129,150,61,52
90,129,p333_130,182,89,61
90,130,p333_131,155,90,57
90,131,p333_132,177,73,87
90,132,p333_133,166,81,65
90,133,p333_134,195,114,53
90,134,p333_135,195,105,67
90,135,p333_136,155,58,75
90,136,p333_137,206,78,99
90,137,p333_138,169,61,51
90,138,p333_139,166,61,66
90,139,p333_140,238,96,108
90,140,p333_141,143,79,40
90,141,p333_142,161,76,49
90,142,p333_143,147,65,53
90,143,p333_144,136,80,35
90,144,p333_145,174,79,62
90,145,p333_146,166,97,38
90,146,p333_147,155,82,55
90,147,p333_148,137,69,58
90,148,p333_149,179,99,36
90,149,p333_150,121,32,72
90,150,p333_151,236,122,76
90,151,p333_152,190,95,61
90,152,p333_153,155,90,47
90,153,p333_154,174,94,66
90,154,p333_155,198,133,47
90,155,p333_156,166,91,47
90,156,p333_157,124,69,51
90,157,p333_158,166,88,46
90,158,p333_159,155,85,41
90,159,p333_160,115,60,51
90,160,p333_161,139,61,56
90,161,p333_162,175,90,56
90,162,p333_163,142,71,49
90,163,p333_164,126,44,55
90,164,p333_165,182,80,65
90,165,p333_166,171,92,42
90,166,p333_167,155,84,51
90,167,p333_168,134,50,65
90,168,p333_169,145,60,50
90,169,p333_170,164,73,50
90,170,p333_171,219,117,78
90,171,p333_172,129,47,58
90,172,p333_173,238,126,82
90,173,p333_174,155,77,25
90,174,p333_175,139,70,31
90,175,p333_176,153,74,34
90,176,p333_177,134,58,64
90,177,p333_178,121,57,48
90,178,p333_179,158,70,68
90,179,p333_180,206,111,75
90,180,p333_181,131,55,57
90,181,p333_182,139,83,33
90,182,p333_183,142,57,56
90,183,p333_184,121,55,61
90,184,p333_185,155,63,61
90,185,p333_186,108,43,56
90,186,p333_187,193,85,80
90,187,p333_188,211,108,71
90,188,p333_189,134,58,59
90,189,p333_190,179,72,87
90,190,p333_191,177,90,73
90,191,p333_192,145,59,34
90,192,p333_193,190,74,36
90,193,p333_194,166,88,39
90,194,p333_195,134,65,39
90,195,p333_196,195,83,83
90,196,p333_197,145,63,61
90,197,p333_198,193,118,49
90,198,p333_199,185,92,38
90,199,p333_200,121,41,68
90,200,p333_201,233,126,53
91,1,p334_001,142,50,4
91,2,p334_002,225,110,0
91,3,p334_003,390,235,10
91,4,p334_004,294,143,39
91,5,p334_005,411,246,9
91,6,p334_006,336,198,14
91,7,p334_007,270,161,10
91,8,p334_008,470,280,15
91,9,p334_009,299,161,16
91,10,p334_010,182,86,0
91,11,p334_011,455,265,2
91,12,p334_012,261,154,12
91,13,p334_013,642,205,8
91,14,p334_014,435,173,19
91,15,p334_015,289,214,6
91,16,p334_016,360,226,10
91,17,p334_017,198,101,16
91,18,p334_018,310,175,35
91,19,p334_019,371,256,35
91,20,p334_020,240,140,14
91,21,p334_021,510,337,6
91,22,p334_022,413,242,27
91,23,p334_023,598,385,37
91,24,p334_024,364,246,32
91,25,p334_025,194,119,8
91,26,p334_026,159,55,9
91,27,p334_027,206,103,16
91,28,p334_028,139,42,9
91,29,p334_029,221,120,15
91,30,p334_030,203,85,10
91,31,p334_031,150,46,2
91,32,p334_032,212,115,1
91,33,p334_033,167,73,24
91,34,p334_034,198,113,2
91,35,p334_035,215,71,87
91,36,p334_036,153,51,1
91,37,p334_037,198,74,38
91,38,p334_038,204,88,17
91,39,p334_039,179,93,0
91,40,p334_040,182,73,1
91,41,p334_041,229,61,0
91,42,p334_042,161,48,16
91,43,p334_043,174,80,3
91,44,p334_044,174,75,13
91,45,p334_045,142,45,6
91,46,p334_046,177,91,1
91,47,p334_047,202,87,32
91,48,p334_048,187,78,24
91,49,p334_049,191,88,1
91,50,p334_050,185,76,10
91,51,p334_051,174,85,5
91,52,p334_052,201,88,8
91,53,p334_053,148,42,1
91,54,p334_054,218,93,10
91,55,p334_055,174,70,7
91,56,p334_056,124,24,5
91,57,p334_057,147,49,4
91,58,p334_058,185,80,5
91,59,p334_059,157,55,7
91,60,p334_060,150,62,5
91,61,p334_061,235,104,7
91,62,p334_062,153,57,31
91,63,p334_063,168,73,30
91,64,p334_064,179,88,7
91,65,p334_065,198,97,15
91,66,p334_066,198,83,56
91,67,p334_067,182,106,12
91,68,p334_068,169,80,16
91,69,p334_069,166,67,27
91,70,p334_070,193,63,5
91,71,p334_071,220,98,38
91,72,p334_072,177,65,10
91,73,p334_073,158,73,54
91,74,p334_074,201,90,25
91,75,p334_075,219,82,20
91,76,p334_076,166,73,16
91,77,p334_077,139,61,22
91,78,p334_078,176,82,18
91,79,p334_079,150,61,4
91,80,p334_080,182,108,4
91,81,p334_081,190,106,9
91,82,p334_082,206,100,13
91,83,p334_083,185,79,0
91,84,p334_084,129,56,0
91,85,p334_085,142,57,8
91,86,p334_086,137,45,11
91,87,p334_087,190,85,42
91,88,p334_088,244,114,26
91,89,p334_089,177,79,10
91,90,p334_090,174,104,0
91,91,p334_091,230,106,27
91,92,p334_092,185,84,2
91,93,p334_093,198,83,9
91,94,p334_094,188,65,10
91,95,p334_095,204,62,31
91,96,p334_096,211,73,35
91,97,p334_097,187,93,0
91,98,p334_098,201,112,10
91,99,p334_099,167,65,2
91,100,p334_100,169,78,4
91,101,p334_101,157,76,0
91,102,p334_102,183,91,5
91,103,p334_103,142,62,0
91,104,p334_104,179,79,25
91,105,p334_105,161,84,1
91,106,p334_106,235,119,10
91,107,p334_107,173,68,6
91,108,p334_108,166,77,9
91,109,p334_109,126,51,9
91,110,p334_110,154,59,13
91,111,p334_111,187,108,1
91,112,p334_112,153,48,0
91,113,p334_113,147,90,3
91,114,p334_114,215,120,2
91,115,p334_115,179,83,32
91,116,p334_116,173,73,2
91,117,p334_117,150,52,0
91,118,p334_118,203,100,12
91,119,p334_119,163,68,5
91,120,p334_120,174,88,5
91,121,p334_121,142,56,4
91,122,p334_122,212,93,24
91,123,p334_123,206,105,8
91,124,p334_124,205,91,31
91,125,p334_125,185,77,20
91,126,p334_126,137,45,3
91,127,p334_127,166,75,20
91,128,p334_128,180,76,1
91,129,p334_129,153,62,3
91,130,p334_130,203,100,12
91,131,p334_131,227,74,0
91,132,p334_132,257,120,24
91,133,p334_133,153,69,1
91,134,p334_134,179,84,17
91,135,p334_135,222,112,4
91,136,p334_136,222,105,74
91,137,p334_137,219,106,9
91,138,p334_138,170,53,0
91,139,p334_139,157,60,1
91,140,p334_140,171,79,7
91,141,p334_141,186,80,12
91,142,p334_142,191,102,17
91,143,p334_143,177,81,9
91,144,p334_144,171,70,0
91,145,p334_145,171,59,6
91,146,p334_146,166,82,18
91,147,p334_147,179,46,6
91,148,p334_148,185,93,4
91,149,p334_149,238,131,33
91,150,p334_150,206,25,38
91,151,p334_151,142,66,0
91,152,p334_153,217,86,0
91,153,p334_154,237,86,3
91,154,p334_155,180,77,0
91,155,p334_156,141,53,0
91,156,p334_157,181,85,1
91,157,p334_158,214,125,0
91,158,p334_159,204,100,14
91,159,p334_160,203,72,0
91,160,p334_161,171,63,16
91,161,p334_162,197,101,4
91,162,p334_163,149,44,14
91,163,p334_164,141,43,6
91,164,p334_165,149,51,0
91,165,p334_166,245,113,26
91,166,p334_167,144,46,0
91,167,p334_168,188,109,12
91,168,p334_169,155,60,12
91,169,p334_170,153,69,27
91,170,p334_171,176,66,12
91,171,p334_172,194,94,2
91,172,p334_173,188,74,16
91,173,p334_174,137,49,10
91,174,p334_175,217,112,4
91,175,p334_176,162,63,19
91,176,p334_177,187,91,4
91,177,p334_178,165,51,18
91,178,p334_179,184,75,4
91,179,p334_180,147,55,3
91,180,p334_181,201,99,7
91,181,p334_182,214,98,0
91,182,p334_183,173,68,6
91,183,p334_184,170,74,0
91,184,p334_185,185,84,3
91,185,p334_186,187,90,8
91,186,p334_187,177,80,9
91,187,p334_188,209,77,37
91,188,p334_189,182,82,9
91,189,p334_190,156,74,15
91,190,p334_191,163,79,7
91,191,p334_192,184,83,43
91,192,p334_193,149,61,1
91,193,p334_194,153,44,2
91,194,p334_195,182,94,13
91,195,p334_196,163,80,20
91,196,p334_197,209,122,6
91,197,p334_198,166,67,19
91,198,p334_199,230,84,0
91,199,p334_200,201,86,4
91,200,p334_201,142,86,8
92,1,p335_001,166,97,1
92,2,p335_002,382,164,32
92,3,p335_003,568,277,35
92,4,p335_004,440,240,37
92,5,p335_005,489,305,15
92,6,p335_006,489,243,62
92,7,p335_007,395,194,40
92,8,p335_008,655,372,89
92,9,p335_010,236,104,26
92,10,p335_011,552,315,48
92,11,p335_012,375,197,43
92,12,p335_013,389,242,37
92,13,p335_014,406,281,35
92,14,p335_015,632,262,96
92,15,p335_016,447,279,52
92,16,p335_017,289,126,65
92,17,p335_018,411,301,2
92,18,p335_019,624,321,91
92,19,p335_020,328,196,25
92,20,p335_021,710,386,97
92,21,p335_022,458,259,100
92,22,p335_023,927,604,111
92,23,p335_024,501,307,76
92,24,p335_025,241,106,47
92,25,p335_026,245,115,30
92,26,p335_027,168,59,48
92,27,p335_028,203,66,38
92,28,p335_029,244,79,121
92,29,p335_030,253,119,47
92,30,p335_031,260,145,69
92,31,p335_032,185,62,87
92,32,p335_033,166,73,45
92,33,p335_034,241,113,62
92,34,p335_035,278,105,86
92,35,p335_036,271,96,51
92,36,p335_037,222,96,41
92,37,p335_038,165,72,26
92,38,p335_039,206,96,84
92,39,p335_040,225,94,74
92,40,p335_041,190,77,22
92,41,p335_042,312,142,87
92,42,p335_043,231,107,87
92,43,p335_044,180,54,104
92,44,p335_045,212,69,75
92,45,p335_046,198,64,99
92,46,p335_047,260,108,72
92,47,p335_048,247,88,97
92,48,p335_049,179,60,70
92,49,p335_050,190,78,98
92,50,p335_051,207,81,60
92,51,p335_052,171,78,66
92,52,p335_053,317,131,119
92,53,p335_054,245,112,54
92,54,p335_055,408,70,220
92,55,p335_056,210,118,24
92,56,p335_057,229,85,93
92,57,p335_058,185,95,53
92,58,p335_059,260,131,49
92,59,p335_060,251,107,44
92,60,p335_061,260,81,57
92,61,p335_062,377,138,171
92,62,p335_063,191,51,82
92,63,p335_064,151,45,73
92,64,p335_065,297,138,118
92,65,p335_066,234,94,88
92,66,p335_067,207,59,95
92,67,p335_068,225,97,76
92,68,p335_069,166,67,72
92,69,p335_070,232,74,124
92,70,p335_071,330,160,117
92,71,p335_072,174,90,36
92,72,p335_073,240,116,28
92,73,p335_074,221,83,68
92,74,p335_075,207,83,62
92,75,p335_076,163,47,70
92,76,p335_077,153,40,28
92,77,p335_078,229,100,88
92,78,p335_079,194,69,70
92,79,p335_080,246,98,55
92,80,p335_081,149,52,76
92,81,p335_082,203,88,49
92,82,p335_083,220,93,43
92,83,p335_084,211,101,60
92,84,p335_085,186,71,67
92,85,p335_086,195,76,88
92,86,p335_087,231,91,71
92,87,p335_088,173,69,49
92,88,p335_089,179,74,53
92,89,p335_090,198,81,74
92,90,p335_091,172,66,75
92,91,p335_092,281,118,61
92,92,p335_093,249,96,123
92,93,p335_094,196,73,97
92,94,p335_095,193,82,59
92,95,p335_096,192,84,78
92,96,p335_097,177,73,27
92,97,p335_098,237,103,87
92,98,p335_099,199,85,75
92,99,p335_100,255,77,153
92,100,p335_101,189,59,72
92,101,p335_102,191,63,98
92,102,p335_103,161,63,49
92,103,p335_104,330,156,120
92,104,p335_105,193,63,80
92,105,p335_106,240,122,75
92,106,p335_107,203,104,62
92,107,p335_108,277,110,117
92,108,p335_109,233,101,84
92,109,p335_110,133,31,53
92,110,p335_111,150,44,85
92,111,p335_112,254,104,90
92,112,p335_113,322,134,65
92,113,p335_114,178,61,51
92,114,p335_115,151,54,71
92,115,p335_116,208,93,58
92,116,p335_117,202,59,47
92,117,p335_118,220,108,90
92,118,p335_119,199,92,76
92,119,p335_120,395,168,124
92,120,p335_121,227,95,116
92,121,p335_122,222,102,63
92,122,p335_123,179,61,98
92,123,p335_124,187,64,61
92,124,p335_125,261,126,38
92,125,p335_126,217,89,17
92,126,p335_127,199,65,64
92,127,p335_128,206,78,106
92,128,p335_129,200,83,81
92,129,p335_130,207,82,91
92,130,p335_131,224,63,122
92,131,p335_132,185,75,55
92,132,p335_133,204,96,52
92,133,p335_134,209,78,96
92,134,p335_135,233,127,54
92,135,p335_136,290,147,95
92,136,p335_137,235,87,83
92,137,p335_138,207,69,100
92,138,p335_139,223,76,99
92,139,p335_140,198,77,93
92,140,p335_141,222,79,80
92,141,p335_142,235,115,22
92,142,p335_143,265,104,101
92,143,p335_144,362,70,134
92,144,p335_145,201,78,18
92,145,p335_146,245,103,43
92,146,p335_147,187,64,57
92,147,p335_148,253,118,22
92,148,p335_149,263,117,32
92,149,p335_150,233,103,60
92,150,p335_151,190,74,76
92,151,p335_152,206,106,65
92,152,p335_153,205,79,65
92,153,p335_154,162,49,27
92,154,p335_155,313,151,19
92,155,p335_156,339,157,117
92,156,p335_157,227,105,61
92,157,p335_158,212,75,63
92,158,p335_159,275,114,118
92,159,p335_160,228,98,77
92,160,p335_161,157,54,63
92,161,p335_162,166,47,48
92,162,p335_163,203,99,59
92,163,p335_164,250,114,83
92,164,p335_165,186,59,67
92,165,p335_166,206,86,48
92,166,p335_167,190,65,66
92,167,p335_168,296,130,90
92,168,p335_169,154,40,83
92,169,p335_170,240,91,94
92,170,p335_171,158,45,40
92,171,p335_172,224,74,64
92,172,p335_173,209,84,57
92,173,p335_174,177,85,75
92,174,p335_175,209,90,41
92,175,p335_176,197,87,56
92,176,p335_177,199,74,56
92,177,p335_178,289,130,74
92,178,p335_179,236,119,92
92,179,p335_180,224,96,91
92,180,p335_181,181,48,83
92,181,p335_182,219,129,27
92,182,p335_183,232,84,84
92,183,p335_184,205,95,90
92,184,p335_185,167,51,87
92,185,p335_186,255,128,77
92,186,p335_187,219,102,81
92,187,p335_188,206,81,70
92,188,p335_189,149,56,24
92,189,p335_190,190,79,69
92,190,p335_191,297,130,85
92,191,p335_192,161,59,79
92,192,p335_193,177,72,57
92,193,p335_194,194,90,69
92,194,p335_195,262,86,43
92,195,p335_196,318,166,58
92,196,p335_197,345,128,116
92,197,p335_198,266,107,108
92,198,p335_199,198,74,112
92,199,p335_200,225,78,116
92,200,p335_201,190,60,112
93,1,p336_001,145,54,0
93,2,p336_002,236,78,113
93,3,p336_003,423,228,6
93,4,p336_004,325,111,28
93,5,p336_005,406,231,36
93,6,p336_006,379,210,7
93,7,p336_007,317,163,4
93,8,p336_008,478,285,46
93,9,p336_009,313,176,17
93,10,p336_010,233,85,8
93,11,p336_011,510,231,70
93,12,p336_012,604,193,69
93,13,p336_013,318,126,37
93,14,p336_014,333,187,24
93,15,p336_015,372,229,0
93,16,p336_016,509,225,25
93,17,p336_017,266,97,28
93,18,p336_018,430,174,18
93,19,p336_019,477,227,35
93,20,p336_020,265,152,13
93,21,p336_021,577,313,3
93,22,p336_022,494,229,75
93,23,p336_023,817,399,195
93,24,p336_024,453,268,37
93,25,p336_025,177,73,7
93,26,p336_026,180,67,25
93,27,p336_027,150,63,1
93,28,p336_028,171,79,0
93,29,p336_029,128,42,46
93,30,p336_030,131,29,65
93,31,p336_031,185,75,6
93,32,p336_032,240,103,25
93,33,p336_033,113,38,25
93,34,p336_034,210,88,5
93,35,p336_035,150,69,6
93,36,p336_036,174,74,17
93,37,p336_037,205,80,17
93,38,p336_038,187,86,15
93,39,p336_039,178,65,14
93,40,p336_040,198,45,18
93,41,p336_041,223,101,0
93,42,p336_042,124,33,0
93,43,p336_043,153,56,8
93,44,p336_044,147,58,9
93,45,p336_045,198,65,24
93,46,p336_046,147,56,25
93,47,p336_047,201,77,22
93,48,p336_048,122,44,45
93,49,p336_049,110,41,3
93,50,p336_050,147,59,8
93,51,p336_051,155,61,20
93,52,p336_052,155,70,14
93,53,p336_053,120,52,0
93,54,p336_054,166,58,31
93,55,p336_055,178,71,19
93,56,p336_056,187,64,25
93,57,p336_057,201,111,30
93,58,p336_058,147,55,19
93,59,p336_059,150,70,9
93,60,p336_060,203,100,25
93,61,p336_061,206,81,1
93,62,p336_062,209,73,2
93,63,p336_063,203,80,7
93,64,p336_064,123,63,0
93,65,p336_065,161,77,16
93,66,p336_066,118,24,1
93,67,p336_067,198,77,16
93,68,p336_068,211,81,6
93,69,p336_069,227,96,60
93,70,p336_070,233,72,18
93,71,p336_071,211,104,13
93,72,p336_072,238,91,58
93,73,p336_073,169,80,18
93,74,p336_074,217,59,9
93,75,p336_075,158,58,69
93,76,p336_076,201,82,20
93,77,p336_077,134,44,1
93,78,p336_078,116,20,7
93,79,p336_079,244,99,38
93,80,p336_080,213,100,27
93,81,p336_081,182,95,7
93,82,p336_082,206,86,12
93,83,p336_083,192,85,3
93,84,p336_084,148,54,15
93,85,p336_085,126,50,27
93,86,p336_086,155,66,53
93,87,p336_087,126,44,38
93,88,p336_088,190,83,35
93,89,p336_089,145,54,9
93,90,p336_090,170,40,46
93,91,p336_091,129,42,9
93,92,p336_092,153,70,2
93,93,p336_093,183,71,49
93,94,p336_094,139,32,8
93,95,p336_095,153,76,7
93,96,p336_096,167,58,3
93,97,p336_097,177,63,1
93,98,p336_098,185,76,0
93,99,p336_099,209,70,6
93,100,p336_100,179,79,2
93,101,p336_101,172,56,24
93,102,p336_102,167,69,46
93,103,p336_103,134,42,19
93,104,p336_104,142,61,22
93,105,p336_105,206,96,45
93,106,p336_106,113,42,7
93,107,p336_107,174,67,14
93,108,p336_108,126,44,2
93,109,p336_109,131,50,9
93,110,p336_110,217,81,0
93,111,p336_111,249,110,5
93,112,p336_112,158,71,9
93,113,p336_113,174,47,20
93,114,p336_114,110,34,13
93,115,p336_115,161,69,40
93,116,p336_116,190,84,53
93,117,p336_117,201,114,5
93,118,p336_118,129,43,40
93,119,p336_119,174,69,15
93,120,p336_120,193,91,0
93,121,p336_121,153,58,69
93,122,p336_122,185,81,43
93,123,p336_123,179,69,5
93,124,p336_124,179,65,30
93,125,p336_125,203,64,56
93,126,p336_126,221,98,85
93,127,p336_127,181,70,16
93,128,p336_128,174,66,70
93,129,p336_129,158,81,8
93,130,p336_130,217,109,34
93,131,p336_131,198,64,62
93,132,p336_132,179,81,29
93,133,p336_133,142,51,19
93,134,p336_134,201,109,9
93,135,p336_135,198,85,60
93,136,p336_136,155,53,20
93,137,p336_137,161,65,10
93,138,p336_138,190,84,62
93,139,p336_139,99,33,8
93,140,p336_140,142,56,16
93,141,p336_141,158,77,4
93,142,p336_142,193,77,4
93,143,p336_143,166,78,7
93,144,p336_144,155,55,83
93,145,p336_145,163,87,11
93,146,p336_146,140,51,11
93,147,p336_147,158,67,7
93,148,p336_148,189,69,38
93,149,p336_149,177,63,2
93,150,p336_150,123,35,0
93,151,p336_151,233,88,20
93,152,p336_152,219,98,3
93,153,p336_153,166,56,31
93,154,p336_154,142,59,6
93,155,p336_155,201,82,15
93,156,p336_156,214,67,73
93,157,p336_157,182,80,29
93,158,p336_158,182,75,38
93,159,p336_159,139,57,0
93,160,p336_160,201,86,23
93,161,p336_161,155,51,45
93,162,p336_162,147,32,41
93,163,p336_163,158,62,9
93,164,p336_164,211,98,0
93,165,p336_165,174,61,18
93,166,p336_166,142,60,5
93,167,p336_167,161,80,12
93,168,p336_168,147,63,13
93,169,p336_169,163,68,13
93,170,p336_170,142,53,14
93,171,p336_171,182,94,25
93,172,p336_172,153,47,64
93,173,p336_173,137,48,20
93,174,p336_174,198,104,2
93,175,p336_175,185,77,54
93,176,p336_176,166,79,47
93,177,p336_177,185,87,33
93,178,p336_178,206,78,95
93,179,p336_179,169,44,104
93,180,p336_180,131,62,7
93,181,p336_181,182,32,10
93,182,p336_182,178,55,48
93,183,p336_183,219,100,38
93,184,p336_184,193,79,16
93,185,p336_185,187,62,69
93,186,p336_186,190,97,27
93,187,p336_187,134,60,0
93,188,p336_188,169,68,46
93,189,p336_189,161,58,7
93,190,p336_190,179,79,4
93,191,p336_191,139,61,6
93,192,p336_192,121,40,46
93,193,p336_193,195,54,22
93,194,p336_194,134,66,4
93,195,p336_195,155,60,6
93,196,p336_196,257,83,36
93,197,p336_197,166,68,48
93,198,p336_198,134,53,57
93,199,p336_199,131,54,0
93,200,p336_200,163,64,30
94,1,p339_001,123,47,9
94,2,p339_002,209,78,87
94,3,p339_003,443,207,100
94,4,p339_004,305,121,68
94,5,p339_005,414,223,106
94,6,p339_006,374,185,110
94,7,p339_007,332,163,88
94,8,p339_008,496,291,71
94,9,p339_009,350,185,93
94,10,p339_010,187,84,57
94,11,p339_011,421,245,66
94,12,p339_012,331,164,110
94,13,p339_013,312,132,103
94,14,p339_014,359,189,21
94,15,p339_015,342,236,21
94,16,p339_016,409,235,63
94,17,p339_017,225,88,35
94,18,p339_018,329,175,90
94,19,p339_019,491,253,118
94,20,p339_020,289,158,32
94,21,p339_021,606,366,46
94,22,p339_022,467,235,99
94,23,p339_023,742,469,142
94,24,p339_024,472,305,102
94,25,p339_025,206,80,38
94,26,p339_026,251,136,31
94,27,p339_027,207,92,86
94,28,p339_028,175,40,40
94,29,p339_029,147,50,72
94,30,p339_030,183,66,33
94,31,p339_031,148,44,80
94,32,p339_032,209,73,103
94,33,p339_033,179,86,29
94,34,p339_034,224,81,96
94,35,p339_035,208,96,82
94,36,p339_036,216,102,95
94,37,p339_037,179,73,18
94,38,p339_038,152,61,67
94,39,p339_039,179,111,42
94,40,p339_040,158,71,46
94,41,p339_041,161,52,56
94,42,p339_042,184,80,13
94,43,p339_043,120,30,19
94,44,p339_044,255,115,82
94,45,p339_045,144,38,4
94,46,p339_046,176,54,95
94,47,p339_047,174,71,27
94,48,p339_048,155,43,54
94,49,p339_049,198,75,50
94,50,p339_050,233,99,109
94,51,p339_051,173,64,14
94,52,p339_052,145,54,36
94,53,p339_053,146,56,22
94,54,p339_054,177,61,85
94,55,p339_055,229,109,24
94,56,p339_056,170,57,70
94,57,p339_057,166,73,76
94,58,p339_058,162,55,48
94,59,p339_059,165,48,25
94,60,p339_060,141,52,49
94,61,p339_061,214,108,37
94,62,p339_062,178,76,66
94,63,p339_063,157,68,39
94,64,p339_064,171,69,18
94,65,p339_065,175,74,51
94,66,p339_066,167,48,85
94,67,p339_067,166,60,39
94,68,p339_068,202,34,73
94,69,p339_069,213,69,79
94,70,p339_070,167,71,30
94,71,p339_071,169,62,39
94,72,p339_072,189,54,71
94,73,p339_073,171,60,24
94,74,p339_074,222,80,21
94,75,p339_075,177,55,27
94,76,p339_076,170,63,50
94,77,p339_077,118,41,7
94,78,p339_078,160,58,72
94,79,p339_079,151,46,15
94,80,p339_080,173,71,71
94,81,p339_081,164,61,68
94,82,p339_082,150,53,19
94,83,p339_083,129,32,84
94,84,p339_084,384,97,43
94,85,p339_085,175,68,74
94,86,p339_086,198,86,19
94,87,p339_087,206,67,115
94,88,p339_088,180,63,46
94,89,p339_089,162,68,38
94,90,p339_090,217,58,104
94,91,p339_091,193,48,87
94,92,p339_092,192,89,77
94,93,p339_093,141,50,56
94,94,p339_094,161,79,61
94,95,p339_095,158,57,32
94,96,p339_096,138,34,24
94,97,p339_097,223,87,67
94,98,p339_098,218,69,87
94,99,p339_099,188,65,97
94,100,p339_100,145,39,75
94,101,p339_101,161,65,5
94,102,p339_102,254,94,101
94,103,p339_103,169,57,44
94,104,p339_104,139,51,28
94,105,p339_105,145,49,59
94,106,p339_107,169,56,88
94,107,p339_108,153,75,59
94,108,p339_109,178,64,102
94,109,p339_110,191,86,20
94,110,p339_111,163,55,90
94,111,p339_112,145,49,49
94,112,p339_113,155,58,54
94,113,p339_114,148,35,37
94,114,p339_115,216,85,87
94,115,p339_116,167,71,62
94,116,p339_117,177,62,55
94,117,p339_118,166,53,19
94,118,p339_119,118,34,66
94,119,p339_120,222,99,83
94,120,p339_121,184,71,91
94,121,p339_122,184,74,45
94,122,p339_123,165,47,99
94,123,p339_124,185,88,63
94,124,p339_125,131,33,42
94,125,p339_126,179,90,47
94,126,p339_127,166,80,34
94,127,p339_128,158,55,47
94,128,p339_129,189,73,40
94,129,p339_130,154,64,17
94,130,p339_131,226,120,61
94,131,p339_132,126,42,22
94,132,p339_133,147,61,67
94,133,p339_134,188,98,48
94,134,p339_135,164,58,50
94,135,p339_136,153,64,73
94,136,p339_137,115,44,17
94,137,p339_138,169,72,74
94,138,p339_139,113,33,47
94,139,p339_140,174,81,16
94,140,p339_141,181,77,23
94,141,p339_142,257,125,14
94,142,p339_143,169,65,15
94,143,p339_144,144,50,75
94,144,p339_145,137,72,23
94,145,p339_146,122,46,24
94,146,p339_147,214,64,112
94,147,p339_148,208,69,61
94,148,p339_149,150,35,48
94,149,p339_150,185,84,73
94,150,p339_151,172,59,61
94,151,p339_152,161,76,34
94,152,p339_153,169,63,64
94,153,p339_154,195,83,27
94,154,p339_155,146,65,20
94,155,p339_156,175,84,6
94,156,p339_157,171,65,55
94,157,p339_158,203,88,57
94,158,p339_159,147,58,41
94,159,p339_160,186,68,69
94,160,p339_161,132,40,15
94,161,p339_162,142,44,47
94,162,p339_163,163,83,15
94,163,p339_164,155,71,40
94,164,p339_165,126,50,7
94,165,p339_166,142,69,13
94,166,p339_167,174,77,66
94,167,p339_168,187,66,92
94,168,p339_169,195,89,69
94,169,p339_170,127,34,57
94,170,p339_171,144,59,6
94,171,p339_172,177,66,29
94,172,p339_173,169,63,72
94,173,p339_174,183,77,42
94,174,p339_175,151,48,21
94,175,p339_176,166,76,22
94,176,p339_177,166,52,40
94,177,p339_178,158,52,87
94,178,p339_179,208,87,81
94,179,p339_180,170,55,62
94,180,p339_181,162,68,8
94,181,p339_182,175,61,59
94,182,p339_183,170,67,43
94,183,p339_184,190,81,66
94,184,p339_185,192,88,32
94,185,p339_186,174,57,40
94,186,p339_187,142,49,32
94,187,p339_188,147,57,64
94,188,p339_189,164,77,20
94,189,p339_190,153,64,56
94,190,p339_191,113,27,32
94,191,p339_192,147,59,12
94,192,p339_193,134,45,31
94,193,p339_194,145,48,55
94,194,p339_195,176,70,89
94,195,p339_196,147,67,64
94,196,p339_197,137,51,51
94,197,p339_198,140,52,66
94,198,p339_199,181,83,71
94,199,p339_200,193,82,87
94,200,p339_201,145,54,70
95,1,p340_001,126,50,10
95,2,p340_002,223,116,6
95,3,p340_003,388,190,2
95,4,p340_004,265,129,27
95,5,p340_005,330,195,33
95,6,p340_006,386,188,40
95,7,p340_007,254,144,65
95,8,p340_008,425,275,13
95,9,p340_009,326,156,60
95,10,p340_010,182,79,41
95,11,p340_011,409,228,78
95,12,p340_012,274,141,55
95,13,p340_013,265,160,1
95,14,p340_014,281,160,22
95,15,p340_015,302,215,1
95,16,p340_016,374,218,47
95,17,p340_017,213,92,51
95,18,p340_018,330,164,106
95,19,p340_019,412,248,12
95,20,p340_020,260,139,9
95,21,p340_021,505,305,61
95,22,p340_022,366,200,74
95,23,p340_024,369,265,2
95,24,p340_025,131,36,0
95,25,p340_026,182,59,33
95,26,p340_027,179,88,16
95,27,p340_028,162,68,34
95,28,p340_029,153,45,15
95,29,p340_030,168,60,68
95,30,p340_031,139,38,38
95,31,p340_032,134,42,29
95,32,p340_033,175,82,39
95,33,p340_034,167,72,18
95,34,p340_035,142,70,23
95,35,p340_036,113,28,11
95,36,p340_037,211,119,27
95,37,p340_038,152,61,17
95,38,p340_039,147,56,26
95,39,p340_040,163,81,44
95,40,p340_041,129,58,15
95,41,p340_042,126,41,50
95,42,p340_043,145,56,55
95,43,p340_044,126,43,43
95,44,p340_045,177,62,69
95,45,p340_046,158,72,36
95,46,p340_047,147,64,32
95,47,p340_048,174,60,10
95,48,p340_049,136,48,28
95,49,p340_050,110,51,10
95,50,p340_051,153,85,38
95,51,p340_052,158,63,51
95,52,p340_053,126,40,23
95,53,p340_054,185,76,20
95,54,p340_055,123,53,10
95,55,p340_056,141,55,40
95,56,p340_057,126,50,1
95,57,p340_058,110,37,36
95,58,p340_059,123,47,21
95,59,p340_060,129,62,37
95,60,p340_061,115,45,4
95,61,p340_062,155,51,33
95,62,p340_063,235,56,100
95,63,p340_064,150,59,63
95,64,p340_065,161,58,46
95,65,p340_066,142,57,57
95,66,p340_067,142,50,72
95,67,p340_068,170,68,66
95,68,p340_069,123,44,24
95,69,p340_070,129,40,62
95,70,p340_071,129,49,0
95,71,p340_072,163,64,14
95,72,p340_073,131,45,0
95,73,p340_074,142,66,12
95,74,p340_075,142,58,18
95,75,p340_076,190,93,70
95,76,p340_077,150,56,45
95,77,p340_078,198,94,6
95,78,p340_079,131,53,17
95,79,p340_080,145,47,23
95,80,p340_081,132,45,25
95,81,p340_082,158,64,6
95,82,p340_083,150,59,57
95,83,p340_084,201,84,50
95,84,p340_085,155,71,9
95,85,p340_086,171,75,77
95,86,p340_087,233,85,114
95,87,p340_088,161,64,65
95,88,p340_089,169,87,13
95,89,p340_090,174,95,50
95,90,p340_091,201,83,32
95,91,p340_092,147,69,6
95,92,p340_093,158,81,36
95,93,p340_094,153,67,15
95,94,p340_095,126,48,59
95,95,p340_096,142,57,35
95,96,p340_097,134,63,44
95,97,p340_098,145,66,29
95,98,p340_099,118,49,7
95,99,p340_100,113,27,19
95,100,p340_101,105,34,13
95,101,p340_102,278,87,116
95,102,p340_103,169,71,52
95,103,p340_104,174,37,97
95,104,p340_105,217,99,49
95,105,p340_106,155,58,37
95,106,p340_107,169,53,62
95,107,p340_108,174,87,9
95,108,p340_109,171,86,27
95,109,p340_110,137,34,21
95,110,p340_111,249,52,142
95,111,p340_112,183,67,94
95,112,p340_113,174,55,72
95,113,p340_114,179,58,57
95,114,p340_115,182,82,42
95,115,p340_116,158,71,46
95,116,p340_117,163,38,56
95,117,p340_118,161,51,82
95,118,p340_119,163,50,35
95,119,p340_120,179,73,25
95,120,p340_121,183,60,57
95,121,p340_122,214,65,85
95,122,p340_123,121,56,7
95,123,p340_124,177,65,50
95,124,p340_125,166,74,54
95,125,p340_126,147,58,29
95,126,p340_127,129,37,19
95,127,p340_128,177,50,63
95,128,p340_129,177,58,69
95,129,p340_130,131,61,25
95,130,p340_131,134,49,17
95,131,p340_132,153,45,62
95,132,p340_133,203,70,62
95,133,p340_134,155,67,55
95,134,p340_135,159,59,51
95,135,p340_136,139,54,54
95,136,p340_137,161,73,25
95,137,p340_138,163,78,64
95,138,p340_139,238,66,67
95,139,p340_140,214,43,82
95,140,p340_141,211,52,97
95,141,p340_142,147,72,57
95,142,p340_143,135,44,4
95,143,p340_144,126,45,44
95,144,p340_145,161,61,62
95,145,p340_146,227,57,52
95,146,p340_147,225,40,168
95,147,p340_148,174,58,49
95,148,p340_149,166,69,20
95,149,p340_150,187,68,18
95,150,p340_151,158,70,29
95,151,p340_152,134,48,5
95,152,p340_153,96,60,9
95,153,p340_154,163,89,21
95,154,p340_155,177,80,8
95,155,p340_156,161,93,29
95,156,p340_157,142,73,14
95,157,p340_158,145,48,22
95,158,p340_159,147,59,68
95,159,p340_160,126,72,19
95,160,p340_161,105,35,35
95,161,p340_162,123,57,0
95,162,p340_163,123,43,34
95,163,p340_164,142,57,63
95,164,p340_165,131,42,38
95,165,p340_166,121,50,30
95,166,p340_167,158,81,11
95,167,p340_168,118,56,14
95,168,p340_169,142,52,56
95,169,p340_170,190,87,76
95,170,p340_171,181,64,82
95,171,p340_172,147,71,48
95,172,p340_173,131,40,54
95,173,p340_174,150,73,48
95,174,p340_175,153,49,60
95,175,p340_176,121,33,18
95,176,p340_177,107,32,31
95,177,p340_178,158,64,62
95,178,p340_179,147,63,63
95,179,p340_180,134,72,30
95,180,p340_181,110,24,47
95,181,p340_182,166,80,18
95,182,p340_183,131,49,67
95,183,p340_184,145,77,55
95,184,p340_185,161,70,38
95,185,p340_186,118,46,32
95,186,p340_187,142,91,1
95,187,p340_188,150,60,12
95,188,p340_189,142,41,52
95,189,p340_190,163,72,42
95,190,p340_191,217,69,82
95,191,p340_192,113,44,25
95,192,p340_193,115,41,49
95,193,p340_194,155,84,26
95,194,p340_195,185,88,30
95,195,p340_196,115,51,37
95,196,p340_197,129,47,66
95,197,p340_198,137,49,61
95,198,p340_199,123,47,46
95,199,p340_200,126,41,37
95,200,p340_201,134,49,18
96,1,p341_001,171,46,4
96,2,p341_002,354,131,51
96,3,p341_003,541,255,38
96,4,p341_004,410,164,36
96,5,p341_005,470,288,24
96,6,p341_006,524,238,68
96,7,p341_007,357,224,7
96,8,p341_008,595,342,136
96,9,p341_009,392,213,82
96,10,p341_010,318,92,113
96,11,p341_011,541,300,115
96,12,p341_012,369,182,35
96,13,p341_013,343,190,41
96,14,p341_014,406,211,23
96,15,p341_015,479,255,43
96,16,p341_016,509,315,11
96,17,p341_017,319,113,84
96,18,p341_018,464,238,148
96,19,p341_019,595,312,112
96,20,p341_020,311,176,35
96,21,p341_021,742,392,128
96,22,p341_022,512,300,92
96,23,p341_023,841,489,115
96,24,p341_024,559,333,95
96,25,p341_025,223,93,74
96,26,p341_026,198,50,118
96,27,p341_027,303,130,14
96,28,p341_028,237,110,41
96,29,p341_029,241,89,76
96,30,p341_030,217,77,114
96,31,p341_031,342,116,89
96,32,p341_032,289,110,63
96,33,p341_033,217,63,106
96,34,p341_034,207,68,28
96,35,p341_035,212,80,98
96,36,p341_036,202,64,90
96,37,p341_037,290,108,55
96,38,p341_038,183,50,16
96,39,p341_039,225,76,36
96,40,p341_040,240,104,101
96,41,p341_041,268,110,26
96,42,p341_042,235,71,112
96,43,p341_043,305,131,22
96,44,p341_044,179,67,56
96,45,p341_045,197,76,58
96,46,p341_046,293,151,30
96,47,p341_047,269,107,74
96,48,p341_048,251,106,85
96,49,p341_049,216,91,65
96,50,p341_050,268,80,96
96,51,p341_051,194,55,84
96,52,p341_052,263,116,79
96,53,p341_053,191,64,45
96,54,p341_054,305,126,117
96,55,p341_055,174,47,81
96,56,p341_056,253,81,117
96,57,p341_057,223,57,135
96,58,p341_058,240,125,64
96,59,p341_059,267,127,30
96,60,p341_060,304,96,48
96,61,p341_061,235,29,120
96,62,p341_062,261,107,92
96,63,p341_063,286,104,138
96,64,p341_064,213,49,99
96,65,p341_065,206,115,74
96,66,p341_066,164,39,78
96,67,p341_067,187,73,87
96,68,p341_068,202,67,28
96,69,p341_069,208,69,100
96,70,p341_070,252,108,13
96,71,p341_071,332,161,32
96,72,p341_072,227,81,82
96,73,p341_073,277,95,130
96,74,p341_074,178,62,89
96,75,p341_075,257,88,111
96,76,p341_076,175,46,73
96,77,p341_077,226,92,87
96,78,p341_078,210,79,40
96,79,p341_079,317,144,98
96,80,p341_080,295,118,150
96,81,p341_081,263,79,145
96,82,p341_082,410,200,154
96,83,p341_083,296,157,50
96,84,p341_084,292,77,24
96,85,p341_085,233,113,57
96,86,p341_086,190,58,43
96,87,p341_087,248,120,34
96,88,p341_088,212,88,25
96,89,p341_089,275,125,60
96,90,p341_090,282,112,114
96,91,p341_091,213,60,100
96,92,p341_092,256,146,46
96,93,p341_093,248,117,85
96,94,p341_094,170,73,12
96,95,p341_095,201,69,92
96,96,p341_096,235,75,103
96,97,p341_097,225,104,71
96,98,p341_098,237,106,59
96,99,p341_099,246,100,106
96,100,p341_100,199,67,100
96,101,p341_101,374,374,0
96,102,p341_102,235,84,111
96,103,p341_103,231,78,131
96,104,p341_104,220,99,76
96,105,p341_105,236,81,77
96,106,p341_106,241,103,73
96,107,p341_107,255,99,36
96,108,p341_108,184,54,15
96,109,p341_109,214,77,75
96,110,p341_110,236,115,86
96,111,p341_111,264,135,80
96,112,p341_112,198,51,108
96,113,p341_113,250,84,118
96,114,p341_114,210,59,142
96,115,p341_115,272,108,143
96,116,p341_116,291,113,130
96,117,p341_117,252,105,60
96,118,p341_118,268,94,146
96,119,p341_119,273,106,116
96,120,p341_120,247,62,71
96,121,p341_121,236,105,15
96,122,p341_122,252,89,142
96,123,p341_123,212,52,29
96,124,p341_124,257,98,108
96,125,p341_125,272,90,72
96,126,p341_126,204,74,50
96,127,p341_127,200,66,46
96,128,p341_128,209,79,26
96,129,p341_129,275,137,115
96,130,p341_130,251,90,106
96,131,p341_131,185,52,65
96,132,p341_132,322,162,84
96,133,p341_133,249,99,21
96,134,p341_134,328,136,114
96,135,p341_135,204,81,30
96,136,p341_136,306,143,104
96,137,p341_137,350,122,166
96,138,p341_138,228,66,102
96,139,p341_139,204,85,18
96,140,p341_140,184,70,57
96,141,p341_141,248,126,6
96,142,p341_142,276,97,55
96,143,p341_143,196,71,65
96,144,p341_144,185,77,3
96,145,p341_145,231,93,17
96,146,p341_146,291,105,42
96,147,p341_147,230,86,53
96,148,p341_148,325,167,108
96,149,p341_149,214,85,76
96,150,p341_150,259,128,79
96,151,p341_151,302,104,105
96,152,p341_152,331,68,127
96,153,p341_153,222,90,91
96,154,p341_154,239,107,87
96,155,p341_155,284,114,117
96,156,p341_156,227,64,16
96,157,p341_157,247,132,63
96,158,p341_158,307,79,142
96,159,p341_159,304,119,103
96,160,p341_160,271,114,131
96,161,p341_161,259,102,50
96,162,p341_162,206,52,77
96,163,p341_163,270,107,39
96,164,p341_164,212,89,42
96,165,p341_165,273,93,128
96,166,p341_166,270,97,80
96,167,p341_167,240,87,119
96,168,p341_168,251,78,112
96,169,p341_169,274,95,80
96,170,p341_170,296,99,131
96,171,p341_171,273,125,87
96,172,p341_172,324,120,66
96,173,p341_173,270,84,139
96,174,p341_174,260,101,112
96,175,p341_175,183,39,114
96,176,p341_176,259,96,94
96,177,p341_177,229,84,62
96,178,p341_178,252,135,55
96,179,p341_179,161,32,68
96,180,p341_180,279,111,135
96,181,p341_181,209,81,97
96,182,p341_182,207,96,67
96,183,p341_183,257,93,69
96,184,p341_184,179,53,26
96,185,p341_185,224,77,112
96,186,p341_186,245,65,97
96,187,p341_187,229,104,47
96,188,p341_188,306,114,141
96,189,p341_189,190,61,92
96,190,p341_190,223,78,110
96,191,p341_191,211,86,92
96,192,p341_192,182,31,128
96,193,p341_193,261,101,69
96,194,p341_194,294,126,112
96,195,p341_195,188,37,123
96,196,p341_196,304,129,106
96,197,p341_197,277,137,103
96,198,p341_198,274,115,88
96,199,p341_199,149,57,24
96,200,p341_200,239,106,77
97,1,p343_001,180,66,8
97,2,p343_002,249,163,2
97,3,p343_003,531,260,46
97,4,p343_004,342,215,10
97,5,p343_005,423,312,5
97,6,p343_006,395,290,4
97,7,p343_007,336,208,13
97,8,p343_009,367,197,25
97,9,p343_010,227,111,27
97,10,p343_011,461,361,0
97,11,p343_012,307,208,11
97,12,p343_013,299,177,13
97,13,p343_014,330,230,1
97,14,p343_015,447,328,0
97,15,p343_016,556,410,10
97,16,p343_018,451,276,36
97,17,p343_019,451,321,1
97,18,p343_020,311,185,22
97,19,p343_021,630,396,24
97,20,p343_022,457,331,17
97,21,p343_023,778,521,48
97,22,p343_024,490,377,26
97,23,p343_025,171,82,51
97,24,p343_026,166,64,19
97,25,p343_027,206,81,45
97,26,p343_028,258,131,38
97,27,p343_029,166,82,18
97,28,p343_030,230,118,61
97,29,p343_031,229,84,71
97,30,p343_032,174,66,52
97,31,p343_033,216,79,25
97,32,p343_034,171,51,35
97,33,p343_035,204,82,37
97,34,p343_036,161,81,8
97,35,p343_037,199,70,35
97,36,p343_038,219,95,34
97,37,p343_039,205,58,19
97,38,p343_040,180,71,8
97,39,p343_041,205,95,39
97,40,p343_042,224,86,82
97,41,p343_043,191,81,23
97,42,p343_044,200,71,71
97,43,p343_045,203,77,75
97,44,p343_046,178,77,47
97,45,p343_047,160,85,33
97,46,p343_048,195,86,23
97,47,p343_049,209,87,71
97,48,p343_050,214,80,1
97,49,p343_051,195,81,20
97,50,p343_052,233,109,46
97,51,p343_053,202,100,4
97,52,p343_054,164,56,12
97,53,p343_055,168,83,0
97,54,p343_056,233,161,2
97,55,p343_057,254,135,22
97,56,p343_058,197,83,6
97,57,p343_059,235,105,30
97,58,p343_060,234,113,21
97,59,p343_061,209,95,19
97,60,p343_062,227,103,20
97,61,p343_063,163,77,0
97,62,p343_064,148,72,48
97,63,p343_065,202,104,6
97,64,p343_066,254,153,3
97,65,p343_067,193,80,61
97,66,p343_068,201,84,36
97,67,p343_069,171,127,1
97,68,p343_070,173,92,0
97,69,p343_071,193,82,10
97,70,p343_072,224,93,53
97,71,p343_073,166,66,7
97,72,p343_074,185,67,67
97,73,p343_075,153,77,4
97,74,p343_076,157,75,4
97,75,p343_077,221,107,5
97,76,p343_078,191,77,10
97,77,p343_079,225,132,0
97,78,p343_080,221,123,7
97,79,p343_081,218,102,24
97,80,p343_082,214,123,5
97,81,p343_083,200,110,31
97,82,p343_084,174,93,6
97,83,p343_085,244,103,21
97,84,p343_086,233,100,61
97,85,p343_087,190,67,7
97,86,p343_088,230,68,21
97,87,p343_089,253,121,18
97,88,p343_090,244,107,13
97,89,p343_091,209,84,6
97,90,p343_092,163,64,43
97,91,p343_093,267,130,34
97,92,p343_094,237,99,26
97,93,p343_095,171,66,1
97,94,p343_096,209,91,27
97,95,p343_097,107,32,18
97,96,p343_098,201,70,15
97,97,p343_099,148,62,3
97,98,p343_100,272,132,27
97,99,p343_101,190,76,22
97,100,p343_102,163,71,16
97,101,p343_103,166,67,47
97,102,p343_104,190,88,29
97,103,p343_105,230,123,20
97,104,p343_106,233,109,27
97,105,p343_107,177,87,18
97,106,p343_108,177,53,73
97,107,p343_109,158,62,21
97,108,p343_110,174,64,22
97,109,p343_111,185,83,54
97,110,p343_112,194,99,32
97,111,p343_113,177,87,14
97,112,p343_114,243,120,62
97,113,p343_115,227,135,34
97,114,p343_116,210,76,17
97,115,p343_117,241,128,12
97,116,p343_118,189,129,3
97,117,p343_119,234,87,29
97,118,p343_120,182,103,6
97,119,p343_121,233,107,17
97,120,p343_122,129,58,5
97,121,p343_123,185,89,30
97,122,p343_124,182,88,77
97,123,p343_125,193,72,46
97,124,p343_126,162,64,29
97,125,p343_127,142,65,20
97,126,p343_128,154,76,6
97,127,p343_129,150,79,10
97,128,p343_130,229,118,4
97,129,p343_131,167,65,33
97,130,p343_132,251,126,6
97,131,p343_133,206,118,36
97,132,p343_134,189,73,12
97,133,p343_135,174,76,11
97,134,p343_136,225,120,20
97,135,p343_137,174,85,57
97,136,p343_139,253,111,28
97,137,p343_140,183,74,18
97,138,p343_141,170,96,11
97,139,p343_142,199,102,19
97,140,p343_143,217,114,14
97,141,p343_144,190,88,22
97,142,p343_145,197,109,3
97,143,p343_146,174,65,31
97,144,p343_147,230,108,8
97,145,p343_148,217,133,0
97,146,p343_149,193,100,23
97,147,p343_150,266,118,6
97,148,p343_151,201,88,1
97,149,p343_152,215,91,65
97,150,p343_153,171,85,21
97,151,p343_154,166,57,16
97,152,p343_155,196,75,1
97,153,p343_157,171,80,30
97,154,p343_158,185,84,20
97,155,p343_159,287,129,23
97,156,p343_160,187,112,3
97,157,p343_161,219,131,10
97,158,p343_162,180,77,1
97,159,p343_163,198,102,6
97,160,p343_164,154,63,27
97,161,p343_165,161,85,7
97,162,p343_166,234,126,33
97,163,p343_167,202,72,78
97,164,p343_168,163,92,0
97,165,p343_169,230,129,12
97,166,p343_170,255,105,4
97,167,p343_171,211,116,11
97,168,p343_172,242,108,25
97,169,p343_173,210,121,4
97,170,p343_174,179,73,5
97,171,p343_175,257,124,29
97,172,p343_176,211,114,7
97,173,p343_177,225,100,23
97,174,p343_178,187,98,6
97,175,p343_179,234,127,11
97,176,p343_180,200,98,10
97,177,p343_181,158,79,18
97,178,p343_182,211,98,29
97,179,p343_183,195,104,8
97,180,p343_184,205,113,12
97,181,p343_185,190,106,15
97,182,p343_186,218,116,13
97,183,p343_187,366,186,117
97,184,p343_188,166,92,9
97,185,p343_189,187,83,22
97,186,p343_190,214,107,10
97,187,p343_191,152,57,19
97,188,p343_192,182,93,4
97,189,p343_193,183,74,4
97,190,p343_194,295,192,2
97,191,p343_195,153,85,7
97,192,p343_196,153,65,26
97,193,p343_197,276,141,22
97,194,p343_198,147,74,9
97,195,p343_199,159,54,32
97,196,p343_201,214,98,34
97,197,p343_202,178,104,2
97,198,p343_203,227,130,12
97,199,p343_204,216,95,67
97,200,p343_205,222,107,56
98,1,p345_001,137,47,14
98,2,p345_002,295,124,54
98,3,p345_003,476,240,52
98,4,p345_004,320,181,20
98,5,p345_005,434,257,28
98,6,p345_006,403,228,50
98,7,p345_007,311,191,68
98,8,p345_008,496,311,95
98,9,p345_009,309,168,31
98,10,p345_010,193,94,4
98,11,p345_011,416,261,27
98,12,p345_012,354,148,103
98,13,p345_013,319,147,72
98,14,p345_014,309,203,49
98,15,p345_015,364,261,17
98,16,p345_016,398,268,54
98,17,p345_017,246,118,80
98,18,p345_018,361,214,78
98,19,p345_019,433,274,81
98,20,p345_020,269,150,48
98,21,p345_021,566,334,33
98,22,p345_022,449,265,42
98,23,p345_023,726,455,146
98,24,p345_024,419,331,10
98,25,p345_025,184,56,38
98,26,p345_026,179,53,38
98,27,p345_027,154,56,33
98,28,p345_028,185,62,86
98,29,p345_029,184,54,84
98,30,p345_030,174,73,38
98,31,p345_031,185,66,24
98,32,p345_032,143,63,25
98,33,p345_033,230,58,145
98,34,p345_034,206,39,99
98,35,p345_035,205,71,98
98,36,p345_036,266,79,138
98,37,p345_037,190,74,59
98,38,p345_038,188,74,101
98,39,p345_039,169,68,40
98,40,p345_040,225,125,41
98,41,p345_041,172,57,72
98,42,p345_042,207,91,42
98,43,p345_043,211,113,54
98,44,p345_044,162,69,59
98,45,p345_045,206,85,47
98,46,p345_046,201,101,58
98,47,p345_047,217,88,27
98,48,p345_048,171,43,29
98,49,p345_049,138,57,30
98,50,p345_050,222,137,63
98,51,p345_051,209,42,57
98,52,p345_052,147,58,25
98,53,p345_053,149,51,54
98,54,p345_054,198,85,75
98,55,p345_055,202,79,60
98,56,p345_056,219,85,78
98,57,p345_057,191,80,66
98,58,p345_058,166,64,15
98,59,p345_059,203,86,91
98,60,p345_060,177,71,50
98,61,p345_061,153,55,73
98,62,p345_062,185,89,52
98,63,p345_063,179,79,45
98,64,p345_064,174,78,75
98,65,p345_065,155,65,83
98,66,p345_066,176,51,103
98,67,p345_067,139,43,50
98,68,p345_068,146,39,89
98,69,p345_069,283,168,90
98,70,p345_070,204,89,89
98,71,p345_071,134,38,29
98,72,p345_072,198,88,91
98,73,p345_073,173,72,83
98,74,p345_074,171,75,84
98,75,p345_075,198,95,68
98,76,p345_076,198,92,66
98,77,p345_077,216,80,107
98,78,p345_078,150,52,76
98,79,p345_079,134,37,66
98,80,p345_080,195,107,66
98,81,p345_081,165,70,77
98,82,p345_082,139,46,65
98,83,p345_083,137,40,24
98,84,p345_084,224,122,78
98,85,p345_085,179,79,26
98,86,p345_086,200,81,28
98,87,p345_087,141,46,44
98,88,p345_088,184,68,56
98,89,p345_089,164,69,37
98,90,p345_090,161,72,54
98,91,p345_091,169,72,67
98,92,p345_092,148,72,56
98,93,p345_093,224,98,80
98,94,p345_094,180,59,48
98,95,p345_095,160,72,41
98,96,p345_096,145,58,47
98,97,p345_097,174,89,51
98,98,p345_098,187,84,89
98,99,p345_099,129,34,76
98,100,p345_100,185,100,52
98,101,p345_101,181,93,68
98,102,p345_102,182,84,67
98,103,p345_103,163,63,19
98,104,p345_104,206,94,60
98,105,p345_105,177,82,6
98,106,p345_106,182,88,10
98,107,p345_107,161,71,53
98,108,p345_108,163,59,65
98,109,p345_109,125,32,67
98,110,p345_110,180,78,77
98,111,p345_111,203,90,85
98,112,p345_112,107,47,11
98,113,p345_113,158,75,59
98,114,p345_114,133,37,61
98,115,p345_115,265,88,134
98,116,p345_116,219,113,70
98,117,p345_117,138,54,34
98,118,p345_118,159,65,68
98,119,p345_119,161,56,65
98,120,p345_120,166,71,50
98,121,p345_121,208,89,76
98,122,p345_122,198,107,73
98,123,p345_123,281,94,89
98,124,p345_124,278,58,130
98,125,p345_125,331,58,163
98,126,p345_126,324,130,137
98,127,p345_127,386,137,217
98,128,p345_128,171,58,59
98,129,p345_129,238,51,166
98,130,p345_130,203,97,58
98,131,p345_131,240,96,100
98,132,p345_132,238,78,117
98,133,p345_133,209,80,115
98,134,p345_134,193,86,76
98,135,p345_135,230,67,133
98,136,p345_136,169,84,55
98,137,p345_137,174,59,71
98,138,p345_138,132,54,68
98,139,p345_139,173,69,90
98,140,p345_140,208,91,88
98,141,p345_141,150,68,37
98,142,p345_142,161,73,54
98,143,p345_143,219,103,62
98,144,p345_144,201,65,50
98,145,p345_145,182,68,42
98,146,p345_146,198,92,58
98,147,p345_147,150,64,49
98,148,p345_148,134,66,48
98,149,p345_149,137,43,34
98,150,p345_150,199,103,48
98,151,p345_151,161,82,61
98,152,p345_152,159,58,52
98,153,p345_153,166,88,37
98,154,p345_154,158,69,33
98,155,p345_155,185,76,59
98,156,p345_156,149,71,7
98,157,p345_157,142,61,23
98,158,p345_158,158,87,50
98,159,p345_159,197,107,73
98,160,p345_160,142,45,30
98,161,p345_161,168,67,37
98,162,p345_162,154,60,45
98,163,p345_163,166,49,55
98,164,p345_164,202,80,86
98,165,p345_165,200,80,82
98,166,p345_166,176,85,60
98,167,p345_167,174,90,41
98,168,p345_168,190,53,71
98,169,p345_169,198,92,81
98,170,p345_170,206,76,91
98,171,p345_171,185,49,64
98,172,p345_172,217,104,39
98,173,p345_173,192,80,54
98,174,p345_174,175,67,72
98,175,p345_175,163,62,41
98,176,p345_176,142,46,63
98,177,p345_177,150,39,71
98,178,p345_178,173,43,96
98,179,p345_179,144,70,57
98,180,p345_180,231,66,152
98,181,p345_181,138,55,45
98,182,p345_182,180,72,73
98,183,p345_183,182,62,89
98,184,p345_184,216,85,98
98,185,p345_185,290,74,146
98,186,p345_186,187,39,101
98,187,p345_187,250,53,135
98,188,p345_188,347,100,219
98,189,p345_189,310,93,142
98,190,p345_190,323,74,216
98,191,p345_191,252,82,101
98,192,p345_192,220,109,61
98,193,p345_193,243,62,98
98,194,p345_194,222,68,80
98,195,p345_195,253,78,145
98,196,p345_196,354,74,213
98,197,p345_197,171,61,93
98,198,p345_198,321,113,187
98,199,p345_199,154,43,37
98,200,p345_200,202,89,64
99,1,p347_001,150,52,2
99,2,p347_002,266,96,30
99,3,p347_003,495,189,82
99,4,p347_004,330,154,1
99,5,p347_005,476,308,4
99,6,p347_006,388,217,2
99,7,p347_007,302,173,1
99,8,p347_008,544,328,7
99,9,p347_009,302,177,2
99,10,p347_010,222,109,0
99,11,p347_011,513,332,0
99,12,p347_012,318,176,2
99,13,p347_013,299,157,9
99,14,p347_014,333,212,0
99,15,p347_015,387,234,10
99,16,p347_016,435,301,4
99,17,p347_017,249,117,11
99,18,p347_018,398,226,0
99,19,p347_019,558,310,16
99,20,p347_020,305,184,5
99,21,p347_021,664,386,10
99,22,p347_022,462,278,12
99,23,p347_023,820,512,0
99,24,p347_024,449,301,4
99,25,p347_025,206,96,1
99,26,p347_026,206,111,0
99,27,p347_027,221,101,20
99,28,p347_028,177,67,12
99,29,p347_029,242,131,11
99,30,p347_030,259,96,30
99,31,p347_031,209,84,31
99,32,p347_032,211,96,1
99,33,p347_033,241,130,10
99,34,p347_034,190,92,0
99,35,p347_035,196,89,4
99,36,p347_036,185,80,0
99,37,p347_037,203,112,0
99,38,p347_038,177,88,2
99,39,p347_039,179,81,5
99,40,p347_040,211,86,29
99,41,p347_041,278,182,7
99,42,p347_043,185,157,0
99,43,p347_044,186,74,7
99,44,p347_045,233,83,20
99,45,p347_046,211,118,4
99,46,p347_047,203,84,10
99,47,p347_048,193,110,3
99,48,p347_049,158,65,1
99,49,p347_050,161,75,24
99,50,p347_051,217,101,0
99,51,p347_052,131,62,0
99,52,p347_053,246,121,2
99,53,p347_054,275,134,2
99,54,p347_055,211,100,3
99,55,p347_056,189,87,3
99,56,p347_057,139,56,2
99,57,p347_058,227,115,47
99,58,p347_059,214,102,0
99,59,p347_060,177,87,3
99,60,p347_061,195,116,14
99,61,p347_062,211,92,1
99,62,p347_063,179,86,6
99,63,p347_064,142,61,3
99,64,p347_065,166,64,0
99,65,p347_066,139,52,6
99,66,p347_067,163,79,0
99,67,p347_068,134,60,2
99,68,p347_069,193,95,3
99,69,p347_070,206,97,28
99,70,p347_071,222,93,5
99,71,p347_072,238,119,4
99,72,p347_073,179,92,18
99,73,p347_074,203,115,5
99,74,p347_075,209,87,13
99,75,p347_076,182,85,2
99,76,p347_077,139,48,0
99,77,p347_078,174,80,0
99,78,p347_079,230,113,16
99,79,p347_080,201,88,7
99,80,p347_081,118,40,0
99,81,p347_082,167,64,9
99,82,p347_083,166,77,0
99,83,p347_084,294,170,2
99,84,p347_085,249,148,0
99,85,p347_086,174,58,0
99,86,p347_087,193,85,0
99,87,p347_088,297,151,2
99,88,p347_089,169,70,4
99,89,p347_090,171,81,0
99,90,p347_091,131,59,4
99,91,p347_092,198,57,10
99,92,p347_093,245,128,7
99,93,p347_094,190,81,0
99,94,p347_095,139,61,0
99,95,p347_096,179,86,0
99,96,p347_097,209,53,0
99,97,p347_098,181,66,2
99,98,p347_099,177,79,4
99,99,p347_100,169,69,7
99,100,p347_101,185,97,12
99,101,p347_102,145,74,1
99,102,p347_103,200,107,1
99,103,p347_104,177,83,1
99,104,p347_105,131,64,6
99,105,p347_106,174,86,1
99,106,p347_107,147,75,0
99,107,p347_108,158,58,10
99,108,p347_109,254,147,2
99,109,p347_110,169,81,0
99,110,p347_111,219,111,3
99,111,p347_112,209,119,0
99,112,p347_113,139,64,3
99,113,p347_114,203,110,9
99,114,p347_115,169,89,0
99,115,p347_116,163,70,7
99,116,p347_117,225,111,0
99,117,p347_118,172,74,15
99,118,p347_119,227,117,17
99,119,p347_120,246,151,28
99,120,p347_121,241,132,0
99,121,p347_122,166,50,2
99,122,p347_123,222,131,0
99,123,p347_124,150,76,8
99,124,p347_125,216,109,10
99,125,p347_126,195,83,15
99,126,p347_127,227,96,21
99,127,p347_128,217,116,18
99,128,p347_129,214,123,23
99,129,p347_130,222,129,6
99,130,p347_131,171,82,26
99,131,p347_132,193,90,1
99,132,p347_133,163,88,0
99,133,p347_134,193,88,0
99,134,p347_135,182,108,3
99,135,p347_136,145,80,1
99,136,p347_137,169,79,0
99,137,p347_138,164,69,0
99,138,p347_139,158,78,2
99,139,p347_140,217,113,0
99,140,p347_141,187,90,4
99,141,p347_142,179,103,0
99,142,p347_143,203,129,0
99,143,p347_144,201,118,1
99,144,p347_145,173,78,25
99,145,p347_146,214,88,9
99,146,p347_147,222,128,2
99,147,p347_148,142,64,1
99,148,p347_149,153,74,1
99,149,p347_150,147,70,0
99,150,p347_151,176,74,6
99,151,p347_152,191,110,3
99,152,p347_153,150,61,0
99,153,p347_154,217,115,0
99,154,p347_155,185,80,1
99,155,p347_156,204,102,3
99,156,p347_157,174,83,0
99,157,p347_158,187,90,2
99,158,p347_159,169,94,0
99,159,p347_160,182,90,0
99,160,p347_161,134,72,0
99,161,p347_162,206,113,1
99,162,p347_163,188,87,1
99,163,p347_164,198,118,2
99,164,p347_165,182,86,3
99,165,p347_166,238,136,6
99,166,p347_167,158,66,0
99,167,p347_168,257,150,2
99,168,p347_169,203,89,6
99,169,p347_170,161,93,0
99,170,p347_171,209,119,0
99,171,p347_172,262,134,1
99,172,p347_173,139,65,14
99,173,p347_174,142,67,2
99,174,p347_175,187,64,32
99,175,p347_176,235,137,0
99,176,p347_177,163,63,0
99,177,p347_178,195,96,0
99,178,p347_179,155,81,3
99,179,p347_180,222,133,4
99,180,p347_181,185,91,7
99,181,p347_182,246,168,0
99,182,p347_183,187,82,4
99,183,p347_184,166,94,1
99,184,p347_185,137,75,0
99,185,p347_186,129,69,0
99,186,p347_187,145,84,0
99,187,p347_188,203,99,4
99,188,p347_189,171,89,4
99,189,p347_190,158,72,12
99,190,p347_191,217,131,9
99,191,p347_192,185,83,5
99,192,p347_193,187,97,2
99,193,p347_194,241,131,13
99,194,p347_195,263,150,1
99,195,p347_196,275,112,3
99,196,p347_197,225,131,0
99,197,p347_198,145,60,1
99,198,p347_199,153,62,15
99,199,p347_200,131,73,0
99,200,p347_201,171,84,4
100,1,p351_001,145,104,0
100,2,p351_002,226,138,7
100,3,p351_003,453,250,43
100,4,p351_004,294,164,26
100,5,p351_005,355,239,16
100,6,p351_006,358,234,42
100,7,p351_007,283,186,56
100,8,p351_008,431,278,27
100,9,p351_009,293,176,53
100,10,p351_010,216,92,83
100,11,p351_011,428,278,47
100,12,p351_012,289,164,58
100,13,p351_013,278,175,19
100,14,p351_014,304,210,6
100,15,p351_015,395,288,11
100,16,p351_016,411,265,29
100,17,p351_017,257,132,44
100,18,p351_018,353,207,31
100,19,p351_019,430,274,12
100,20,p351_020,273,184,10
100,21,p351_021,547,344,53
100,22,p351_022,393,254,20
100,23,p351_023,611,431,38
100,24,p351_024,383,297,11
100,25,p351_025,171,65,34
100,26,p351_026,185,90,37
100,27,p351_027,197,93,51
100,28,p351_028,145,64,5
100,29,p351_029,143,57,26
100,30,p351_030,193,76,31
100,31,p351_031,196,103,18
100,32,p351_032,213,106,23
100,33,p351_033,219,108,15
100,34,p351_034,171,87,20
100,35,p351_035,165,73,40
100,36,p351_036,161,65,30
100,37,p351_037,171,73,46
100,38,p351_038,163,66,11
100,39,p351_039,166,63,15
100,40,p351_040,176,69,72
100,41,p351_041,187,80,74
100,42,p351_042,156,64,27
100,43,p351_043,212,93,29
100,44,p351_044,172,52,23
100,45,p351_045,181,63,30
100,46,p351_046,185,76,44
100,47,p351_047,177,65,91
100,48,p351_048,155,49,11
100,49,p351_049,170,98,30
100,50,p351_050,138,83,17
100,51,p351_051,144,53,10
100,52,p351_052,167,41,25
100,53,p351_053,218,96,36
100,54,p351_054,163,98,5
100,55,p351_055,165,80,27
100,56,p351_056,188,113,26
100,57,p351_057,186,77,23
100,58,p351_058,161,56,23
100,59,p351_059,207,89,68
100,60,p351_060,186,83,24
100,61,p351_061,174,82,14
100,62,p351_062,157,74,10
100,63,p351_063,171,70,66
100,64,p351_064,161,72,47
100,65,p351_065,200,112,19
100,66,p351_066,176,86,38
100,67,p351_067,134,60,0
100,68,p351_068,164,64,21
100,69,p351_069,222,109,19
100,70,p351_070,181,60,31
100,71,p351_071,201,96,21
100,72,p351_072,173,79,12
100,73,p351_073,172,81,4
100,74,p351_074,239,124,46
100,75,p351_075,189,74,33
100,76,p351_076,189,89,11
100,77,p351_077,163,78,50
100,78,p351_078,166,60,9
100,79,p351_079,176,73,16
100,80,p351_080,139,52,16
100,81,p351_081,212,123,8
100,82,p351_082,215,110,14
100,83,p351_083,235,98,5
100,84,p351_084,180,69,4
100,85,p351_085,220,125,1
100,86,p351_086,178,83,2
100,87,p351_087,226,82,20
100,88,p351_088,214,111,5
100,89,p351_089,211,113,15
100,90,p351_090,166,69,7
100,91,p351_091,152,60,8
100,92,p351_092,193,60,51
100,93,p351_093,194,83,20
100,94,p351_094,218,90,10
100,95,p351_095,313,140,40
100,96,p351_096,214,83,32
100,97,p351_097,253,116,25
100,98,p351_098,183,47,25
100,99,p351_099,197,87,27
100,100,p351_100,220,119,14
100,101,p351_101,200,81,22
100,102,p351_102,137,55,4
100,103,p351_103,183,85,10
100,104,p351_104,169,90,18
100,105,p351_106,185,54,31
100,106,p351_107,190,48,90
100,107,p351_108,153,65,17
100,108,p351_109,127,40,32
100,109,p351_110,199,93,20
100,110,p351_111,151,75,18
100,111,p351_112,196,108,33
100,112,p351_113,127,44,19
100,113,p351_114,195,137,0
100,114,p351_115,176,100,19
100,115,p351_116,174,62,3
100,116,p351_117,139,57,2
100,117,p351_118,193,101,4
100,118,p351_119,191,75,37
100,119,p351_120,169,84,7
100,120,p351_121,164,56,32
100,121,p351_122,171,72,42
100,122,p351_123,192,118,12
100,123,p351_124,195,115,6
100,124,p351_125,203,117,17
100,125,p351_126,211,122,7
100,126,p351_127,198,86,1
100,127,p351_128,214,111,5
100,128,p351_129,191,95,6
100,129,p351_130,126,45,18
100,130,p351_131,177,91,3
100,131,p351_132,233,97,4
100,132,p351_133,182,51,23
100,133,p351_134,253,80,12
100,134,p351_135,134,55,3
100,135,p351_136,220,134,2
100,136,p351_137,178,84,5
100,137,p351_138,275,138,13
100,138,p351_139,202,122,12
100,139,p351_140,149,69,18
100,140,p351_141,161,63,19
100,141,p351_142,222,122,7
100,142,p351_143,162,95,1
100,143,p351_144,172,85,2
100,144,p351_145,131,34,3
100,145,p351_146,176,79,3
100,146,p351_147,152,80,5
100,147,p351_148,220,76,6
100,148,p351_149,169,50,24
100,149,p351_150,227,106,24
100,150,p351_151,166,52,6
100,151,p351_152,189,77,6
100,152,p351_153,193,125,0
100,153,p351_154,214,81,14
100,154,p351_155,258,96,7
100,155,p351_156,265,90,26
100,156,p351_157,211,124,3
100,157,p351_158,195,82,22
100,158,p351_159,283,116,52
100,159,p351_160,159,69,10
100,160,p351_161,284,120,0
100,161,p351_162,244,114,51
100,162,p351_163,275,121,53
100,163,p351_164,226,84,39
100,164,p351_165,153,59,6
100,165,p351_166,162,79,8
100,166,p351_167,200,89,19
100,167,p351_168,217,65,47
100,168,p351_169,291,75,61
100,169,p351_170,158,78,8
100,170,p351_171,207,100,45
100,171,p351_172,173,56,27
100,172,p351_173,164,93,1
100,173,p351_174,283,47,37
100,174,p351_175,272,108,31
100,175,p351_176,238,62,41
100,176,p351_177,139,69,2
100,177,p351_178,167,86,6
100,178,p351_179,226,114,0
100,179,p351_180,194,110,15
100,180,p351_181,199,101,7
100,181,p351_182,215,92,10
100,182,p351_183,204,67,25
100,183,p351_184,170,75,7
100,184,p351_185,247,114,14
100,185,p351_186,167,83,3
100,186,p351_187,180,66,19
100,187,p351_188,190,87,21
100,188,p351_189,193,87,17
100,189,p351_190,170,79,8
100,190,p351_191,228,110,0
100,191,p351_192,158,69,10
100,192,p351_193,175,87,4
100,193,p351_194,220,111,0
100,194,p351_195,172,91,7
100,195,p351_196,249,114,15
100,196,p351_197,200,89,4
100,197,p351_198,167,91,11
100,198,p351_199,174,75,29
100,199,p351_200,167,77,9
100,200,p351_201,182,103,0
101,1,p360_001,137,63,24
101,2,p360_002,223,118,49
101,3,p360_003,406,271,25
101,4,p360_004,409,145,115
101,5,p360_005,398,284,16
101,6,p360_006,457,215,136
101,7,p360_007,369,188,52
101,8,p360_008,464,294,60
101,9,p360_009,315,172,52
101,10,p360_010,196,90,54
101,11,p360_011,434,329,14
101,12,p360_012,298,178,51
101,13,p360_013,284,192,20
101,14,p360_014,308,188,35
101,15,p360_015,373,228,42
101,16,p360_016,404,255,53
101,17,p360_017,244,138,58
101,18,p360_018,344,182,83
101,19,p360_019,438,279,42
101,20,p360_020,271,156,34
101,21,p360_021,542,379,33
101,22,p360_022,413,300,16
101,23,p360_023,734,454,122
101,24,p360_024,445,280,80
101,25,p360_025,196,98,39
101,26,p360_026,161,73,47
101,27,p360_027,115,27,47
101,28,p360_028,142,49,69
101,29,p360_029,150,51,59
101,30,p360_030,161,69,31
101,31,p360_031,158,58,46
101,32,p360_032,177,73,57
101,33,p360_033,197,93,65
101,34,p360_034,177,59,59
101,35,p360_035,149,65,49
101,36,p360_036,199,89,61
101,37,p360_037,216,101,73
101,38,p360_038,153,51,68
101,39,p360_039,159,53,51
101,40,p360_040,161,51,76
101,41,p360_041,237,113,82
101,42,p360_042,187,90,64
101,43,p360_043,134,58,19
101,44,p360_044,237,114,68
101,45,p360_045,178,69,28
101,46,p360_046,153,48,73
101,47,p360_047,234,113,63
101,48,p360_048,135,38,47
101,49,p360_049,152,43,72
101,50,p360_050,183,53,79
101,51,p360_051,158,103,6
101,52,p360_052,156,60,23
101,53,p360_053,159,82,27
101,54,p360_054,134,71,11
101,55,p360_055,178,91,48
101,56,p360_056,161,76,18
101,57,p360_057,229,65,91
101,58,p360_058,195,92,53
101,59,p360_059,213,119,7
101,60,p360_060,172,74,59
101,61,p360_061,163,71,31
101,62,p360_062,151,67,26
101,63,p360_063,147,60,5
101,64,p360_064,198,93,46
101,65,p360_065,191,76,12
101,66,p360_066,163,73,33
101,67,p360_067,166,84,9
101,68,p360_068,210,106,39
101,69,p360_069,183,68,91
101,70,p360_070,196,91,57
101,71,p360_071,144,33,37
101,72,p360_072,190,85,49
101,73,p360_073,199,83,80
101,74,p360_074,154,66,26
101,75,p360_075,143,44,25
101,76,p360_076,239,66,136
101,77,p360_077,170,68,40
101,78,p360_078,160,67,45
101,79,p360_079,161,57,81
101,80,p360_080,161,81,15
101,81,p360_081,189,87,17
101,82,p360_082,157,60,36
101,83,p360_083,153,63,16
101,84,p360_084,222,139,38
101,85,p360_085,214,100,19
101,86,p360_086,201,99,37
101,87,p360_087,176,59,31
101,88,p360_088,163,62,25
101,89,p360_089,185,82,25
101,90,p360_090,229,114,10
101,91,p360_091,205,98,73
101,92,p360_092,137,62,1
101,93,p360_093,173,80,34
101,94,p360_094,169,61,28
101,95,p360_095,142,54,30
101,96,p360_096,169,67,44
101,97,p360_097,171,63,35
101,98,p360_098,206,102,24
101,99,p360_099,171,86,3
101,100,p360_100,169,94,7
101,101,p360_101,190,76,25
101,102,p360_102,129,53,21
101,103,p360_103,163,64,41
101,104,p360_104,126,56,12
101,105,p360_105,145,80,11
101,106,p360_106,198,120,0
101,107,p360_107,179,92,16
101,108,p360_108,163,78,20
101,109,p360_109,160,73,27
101,110,p360_110,196,107,12
101,111,p360_111,153,69,14
101,112,p360_112,208,127,6
101,113,p360_113,123,59,0
101,114,p360_114,202,99,57
101,115,p360_115,163,69,12
101,116,p360_116,190,95,26
101,117,p360_117,147,79,0
101,118,p360_118,129,60,41
101,119,p360_119,155,55,69
101,120,p360_120,182,77,64
101,121,p360_121,134,57,18
101,122,p360_122,198,89,42
101,123,p360_123,196,86,64
101,124,p360_124,202,80,57
101,125,p360_125,179,66,34
101,126,p360_126,110,24,33
101,127,p360_127,192,87,76
101,128,p360_128,131,51,23
101,129,p360_129,164,67,43
101,130,p360_130,177,70,37
101,131,p360_131,233,110,69
101,132,p360_132,171,66,75
101,133,p360_133,155,65,20
101,134,p360_134,189,89,42
101,135,p360_135,143,46,39
101,136,p360_136,169,58,22
101,137,p360_137,193,76,73
101,138,p360_138,158,68,1
101,139,p360_139,198,102,48
101,140,p360_140,163,72,18
101,141,p360_141,157,48,37
101,142,p360_142,134,51,18
101,143,p360_143,158,52,58
101,144,p360_144,142,36,53
101,145,p360_145,160,60,39
101,146,p360_146,152,46,37
101,147,p360_147,173,71,43
101,148,p360_148,158,64,53
101,149,p360_149,212,109,58
101,150,p360_150,182,81,64
101,151,p360_151,155,65,20
101,152,p360_152,153,41,33
101,153,p360_153,172,74,37
101,154,p360_154,190,92,26
101,155,p360_155,156,61,46
101,156,p360_156,195,85,56
101,157,p360_157,225,114,23
101,158,p360_158,241,157,47
101,159,p360_159,177,73,51
101,160,p360_160,195,84,65
101,161,p360_161,163,70,56
101,162,p360_162,146,62,40
101,163,p360_163,150,65,30
101,164,p360_164,187,87,31
101,165,p360_165,158,71,22
101,166,p360_166,142,57,59
101,167,p360_167,185,101,17
101,168,p360_168,150,68,12
101,169,p360_169,163,60,37
101,170,p360_170,171,63,34
101,171,p360_171,155,64,32
101,172,p360_172,155,51,37
101,173,p360_173,166,71,35
101,174,p360_174,165,63,25
101,175,p360_175,203,108,37
101,176,p360_176,175,60,47
101,177,p360_177,183,75,16
101,178,p360_178,205,91,39
101,179,p360_179,184,73,54
101,180,p360_180,151,59,19
101,181,p360_181,142,54,44
101,182,p360_182,197,88,41
101,183,p360_183,126,50,4
101,184,p360_184,192,86,36
101,185,p360_185,167,60,33
101,186,p360_186,174,79,18
101,187,p360_187,186,86,12
101,188,p360_188,199,101,53
101,189,p360_189,167,63,47
101,190,p360_190,123,38,32
101,191,p360_191,153,60,50
101,192,p360_192,164,71,31
101,193,p360_193,173,77,63
101,194,p360_194,171,48,82
101,195,p360_195,169,74,39
101,196,p360_196,174,58,65
101,197,p360_197,168,63,68
101,198,p360_198,155,65,18
101,199,p360_199,255,110,58
101,200,p360_200,235,109,45
102,1,p361_001,142,56,19
102,2,p361_002,230,92,26
102,3,p361_003,420,222,38
102,4,p361_004,290,128,68
102,5,p361_005,376,233,38
102,6,p361_006,367,189,96
102,7,p361_007,313,153,60
102,8,p361_008,445,253,107
102,9,p361_009,279,135,94
102,10,p361_010,174,79,59
102,11,p361_011,395,254,10
102,12,p361_012,307,140,78
102,13,p361_013,281,147,36
102,14,p361_014,297,153,61
102,15,p361_015,358,218,43
102,16,p361_016,430,230,112
102,17,p361_017,220,105,57
102,18,p361_018,321,165,86
102,19,p361_019,481,241,132
102,20,p361_020,253,129,64
102,21,p361_021,564,260,140
102,22,p361_022,417,207,121
102,23,p361_023,657,372,168
102,24,p361_024,396,256,57
102,25,p361_025,147,51,46
102,26,p361_026,174,85,40
102,27,p361_027,193,86,37
102,28,p361_028,185,62,61
102,29,p361_029,174,63,95
102,30,p361_030,169,59,45
102,31,p361_031,179,103,60
102,32,p361_032,162,50,79
102,33,p361_033,186,67,52
102,34,p361_034,177,82,58
102,35,p361_035,179,60,99
102,36,p361_036,166,46,86
102,37,p361_037,179,54,50
102,38,p361_038,147,54,69
102,39,p361_039,179,76,33
102,40,p361_040,179,86,71
102,41,p361_041,143,56,7
102,42,p361_042,162,65,75
102,43,p361_043,140,45,65
102,44,p361_044,134,54,8
102,45,p361_045,193,95,78
102,46,p361_046,155,53,44
102,47,p361_047,134,55,0
102,48,p361_048,185,68,72
102,49,p361_049,219,71,109
102,50,p361_050,183,55,65
102,51,p361_051,179,59,27
102,52,p361_052,214,92,76
102,53,p361_053,164,58,79
102,54,p361_054,193,96,61
102,55,p361_055,191,70,86
102,56,p361_056,143,50,54
102,57,p361_057,155,35,70
102,58,p361_058,178,68,69
102,59,p361_059,155,50,61
102,60,p361_060,230,93,55
102,61,p361_061,190,50,124
102,62,p361_062,150,54,65
102,63,p361_063,170,67,73
102,64,p361_064,174,62,91
102,65,p361_065,185,82,49
102,66,p361_066,153,63,28
102,67,p361_067,241,49,125
102,68,p361_068,166,60,56
102,69,p361_069,176,49,88
102,70,p361_070,182,72,76
102,71,p361_071,184,83,13
102,72,p361_072,184,80,69
102,73,p361_073,146,55,24
102,74,p361_074,166,50,99
102,75,p361_075,148,56,70
102,76,p361_076,289,77,182
102,77,p361_077,169,64,77
102,78,p361_078,138,36,37
102,79,p361_079,185,100,54
102,80,p361_080,123,42,7
102,81,p361_081,166,74,56
102,82,p361_082,206,104,57
102,83,p361_083,145,41,50
102,84,p361_084,150,69,70
102,85,p361_085,145,48,51
102,86,p361_086,171,65,80
102,87,p361_087,200,72,72
102,88,p361_088,174,55,26
102,89,p361_089,171,70,86
102,90,p361_090,123,50,42
102,91,p361_091,152,34,105
102,92,p361_092,246,72,137
102,93,p361_093,113,56,11
102,94,p361_094,160,47,52
102,95,p361_095,239,77,81
102,96,p361_096,190,68,71
102,97,p361_097,188,59,76
102,98,p361_098,219,71,65
102,99,p361_099,229,90,105
102,100,p361_100,215,57,72
102,101,p361_101,201,39,147
102,102,p361_102,190,49,119
102,103,p361_103,251,56,79
102,104,p361_104,165,68,60
102,105,p361_105,207,106,77
102,106,p361_106,178,70,95
102,107,p361_107,249,58,151
102,108,p361_108,185,64,105
102,109,p361_109,216,60,85
102,110,p361_110,285,60,151
102,111,p361_111,147,55,51
102,112,p361_112,237,118,39
102,113,p361_113,207,39,81
102,114,p361_114,393,70,199
102,115,p361_115,196,99,52
102,116,p361_116,194,63,97
102,117,p361_117,194,70,86
102,118,p361_118,241,58,111
102,119,p361_119,193,85,71
102,120,p361_120,153,47,41
102,121,p361_121,163,54,48
102,122,p361_122,190,65,80
102,123,p361_123,254,68,116
102,124,p361_124,195,72,30
102,125,p361_125,138,36,31
102,126,p361_126,223,53,119
102,127,p361_127,267,92,120
102,128,p361_128,225,65,89
102,129,p361_129,134,57,41
102,130,p361_130,198,81,39
102,131,p361_131,224,99,96
102,132,p361_132,181,35,127
102,133,p361_133,193,76,89
102,134,p361_134,158,47,72
102,135,p361_135,191,73,98
102,136,p361_136,246,66,155
102,137,p361_137,131,39,68
102,138,p361_138,185,86,61
102,139,p361_139,235,77,135
102,140,p361_140,195,62,114
102,141,p361_141,241,83,115
102,142,p361_142,244,64,132
102,143,p361_143,209,96,58
102,144,p361_144,220,48,116
102,145,p361_145,170,68,77
102,146,p361_146,161,41,106
102,147,p361_147,198,78,55
102,148,p361_148,193,69,66
102,149,p361_149,193,56,117
102,150,p361_150,198,46,94
102,151,p361_151,198,52,66
102,152,p361_152,203,54,63
102,153,p361_153,211,59,87
102,154,p361_154,174,60,54
102,155,p361_155,158,57,49
102,156,p361_156,157,47,63
102,157,p361_157,217,55,97
102,158,p361_158,203,71,94
102,159,p361_159,153,59,59
102,160,p361_160,264,41,174
102,161,p361_161,177,79,55
102,162,p361_162,185,71,86
102,163,p361_163,142,41,81
102,164,p361_164,159,57,50
102,165,p361_165,174,66,77
102,166,p361_166,201,50,75
102,167,p361_167,179,53,93
102,168,p361_168,150,68,47
102,169,p361_169,151,42,59
102,170,p361_170,153,52,75
102,171,p361_171,147,49,76
102,172,p361_172,172,75,79
102,173,p361_173,115,32,35
102,174,p361_174,176,63,79
102,175,p361_175,145,49,75
102,176,p361_176,171,67,61
102,177,p361_177,203,92,55
102,178,p361_178,143,31,59
102,179,p361_179,145,56,67
102,180,p361_180,139,45,27
102,181,p361_181,137,36,74
102,182,p361_182,115,47,19
102,183,p361_183,178,78,67
102,184,p361_184,145,59,50
102,185,p361_185,142,43,76
102,186,p361_186,152,47,90
102,187,p361_187,121,40,30
102,188,p361_188,182,61,89
102,189,p361_189,179,56,84
102,190,p361_190,162,62,64
102,191,p361_191,153,60,61
102,192,p361_192,150,65,66
102,193,p361_193,203,84,72
102,194,p361_194,206,87,51
102,195,p361_195,126,27,19
102,196,p361_196,115,47,49
102,197,p361_197,142,48,78
102,198,p361_198,137,43,69
102,199,p361_199,150,71,45
102,200,p361_200,191,71,45
103,1,p362_002,294,135,2
103,2,p362_003,478,287,1
103,3,p362_005,432,242,18
103,4,p362_009,332,171,32
103,5,p362_010,211,86,7
103,6,p362_011,441,317,1
103,7,p362_012,298,164,1
103,8,p362_016,506,282,9
103,9,p362_017,261,125,8
103,10,p362_019,539,336,27
103,11,p362_022,522,322,32
103,12,p362_027,222,105,14
103,13,p362_028,157,57,4
103,14,p362_029,150,62,2
103,15,p362_030,163,65,18
103,16,p362_037,179,89,11
103,17,p362_039,243,123,4
103,18,p362_041,280,149,38
103,19,p362_050,179,49,8
103,20,p362_053,300,160,7
103,21,p362_054,237,93,11
103,22,p362_055,193,57,44
103,23,p362_063,233,110,30
103,24,p362_065,137,62,3
103,25,p362_069,163,76,0
103,26,p362_070,173,62,5
103,27,p362_074,137,50,6
103,28,p362_075,174,71,9
103,29,p362_095,201,100,12
103,30,p362_097,185,48,0
103,31,p362_098,249,66,21
103,32,p362_099,161,58,1
103,33,p362_100,158,64,6
103,34,p362_103,234,115,11
103,35,p362_106,145,62,21
103,36,p362_107,148,60,0
103,37,p362_108,126,47,9
103,38,p362_110,155,57,39
103,39,p362_111,223,117,26
103,40,p362_112,160,63,2
103,41,p362_113,208,92,7
103,42,p362_114,184,86,11
103,43,p362_115,150,64,2
103,44,p362_117,139,69,4
103,45,p362_119,118,35,11
103,46,p362_120,158,76,24
103,47,p362_121,121,53,3
103,48,p362_122,158,59,32
103,49,p362_125,153,70,2
103,50,p362_126,203,93,11
103,51,p362_128,220,122,2
103,52,p362_129,167,70,0
103,53,p362_134,161,76,40
103,54,p362_137,145,43,17
103,55,p362_147,176,104,6
103,56,p362_148,174,96,1
103,57,p362_153,192,99,5
103,58,p362_154,209,105,7
103,59,p362_158,217,101,6
103,60,p362_163,191,85,6
103,61,p362_168,204,78,6
103,62,p362_172,257,54,2
103,63,p362_175,172,78,0
103,64,p362_176,179,73,12
103,65,p362_178,217,98,8
103,66,p362_188,155,53,8
103,67,p362_194,281,153,5
103,68,p362_195,265,186,0
103,69,p362_197,241,120,3
103,70,p362_198,153,52,12
103,71,p362_205,169,77,10
103,72,p362_210,145,61,0
103,73,p362_211,129,53,0
103,74,p362_212,155,66,0
103,75,p362_213,225,147,0
103,76,p362_216,161,70,0
103,77,p362_222,146,47,0
103,78,p362_224,169,84,0
103,79,p362_225,195,104,0
103,80,p362_232,161,63,0
103,81,p362_242,169,90,0
103,82,p362_248,204,95,35
103,83,p362_255,163,90,9
103,84,p362_266,171,70,3
103,85,p362_271,126,54,2
103,86,p362_275,246,135,2
103,87,p362_279,236,88,0
103,88,p362_282,339,175,4
103,89,p362_286,195,81,1
103,90,p362_291,166,86,0
103,91,p362_297,179,70,11
103,92,p362_298,251,137,3
103,93,p362_299,150,76,4
103,94,p362_302,201,92,14
103,95,p362_308,134,41,15
103,96,p362_312,157,75,13
103,97,p362_317,198,110,20
103,98,p362_321,195,119,0
103,99,p362_322,198,74,3
103,100,p362_323,230,125,28
103,101,p362_329,187,79,4
103,102,p362_337,171,70,3
103,103,p362_338,185,89,1
103,104,p362_340,171,79,43
103,105,p362_344,162,59,2
103,106,p362_345,174,85,48
103,107,p362_347,161,76,23
103,108,p362_356,159,53,2
103,109,p362_362,147,63,0
103,110,p362_364,174,89,3
103,111,p362_369,174,84,40
103,112,p362_373,147,69,1
103,113,p362_374,161,63,8
103,114,p362_380,225,61,32
103,115,p362_383,241,107,13
103,116,p362_390,201,71,1
103,117,p362_392,126,41,0
103,118,p362_397,254,130,1
103,119,p362_399,240,67,10
103,120,p362_406,163,86,27
103,121,p362_410,201,105,1
103,122,p362_417,126,63,2
103,123,p362_418,151,53,0
104,1,p363_001,134,57,0
104,2,p363_002,221,109,10
104,3,p363_003,432,267,6
104,4,p363_004,302,188,7
104,5,p363_005,426,228,23
104,6,p363_006,327,219,1
104,7,p363_007,277,175,29
104,8,p363_008,479,292,10
104,9,p363_009,294,179,31
104,10,p363_010,198,124,4
104,11,p363_011,442,313,14
104,12,p363_012,275,157,45
104,13,p363_013,297,157,31
104,14,p363_014,286,196,2
104,15,p363_015,350,244,11
104,16,p363_016,380,262,17
104,17,p363_017,229,121,12
104,18,p363_018,334,205,56
104,19,p363_019,414,265,19
104,20,p363_020,253,164,23
104,21,p363_021,505,340,23
104,22,p363_022,400,291,41
104,23,p363_023,627,431,35
104,24,p363_024,393,272,3
104,25,p363_025,166,69,11
104,26,p363_026,199,97,19
104,27,p363_027,182,96,18
104,28,p363_028,159,68,6
104,29,p363_029,199,109,41
104,30,p363_030,178,64,9
104,31,p363_031,249,113,59
104,32,p363_032,216,87,29
104,33,p363_033,188,78,33
104,34,p363_034,178,71,33
104,35,p363_035,183,63,3
104,36,p363_036,179,98,0
104,37,p363_037,166,62,5
104,38,p363_038,182,74,5
104,39,p363_039,206,101,11
104,40,p363_040,169,78,15
104,41,p363_041,171,67,9
104,42,p363_042,205,90,22
104,43,p363_043,145,60,0
104,44,p363_044,158,69,0
104,45,p363_045,187,93,26
104,46,p363_046,137,43,4
104,47,p363_047,182,101,9
104,48,p363_048,149,79,0
104,49,p363_049,181,90,5
104,50,p363_050,211,70,24
104,51,p363_051,150,72,7
104,52,p363_052,214,75,37
104,53,p363_053,126,49,0
104,54,p363_054,179,90,29
104,55,p363_055,134,42,19
104,56,p363_056,182,103,52
104,57,p363_057,201,97,39
104,58,p363_058,153,72,8
104,59,p363_059,140,64,6
104,60,p363_060,121,36,6
104,61,p363_061,131,46,10
104,62,p363_062,137,53,41
104,63,p363_063,145,54,9
104,64,p363_064,166,70,4
104,65,p363_065,233,136,34
104,66,p363_066,123,48,26
104,67,p363_067,174,86,27
104,68,p363_068,206,97,49
104,69,p363_069,151,53,18
104,70,p363_070,161,76,29
104,71,p363_071,155,67,9
104,72,p363_072,195,70,57
104,73,p363_073,177,59,7
104,74,p363_074,171,79,15
104,75,p363_075,193,79,46
104,76,p363_076,188,100,28
104,77,p363_077,144,60,13
104,78,p363_078,223,91,11
104,79,p363_079,163,63,4
104,80,p363_080,230,131,69
104,81,p363_081,130,47,9
104,82,p363_082,158,75,5
104,83,p363_083,173,86,4
104,84,p363_084,153,95,29
104,85,p363_085,151,67,8
104,86,p363_086,141,41,70
104,87,p363_087,187,91,49
104,88,p363_088,174,80,7
104,89,p363_089,177,93,22
104,90,p363_090,146,67,2
104,91,p363_091,153,75,3
104,92,p363_092,190,104,0
104,93,p363_093,177,100,25
104,94,p363_094,127,50,1
104,95,p363_095,221,94,57
104,96,p363_096,147,63,46
104,97,p363_097,151,71,9
104,98,p363_098,123,40,3
104,99,p363_099,134,77,0
104,100,p363_100,202,115,4
104,101,p363_101,113,43,4
104,102,p363_102,174,84,8
104,103,p363_103,158,78,11
104,104,p363_104,146,67,3
104,105,p363_105,149,81,21
104,106,p363_106,161,67,23
104,107,p363_107,127,42,12
104,108,p363_108,163,92,5
104,109,p363_109,147,59,25
104,110,p363_110,142,62,1
104,111,p363_111,156,57,26
104,112,p363_112,139,57,2
104,113,p363_113,174,92,1
104,114,p363_114,171,81,5
104,115,p363_115,222,87,6
104,116,p363_116,190,67,5
104,117,p363_117,198,47,16
104,118,p363_118,123,42,5
104,119,p363_119,206,100,8
104,120,p363_120,206,89,7
104,121,p363_121,163,76,1
104,122,p363_122,161,72,6
104,123,p363_123,155,58,43
104,124,p363_124,142,43,14
104,125,p363_125,147,61,2
104,126,p363_126,155,53,0
104,127,p363_127,166,55,7
104,128,p363_128,147,68,30
104,129,p363_129,157,55,0
104,130,p363_130,166,83,29
104,131,p363_131,117,47,17
104,132,p363_132,171,75,9
104,133,p363_133,158,82,35
104,134,p363_134,177,76,28
104,135,p363_135,161,72,20
104,136,p363_136,145,71,1
104,137,p363_137,166,87,25
104,138,p363_138,187,87,28
104,139,p363_139,153,85,16
104,140,p363_140,134,48,34
104,141,p363_141,133,47,23
104,142,p363_142,123,72,0
104,143,p363_143,142,60,1
104,144,p363_144,118,43,13
104,145,p363_145,158,75,35
104,146,p363_146,137,61,17
104,147,p363_147,137,65,34
104,148,p363_148,139,84,0
104,149,p363_149,177,88,26
104,150,p363_150,189,75,12
104,151,p363_151,154,85,4
104,152,p363_152,141,46,43
104,153,p363_153,134,61,0
104,154,p363_154,158,81,12
104,155,p363_155,203,107,31
104,156,p363_156,155,70,5
104,157,p363_157,145,56,24
104,158,p363_158,139,66,11
104,159,p363_159,138,55,15
104,160,p363_160,163,60,15
104,161,p363_161,145,68,0
104,162,p363_162,150,57,22
104,163,p363_163,131,54,2
104,164,p363_164,149,72,0
104,165,p363_165,195,88,30
104,166,p363_166,147,71,1
104,167,p363_167,137,59,12
104,168,p363_168,166,81,25
104,169,p363_169,142,77,0
104,170,p363_170,125,57,0
104,171,p363_171,147,56,19
104,172,p363_172,145,65,4
104,173,p363_173,137,65,1
104,174,p363_174,150,68,64
104,175,p363_175,155,66,40
104,176,p363_176,166,81,13
104,177,p363_177,174,76,6
104,178,p363_178,155,101,0
104,179,p363_179,139,68,2
104,180,p363_180,146,69,2
104,181,p363_181,132,62,0
104,182,p363_182,155,93,0
104,183,p363_183,178,87,4
104,184,p363_184,185,87,3
104,185,p363_185,155,73,2
104,186,p363_186,149,64,14
104,187,p363_187,174,90,46
104,188,p363_188,164,78,7
104,189,p363_189,172,85,31
104,190,p363_190,153,80,13
104,191,p363_191,153,67,14
104,192,p363_192,161,77,34
104,193,p363_193,184,75,24
104,194,p363_194,212,109,7
104,195,p363_195,164,79,12
104,196,p363_196,169,79,20
104,197,p363_197,145,60,12
104,198,p363_198,139,67,1
104,199,p363_199,142,53,32
104,200,p363_200,147,80,3
105,1,p364_001,148,68,0
105,2,p364_002,280,162,4
105,3,p364_003,530,332,3
105,4,p364_004,372,233,4
105,5,p364_005,428,293,3
105,6,p364_006,385,275,0
105,7,p364_007,370,215,0
105,8,p364_008,582,417,1
105,9,p364_009,379,282,1
105,10,p364_010,230,113,0
105,11,p364_011,501,351,4
105,12,p364_012,334,239,1
105,13,p364_013,307,194,1
105,14,p364_014,325,237,0
105,15,p364_015,484,368,0
105,16,p364_016,481,332,27
105,17,p364_017,272,164,1
105,18,p364_018,414,266,1
105,19,p364_019,524,371,0
105,20,p364_020,296,210,6
105,21,p364_021,721,454,19
105,22,p364_022,488,355,3
105,23,p364_023,848,575,7
105,24,p364_024,548,390,0
105,25,p364_025,184,80,0
105,26,p364_026,251,140,0
105,27,p364_027,210,93,0
105,28,p364_028,204,82,23
105,29,p364_029,200,79,41
105,30,p364_030,242,117,4
105,31,p364_031,250,109,2
105,32,p364_032,200,101,1
105,33,p364_033,194,90,1
105,34,p364_034,239,156,0
105,35,p364_035,154,88,0
105,36,p364_036,219,118,3
105,37,p364_037,183,91,0
105,38,p364_038,215,110,0
105,39,p364_039,206,123,0
105,40,p364_040,205,104,0
105,41,p364_041,215,103,0
105,42,p364_042,190,114,0
105,43,p364_043,163,77,4
105,44,p364_044,218,157,0
105,45,p364_045,204,146,0
105,46,p364_046,173,71,2
105,47,p364_047,200,115,1
105,48,p364_048,212,80,33
105,49,p364_049,153,48,2
105,50,p364_050,160,53,0
105,51,p364_051,211,112,3
105,52,p364_053,174,107,0
105,53,p364_054,185,90,2
105,54,p364_055,161,78,0
105,55,p364_056,210,139,0
105,56,p364_057,209,91,23
105,57,p364_058,158,68,4
105,58,p364_059,182,88,2
105,59,p364_060,201,78,2
105,60,p364_061,171,78,0
105,61,p364_062,141,62,0
105,62,p364_063,269,115,41
105,63,p364_064,182,74,0
105,64,p364_065,182,84,4
105,65,p364_066,180,66,1
105,66,p364_067,174,76,26
105,67,p364_068,178,96,1
105,68,p364_069,195,91,33
105,69,p364_070,154,62,9
105,70,p364_071,187,99,2
105,71,p364_072,155,75,0
105,72,p364_073,230,128,0
105,73,p364_074,196,102,1
105,74,p364_075,165,60,20
105,75,p364_076,258,129,4
105,76,p364_077,139,57,2
105,77,p364_078,176,78,16
105,78,p364_079,192,88,17
105,79,p364_081,193,87,1
105,80,p364_082,166,84,4
105,81,p364_083,203,108,3
105,82,p364_084,154,57,1
105,83,p364_085,146,102,0
105,84,p364_086,163,58,6
105,85,p364_087,199,107,0
105,86,p364_088,164,71,3
105,87,p364_089,171,79,7
105,88,p364_090,200,127,0
105,89,p364_091,163,75,3
105,90,p364_092,182,109,0
105,91,p364_094,173,81,1
105,92,p364_095,191,117,0
105,93,p364_096,211,88,0
105,94,p364_097,190,96,0
105,95,p364_098,159,63,1
105,96,p364_099,142,65,0
105,97,p364_100,189,100,1
105,98,p364_101,197,102,3
105,99,p364_102,170,69,2
105,100,p364_103,184,93,1
105,101,p364_104,154,75,0
105,102,p364_105,165,73,11
105,103,p364_106,223,129,14
105,104,p364_107,168,84,3
105,105,p364_108,242,123,0
105,106,p364_109,193,89,6
105,107,p364_110,182,58,0
105,108,p364_111,185,106,0
105,109,p364_112,166,128,0
105,110,p364_113,161,59,1
105,111,p364_114,243,150,5
105,112,p364_115,181,98,0
105,113,p364_116,152,66,12
105,114,p364_117,191,99,0
105,115,p364_118,167,102,0
105,116,p364_119,209,144,0
105,117,p364_120,236,138,1
105,118,p364_121,155,75,0
105,119,p364_122,238,143,2
105,120,p364_123,153,68,0
105,121,p364_124,134,56,3
105,122,p364_125,230,144,1
105,123,p364_126,191,99,0
105,124,p364_127,156,84,2
105,125,p364_128,190,90,11
105,126,p364_129,259,124,43
105,127,p364_130,169,70,8
105,128,p364_131,186,99,0
105,129,p364_132,161,59,4
105,130,p364_133,133,62,0
105,131,p364_134,164,69,13
105,132,p364_135,205,123,2
105,133,p364_136,163,80,0
105,134,p364_137,204,100,0
105,135,p364_138,155,54,2
105,136,p364_140,148,69,0
105,137,p364_141,230,177,0
105,138,p364_142,224,118,1
105,139,p364_143,182,82,3
105,140,p364_144,181,97,14
105,141,p364_145,230,139,0
105,142,p364_146,207,112,0
105,143,p364_147,143,59,0
105,144,p364_148,197,86,1
105,145,p364_149,149,49,0
105,146,p364_150,143,55,7
105,147,p364_151,142,81,0
105,148,p364_152,237,137,0
105,149,p364_153,176,95,5
105,150,p364_154,172,86,1
105,151,p364_155,144,56,4
105,152,p364_156,177,85,1
105,153,p364_157,147,74,1
105,154,p364_158,172,94,13
105,155,p364_159,191,128,0
105,156,p364_160,158,75,0
105,157,p364_161,134,59,0
105,158,p364_162,163,59,3
105,159,p364_163,171,96,8
105,160,p364_164,158,108,0
105,161,p364_165,222,131,3
105,162,p364_166,198,104,13
105,163,p364_167,169,77,30
105,164,p364_168,222,123,10
105,165,p364_169,158,79,8
105,166,p364_170,179,90,14
105,167,p364_171,178,96,8
105,168,p364_172,136,53,0
105,169,p364_173,193,114,0
105,170,p364_174,171,89,0
105,171,p364_175,177,76,17
105,172,p364_176,161,88,2
105,173,p364_177,190,106,0
105,174,p364_178,177,95,2
105,175,p364_179,201,115,0
105,176,p364_180,179,122,0
105,177,p364_181,150,55,0
105,178,p364_182,171,67,5
105,179,p364_183,141,56,0
105,180,p364_184,164,76,2
105,181,p364_185,203,105,0
105,182,p364_187,187,114,5
105,183,p364_188,150,49,0
105,184,p364_189,249,140,0
105,185,p364_190,186,104,2
105,186,p364_191,174,82,5
105,187,p364_192,201,96,15
105,188,p364_193,185,96,19
105,189,p364_194,190,93,0
105,190,p364_195,201,95,11
105,191,p364_196,158,72,0
105,192,p364_197,182,98,3
105,193,p364_198,129,54,12
105,194,p364_199,214,139,0
105,195,p364_200,233,151,0
105,196,p364_201,218,119,1
105,197,p364_202,166,76,3
105,198,p364_203,160,81,0
105,199,p364_204,190,101,2
105,200,p364_205,154,85,0
106,1,p374_001,168,77,0
106,2,p374_002,265,165,0
106,3,p374_003,522,297,14
106,4,p374_004,387,202,5
106,5,p374_005,522,312,5
106,6,p374_006,391,270,14
106,7,p374_007,328,197,32
106,8,p374_008,554,345,9
106,9,p374_009,338,194,50
106,10,p374_010,222,96,24
106,11,p374_011,478,319,8
106,12,p374_012,331,186,27
106,13,p374_013,299,165,19
106,14,p374_014,355,200,11
106,15,p374_015,390,247,2
106,16,p374_016,465,273,5
106,17,p374_017,254,115,14
106,18,p374_018,393,253,12
106,19,p374_019,478,309,18
106,20,p374_020,345,187,12
106,21,p374_021,659,406,24
106,22,p374_022,475,332,6
106,23,p374_023,820,566,9
106,24,p374_024,498,345,2
106,25,p374_025,195,88,5
106,26,p374_026,209,106,4
106,27,p374_027,227,91,14
106,28,p374_028,163,81,4
106,29,p374_029,161,58,33
106,30,p374_030,178,89,0
106,31,p374_031,230,107,14
106,32,p374_032,213,97,34
106,33,p374_033,203,122,3
106,34,p374_034,182,76,13
106,35,p374_035,169,84,4
106,36,p374_036,163,74,3
106,37,p374_037,177,96,2
106,38,p374_038,174,87,7
106,39,p374_039,193,118,2
106,40,p374_040,115,47,0
106,41,p374_041,185,106,1
106,42,p374_042,150,73,4
106,43,p374_043,150,63,6
106,44,p374_044,174,63,38
106,45,p374_045,209,173,0
106,46,p374_046,187,68,11
106,47,p374_047,163,92,0
106,48,p374_048,187,99,0
106,49,p374_049,185,107,0
106,50,p374_050,172,86,1
106,51,p374_051,145,73,0
106,52,p374_052,182,101,12
106,53,p374_053,161,84,7
106,54,p374_054,195,83,2
106,55,p374_055,129,62,1
106,56,p374_056,281,134,6
106,57,p374_057,138,85,0
106,58,p374_058,147,101,0
106,59,p374_059,233,125,11
106,60,p374_060,163,76,26
106,61,p374_061,129,69,0
106,62,p374_062,230,119,2
106,63,p374_063,163,77,5
106,64,p374_064,205,105,1
106,65,p374_065,165,62,1
106,66,p374_066,200,106,0
106,67,p374_067,193,85,15
106,68,p374_068,165,66,4
106,69,p374_069,153,49,5
106,70,p374_070,179,91,3
106,71,p374_071,278,172,0
106,72,p374_072,166,85,0
106,73,p374_073,268,150,4
106,74,p374_074,215,99,42
106,75,p374_075,184,78,22
106,76,p374_076,193,100,15
106,77,p374_077,166,98,0
106,78,p374_078,176,68,3
106,79,p374_079,161,58,10
106,80,p374_080,222,142,0
106,81,p374_081,169,104,1
106,82,p374_082,256,100,1
106,83,p374_083,222,97,4
106,84,p374_084,190,87,4
106,85,p374_085,190,95,0
106,86,p374_086,249,141,4
106,87,p374_087,161,80,4
106,88,p374_088,193,78,0
106,89,p374_089,161,84,0
106,90,p374_090,241,142,4
106,91,p374_091,203,105,3
106,92,p374_092,171,78,10
106,93,p374_093,182,98,0
106,94,p374_094,171,84,0
106,95,p374_095,169,84,0
106,96,p374_096,162,76,13
106,97,p374_097,190,105,2
106,98,p374_098,228,125,5
106,99,p374_099,190,94,4
106,100,p374_100,190,104,1
106,101,p374_101,161,66,4
106,102,p374_102,195,109,0
106,103,p374_103,158,63,4
106,104,p374_104,211,109,3
106,105,p374_105,182,95,1
106,106,p374_106,161,73,5
106,107,p374_107,145,59,1
106,108,p374_108,142,38,9
106,109,p374_109,230,138,2
106,110,p374_110,227,133,28
106,111,p374_111,211,122,4
106,112,p374_112,163,79,0
106,113,p374_113,294,167,6
106,114,p374_114,196,82,15
106,115,p374_115,219,98,10
106,116,p374_116,187,93,21
106,117,p374_117,185,49,2
106,118,p374_118,233,74,5
106,119,p374_119,206,113,2
106,120,p374_120,186,110,0
106,121,p374_121,163,75,4
106,122,p374_122,177,88,17
106,123,p374_123,214,110,0
106,124,p374_124,174,80,4
106,125,p374_125,134,53,0
106,126,p374_126,145,81,1
106,127,p374_127,158,114,0
106,128,p374_128,288,143,5
106,129,p374_129,185,152,0
106,130,p374_130,215,123,0
106,131,p374_131,172,102,0
106,132,p374_132,213,131,1
106,133,p374_133,228,127,0
106,134,p374_134,145,63,3
106,135,p374_135,171,81,3
106,136,p374_136,142,59,3
106,137,p374_137,181,77,22
106,138,p374_138,195,101,4
106,139,p374_139,177,77,8
106,140,p374_140,190,89,6
106,141,p374_141,175,71,10
106,142,p374_142,267,151,0
106,143,p374_143,203,108,2
106,144,p374_144,222,107,0
106,145,p374_145,146,38,3
106,146,p374_146,193,102,4
106,147,p374_147,193,98,4
106,148,p374_148,182,70,0
106,149,p374_149,158,75,0
106,150,p374_150,249,133,8
106,151,p374_151,185,92,0
106,152,p374_152,158,56,4
106,153,p374_153,169,74,5
106,154,p374_154,211,106,0
106,155,p374_155,177,82,13
106,156,p374_156,212,115,0
106,157,p374_157,208,104,2
106,158,p374_158,204,82,27
106,159,p374_159,205,95,12
106,160,p374_160,187,101,0
106,161,p374_161,139,57,0
106,162,p374_162,209,120,6
106,163,p374_163,241,152,4
106,164,p374_164,214,118,33
106,165,p374_165,147,78,0
106,166,p374_166,134,63,2
106,167,p374_167,177,86,1
106,168,p374_168,222,109,14
106,169,p374_169,193,84,4
106,170,p374_170,169,90,1
106,171,p374_171,139,75,0
106,172,p374_172,257,129,16
106,173,p374_173,163,86,4
106,174,p374_174,162,81,23
106,175,p374_175,169,83,0
106,176,p374_176,161,69,0
106,177,p374_177,208,90,3
106,178,p374_178,158,94,2
106,179,p374_179,142,64,3
106,180,p374_180,235,165,0
106,181,p374_181,182,105,0
106,182,p374_182,153,60,0
106,183,p374_183,174,93,0
106,184,p374_184,150,60,0
106,185,p374_185,185,104,4
106,186,p374_186,190,95,0
106,187,p374_187,162,70,5
106,188,p374_188,155,58,2
106,189,p374_189,236,141,0
106,190,p374_190,145,107,0
106,191,p374_191,129,75,0
106,192,p374_192,203,108,0
106,193,p374_193,212,116,3
106,194,p374_194,177,93,0
106,195,p374_195,145,82,0
106,196,p374_196,212,111,14
106,197,p374_197,161,72,0
106,198,p374_198,166,88,0
106,199,p374_199,233,150,2
106,200,p374_200,193,112,1
107,1,p376_001,137,77,0
107,2,p376_002,249,192,0
107,3,p376_003,422,313,1
107,4,p376_004,315,211,2
107,5,p376_005,398,312,2
107,6,p376_006,344,241,1
107,7,p376_007,280,221,0
107,8,p376_008,508,375,0
107,9,p376_009,299,232,0
107,10,p376_010,203,118,3
107,11,p376_011,437,334,2
107,12,p376_012,299,217,1
107,13,p376_013,259,150,14
107,14,p376_014,303,206,1
107,15,p376_015,351,257,1
107,16,p376_016,393,314,6
107,17,p376_017,263,188,0
107,18,p376_018,339,243,9
107,19,p376_019,443,286,14
107,20,p376_020,263,193,0
107,21,p376_021,558,431,6
107,22,p376_022,420,309,8
107,23,p376_023,664,460,35
107,24,p376_024,435,313,6
107,25,p376_025,204,163,0
107,26,p376_026,156,116,0
107,27,p376_027,166,81,1
107,28,p376_028,225,154,4
107,29,p376_029,188,72,7
107,30,p376_030,176,85,15
107,31,p376_031,166,78,0
107,32,p376_032,171,80,20
107,33,p376_033,144,64,4
107,34,p376_034,193,108,8
107,35,p376_035,217,117,35
107,36,p376_036,236,125,12
107,37,p376_037,174,87,15
107,38,p376_038,156,58,9
107,39,p376_039,228,148,0
107,40,p376_040,165,68,22
107,41,p376_041,178,75,30
107,42,p376_042,142,75,0
107,43,p376_043,169,68,34
107,44,p376_044,216,128,10
107,45,p376_045,230,148,2
107,46,p376_046,188,92,17
107,47,p376_047,166,80,4
107,48,p376_048,233,117,28
107,49,p376_049,146,82,0
107,50,p376_050,164,75,3
107,51,p376_051,193,87,8
107,52,p376_052,168,73,2
107,53,p376_053,178,79,3
107,54,p376_054,203,107,20
107,55,p376_055,195,113,1
107,56,p376_056,186,105,7
107,57,p376_057,219,95,51
107,58,p376_058,199,111,3
107,59,p376_059,147,69,0
107,60,p376_060,176,85,8
107,61,p376_061,161,110,0
107,62,p376_062,174,61,5
107,63,p376_063,169,66,10
107,64,p376_064,198,176,0
107,65,p376_065,137,69,2
107,66,p376_066,171,63,18
107,67,p376_067,178,115,0
107,68,p376_068,174,117,1
107,69,p376_069,190,126,2
107,70,p376_070,150,70,0
107,71,p376_071,183,112,1
107,72,p376_072,156,82,0
107,73,p376_073,147,62,2
107,74,p376_074,168,92,0
107,75,p376_075,210,114,8
107,76,p376_076,147,100,1
107,77,p376_077,174,121,0
107,78,p376_078,198,127,3
107,79,p376_079,211,133,8
107,80,p376_080,166,83,6
107,81,p376_081,249,172,1
107,82,p376_082,147,112,1
107,83,p376_083,155,131,0
107,84,p376_084,209,109,4
107,85,p376_085,177,78,18
107,86,p376_086,158,56,2
107,87,p376_087,206,85,28
107,88,p376_088,182,87,11
107,89,p376_089,222,117,0
107,90,p376_090,160,67,0
107,91,p376_091,133,60,13
107,92,p376_092,216,134,0
107,93,p376_093,147,58,0
107,94,p376_094,201,96,10
107,95,p376_095,191,109,0
107,96,p376_096,183,89,12
107,97,p376_097,168,72,7
107,98,p376_098,158,84,2
107,99,p376_099,201,102,24
107,100,p376_100,168,72,14
107,101,p376_101,172,112,0
107,102,p376_102,180,92,10
107,103,p376_103,187,86,12
107,104,p376_104,155,65,58
107,105,p376_105,207,98,3
107,106,p376_106,169,117,0
107,107,p376_107,205,99,12
107,108,p376_108,204,119,14
107,109,p376_109,186,83,10
107,110,p376_110,254,168,4
107,111,p376_111,186,87,21
107,112,p376_112,258,130,12
107,113,p376_113,190,99,2
107,114,p376_114,173,71,19
107,115,p376_115,166,77,4
107,116,p376_116,161,57,2
107,117,p376_117,187,102,2
107,118,p376_118,185,92,1
107,119,p376_119,179,91,18
107,120,p376_120,167,66,17
107,121,p376_121,182,127,1
107,122,p376_122,164,69,9
107,123,p376_123,192,99,19
107,124,p376_124,190,84,1
107,125,p376_125,167,81,5
107,126,p376_126,205,96,6
107,127,p376_127,191,112,0
107,128,p376_128,156,82,2
107,129,p376_129,169,91,0
107,130,p376_130,150,77,1
107,131,p376_131,123,61,0
107,132,p376_132,217,119,5
107,133,p376_133,181,90,24
107,134,p376_134,165,95,0
107,135,p376_135,145,65,1
107,136,p376_136,213,122,23
107,137,p376_137,179,112,6
107,138,p376_138,147,66,4
107,139,p376_139,188,94,11
107,140,p376_140,156,96,0
107,141,p376_141,147,94,0
107,142,p376_142,193,108,6
107,143,p376_143,145,67,7
107,144,p376_144,169,79,0
107,145,p376_145,159,62,9
107,146,p376_146,231,99,41
107,147,p376_147,170,82,5
107,148,p376_148,306,211,2
107,149,p376_149,175,79,5
107,150,p376_150,171,90,0
107,151,p376_151,176,104,0
107,152,p376_152,169,92,2
107,153,p376_153,175,77,0
107,154,p376_154,182,98,2
107,155,p376_155,207,115,16
107,156,p376_156,172,62,25
107,157,p376_157,193,97,4
107,158,p376_158,216,128,1
107,159,p376_159,170,66,9
107,160,p376_160,188,73,19
107,161,p376_161,187,102,3
107,162,p376_162,199,110,1
107,163,p376_163,204,94,15
107,164,p376_164,182,109,2
107,165,p376_165,187,102,5
107,166,p376_166,123,83,3
107,167,p376_167,212,128,12
107,168,p376_168,172,80,20
107,169,p376_169,161,80,5
107,170,p376_170,207,117,6
107,171,p376_171,178,88,2
107,172,p376_172,221,146,1
107,173,p376_173,191,103,4
107,174,p376_174,137,55,9
107,175,p376_175,149,79,2
107,176,p376_176,193,100,3
107,177,p376_177,206,111,0
107,178,p376_178,199,107,3
107,179,p376_179,240,133,13
107,180,p376_180,205,134,0
107,181,p376_181,141,54,14
107,182,p376_182,156,70,37
107,183,p376_183,178,134,0
107,184,p376_184,148,78,4
107,185,p376_185,218,139,0
107,186,p376_186,177,78,4
107,187,p376_187,189,101,14
107,188,p376_188,177,89,0
107,189,p376_189,195,100,11
107,190,p376_190,165,94,0
107,191,p376_191,218,115,21
107,192,p376_192,172,46,38
107,193,p376_193,226,90,82
107,194,p376_194,189,87,50
107,195,p376_195,198,97,1
107,196,p376_196,173,94,2
107,197,p376_197,149,66,0
107,198,p376_198,145,58,0
107,199,p376_199,162,80,11
107,200,p376_200,178,84,4
108,1,s5_001,176,59,99
108,2,s5_002,312,140,114
108,3,s5_003,608,240,244
108,4,s5_004,412,177,95
108,5,s5_005,526,263,176
108,6,s5_006,477,236,172
108,7,s5_007,405,183,174
108,8,s5_008,603,309,190
108,9,s5_009,410,161,191
108,10,s5_010,320,94,189
108,11,s5_011,590,268,223
108,12,s5_012,571,184,269
108,13,s5_013,359,159,90
108,14,s5_014,371,182,84
108,15,s5_015,446,245,128
108,16,s5_016,523,269,167
108,17,s5_017,349,103,193
108,18,s5_018,548,198,273
108,19,s5_019,618,262,234
108,20,s5_020,297,165,78
108,21,s5_021,628,325,159
108,22,s5_022,449,234,116
108,23,s5_023,740,404,198
108,24,s5_024,495,303,134
108,25,s5_025,283,112,127
108,26,s5_026,297,133,130
108,27,s5_027,253,91,130
108,28,s5_028,363,163,131
108,29,s5_029,322,128,157
108,30,s5_030,341,149,139
108,31,s5_031,251,119,112
108,32,s5_032,204,104,72
108,33,s5_033,218,85,95
108,34,s5_034,231,83,108
108,35,s5_035,203,88,98
108,36,s5_036,292,148,86
108,37,s5_037,228,71,108
108,38,s5_038,281,127,91
108,39,s5_039,196,73,103
108,40,s5_040,269,111,64
108,41,s5_041,412,169,170
108,42,s5_042,266,125,111
108,43,s5_043,330,143,142
108,44,s5_044,239,84,133
108,45,s5_045,226,88,110
108,46,s5_046,359,158,139
108,47,s5_047,235,108,58
108,48,s5_048,217,89,97
108,49,s5_049,226,73,99
108,50,s5_050,253,131,94
108,51,s5_051,213,72,102
108,52,s5_053,249,106,90
108,53,s5_054,280,116,126
108,54,s5_055,293,104,147
108,55,s5_056,231,92,105
108,56,s5_057,304,115,140
108,57,s5_058,234,82,116
108,58,s5_059,228,77,73
108,59,s5_060,314,160,56
108,60,s5_061,210,105,63
108,61,s5_062,260,112,107
108,62,s5_063,265,114,93
108,63,s5_064,239,87,127
108,64,s5_065,240,109,93
108,65,s5_066,302,142,96
108,66,s5_067,271,111,110
108,67,s5_068,201,69,73
108,68,s5_069,243,100,111
108,69,s5_070,210,67,89
108,70,s5_071,226,61,137
108,71,s5_072,236,113,93
108,72,s5_073,224,91,104
108,73,s5_074,324,131,125
108,74,s5_075,198,79,91
108,75,s5_076,166,54,99
108,76,s5_077,173,36,118
108,77,s5_078,171,42,111
108,78,s5_079,134,42,84
108,79,s5_080,170,64,90
108,80,s5_081,298,136,100
108,81,s5_082,258,90,123
108,82,s5_083,425,165,213
108,83,s5_084,316,145,109
108,84,s5_085,261,103,125
108,85,s5_086,369,156,115
108,86,s5_087,220,85,95
108,87,s5_088,272,132,94
108,88,s5_089,335,147,113
108,89,s5_090,226,84,116
108,90,s5_091,217,69,118
108,91,s5_092,229,92,120
108,92,s5_093,214,77,104
108,93,s5_094,209,65,129
108,94,s5_095,216,98,79
108,95,s5_096,187,63,93
108,96,s5_097,240,85,111
108,97,s5_098,167,68,52
108,98,s5_099,240,124,74
108,99,s5_100,384,106,220
108,100,s5_101,247,113,111
108,101,s5_102,274,112,80
108,102,s5_103,193,88,72
108,103,s5_104,272,115,98
108,104,s5_105,294,142,105
108,105,s5_106,239,122,68
108,106,s5_107,228,87,100
108,107,s5_108,355,163,115
108,108,s5_109,270,140,50
108,109,s5_110,223,84,75
108,110,s5_111,243,89,123
108,111,s5_112,211,100,55
108,112,s5_113,257,126,81
108,113,s5_114,299,118,134
108,114,s5_115,254,121,56
108,115,s5_116,201,94,89
108,116,s5_117,214,95,88
108,117,s5_118,205,81,87
108,118,s5_119,311,149,97
108,119,s5_120,284,94,170
108,120,s5_121,224,80,113
108,121,s5_122,421,197,135
108,122,s5_123,231,74,129
108,123,s5_124,323,134,145
108,124,s5_125,254,103,84
108,125,s5_126,291,91,156
108,126,s5_127,267,96,137
108,127,s5_128,312,129,139
108,128,s5_129,263,82,136
108,129,s5_130,253,75,143
108,130,s5_131,230,52,159
108,131,s5_132,238,64,150
108,132,s5_133,206,48,138
108,133,s5_134,233,74,135
108,134,s5_135,190,59,122
108,135,s5_136,390,129,188
108,136,s5_137,271,93,130
108,137,s5_138,207,69,114
108,138,s5_139,241,81,117
108,139,s5_140,242,96,110
108,140,s5_141,315,152,112
108,141,s5_142,261,102,97
108,142,s5_143,297,143,116
108,143,s5_144,239,112,107
108,144,s5_145,268,103,129
108,145,s5_146,271,106,54
108,146,s5_147,253,102,109
108,147,s5_148,260,81,131
108,148,s5_149,253,114,119
108,149,s5_150,284,113,125
108,150,s5_151,303,119,142
108,151,s5_152,267,92,139
108,152,s5_153,224,74,104
108,153,s5_154,246,93,122
108,154,s5_155,236,96,92
108,155,s5_156,210,101,81
108,156,s5_157,381,192,83
108,157,s5_158,275,99,73
108,158,s5_159,266,91,125
108,159,s5_160,243,88,109
108,160,s5_161,272,103,105
108,161,s5_162,207,92,73
108,162,s5_163,240,81,102
108,163,s5_164,243,107,29
108,164,s5_165,286,99,80
108,165,s5_166,280,112,111
108,166,s5_167,265,118,76
108,167,s5_168,241,122,24
108,168,s5_169,229,91,66
108,169,s5_170,248,100,111
108,170,s5_171,310,109,120
108,171,s5_172,227,76,118
108,172,s5_173,265,122,120
108,173,s5_174,251,86,84
108,174,s5_175,262,122,93
108,175,s5_176,233,86,103
108,176,s5_177,253,121,110
108,177,s5_178,418,182,124
108,178,s5_179,326,120,157
108,179,s5_180,219,86,98
108,180,s5_181,230,98,82
108,181,s5_182,267,107,125
108,182,s5_183,260,126,89
108,183,s5_184,218,68,122
108,184,s5_185,265,117,109
108,185,s5_186,305,141,104
108,186,s5_187,299,122,124
108,187,s5_188,330,132,126
108,188,s5_189,254,106,102
108,189,s5_190,223,109,59
108,190,s5_191,213,75,94
108,191,s5_192,270,131,86
108,192,s5_193,302,106,123
108,193,s5_194,212,107,59
108,194,s5_195,283,107,119
108,195,s5_196,305,135,105
108,196,s5_197,230,78,121
108,197,s5_198,206,85,85
108,198,s5_199,238,82,105
108,199,s5_200,424,192,153
108,200,s5_201,283,123,69
